# File exported by Houdini 21.0.729 (www.sidefx.com)
# 3211 points
# 8256 vertices
# 2140 primitives
# Bounds: [-14.028841, -0.121450424, -65.7990875] to [14.0255957, 34.0497704, 64.4138565]
mtllib bus.mtl
g default
v 12.1936522 23.1064987 -58.5367393
v 11.9667969 26.4052677 -58.5367393
v 11.9707661 26.4052677 -50.036747
v 12.0589952 4.66185474 -58.5367393
v 12.0589952 4.66185474 -50.036747
v 11.7152014 26.4052677 -50.036747
v 11.7152014 4.66185665 -50.036747
v 11.7152014 26.4052677 -58.5367393
v 11.7152014 4.66185665 -58.5367393
v 12.5000105 9.52183437 -50.036747
v 12.5000105 17.8026905 -50.036747
v 12.2578306 6.85451078 -50.036747
v 12.1936522 23.1064987 -50.036747
v 12.5000105 13.5303392 -50.036747
v 12.5000105 9.52183437 -58.5367393
v 12.5000105 17.8026905 -58.5367393
v 12.2578287 6.85451078 -58.5367393
v 12.5000105 13.5303392 -58.5367393
v 11.7152014 9.52183628 -50.036747
v 11.7152014 17.8026924 -50.036747
v 11.7152014 6.85451221 -50.036747
v 11.7152014 23.1064987 -50.036747
v 11.7152014 13.5303411 -50.036747
v 11.7152014 9.52183628 -58.5367393
v 11.7152014 17.8026924 -58.5367393
v 11.7152014 6.85451221 -58.5367393
v 11.7152014 23.1064987 -58.5367393
v 11.7152014 13.5303411 -58.5367393
v 12.5000086 9.52183437 -34.290554
v 12.5000086 10.9762468 -35.1874199
v 12.5000086 12.5340481 -37.9111519
v 12.0114937 4.31584358 -33.5992432
v 12.2578754 6.85451078 -33.6887474
v 12.5000086 12.0967255 -36.6484032
v 12.5000086 9.52183247 -45.8484459
v 12.5000086 10.9762449 -44.9515877
v 12.5000086 12.5340462 -42.2278519
v 12.0114937 4.3158412 -46.5397491
v 12.2578754 6.85451078 -46.4502525
v 12.5000086 12.0967245 -43.4906006
v 12.9066315 8.96581554 -35.1005211
v 12.9066315 10.2967882 -35.8718529
v 12.9066315 11.7109871 -38.2143822
v 12.4181166 4.31584358 -34.5059624
v 12.6644983 6.57413626 -34.5829315
v 12.9066315 11.3030567 -37.1283646
v 12.9066315 8.96581554 -45.040802
v 12.9066315 10.2967863 -44.2694702
v 12.9066315 11.7109861 -41.9269371
v 12.4181166 4.3158412 -45.6353607
v 12.6644983 6.57413483 -45.5583916
v 12.9066315 11.3030558 -43.0129509
v 11.7152023 4.66185665 -58.5367393
v 11.7152023 6.85451221 -58.5367393
v 11.7152023 13.5303411 -58.5367393
v 11.7152023 17.8026924 -58.5367393
v 11.7152023 9.52183628 -50.036747
v 11.7152023 17.8026924 -50.036747
v 11.7152023 6.85451221 -50.036747
v 11.7152023 23.1064987 -50.036747
v 11.7152023 13.5303411 -50.036747
v 11.7152023 26.4052677 -50.036747
v 11.7152023 4.66185665 -50.036747
v 11.7152023 9.52183628 -58.5367393
v 11.7152023 23.1064987 -58.5367393
v 11.7152023 26.4052677 -58.5367393
v 11.9667969 26.4052677 -58.5367393
v 11.9707661 26.4052677 -50.036747
v 12.0589952 4.66185474 -58.5367393
v 12.0589952 4.66185474 -50.036747
v 11.7152014 26.4052677 -50.036747
v 11.7152014 4.66185665 -50.036747
v 11.7152014 26.4052677 -58.5367393
v 11.7152014 4.66185665 -58.5367393
v 12.5000095 9.52183247 25.3186512
v 12.5000095 10.9762449 24.4217949
v 12.5000095 12.5340462 21.698061
v 12.0114946 4.31584263 26.0344849
v 12.2578764 6.85450888 25.9204597
v 12.5000095 12.0967245 22.9608078
v 12.5000095 9.52183151 13.7607603
v 12.5000095 10.9762449 14.6576176
v 12.5000095 12.5340452 17.3813496
v 12.0114946 4.31584024 13.0694504
v 12.2578764 6.85450888 13.1589537
v 12.5000095 12.0967236 16.1186008
v 12.9066334 8.96581554 24.508688
v 12.9066334 10.2967882 23.7373543
v 12.9066334 11.7109852 21.3948269
v 12.4181175 4.31584263 25.1032448
v 12.6644993 6.57413578 25.0262737
v 12.9066334 11.3030558 22.4808464
v 12.9066334 8.96581554 14.5683975
v 12.9066334 10.2967863 15.3397322
v 12.9066334 11.7109833 17.6822624
v 12.4181175 4.31584024 13.9738436
v 12.6644993 6.5741334 14.0508184
v 12.9066334 11.3030558 16.5962429
v 11.7152052 26.4052639 44.2636261
v 11.7152052 4.66185331 44.2636261
v 11.7152052 26.4052639 33.2636337
v 11.7152052 4.66185331 33.2636337
v 12.5000143 9.52183056 44.2636261
v 12.2578344 6.85450697 44.2636261
v 12.5000143 13.5303364 33.2636337
v 11.7152052 9.52183247 44.2636261
v 12.193656 23.1064949 44.2636261
v 11.7152052 17.8026886 44.2636261
v 11.7152052 6.85450888 44.2636261
v 11.7152052 23.1064949 44.2636261
v 12.5000143 13.5303364 44.2636261
v 11.7152052 13.5303364 44.2636261
v 11.7152052 9.52183247 33.2636337
v 11.7152052 17.8026886 33.2636337
v 11.7152052 6.85450888 33.2636337
v 11.7152052 13.5303364 33.2636337
v 11.7152061 23.1064949 33.2636337
v 11.9665403 26.4052639 44.2636261
v 12.5000143 17.8026867 44.2636261
v 12.5000143 9.52183056 33.2636337
v 12.193656 23.1064949 33.2636337
v 12.5000143 17.8026867 33.2636337
v 12.0450716 4.66185093 33.2636337
v 12.0450716 4.66185093 44.2636261
v 12.2578325 6.85450697 33.2636337
v 11.9665403 26.4052639 33.2636337
v 11.7152052 26.4052639 44.2636261
v 11.7152052 4.66185331 44.2636261
v 11.7152052 26.4052639 33.2636337
v 11.7152052 4.66185331 33.2636337
v 11.7152052 9.52183247 44.2636261
v 11.7152052 17.8026886 44.2636261
v 11.7152052 6.85450888 44.2636261
v 11.7152052 23.1064949 44.2636261
v 11.7152052 13.5303364 44.2636261
v 11.7152052 9.52183247 33.2636337
v 11.7152052 17.8026886 33.2636337
v 11.7152052 6.85450888 33.2636337
v 11.7152052 13.5303364 33.2636337
v 11.7152061 23.1064949 33.2636337
v 11.7152052 26.4052639 44.2636261
v 11.7152052 26.4052639 33.2636337
v 11.9665403 26.4052639 44.2636261
v 11.9665403 26.4052639 33.2636337
v 11.7152052 26.4052639 -5.41727257
v 11.7152052 4.66185331 -5.41727257
v 11.7152052 26.4052639 -16.4172668
v 11.7152052 4.66185331 -16.4172668
v 12.5000143 9.52183056 -5.41727257
v 12.2578344 6.85450697 -5.41727257
v 12.5000143 13.5303364 -16.4172668
v 11.7152052 9.52183247 -5.41727257
v 12.193656 23.1064949 -5.41727257
v 11.7152052 17.8026886 -5.41727257
v 11.7152052 6.85450888 -5.41727257
v 11.7152052 23.1064949 -5.41727257
v 12.5000143 13.5303364 -5.41727257
v 11.7152052 13.5303364 -5.41727257
v 11.7152052 9.52183247 -16.4172668
v 11.7152052 17.8026886 -16.4172668
v 11.7152052 6.85450888 -16.4172668
v 11.7152052 13.5303364 -16.4172668
v 11.7152061 23.1064949 -16.4172668
v 11.9665403 26.4052639 -5.41727257
v 12.5000143 17.8026867 -5.41727257
v 12.5000143 9.52183056 -16.4172668
v 12.193656 23.1064949 -16.4172668
v 12.5000143 17.8026867 -16.4172668
v 12.0450716 4.66185093 -16.4172668
v 12.0450716 4.66185093 -5.41727257
v 12.2578325 6.85450697 -16.4172668
v 11.9665403 26.4052639 -16.4172668
v 11.7152052 26.4052639 -5.41727257
v 11.7152052 4.66185331 -5.41727257
v 11.7152052 26.4052639 -16.4172668
v 11.7152052 4.66185331 -16.4172668
v 11.7152052 9.52183247 -5.41727257
v 11.7152052 17.8026886 -5.41727257
v 11.7152052 6.85450888 -5.41727257
v 11.7152052 23.1064949 -5.41727257
v 11.7152052 13.5303364 -5.41727257
v 11.7152052 9.52183247 -16.4172668
v 11.7152052 17.8026886 -16.4172668
v 11.7152052 6.85450888 -16.4172668
v 11.7152052 13.5303364 -16.4172668
v 11.7152061 23.1064949 -16.4172668
v 11.7152052 26.4052639 -5.41727257
v 11.7152052 26.4052639 -16.4172668
v 11.9665403 26.4052639 -5.41727257
v 11.9665403 26.4052639 -16.4172668
v 11.7152052 4.66185331 44.2636261
v 11.7152052 4.66185331 33.2636337
v 12.0450716 4.66185093 33.2636337
v 12.0450716 4.66185093 44.2636261
v 11.7152052 4.66185331 -5.41727257
v 11.7152052 4.66185331 -16.4172668
v 12.0450716 4.66185093 -16.4172668
v 12.0450716 4.66185093 -5.41727257
v -12.9066286 8.96581841 24.508688
v -12.9066286 10.296792 23.7373524
v -12.9066286 11.710989 21.3948231
v -12.4181156 4.31584597 25.1032448
v -12.6644964 6.5741396 25.0262718
v -12.9066286 11.3030605 22.4808407
v -12.9066286 8.96581841 14.5683975
v -12.9066286 10.2967901 15.3397322
v -12.9066286 11.7109871 17.6822662
v -12.4181156 4.31584358 13.9738436
v -12.6644964 6.57413721 14.0508184
v -12.9066286 11.3030586 16.5962467
v -5.47615194 8.96581841 24.508688
v -5.47615194 10.296792 23.7373524
v -5.47615194 11.710989 21.3948231
v -5.47615194 4.31584597 25.1032448
v -5.47615194 6.5741396 25.0262718
v -5.47615194 11.3030605 22.4808407
v -5.47615194 8.96581841 14.5683975
v -5.47615194 10.2967901 15.3397322
v -5.47615194 11.7109871 17.6822662
v -5.47615194 4.31584358 13.9738436
v -5.47615194 6.57413721 14.0508184
v -5.47615194 11.3030586 16.5962467
v -12.9066286 8.96581841 -35.1005211
v -12.9066286 10.2967901 -35.8718529
v -12.9066286 11.71099 -38.2143822
v -12.4181156 4.31584597 -34.5059624
v -12.6644964 6.5741396 -34.5829315
v -12.9066286 11.3030605 -37.1283607
v -12.9066286 8.96581841 -45.040802
v -12.9066286 10.2967901 -44.2694702
v -12.9066286 11.710989 -41.9269409
v -12.4181156 4.31584358 -45.6353683
v -12.6644964 6.57413721 -45.5583878
v -12.9066286 11.3030586 -43.0129509
v -8.16307354 8.96581841 -35.1005211
v -8.16307354 10.2967901 -35.8718529
v -8.16307354 11.71099 -38.2143822
v -8.16307354 4.31584597 -34.5059624
v -8.16307354 6.5741396 -34.5829315
v -8.16307354 11.3030605 -37.1283607
v -8.16307354 8.96581841 -45.040802
v -8.16307354 10.2967901 -44.2694702
v -8.16307354 11.710989 -41.9269409
v -8.16307354 4.31584358 -45.6353683
v -8.16307354 6.57413721 -45.5583878
v -8.16307354 11.3030586 -43.0129509
v 12.9066315 8.9658165 24.508688
v 12.9066315 10.2967901 23.7373524
v 12.9066315 11.7109861 21.3948231
v 12.4181166 4.31584358 25.1032448
v 12.6644983 6.57413721 25.0262718
v 12.9066315 11.3030577 22.4808407
v 12.9066315 8.9658165 14.5683975
v 12.9066315 10.2967882 15.3397322
v 12.9066315 11.7109852 17.6822662
v 12.4181166 4.3158412 13.9738436
v 12.6644983 6.57413483 14.0508184
v 12.9066315 11.3030567 16.5962467
v 5.47615385 8.9658165 24.508688
v 5.47615385 10.2967901 23.7373524
v 5.47615385 11.7109861 21.3948231
v 5.47615385 4.31584358 25.1032448
v 5.47615385 6.57413721 25.0262718
v 5.47615385 11.3030577 22.4808407
v 5.47615385 8.9658165 14.5683975
v 5.47615385 10.2967882 15.3397322
v 5.47615385 11.7109852 17.6822662
v 5.47615385 4.3158412 13.9738436
v 5.47615385 6.57413483 14.0508184
v 5.47615385 11.3030567 16.5962467
v 12.9066315 8.9658165 -35.1005211
v 12.9066315 10.2967882 -35.8718529
v 12.9066315 11.7109871 -38.2143822
v 12.4181166 4.31584358 -34.5059624
v 12.6644983 6.57413721 -34.5829315
v 12.9066315 11.3030577 -37.1283607
v 12.9066315 8.9658165 -45.040802
v 12.9066315 10.2967873 -44.2694702
v 12.9066315 11.7109861 -41.9269409
v 12.4181166 4.3158412 -45.6353683
v 12.6644983 6.57413483 -45.5583878
v 12.9066315 11.3030567 -43.0129509
v 8.16307354 8.9658165 -35.1005211
v 8.16307354 10.2967882 -35.8718529
v 8.16307354 11.7109871 -38.2143822
v 8.16307354 4.31584358 -34.5059624
v 8.16307354 6.57413721 -34.5829315
v 8.16307354 11.3030577 -37.1283607
v 8.16307354 8.9658165 -45.040802
v 8.16307354 10.2967873 -44.2694702
v 8.16307354 11.7109861 -41.9269409
v 8.16307354 4.3158412 -45.6353683
v 8.16307354 6.57413483 -45.5583878
v 8.16307354 11.3030567 -43.0129509
v 12.0183687 4.3158412 -61.8799553
v 12.5000134 9.52183533 -58.5367317
v 12.5000134 17.8026886 -58.5367317
v 12.2578306 6.85451126 -58.5367393
v 12.0114946 4.3158412 -50.0367393
v 12.5000134 17.8026886 -16.417263
v 11.7815828 29.0917206 -58.2239342
v 12.5000134 9.52183437 -50.036747
v 12.5000134 17.8026886 -50.036747
v 12.2578325 6.85451126 -50.0367393
v 12.193655 23.1064968 -58.5367393
v 12.193655 23.1065025 -50.036747
v 12.5000134 13.5303392 -58.5367317
v 12.5000134 13.5303392 -50.036747
v 12.0114965 4.31583881 -16.4172573
v 12.193655 23.1064987 -16.417263
v 12.5000134 13.5303392 -16.417263
v 11.5809183 30.078373 -58.2253418
v 11.5809183 30.078373 -5.41727257
v 12.0589972 4.66185236 -50.0367393
v 12.5000134 9.52183247 -61.8799515
v 12.5000134 17.8026886 -61.7957726
v 10.6826191 31.4020519 -58.2253418
v 11.2979021 30.993681 -58.2253418
v 11.0727911 31.2605476 -58.2253418
v 12.193655 23.1064968 -61.5160828
v 12.5000134 13.5303364 -61.8799515
v 11.296917 30.9968624 -5.41727257
v 10.6826191 31.401926 -5.41727257
v 11.0727911 31.2614441 -5.41727257
v 12.2578793 6.85502338 -61.8799553
v 11.8999739 27.3721218 -60.8364754
v 11.9650059 26.4275761 -61.1389847
v 11.7880507 28.9977665 -58.9035835
v 11.8070211 28.7222347 -59.6750793
v 11.8367414 28.2905636 -60.2996292
v 11.8740492 27.748682 -60.6853638
v 11.9665747 26.4052639 -58.5368462
v 11.9684267 26.4052639 -50.036747
v 12.0589972 4.66185236 -58.5367546
v 12.5000134 10.9762487 -35.1874161
v 12.5000134 12.53405 -37.9111519
v 12.5000134 12.0967293 -36.6484032
v 12.5000134 12.0967293 -43.4906006
v 12.5000134 10.9762487 -44.9515877
v 12.5000134 12.53405 -42.2278519
v 12.5000134 9.52183437 -34.290554
v 12.5000134 9.52183437 -45.8484383
v 12.0114946 4.3158412 -33.599247
v 12.2578325 6.85451126 -33.6887474
v 12.2578325 6.85451269 -46.4502449
v 12.5000134 9.52183437 -16.417263
v 12.2578325 6.85451126 -16.417263
v 12.0114946 4.3158412 -46.5397568
v 12.1651411 5.83361006 62.154583
v 11.7815819 29.0917149 62.1545715
v 12.5000172 9.52183437 62.1545715
v 12.5000172 17.8026867 62.1545715
v 11.7815828 29.0917149 44.2636261
v 12.5000143 9.52183151 44.2636261
v 12.5000143 17.8026867 44.2636261
v 12.0114965 4.31583881 45.2146492
v 12.3515844 7.8870697 62.154583
v 12.5000143 13.5303364 44.2636261
v 12.2578344 6.85450745 44.2636261
v 12.5000143 17.8026867 -5.41727161
v 12.193656 23.1064968 62.1545715
v 12.193656 23.1064949 44.2636261
v 12.5000172 13.5303373 62.1545715
v 11.7815828 29.0917206 -5.41727257
v 12.0114965 4.31583881 -5.41726732
v 12.193656 23.1064987 -5.41727257
v 12.5000143 13.5303373 -5.41727161
v 11.5809202 30.0783691 62.1545715
v 11.5809183 30.0783691 44.2636261
v 11.2962847 30.9989071 62.1545715
v 10.6826191 31.401825 62.1545715
v 11.0727911 31.2620125 62.1545715
v 11.2963934 30.99856 44.2636261
v 10.68262 31.4018459 44.2636261
v 11.0727921 31.2619171 44.2636261
v 12.5000143 12.0967236 22.9608078
v 12.5000143 10.9762449 24.421793
v 12.5000143 12.5340452 21.6980572
v 12.5000143 10.9762449 14.6576176
v 12.5000143 12.5340452 17.3813515
v 12.5000143 12.0967236 16.1186008
v 12.0114965 4.31583881 26.034483
v 12.0114965 4.31583881 13.0694494
v 12.2578325 6.85450745 25.9204597
v 12.2578325 6.85450745 13.1589508
v 12.5000143 9.52183151 25.3186512
v 12.5000143 9.52183151 13.7607574
v 12.5000143 9.52183247 -5.41727257
v 12.2578325 6.85450983 -5.41727257
v 11.9665403 26.4052639 44.2636261
v 12.5000143 9.52183151 33.2636337
v 12.5000143 13.5303364 33.2636337
v 12.193656 23.1064949 33.2636337
v 12.5000143 17.8026867 33.2636337
v 12.0450716 4.66185236 33.2636337
v 12.0450716 4.66185236 44.2636261
v 12.2578287 6.85447025 33.2636337
v 11.9665403 26.4052639 33.2636337
v 11.9665442 26.4052639 -16.4172668
v 11.9665442 26.4052582 -5.41727257
v 12.0450735 4.6618495 -16.4172668
v 12.0450735 4.6618495 -5.41727257
v 11.0727911 31.260685 -50.1786041
v 11.2977514 30.9941692 -50.1671028
v 10.6826124 31.4020538 -50.1959152
v 11.7815828 29.0917206 -50.1087112
v 11.5809183 30.078373 -50.1379318
v -8.72804165 32.7793961 61.6201439
v -8.91119289 32.441494 61.743042
v -8.91119289 32.2846947 61.2397423
v -8.72804165 32.6056938 61.0692444
v -9.35334206 32.3034935 61.7931404
v -9.35334206 32.1535912 61.3093376
v -9.79549408 32.441494 61.743042
v -9.79549408 32.2846947 61.2397423
v -9.97868252 32.7793961 61.6201439
v -9.97868252 32.6056938 61.0692444
v -9.79549408 33.1629906 61.4806404
v -9.79549408 32.970089 60.8756371
v -9.35334206 33.3239937 61.4220467
v -9.35334206 33.1229935 60.794445
v -8.91119289 33.1629906 61.4806404
v -8.91119289 32.970089 60.8756371
v -8.72804165 32.7793961 61.6201439
v -9.35335445 32.7993927 61.6128349
v -8.91119289 32.441494 61.743042
v -9.35334206 32.3034935 61.7931404
v -9.79549408 32.441494 61.743042
v -9.97868252 32.7793961 61.6201439
v -9.79549408 33.1629906 61.4806404
v -9.35334206 33.3239937 61.4220467
v -8.91119289 33.1629906 61.4806404
v -8.91119289 32.0048904 60.9634399
v -8.72804165 32.1896935 60.6504326
v -9.35334206 31.929493 61.0913391
v -9.79549408 32.0048904 60.9634399
v -9.97868252 32.1896935 60.6504326
v -9.79549408 32.399395 60.2950401
v -9.35334206 32.4873924 60.1460381
v -8.91119289 32.399395 60.2950401
v -8.40897274 31.8256931 61.0713921
v -8.17174721 31.5279903 61.3647118
v -7.86634445 31.5279903 60.3943367
v -8.04258156 31.8987885 60.5022354
v -8.75804043 31.8057919 61.4528465
v -8.67619038 31.5197906 61.7059441
v -8.6343298 32.1033897 59.1849632
v -8.44581413 31.5279903 58.8287735
v -9.35119438 31.470789 58.4346085
v -9.35119438 32.245594 58.9318962
v -8.3466053 32.0129929 60.532238
v -8.83649158 32.4921913 59.5650635
v -9.35119438 32.565094 59.4888878
v -9.35119438 31.8010921 61.6055183
v -9.35119438 31.4707928 61.8258553
v -7.97468662 31.5279903 59.6347008
v -8.13602924 31.9900875 59.8068962
v -8.41436195 32.2106934 60.0154305
v -10.5306225 31.2750912 61.3647118
v -10.2933798 31.8256931 61.0713921
v -10.8360767 31.215992 60.3943367
v -10.5077677 31.8987885 60.5022354
v -10.0261946 31.3752937 61.7059441
v -9.94435596 31.8057919 61.4528465
v -10.2565556 31.3410892 58.8287735
v -10.0680304 32.1033897 59.1849632
v -9.86589718 32.4921913 59.5650635
v -10.5663233 31.9900875 59.8068962
v -10.7276754 31.2330914 59.6347008
v -10.2880316 32.2106934 60.0154305
v -8.55866146 32.1509972 60.5620384
v -8.6964941 32.0292931 60.9569359
v -8.90923214 31.9711914 61.2156372
v -9.35119438 32.6472893 60.0018425
v -8.9451437 32.5719948 60.0355415
v -9.35119438 31.9593945 61.3314514
v -8.61212254 32.3399925 60.3107376
v -10.0058937 32.0292931 60.9569359
v -10.1437044 32.1509972 60.5620384
v -9.79314327 31.9711914 61.2156372
v -9.75723267 32.5719948 60.0355415
v -10.0902538 32.3399925 60.3107376
v -8.55866146 32.1509972 60.5620384
v -9.35119438 32.2161942 60.6767387
v -8.6964941 32.0292931 60.9569359
v -8.90923214 31.9711914 61.2156372
v -9.35119438 32.6472893 60.0018425
v -8.9451437 32.5719948 60.0355415
v -9.35119438 31.9593945 61.3314514
v -8.61212254 32.3399925 60.3107376
v -10.0058937 32.0292931 60.9569359
v -10.1437044 32.1509972 60.5620384
v -9.79314327 31.9711914 61.2156372
v -9.75723267 32.5719948 60.0355415
v -10.0902538 32.3399925 60.3107376
v 5.47614956 8.9658041 24.5086842
v 5.47614956 10.2967777 23.7373524
v 5.47614956 11.7109747 21.3948231
v 5.47614956 4.31583166 25.1032429
v 5.47614956 6.57412577 25.0262642
v 5.47614956 11.3030462 22.4808369
v 5.47614956 8.9658041 14.5684023
v 5.47614956 10.2967777 15.3397341
v 5.47614956 11.7109747 17.6822701
v 5.47614956 4.31583166 13.9738436
v 5.47614956 6.57412481 14.0508184
v 5.47614956 11.3030462 16.5962467
v 8.16306973 8.96580505 -35.1005211
v 8.16306973 10.2967768 -35.8718529
v 8.16306973 11.7109747 -38.2143822
v 8.16306973 4.31583166 -34.5059586
v 8.16306973 6.57412577 -34.5829277
v 8.16306973 11.3030462 -37.1283646
v 8.16306973 8.9658041 -45.0407982
v 8.16306973 10.2967768 -44.2694664
v 8.16306973 11.7109747 -41.9269371
v 8.16306973 4.31583166 -45.6353569
v 8.16306973 6.57412481 -45.5583878
v 8.16306973 11.3030462 -43.0129509
v -5.47615051 8.9658041 24.5086842
v -5.47615051 10.2967777 23.7373524
v -5.47615051 11.7109747 21.3948231
v -5.47615051 4.31583166 25.1032429
v -5.47615051 6.57412577 25.0262642
v -5.47615051 11.3030462 22.4808369
v -5.47615051 8.9658041 14.5684023
v -5.47615051 10.2967777 15.3397341
v -5.47615051 11.7109747 17.6822701
v -5.47615051 4.31583166 13.9738436
v -5.47615051 6.57412481 14.0508184
v -5.47615051 11.3030462 16.5962467
v -8.16306877 8.96580505 -35.1005211
v -8.16306877 10.2967768 -35.8718529
v -8.16306877 11.7109747 -38.2143822
v -8.16306877 4.31583166 -34.5059586
v -8.16306877 6.57412577 -34.5829277
v -8.16306877 11.3030462 -37.1283646
v -8.16306877 8.9658041 -45.0407982
v -8.16306877 10.2967768 -44.2694664
v -8.16306877 11.7109747 -41.9269371
v -8.16306877 4.31583166 -45.6353569
v -8.16306877 6.57412481 -45.5583878
v -8.16306877 11.3030462 -43.0129509
v 6.0733943 26.5101261 -62.8925972
v 6.08666515 26.4107647 -62.9075737
v 6.03938437 26.3277264 -62.9200935
v 5.39477491 26.4996586 -62.894165
v 5.4080348 26.4002934 -62.9091454
v 5.3607645 26.3172588 -62.9216614
v 11.897645 27.1056805 -60.4718742
v 11.8974619 27.1075268 -59.6903954
v 12.5645189 26.6099033 -65.5789032
v 12.3394909 27.1232605 -61.9296036
v 12.8031454 25.3374958 -65.7568817
v 12.7083826 25.3415661 -65.7718887
v 12.2644224 27.9503784 -61.9453545
v 11.9936008 27.9269047 -61.9906502
v 12.0686684 27.0997906 -61.9749222
v 12.8175764 24.2044163 -65.6927719
v 12.0954323 27.9557858 -60.4602623
v 12.769805 25.6342716 -65.6185684
v 12.7360706 25.9321842 -65.5279922
v 12.1333447 27.8083649 -63.2517967
v 12.5203495 27.4705791 -64.4906464
v 12.5662985 26.2555122 -65.3537064
v 12.6374006 26.5622768 -64.9273834
v 12.4679012 27.0604706 -65.1796951
v 12.8322744 24.2037544 -65.7990875
v 12.5674562 26.8516788 -64.2828674
v 12.4652691 27.07938 -63.1217003
v 12.6620951 25.6373692 -65.6343536
v 12.4052467 27.8299541 -63.2153435
v 12.6286888 26.141367 -65.730278
v 12.7255564 26.1431637 -65.7161789
v 12.7729034 25.6627598 -65.7566452
v 12.6220064 25.9329929 -65.5417404
v 12.368207 26.8411293 -64.3081131
v 11.8188858 27.9332314 -60.4690437
v 12.1740131 27.1300297 -59.6905899
v 12.6932859 26.2562408 -65.3383408
v 12.1933899 27.0582314 -63.1587639
v 11.8187122 27.9350529 -59.6936913
v 12.671874 26.6115475 -65.5641098
v 12.6788187 25.6605358 -65.7714157
v 12.693615 25.3433475 -65.665802
v 12.7992039 25.3400421 -65.6493607
v 12.339304 27.4607582 -64.5144348
v 12.6028042 27.0653267 -65.1613617
v 12.4823694 26.557394 -64.9468307
v 12.9170732 24.2143078 -65.6783676
v 12.9209232 24.2125797 -65.7855988
v 12.420043 25.4145851 -65.5776978
v 12.3074741 25.3648281 -65.6035385
v 12.222928 25.2632065 -65.6229477
v 12.9584265 25.4797363 -65.4540939
v 13.4988146 25.5237541 -65.33004
v 13.6185827 25.4975128 -65.3025436
v 13.7205858 25.4147682 -65.279129
v 13.9350758 24.0006847 -65.2298889
v 12.5943089 22.3361492 -65.5376816
v 13.2544632 22.3539238 -65.3861313
v 13.7928486 22.4190769 -65.2625351
v 13.9054203 22.4688339 -65.2366943
v 13.9899673 22.5704556 -65.2172852
v 14.0148973 22.71562 -65.2115631
v 12.7314405 24.5462513 -65.7793655
v 12.7946091 23.8792477 -65.7648621
v 12.9565601 24.5690346 -65.727684
v 13.0197287 23.902029 -65.7131805
v 12.8660326 23.125082 -65.7484589
v 13.0911551 23.1478634 -65.6967773
v 12.2338953 25.4013023 -65.4659729
v 12.1445866 25.2967319 -65.4864731
v 12.1179562 25.1476154 -65.4925919
v 12.1987677 23.8283844 -65.4740372
v 13.4891376 25.5677032 -65.1777954
v 13.7765551 25.3154621 -65.1118088
v 13.944788 24.0050793 -65.0731888
v 12.6544142 22.2657528 -65.3694305
v 12.5283308 22.2923737 -65.3983688
v 12.4210997 22.3770561 -65.4229889
v 13.2237196 22.3124123 -65.2387314
v 13.7909651 22.3807735 -65.1085052
v 12.3525896 25.4526901 -65.4387207
v 12.1979971 25.1180401 -65.6286774
v 12.2778158 23.8329773 -65.6103439
v 12.919838 25.5210495 -65.3085022
v 13.615221 25.5410862 -65.1488495
v 13.7224531 25.4564095 -65.1242294
v 13.7722826 25.277359 -65.2672653
v 12.7140789 22.3099098 -65.5101852
v 12.4923048 22.4188957 -65.5610962
v 12.4406137 22.5563011 -65.5729599
v 12.3669996 22.5179977 -65.4354095
v 13.9096575 22.4321632 -65.0812607
v 13.9989691 22.5367317 -65.0607529
v 14.0255957 22.6858482 -65.0546417
v -11.8962221 27.1056767 -59.319416
v 11.8818283 27.2718544 -59.5582237
v -12.384551 27.1232605 -58.8094368
v -12.9972677 25.3374996 -57.3206367
v -12.9095154 25.3415661 -57.2818413
v -12.3160238 27.9503784 -58.7749825
v -12.0658474 27.9269047 -58.6618004
v 12.112546 27.775938 -59.5601273
v -12.9076462 25.9321842 -57.4706535
v -12.7073412 27.0604706 -57.3526573
v -13.0362396 24.2037544 -57.2873001
v -12.5642157 27.8299465 -58.1392517
v -12.547658 26.8411312 -57.752758
v -11.817462 27.9332314 -59.3222351
v -12.8621416 26.2562408 -57.5272217
v -12.3449306 27.0582314 -58.1396599
v 12.0952539 27.9575443 -59.6940079
v -12.899292 26.6115475 -57.303524
v -12.5725813 27.4607582 -57.5459175
v -13.0872803 24.214304 -57.4257202
v -13.118474 24.2125797 -57.3230553
v -12.4788542 25.3648243 -57.3578568
v -13.5603476 25.5237541 -56.7882271
v -13.8085966 25.2773628 -56.6574783
v -13.956378 24.0006847 -56.5796394
v -12.8479681 22.3099098 -57.1634407
v -12.7392435 22.3361492 -57.2206993
v -13.3385305 22.3539238 -56.9050713
v -13.8272696 22.4190769 -56.647644
v -13.9294605 22.4688301 -56.5938187
v -12.9337187 24.5462513 -57.419178
v -12.9910631 23.8792419 -57.3889732
v -13.1380844 24.5690346 -57.3115425
v -13.1954317 23.902029 -57.2813301
v -13.0559034 23.1250839 -57.3548241
v -13.2602663 23.1478634 -57.2471809
v -12.3724813 25.4013023 -57.2437248
v -12.2672338 25.1476116 -57.2991638
v -12.3405962 23.8283844 -57.2605247
v -12.9951773 25.5210495 -56.9157524
v -13.5119848 25.5677071 -56.6435547
v -13.7237844 25.4564095 -56.5319939
v -13.271039 22.3124065 -56.7704582
v -13.7859802 22.3807735 -56.4992332
v -13.8937292 22.4321613 -56.4424934
v -13.9748077 22.5367317 -56.3997879
v -12.5810461 25.4145851 -57.3040276
v -12.480238 25.4526901 -57.1869774
v -12.4021082 25.2632027 -57.3982735
v -12.2914057 25.2967319 -57.2864265
v -12.3794746 25.1180401 -57.4102058
v -12.4519329 23.8329773 -57.372036
v -13.0697889 25.4797363 -57.046608
v -13.6690693 25.4975128 -56.7309685
v -13.6264448 25.5410862 -56.5832634
v -13.7616701 25.4147682 -56.6821976
v -13.7728977 25.3154621 -56.5061302
v -13.9256163 24.0050793 -56.4256859
v -12.7542286 22.2657528 -57.0426636
v -12.6397734 22.2923737 -57.1029472
v -12.6466417 22.41889 -57.2694778
v -12.5424261 22.3770561 -57.1542168
v -12.599719 22.5563011 -57.2941895
v -12.4933157 22.5179977 -57.1800804
v -14.0062075 22.5704498 -56.5533943
v -14.028841 22.7156162 -56.5414734
v -13.9989777 22.6858482 -56.3870544
v -11.8960333 27.1075191 -60.1008911
v -12.7993135 26.6099033 -57.2617149
v -12.0938253 27.9575443 -60.09729
v -12.1343784 27.0997906 -58.6962471
v -12.9947958 24.2044163 -57.3862991
v -12.9375105 25.6342659 -57.445797
v -12.3107271 27.8083649 -58.0343513
v -12.7414875 27.4705715 -57.615303
v -12.7433271 26.2555141 -57.4798355
v -12.806531 26.5622768 -57.6399803
v -12.7337866 26.8516731 -57.8282242
v -12.598238 27.07938 -58.2451591
v -12.8374395 25.6373692 -57.4029312
v -12.8556852 26.141367 -57.2476082
v -12.9457045 26.1431637 -57.2860603
v -12.9758806 25.6627541 -57.3131104
v -12.8009109 25.9329929 -57.4281425
v -12.0940084 27.9557838 -59.3310318
v -12.8887224 25.6605358 -57.2747383
v -12.8680601 25.3433495 -57.3806038
v -12.9659109 25.3400421 -57.4235649
v -12.1725845 27.1300297 -60.1006966
v -12.8330402 27.0653267 -57.4049492
v -12.6616602 26.557394 -57.5814514
v -12.1727543 27.1282349 -59.3299751
v -12.1111174 27.775938 -60.2311668
v -11.8804026 27.2718544 -60.2330742
v -11.8172865 27.9350529 -60.0976028
v -11.8345671 27.7534313 -60.2294998
v -12.156951 27.2943611 -60.2331429
v 11.8359947 27.7534332 -59.5617981
v 12.17418 27.1282349 -60.4613037
v 12.1583796 27.2943611 -59.5581551
v 5.88538504 26.6388454 -62.873188
v 5.72990417 26.539587 -62.8881493
v 4.00687122 23.8817425 -63.2620964
v 3.85246086 23.9874725 -63.2461624
v 5.78893566 26.6146183 -62.8768501
v 6.00773382 26.613699 -62.8769913
v 1.99836957 21.1739788 -63.5780029
v 1.8439697 21.2792301 -63.5671196
v 5.20675421 26.6283817 -62.8747559
v 5.05128527 26.5291195 -62.8897209
v 3.32824111 23.871376 -63.2636719
v 3.17383051 23.9769993 -63.2477379
v 5.11031485 26.6041508 -62.878418
v 5.32910442 26.6032314 -62.8785591
v 1.31974816 21.1636543 -63.5790977
v 1.16533875 21.2688103 -63.5681877
v 1.55487907 21.154459 -63.5800438
v 1.97726977 21.3981342 -63.5584488
v 2.08310866 21.154459 -63.5800438
v 1.55487907 21.4989662 -63.5504341
v 1.13248825 21.3981342 -63.5584488
v 1.0266484 21.154459 -63.5800438
v 1.13248825 20.9108448 -63.6010017
v 1.55487907 20.8377724 -63.606472
v 1.97726977 20.9108486 -63.6010017
v 1.36528862 17.2853317 -63.9013748
v 1.19115829 17.2853317 -63.9013748
v 1.14094853 21.154459 -63.5800438
v 1.39875889 21.154459 -63.5800438
v 1.19115829 24.9981766 -63.1091881
v 1.36528862 24.9981766 -63.1091881
v -6.05499601 26.3277187 -62.9201012
v -5.90099573 26.6388454 -62.8731956
v -5.74551725 26.539587 -62.8881531
v -4.02248287 23.8817425 -63.2620964
v -3.86807227 23.9874725 -63.2461662
v -5.80454588 26.6146145 -62.8768616
v -6.0890069 26.5101261 -62.8925972
v -6.02334642 26.613699 -62.8769951
v -2.01397896 21.1739788 -63.5780106
v -1.85957909 21.2792263 -63.5671196
v -5.37637472 26.317255 -62.921669
v -5.22236729 26.6283817 -62.8747635
v -5.06689548 26.5291176 -62.8897209
v -3.34385157 23.871376 -63.2636795
v -3.18944216 23.9769993 -63.2477379
v -5.12592649 26.604147 -62.8784256
v -5.41038513 26.4996586 -62.894165
v -5.34471512 26.6032314 -62.8785591
v -1.33535755 21.1636543 -63.5790977
v -1.18094921 21.2688103 -63.5681877
v -1.57048941 21.154459 -63.5800438
v -1.99287891 21.3981342 -63.5584488
v -2.09871888 21.154459 -63.5800438
v -1.57048941 21.4989662 -63.5504341
v -1.14809752 21.3981342 -63.5584488
v -1.04225755 21.154459 -63.5800438
v -1.14809752 20.9108448 -63.6010017
v -1.57048941 20.8377724 -63.606472
v -1.99287891 20.9108448 -63.6010017
v -1.38089895 17.2853317 -63.9013748
v -1.20676756 17.2853317 -63.9013748
v -1.15655899 21.154459 -63.5800438
v -1.41436815 21.154459 -63.5800438
v -1.20676994 24.9981766 -63.1091881
v -1.38090026 24.9981766 -63.1091881
v 1.67204976 13.4929304 -64.0727158
v 1.66246057 13.0683851 -64.0727158
v 0 13.0683851 -64.1072388
v -1.67205083 13.4929304 -64.0727158
v 0 13.4929304 -64.1129456
v -1.66246188 13.0683851 -64.0727158
v -1.39744651 23.0979118 -63.3865051
v -2.76840329 23.0955963 -63.3738518
v -3.43851089 23.0944614 -63.3735542
v -3.20608878 23.0948544 -63.3696289
v 2.75972152 23.1049347 -63.3729362
v 2.52678394 23.1045418 -63.3690186
v 1.38179541 23.1026115 -63.3859673
v 3.43150902 23.1060696 -63.3724022
v 1.16639137 23.1022472 -63.3860168
v 3.19850278 23.1056767 -63.3685379
v -2.53605008 23.0959835 -63.369873
v -1.18195057 23.0982761 -63.3864632
v -1.20033503 17.8044262 -63.8677788
v 1.36957645 17.8044262 -63.867775
v 1.18472576 17.8044262 -63.867775
v -1.38518572 17.8044262 -63.8677788
v -8.35692692 2.89521575 -44.5503731
v -8.35692501 1.30984306 -43.4910774
v -8.35692501 0.250532627 -41.9056969
v -10.9692507 0.250532627 -38.1655502
v -8.3569212 0.250531435 -38.165554
v -10.9692478 2.89521575 -35.5208511
v -10.9692478 6.63536406 -35.5208511
v -8.35691738 6.6353631 -35.5208626
v -10.9692507 8.2207365 -36.5801697
v -8.35691929 9.28004646 -38.1655502
v -10.9692526 9.65202713 -40.0356255
v -10.9692602 6.63536453 -44.5503654
v -8.35692692 6.6353631 -44.5503731
v -10.9692526 2.07856178 -41.1485023
v -10.9692526 1.8571949 -40.0356255
v -10.9692507 3.65241051 -37.3488846
v -10.9692507 4.76529026 -37.1275177
v -10.9692526 7.67338276 -40.0356255
v -10.9692526 7.45201731 -41.1485023
v -10.9692526 6.82162333 -42.0919609
v -8.3569212 4.76528883 -40.0356255
v -8.35691929 1.30984306 -36.5801735
v -10.9692507 1.30984306 -36.5801697
v -8.35692501 -0.12144804 -40.0356255
v -10.9692526 -0.12144804 -40.0356216
v -10.9692526 0.250532627 -41.9056892
v -10.9692554 1.30984306 -43.4910698
v -10.9692602 2.89521694 -44.5503654
v -8.35692692 4.76528883 -44.9223595
v -10.9692574 4.76528883 -44.9223518
v -8.35691738 2.89521456 -35.5208549
v -10.9692478 4.76528883 -35.1488876
v -8.35691738 4.76528883 -35.1488953
v -8.35691929 8.2207346 -36.5801811
v -10.9692507 9.28004742 -38.1655502
v -8.3569212 9.65202713 -40.0356255
v -10.9692526 9.28004742 -41.9056892
v -8.35692501 9.28004646 -41.9056892
v -10.9692554 8.22073555 -43.4910698
v -8.35692501 8.22073555 -43.4910774
v -10.9692554 4.76528883 -42.9437065
v -10.9692554 3.65240932 -42.7223587
v -10.9692526 2.70895743 -42.0919609
v -10.9692526 2.07856178 -38.9227295
v -10.9692526 2.70895743 -37.9792862
v -10.9692507 5.87816954 -37.3488846
v -10.9692526 6.82162333 -37.9792862
v -10.9692526 7.45201826 -38.9227295
v -10.9692554 5.87816906 -42.7223587
v -9.37434673 4.76529026 14.4415741
v -11.9866734 0.250532627 17.4582424
v -11.9866657 2.89521694 23.8430767
v -11.9866657 4.76528883 24.2150478
v -9.3743372 4.76528883 24.2150421
v -11.9866657 6.63536406 23.8430767
v -9.3743372 6.6353631 23.843071
v -11.9866686 9.28004742 21.1983833
v -11.9866734 9.65202713 19.3283138
v -9.37434483 9.28004646 17.4582424
v -9.37434673 6.63536406 14.8135633
v -11.9866753 3.65240932 16.6415787
v -11.9866734 1.85719609 19.3283157
v -11.9866686 4.76529026 22.2364216
v -11.9866686 5.87816954 22.0150547
v -11.9866686 7.45201874 20.4412079
v -11.9866734 7.67338324 19.3283157
v -11.9866734 7.45201731 18.215435
v -11.9866753 5.87816906 16.6415787
v -9.37434292 4.76528883 19.3283138
v -9.3743391 1.30984306 22.7837639
v -11.9866657 1.30984306 22.7837639
v -9.3743391 0.250531435 21.1983833
v -11.9866686 0.250532627 21.198391
v -9.37434483 -0.121450424 19.3283138
v -11.9866734 -0.12144804 19.3283157
v -9.37434483 0.250531435 17.4582424
v -9.37434483 1.30984306 15.8728628
v -11.9866753 1.30984306 15.8728628
v -9.37434673 2.89521575 14.8135633
v -11.9866753 2.89521694 14.8135633
v -11.9866753 4.76529026 14.4415741
v -9.3743372 2.89521575 23.843071
v -11.9866657 8.2207346 22.7837639
v -9.3743391 8.2207346 22.7837582
v -9.3743391 9.28004646 21.1983833
v -9.3743391 9.65202713 19.3283081
v -11.9866734 9.28004742 17.4582424
v -11.9866753 8.2207365 15.8728628
v -9.37434483 8.2207365 15.8728628
v -11.9866753 6.63536453 14.8135633
v -11.9866753 4.76528883 16.4202328
v -11.9866734 2.708956 17.2719784
v -11.9866734 2.07856178 18.215435
v -11.9866686 2.07856178 20.4412079
v -11.9866686 2.70895743 21.3846493
v -11.9866686 3.65240932 22.0150547
v -11.9866686 6.82162333 21.3846493
v -11.9866734 6.82162333 17.2719784
v -6.06504679 4.76529026 14.4415693
v -8.6773777 2.89521694 14.8135557
v -8.6773777 1.30984306 15.872858
v -6.06504107 0.250531435 21.1983776
v -6.06504011 1.30984306 22.7837582
v -6.0650382 2.89521575 23.8430672
v -8.67736816 4.76528883 24.2150421
v -8.67737103 6.63536406 23.843071
v -8.67737484 9.65202713 19.3283005
v -8.67737484 9.28004742 17.4582348
v -6.06504583 8.2207365 15.872858
v -8.6773777 6.63536453 14.8135557
v -6.06504583 6.63536406 14.8135557
v -8.6773777 4.76528883 16.4202251
v -8.6773777 3.65240932 16.6415768
v -8.67737484 2.708956 17.2719707
v -8.67737484 1.85719609 19.3283081
v -8.67737103 4.76529026 22.2364101
v -8.67737103 7.45201874 20.4412041
v -8.67737484 7.45201731 18.2154331
v -8.67737484 6.82162333 17.2719707
v -6.06504202 4.76528883 19.3283081
v -8.67737103 2.89521694 23.843071
v -8.67737103 1.30984306 22.7837639
v -8.67737103 0.250532627 21.1983833
v -6.06504202 -0.121450424 19.3283081
v -8.67737484 -0.12144804 19.3283138
v -6.06504583 0.250531435 17.4582329
v -8.67737484 0.250532627 17.4582367
v -6.06504583 1.30984306 15.8728552
v -6.06504583 2.89521575 14.8135548
v -8.6773777 4.76529026 14.4415693
v -6.06503725 4.76528883 24.2150421
v -6.0650382 6.6353631 23.843071
v -8.67737103 8.2207346 22.7837639
v -6.06504011 8.2207346 22.7837505
v -8.67737103 9.28004742 21.1983833
v -6.06504011 9.28004646 21.1983833
v -6.06504202 9.65202713 19.3283062
v -6.0650444 9.28004646 17.4582367
v -8.6773777 8.2207365 15.872858
v -8.67737484 2.07856178 18.215435
v -8.67737103 2.07856178 20.441206
v -8.67737103 2.70895743 21.3846416
v -8.67737103 3.65240932 22.0150433
v -8.67737103 5.87816954 22.0150433
v -8.67737103 6.82162333 21.3846416
v -8.67737484 7.67338324 19.3283081
v -8.6773777 5.87816906 16.6415768
v 9.0345192 6.18280077 20.7458477
v 9.0345192 6.61735678 20.0954819
v 9.03451824 6.7699523 19.3283348
v 9.03451824 6.61735773 18.561182
v 9.03451824 3.34777832 17.9108181
v 9.03451824 2.91322112 18.561182
v 9.03451824 2.76062751 19.3283348
v 9.0345211 3.99813652 21.1803989
v 9.0345192 4.76528883 21.3329983
v 9.53369522 5.74870777 21.7025204
v 9.53369617 6.58241129 21.1454563
v 9.53369522 7.13947439 20.311758
v 9.53369522 7.33508778 19.3283348
v 9.53369427 7.13947439 18.3449154
v 9.53369331 6.58241129 17.5112114
v 9.53369427 5.74870777 16.9541473
v 9.53369331 4.76528883 16.7585335
v 9.53369427 3.78186965 16.9541473
v 9.53369331 2.94816756 17.5112114
v 9.53369427 2.3911047 18.3449154
v 9.53369522 2.19549179 19.3283348
v 9.53369522 2.3911047 20.311758
v 9.53369617 2.94816756 21.1454563
v 9.53369522 3.78186965 21.7025204
v 9.53369522 4.76528883 21.8981171
v 9.03451538 5.53244066 21.1803989
v 9.03451729 6.18280077 17.9108181
v 9.03451729 5.53244066 17.4762707
v 9.03451824 4.76528883 17.3236675
v 9.03451729 3.99813771 17.4762707
v 9.03451538 2.91322231 20.0954819
v 9.03451538 3.34777832 20.7458477
v 8.53533936 5.74870777 21.7025204
v 8.53534031 6.58241129 21.1454563
v 8.53534126 7.33508778 19.3283329
v 8.53534222 7.13947439 18.3449135
v 8.53534222 6.58241129 17.5112076
v 8.53534222 5.74870777 16.9541473
v 8.53534222 4.76528883 16.7585335
v 8.53534222 3.78186965 16.9541473
v 8.53534222 2.94816756 17.5112114
v 8.53534222 2.3911047 18.3449154
v 8.53534031 2.3911047 20.311758
v 8.53533936 3.78186965 21.7025204
v 8.53533936 4.76528883 21.8981171
v 8.53534031 7.13947439 20.3117504
v 8.53534126 2.19548965 19.3283291
v 8.53534031 2.94816852 21.1454487
v 11.98664 4.76529026 24.2150631
v 9.37430954 4.76529026 24.2150631
v 9.37430954 2.89521575 23.8430767
v 11.9866409 1.30984306 22.7837811
v 11.9866419 0.250532627 21.1984005
v 9.37431145 0.250531435 17.4582539
v 11.9866438 2.89521694 14.8135672
v 9.37431145 2.89521575 14.8135672
v 11.9866438 4.76528883 14.441596
v 9.37431145 6.6353631 14.8135681
v 9.37431049 9.28004646 17.4582539
v 9.37430954 9.65202713 19.3283291
v 11.9866419 9.28004742 21.1984005
v 9.37430954 8.22073555 22.7837753
v 9.37430954 6.63536406 23.8430767
v 11.9866419 2.708956 21.3846664
v 11.9866419 2.07856178 20.4412079
v 11.9866419 2.70895743 17.2719936
v 11.9866419 3.65240932 16.641592
v 11.9866419 6.82162333 17.2719936
v 11.9866419 7.45201826 18.215435
v 11.9866419 7.45201826 20.4412079
v 11.9866419 6.82162333 21.3846664
v 11.9866419 5.87816906 22.0150642
v 9.37431049 4.76528883 19.3283253
v 9.3743124 1.30984306 15.8728762
v 11.9866438 1.30984306 15.872879
v 11.9866419 0.250532627 17.4582558
v 9.37431145 -0.121450424 19.3283253
v 11.9866438 -0.12144804 19.3283253
v 9.37431145 0.250531435 21.1984005
v 9.37430954 1.30984306 22.7837753
v 11.9866409 2.89521694 23.8430767
v 9.3743124 4.76528883 14.441597
v 11.9866438 6.63536453 14.8135672
v 11.9866438 8.2207346 15.872879
v 9.3743124 8.2207346 15.8728819
v 11.9866419 9.28004742 17.4582558
v 11.9866438 9.65202713 19.3283291
v 9.37430954 9.28004646 21.1984005
v 11.9866409 8.22073555 22.7837753
v 11.9866409 6.63536453 23.8430767
v 10.2254324 5.74870825 16.9541435
v 10.2254324 3.78186965 16.9541435
v 10.2254324 6.58241224 21.1454449
v 10.2254324 2.94816852 17.5112038
v 10.2254314 7.33508778 19.3283253
v 10.2254324 7.13947296 18.3449059
v -10.9974241 5.34898663 18.7446194
v -10.9974222 5.52792501 19.0124207
v -10.9974222 5.59076118 19.3283157
v -10.9974222 5.52792645 19.6442013
v -10.9974203 5.08118439 20.0909405
v -10.9974203 4.18159151 19.9120159
v -10.9974222 5.08118296 18.5656834
v -10.9974203 4.76528788 20.1537971
v -10.9974222 4.00265074 19.6442013
v -10.9974222 3.93981719 19.3283176
v -10.9974222 4.00265217 19.0124207
v -10.9974222 4.44939423 18.5656834
v -10.9974222 4.76528883 18.5028534
v -10.9974203 5.3489871 19.9120159
v -10.9974203 4.44939423 20.0909405
v -10.9974241 4.18159151 18.7446194
v 10.2254324 4.76528883 21.8981171
v 10.2254324 3.78186965 21.7025166
v 10.2254324 2.94816852 21.1454449
v 10.2254324 2.3911047 20.3117542
v 10.2254314 2.19548965 19.3283253
v 10.2254324 2.3911047 18.3449059
v 10.2254324 4.76528883 16.7585258
v 10.2254324 6.58241224 17.5112038
v 10.2254324 7.13947439 20.3117542
v 10.2254324 5.74870825 21.7025166
v 9.72625446 2.76062751 19.3283253
v 9.72625446 3.99813771 17.476265
v 9.72625542 4.76528883 17.3236637
v 9.72625446 5.53244114 17.476265
v 9.72625446 6.61735868 18.5611782
v 9.72625542 6.61735678 20.0954781
v 9.72625637 5.53244114 21.1803894
v 9.72625446 3.4216404 19.3283253
v 9.72625446 3.52391982 18.8141327
v 9.72625542 5.27948189 18.086956
v 9.72625446 6.10893726 19.3283253
v 9.72625637 4.76528883 21.3329868
v 9.72625637 3.99813652 21.1803894
v 9.72625542 3.34777832 20.7458363
v 9.72625542 2.91322112 20.0954781
v 9.72625446 2.91322112 18.5611782
v 9.72625542 3.34777832 17.9108124
v 9.72625542 6.18280125 17.9108124
v 9.72625446 6.7699523 19.3283253
v 9.72625542 6.18280125 20.7458363
v 9.72625542 4.76528883 20.6719666
v 9.72625542 4.25109863 20.5697002
v 9.72625542 3.81518722 20.2784328
v 9.72625446 3.52392077 19.8425045
v 9.72625446 3.81518722 18.3782253
v 9.72625542 4.25109863 18.086956
v 11.9866419 4.76528883 22.2364101
v 11.9866419 3.65240932 22.0150642
v 11.9866438 1.85719609 19.3283253
v 11.9866419 2.07856178 18.215435
v 11.9866419 4.76529026 16.4202251
v 11.9866419 5.87816954 16.641592
v 11.9866438 7.67338324 19.3283253
v 9.72625542 4.76528883 17.9846745
v 9.72625446 5.71539164 18.3782253
v 9.72625446 6.00665808 18.8141327
v 9.72625446 6.00665712 19.8425045
v 9.72625542 5.71539116 20.2784328
v 9.72625542 5.27948093 20.5697002
v -9.03455257 6.61735678 18.5611591
v -9.03455067 6.61735773 20.0954571
v -9.03454781 6.18280077 20.7458248
v -9.03455067 2.91322112 20.0954571
v -9.03455257 4.76528883 17.3236465
v -9.53372955 5.74870825 16.9541245
v -9.53372955 6.58241224 17.5111866
v -9.53372765 7.13947439 18.344883
v -9.53372765 7.33508778 19.3283081
v -9.53372288 7.13947439 20.3117275
v -9.53372288 6.58241129 21.1454315
v -9.53372288 5.74870729 21.7024956
v -9.53372097 4.76528883 21.8981133
v -9.53372288 3.78186965 21.7024956
v -9.53372288 2.94816756 21.1454315
v -9.53372288 2.3911047 20.3117275
v 8.67734051 4.76529026 24.2150707
v 8.67734146 2.89521694 23.8430843
v 6.06500959 2.89521575 23.8430767
v 8.67734146 1.30984306 22.7837811
v 6.06501245 -0.121450424 19.3283272
v 8.67734241 0.250532627 17.4582539
v 6.06501293 0.250531435 17.4582539
v 8.67734432 1.30984306 15.8728762
v 6.06501245 4.76528883 14.441596
v 8.67734432 6.63536453 14.8135681
v 8.67734432 8.2207346 15.8728743
v 6.06501245 8.2207346 15.8728838
v 8.67734241 9.28004742 17.4582539
v 8.67734337 9.65202713 19.3283329
v 8.67734241 9.28004742 21.1984081
v 6.06501055 9.28004646 21.1984005
v 8.67734146 8.22073555 22.7837811
v 6.06501055 8.22073555 22.7837811
v 8.67734241 4.76528883 22.2364101
v 8.67734241 2.07856178 18.215435
v 8.67734337 5.87816954 16.6415958
v 8.67734241 7.45201826 18.2154331
v 8.67734337 7.67338324 19.3283272
v 8.67734241 7.45201826 20.4412041
v 8.67734146 6.82162333 21.3846664
v 6.0650115 4.76528883 19.3283253
v 8.67734432 2.89521694 14.8135681
v 6.06501245 1.30984306 15.8728743
v 8.67734337 -0.12144804 19.3283253
v 6.0650115 0.250531435 21.1984005
v 8.67734241 0.250532627 21.1984081
v 6.06501055 1.30984306 22.7837811
v 6.06500959 4.76529026 24.2150707
v 6.06501245 2.89521575 14.8135672
v 8.67734337 4.76528883 14.441597
v 6.06501245 6.6353631 14.8135672
v 6.0650115 9.28004646 17.4582539
v 6.06501102 9.65202713 19.3283291
v 8.67734146 6.63536453 23.8430843
v 6.06500959 6.63536406 23.8430767
v 8.67734241 3.65240932 22.0150642
v 8.67734146 2.708956 21.3846664
v 8.67734241 2.07856178 20.441206
v 8.67734337 1.85719609 19.3283291
v 8.67734337 2.70895743 17.2719936
v 8.67734337 3.65240932 16.6415958
v 8.67734337 4.76529026 16.4202251
v 8.67734337 6.82162333 17.2719936
v 8.67734241 5.87816906 22.0150642
v -9.53372765 2.19549179 19.3283081
v -9.53372765 2.3911047 18.344883
v -9.53372955 2.94816852 17.5111866
v -9.53372955 3.78186965 16.9541245
v -9.53372955 4.76528883 16.7585258
v -9.03455067 5.53244114 17.476244
v -9.03455067 6.18280077 17.9107952
v -9.03454781 6.7699523 19.3283081
v -9.03454494 5.53243971 21.1803722
v -9.03454494 4.76528883 21.3329773
v -9.03454494 3.99813771 21.1803722
v -9.03454494 3.34777832 20.7458248
v -9.03454781 2.76062751 19.3283081
v -9.03454781 2.91322231 18.5611591
v -9.03455067 3.34777832 17.9107952
v -9.03455067 3.99813652 17.476244
v -8.53537273 5.74870825 16.9541245
v -8.53537273 6.58241224 17.5111866
v -8.53537273 7.13947439 18.344883
v -8.53537273 7.13947439 20.3117275
v -8.53536892 4.76528883 21.8981133
v -8.53536892 2.94816756 21.1454372
v -8.53537273 2.3911047 20.3117275
v -8.53537273 7.33508921 19.3283081
v -8.53536892 6.58241224 21.1454315
v -8.53536892 5.74870777 21.7024956
v -8.53536892 3.78186965 21.7024956
v -8.53537273 2.19548965 19.3283081
v -8.53537273 2.3911047 18.3448868
v -8.53537273 2.94816852 17.5111866
v -8.53537273 3.78186965 16.9541225
v -8.53537273 4.76529026 16.7585201
v -10.2254629 2.94816852 17.5111942
v -10.2254581 5.74870777 21.7024994
v -10.225461 3.78186965 16.9541264
v -10.2254629 6.58241224 17.511198
v -10.225461 7.13947439 18.3448925
v -10.2254581 2.3911047 20.3117332
v -10.2254581 7.33508778 19.3283176
v -10.225461 2.3911047 18.344883
v -10.2254581 6.58241224 21.1454391
v -10.2254581 7.13947392 20.3117371
v 10.9973936 5.08118296 20.0909595
v 10.9973927 5.34898663 18.7446289
v 10.9973936 5.08118391 18.5657024
v 10.9973936 4.76528788 18.5028458
v 10.9973946 4.00265074 19.0124416
v 10.9973946 4.00265217 19.6442204
v 10.9692898 4.76528883 -35.1488953
v 10.9692907 2.89521694 -35.5208855
v 10.9692907 1.30984306 -36.5801849
v 10.9692898 0.250532627 -38.1655655
v 8.35696125 0.250532627 -38.1655655
v 10.9692907 -0.12144804 -40.0356407
v 10.9692936 1.30984426 -43.4910851
v 10.9692936 6.63536406 -44.5504112
v 8.35696125 6.6353631 -44.5503998
v 8.35696316 8.2207346 -43.4910851
v 10.9692907 9.28004742 -41.9057083
v 8.3569603 9.28004646 -41.9057083
v 8.35695934 9.65202713 -40.0356369
v 10.9692898 9.28004742 -38.1655655
v 10.9692907 4.76528883 -37.1275558
v 10.9692898 2.70895743 -37.9793015
v 10.9692917 4.76529026 -42.9437447
v 10.9692917 5.87816954 -42.7223778
v 10.9692907 7.45201826 -41.1485291
v 10.9692898 7.45201731 -38.9227562
v 10.9692898 6.82162333 -37.9793015
v 8.3569603 4.76528883 -40.0356369
v 10.9692936 2.89521575 -44.5504112
v 8.35696316 1.30984306 -43.4910851
v 8.35696125 0.250531435 -41.9057083
v 10.9692907 0.250532627 -41.9057083
v 8.35696125 -0.12144804 -40.0356369
v 8.35695934 1.30984306 -36.5801849
v 8.35695934 2.89521575 -35.5208855
v 8.35695934 4.76528883 -35.1488953
v 8.35696125 2.89521456 -44.5504112
v 10.9692907 4.76528883 -44.9223709
v 8.35696316 4.76528883 -44.9223709
v 10.9692936 8.2207365 -43.4910851
v 10.9692907 9.65202713 -40.0356369
v 8.35695934 9.28004646 -38.1655655
v 10.9692907 8.2207346 -36.5801849
v 8.35695934 8.2207346 -36.5801849
v 10.9692907 6.63536453 -35.5208855
v 8.35695934 6.6353631 -35.5208855
v 10.9692907 3.65240932 -37.3489037
v 10.9692898 2.07856178 -38.9227562
v 10.9692907 1.8571949 -40.0356369
v 10.9692907 2.07856178 -41.1485291
v 10.9692917 2.70895743 -42.0919724
v 10.9692917 3.65241051 -42.7223778
v 10.9692917 6.82162333 -42.0919724
v 10.9692907 7.67338276 -40.0356369
v 10.9692907 5.87816858 -37.3489037
v -10.8272505 2.3911047 -41.019043
v -10.8272505 2.1954906 -40.0356255
v -10.8272505 2.3911047 -39.0522079
v -10.8272486 3.78186965 -37.661438
v -10.8272486 4.76528883 -37.4658165
v -10.8272486 5.74870777 -37.661438
v -10.8272486 6.58241224 -38.2184944
v -10.8272505 7.13947439 -41.019043
v -10.8272505 5.74870872 -42.4098129
v -11.3264275 4.76528883 -42.0402794
v -11.3264256 2.91322112 -39.2684746
v -11.3264256 3.34777832 -38.618103
v -11.3264256 3.99813771 -38.1835594
v -11.3264275 4.76528883 -41.379261
v -11.3264275 4.25109768 -41.2770004
v -11.3264275 3.81518602 -40.9857254
v -11.3264256 3.52392077 -40.5498009
v -11.3264256 4.25109768 -38.7942543
v -11.3264256 5.71539164 -39.0855217
v -11.3264256 6.10893726 -40.0356255
v -11.3264256 6.00665712 -40.5498009
v -11.3264275 5.71539068 -40.9857254
v -11.3264275 5.27948046 -41.2770004
v 11.0502501 4.76528883 -40.0356369
v 11.0502539 5.07506704 -39.2877617
v 11.0502539 5.51316166 -39.7258606
v 11.0502539 5.07506895 -40.7835045
v 11.0502539 4.76528883 -40.8451424
v 11.0502539 4.01741505 -40.3454094
v 11.0502539 4.19289112 -39.4632378
v 11.0502539 5.33768654 -39.4632378
v 11.0502539 5.57478094 -40.0356369
v 11.0502539 5.51316261 -40.3454094
v 11.0502539 5.33768654 -40.608036
v 11.0502539 4.45551014 -40.7835045
v 11.0502539 4.19289112 -40.608036
v 11.0502539 3.95579576 -40.0356369
v 11.0502539 4.01741505 -39.7258606
v 11.0502539 4.45551014 -39.2877617
v 11.0502539 4.76528883 -39.2261505
v -11.3264275 3.99813652 -41.8876915
v -11.3264275 3.34777832 -41.4531326
v -11.3264275 2.91322231 -40.8027763
v -11.3264256 2.76062751 -40.0356255
v -11.3264256 4.76528883 -38.0309563
v -11.3264256 5.53244114 -38.1835594
v -11.3264256 6.18280077 -38.618103
v -11.3264256 6.61735868 -39.2684746
v -11.3264256 6.7699523 -40.0356255
v -11.3264275 6.61735678 -40.8027763
v -11.3264275 6.18280077 -41.4531326
v -11.3264275 5.53244114 -41.8876915
v -11.3264256 3.4216404 -40.0356255
v -11.3264256 3.52391982 -39.5214272
v -11.3264256 3.81518602 -39.0855217
v -11.3264256 4.76528883 -38.691967
v -11.3264256 5.27948141 -38.7942543
v -11.3264256 6.00665808 -39.5214272
v -10.8272505 4.76528883 -42.6054039
v -10.8272505 3.78186965 -42.4098129
v -10.8272505 2.94816756 -41.8527412
v -10.8272486 2.94816756 -38.2184944
v -10.8272505 7.13947439 -39.0522079
v -10.8272505 7.33508921 -40.0356255
v -10.8272505 6.58241129 -41.8527412
v 10.8272877 3.78186965 -37.6614494
v 10.8272886 2.1954906 -40.0356369
v 10.8272886 2.3911047 -41.0190582
v 10.8272886 2.94816756 -41.8527603
v 10.8272896 4.76528883 -42.6054382
v 10.8272896 5.74870825 -42.4098206
v 10.8272886 7.13947439 -41.0190582
v 10.8272886 7.33508921 -40.0356369
v 10.8272877 5.74870825 -37.6614494
v 11.3264647 4.25109768 -38.7942581
v 11.3264647 3.52392077 -39.5214539
v 11.3264656 3.81518602 -40.9857368
v 11.3264656 5.27948141 -41.2770081
v 11.3264656 5.71539164 -40.9857368
v 11.3264647 6.10893726 -40.0356369
v 11.3264647 5.71539068 -39.0855331
v -11.0502119 4.76528883 -40.0356255
v -11.0502157 5.07506704 -40.7834892
v -11.0502157 5.57478094 -40.0356255
v -11.0502157 4.76528883 -39.2261124
v -11.0502157 4.19289112 -39.4632225
v -11.0502157 4.01741505 -39.7258492
v -11.0502157 3.95579576 -40.0356255
v -11.0502157 4.19289112 -40.6080132
v -11.0502157 4.45551014 -40.7834892
v -11.0502157 4.76528883 -40.8451042
v 11.3264637 4.76528883 -38.0309715
v -11.0502157 5.33768654 -40.6080132
v -11.0502157 5.51316166 -40.3453979
v -11.0502157 5.51316261 -39.7258492
v -11.0502157 5.33768654 -39.4632225
v -11.0502157 5.07506895 -39.2877579
v -11.0502157 4.45551014 -39.2877579
v -11.0502157 4.01741505 -40.3453979
v 11.3264647 3.99813652 -38.1835747
v 11.3264647 3.34777832 -38.6181259
v 11.3264647 2.91322231 -39.2684822
v 11.3264647 2.76062751 -40.0356369
v 11.3264656 2.91322112 -40.802784
v 11.3264656 3.34777832 -41.4531517
v 11.3264656 3.99813771 -41.8876991
v 11.3264656 4.76528883 -42.0403023
v 11.3264656 5.53244114 -41.8876991
v 11.3264656 6.18280077 -41.4531517
v 11.3264656 6.61735868 -40.802784
v 11.3264647 6.7699523 -40.0356369
v 11.3264647 6.61735678 -39.2684822
v 11.3264647 6.18280077 -38.6181259
v 11.3264647 5.53244114 -38.1835747
v 11.3264647 4.76528883 -38.6920013
v 11.3264647 3.81518602 -39.0855331
v 11.3264647 3.4216404 -40.0356369
v 11.3264647 3.52391982 -40.5498314
v 11.3264656 4.25109768 -41.2770081
v 11.3264656 4.76528883 -41.3792915
v 11.3264647 6.00665808 -40.5498314
v 11.3264647 6.00665712 -39.5214539
v 11.3264647 5.27948046 -38.7942581
v 10.8272877 4.76528883 -37.465847
v 10.8272877 2.94816756 -38.2185173
v 10.8272877 2.3911047 -39.0522118
v 10.8272896 3.78186965 -42.4098206
v 10.8272886 6.58241129 -41.8527603
v 10.8272877 7.13947439 -39.0522118
v 10.8272877 6.58241224 -38.2185173
v -11.3264275 4.76528883 -41.379261
v -11.3264275 4.25109768 -41.2770004
v -11.3264275 3.81518602 -40.9857254
v -11.3264256 3.52392077 -40.5498009
v -11.3264256 4.25109768 -38.7942543
v -11.3264256 5.71539164 -39.0855217
v -11.3264256 6.10893726 -40.0356255
v -11.3264256 6.00665712 -40.5498009
v -11.3264275 5.71539068 -40.9857254
v -11.3264275 5.27948046 -41.2770004
v -11.0502157 4.01741505 -40.3453979
v -11.0502157 4.45551014 -39.2877579
v -11.0502157 5.07506895 -39.2877579
v -11.0502157 5.33768654 -39.4632225
v -11.0502157 5.51316261 -39.7258492
v -11.0502157 5.51316166 -40.3453979
v -11.0502157 5.33768654 -40.6080132
v -11.0502157 4.76528883 -40.8451042
v -11.0502157 4.45551014 -40.7834892
v -11.0502157 4.19289112 -40.6080132
v -11.0502157 3.95579576 -40.0356255
v -11.0502157 4.01741505 -39.7258492
v -11.0502157 4.19289112 -39.4632225
v -11.0502157 4.76528883 -39.2261124
v -11.0502157 5.57478094 -40.0356255
v -11.0502157 5.07506704 -40.7834892
v -11.3264256 3.4216404 -40.0356255
v -11.3264256 3.52391982 -39.5214272
v -11.3264256 3.81518602 -39.0855217
v -11.3264256 4.76528883 -38.691967
v -11.3264256 5.27948141 -38.7942543
v -11.3264256 6.00665808 -39.5214272
v 11.3264647 4.25109768 -38.7942581
v 11.3264647 3.52392077 -39.5214539
v 11.3264656 3.81518602 -40.9857368
v 11.3264656 5.27948141 -41.2770081
v 11.3264656 5.71539164 -40.9857368
v 11.3264647 6.10893726 -40.0356369
v 11.3264647 5.71539068 -39.0855331
v 11.0502539 4.76528883 -39.2261505
v 11.0502539 4.45551014 -39.2877617
v 11.0502539 4.01741505 -39.7258606
v 11.0502539 3.95579576 -40.0356369
v 11.0502539 4.19289112 -40.608036
v 11.0502539 4.45551014 -40.7835045
v 11.0502539 5.33768654 -40.608036
v 11.0502539 5.51316261 -40.3454094
v 11.0502539 5.57478094 -40.0356369
v 11.0502539 5.33768654 -39.4632378
v 11.0502539 4.19289112 -39.4632378
v 11.0502539 4.01741505 -40.3454094
v 11.0502539 4.76528883 -40.8451424
v 11.0502539 5.07506895 -40.7835045
v 11.0502539 5.51316166 -39.7258606
v 11.0502539 5.07506704 -39.2877617
v 11.3264647 4.76528883 -38.6920013
v 11.3264647 3.81518602 -39.0855331
v 11.3264647 3.4216404 -40.0356369
v 11.3264647 3.52391982 -40.5498314
v 11.3264656 4.25109768 -41.2770081
v 11.3264656 4.76528883 -41.3792915
v 11.3264647 6.00665808 -40.5498314
v 11.3264647 6.00665712 -39.5214539
v 11.3264647 5.27948046 -38.7942581
v 10.9973946 4.18159151 19.9120216
v 10.9973946 5.3489871 19.9120216
v 10.9973946 5.52792501 19.6442204
v 10.9973936 4.44939423 18.5657024
v 10.9973927 4.18159151 18.7446289
v 10.9973936 4.44939423 20.0909595
v 10.9973946 5.59076118 19.3283253
v 10.9973946 5.52792645 19.0124416
v 10.9973946 3.93981719 19.3283253
v 10.9973936 4.76528883 20.1537876
v -10.2254629 4.76529026 16.7585278
v -10.2254581 2.19548965 19.3283138
v -10.2254581 2.94816756 21.1454315
v -10.2254581 3.78186965 21.7024994
v -10.2254581 4.76528883 21.8981171
v -10.225461 5.74870872 16.9541264
v -9.7262907 3.99813652 17.4762478
v -9.7262888 3.34777832 17.9108028
v -9.7262888 2.91322112 18.5611591
v -9.72628307 2.76062751 19.3283138
v -9.72628307 2.91322112 20.0954571
v -9.72628307 3.34777832 20.7458248
v -9.72628307 4.76528883 21.3329773
v -9.72628307 6.18280125 20.7458248
v -9.72628307 6.61735868 20.0954571
v -9.7262907 5.53244114 17.4762478
v -9.7262888 3.81518722 18.3782063
v -9.72628307 3.4216404 19.3283138
v -9.72628307 3.52391982 19.8425045
v -9.72628307 5.27948189 20.5696831
v -9.72628689 6.00665712 18.8141327
v -9.7262888 5.71539116 18.3782063
v -9.7262888 4.76529026 17.3236542
v -9.72628117 3.99813771 21.1803722
v -9.72628117 5.53244114 21.1803722
v -9.72628307 6.7699523 19.3283138
v -9.7262888 6.61735678 18.5611591
v -9.7262888 6.18280125 17.9108028
v -9.7262888 4.76529026 17.9846706
v -9.7262888 4.25109863 18.086937
v -9.72628689 3.52392077 18.8141327
v -9.72628307 3.81518722 20.2784138
v -9.72628307 4.25109768 20.5696831
v -9.72628307 4.76528883 20.6719666
v -9.72628307 5.71539164 20.2784138
v -9.72628307 6.00665808 19.8425045
v -9.72628307 6.10893726 19.3283138
v -9.7262888 5.27948046 18.086937
v -11.9866753 3.65240932 16.6415787
v -11.9866734 1.85719609 19.3283157
v -11.9866686 4.76529026 22.2364216
v -11.9866686 5.87816954 22.0150547
v -11.9866686 7.45201874 20.4412079
v -11.9866734 7.67338324 19.3283157
v -11.9866734 7.45201731 18.215435
v -11.9866753 5.87816906 16.6415787
v -10.225461 5.74870872 16.9541264
v -10.2254581 4.76528883 21.8981171
v -10.2254581 3.78186965 21.7024994
v -10.2254581 2.94816756 21.1454315
v -10.2254581 2.19548965 19.3283138
v -10.2254629 4.76529026 16.7585278
v -11.9866753 4.76528883 16.4202328
v -11.9866734 2.708956 17.2719784
v -11.9866734 2.07856178 18.215435
v -11.9866686 2.07856178 20.4412079
v -11.9866686 2.70895743 21.3846493
v -11.9866686 3.65240932 22.0150547
v -11.9866686 6.82162333 21.3846493
v -11.9866734 6.82162333 17.2719784
v -11.8446712 4.76529026 16.7585258
v -11.8446712 3.78186965 16.9541264
v -11.8446712 2.94816852 17.511198
v -11.8446712 2.3911047 18.3448887
v -11.8446712 2.19548965 19.3283157
v -11.8446712 2.3911047 20.3117352
v -11.8446665 2.94816756 21.1454391
v -11.8446665 3.78186965 21.7024994
v -11.8446665 4.76528883 21.8981171
v -11.8446665 5.74870777 21.7024994
v -11.8446665 6.58241224 21.1454391
v -11.8446712 7.13947439 20.3117352
v -11.8446712 7.33508921 19.3283157
v -11.8446712 7.13947439 18.3448887
v -11.8446712 6.58241224 17.511198
v -11.8446712 5.74870872 16.9541264
v -10.2254581 7.13947392 20.3117371
v -10.2254581 6.58241224 21.1454391
v -10.225461 2.3911047 18.344883
v -10.2254581 7.33508778 19.3283176
v -10.2254581 2.3911047 20.3117332
v -10.225461 7.13947439 18.3448925
v -10.2254629 6.58241224 17.511198
v -10.225461 3.78186965 16.9541264
v -10.2254581 5.74870777 21.7024994
v -10.2254629 2.94816852 17.5111942
v -8.6773777 4.76528883 16.4202251
v -8.6773777 3.65240932 16.6415768
v -8.67737484 2.708956 17.2719707
v -8.67737484 1.85719609 19.3283081
v -8.67737103 4.76529026 22.2364101
v -8.67737103 7.45201874 20.4412041
v -8.67737484 7.45201731 18.2154331
v -8.67737484 6.82162333 17.2719707
v -8.67737484 2.07856178 18.215435
v -8.67737103 2.07856178 20.441206
v -8.67737103 2.70895743 21.3846416
v -8.67737103 3.65240932 22.0150433
v -8.67737103 5.87816954 22.0150433
v -8.67737103 6.82162333 21.3846416
v -8.67737484 7.67338324 19.3283081
v -8.6773777 5.87816906 16.6415768
v -8.53537273 4.76529026 16.7585201
v -8.53537273 3.78186965 16.9541225
v -8.53537273 2.94816852 17.5111866
v -8.53537273 2.3911047 18.3448868
v -8.53537273 2.19548965 19.3283081
v -8.53536892 3.78186965 21.7024956
v -8.53536892 5.74870777 21.7024956
v -8.53536892 6.58241224 21.1454315
v -8.53537273 7.33508921 19.3283081
v -8.53537273 2.3911047 20.3117275
v -8.53536892 2.94816756 21.1454372
v -8.53536892 4.76528883 21.8981133
v -8.53537273 7.13947439 20.3117275
v -8.53537273 7.13947439 18.344883
v -8.53537273 6.58241224 17.5111866
v -8.53537273 5.74870825 16.9541245
v 11.9866419 2.708956 21.3846664
v 11.9866419 2.07856178 20.4412079
v 11.9866419 2.70895743 17.2719936
v 11.9866419 3.65240932 16.641592
v 11.9866419 6.82162333 17.2719936
v 11.9866419 7.45201826 18.215435
v 11.9866419 7.45201826 20.4412079
v 11.9866419 6.82162333 21.3846664
v 11.9866419 5.87816906 22.0150642
v 10.2254324 5.74870825 21.7025166
v 10.2254324 7.13947439 20.3117542
v 10.2254324 6.58241224 17.5112038
v 10.2254324 4.76528883 16.7585258
v 10.2254324 2.3911047 18.3449059
v 10.2254314 2.19548965 19.3283253
v 10.2254324 2.3911047 20.3117542
v 10.2254324 2.94816852 21.1454449
v 10.2254324 3.78186965 21.7025166
v 10.2254324 4.76528883 21.8981171
v 11.9866419 4.76528883 22.2364101
v 11.9866419 3.65240932 22.0150642
v 11.9866438 1.85719609 19.3283253
v 11.9866419 2.07856178 18.215435
v 11.9866419 4.76529026 16.4202251
v 11.9866419 5.87816954 16.641592
v 11.9866438 7.67338324 19.3283253
v 11.8446398 4.76528883 21.8981171
v 11.8446398 3.78186965 21.7025166
v 11.8446398 2.94816852 21.1454468
v 11.8446398 2.3911047 20.3117542
v 11.8446417 2.19548965 19.3283253
v 11.8446417 2.3911047 18.3449059
v 11.8446398 2.94816852 17.5112038
v 11.8446398 3.78186965 16.9541454
v 11.8446398 4.76528883 16.7585258
v 11.8446398 5.74870825 16.9541454
v 11.8446398 6.58241224 17.5112038
v 11.8446417 7.13947439 18.3449059
v 11.8446417 7.33508921 19.3283253
v 11.8446398 7.13947439 20.3117542
v 11.8446398 6.58241224 21.1454468
v 11.8446398 5.74870825 21.7025166
v 10.2254324 7.13947296 18.3449059
v 10.2254314 7.33508778 19.3283253
v 10.2254324 2.94816852 17.5112038
v 10.2254324 6.58241224 21.1454449
v 10.2254324 3.78186965 16.9541435
v 10.2254324 5.74870825 16.9541435
v 8.67734241 4.76528883 22.2364101
v 8.67734241 2.07856178 18.215435
v 8.67734337 5.87816954 16.6415958
v 8.67734241 7.45201826 18.2154331
v 8.67734337 7.67338324 19.3283272
v 8.67734241 7.45201826 20.4412041
v 8.67734146 6.82162333 21.3846664
v 8.67734241 3.65240932 22.0150642
v 8.67734146 2.708956 21.3846664
v 8.67734241 2.07856178 20.441206
v 8.67734337 1.85719609 19.3283291
v 8.67734337 2.70895743 17.2719936
v 8.67734337 3.65240932 16.6415958
v 8.67734337 4.76529026 16.4202251
v 8.67734337 6.82162333 17.2719936
v 8.67734241 5.87816906 22.0150642
v 8.53534031 2.94816852 21.1454487
v 8.53534126 2.19548965 19.3283291
v 8.53534031 7.13947439 20.3117504
v 8.53533936 4.76528883 21.8981171
v 8.53533936 3.78186965 21.7025204
v 8.53534031 2.3911047 20.311758
v 8.53534222 2.3911047 18.3449154
v 8.53534222 2.94816756 17.5112114
v 8.53534222 3.78186965 16.9541473
v 8.53534222 4.76528883 16.7585335
v 8.53534222 5.74870777 16.9541473
v 8.53534222 6.58241129 17.5112076
v 8.53534222 7.13947439 18.3449135
v 8.53534126 7.33508778 19.3283329
v 8.53534031 6.58241129 21.1454563
v 8.53533936 5.74870777 21.7025204
v -10.9692526 2.07856178 -41.1485023
v -10.9692526 1.8571949 -40.0356255
v -10.9692507 3.65241051 -37.3488846
v -10.9692507 4.76529026 -37.1275177
v -10.9692526 7.67338276 -40.0356255
v -10.9692526 7.45201731 -41.1485023
v -10.9692526 6.82162333 -42.0919609
v -10.8272505 2.3911047 -41.019043
v -10.8272505 2.1954906 -40.0356255
v -10.8272505 2.3911047 -39.0522079
v -10.8272486 3.78186965 -37.661438
v -10.8272486 4.76528883 -37.4658165
v -10.8272486 5.74870777 -37.661438
v -10.8272486 6.58241224 -38.2184944
v -10.8272505 7.13947439 -41.019043
v -10.8272505 5.74870872 -42.4098129
v -10.9692554 4.76528883 -42.9437065
v -10.9692554 3.65240932 -42.7223587
v -10.9692526 2.70895743 -42.0919609
v -10.9692526 2.07856178 -38.9227295
v -10.9692526 2.70895743 -37.9792862
v -10.9692507 5.87816954 -37.3488846
v -10.9692526 6.82162333 -37.9792862
v -10.9692526 7.45201826 -38.9227295
v -10.9692554 5.87816906 -42.7223587
v -10.8272505 4.76528883 -42.6054039
v -10.8272505 3.78186965 -42.4098129
v -10.8272505 2.94816756 -41.8527412
v -10.8272486 2.94816756 -38.2184944
v -10.8272505 7.13947439 -39.0522079
v -10.8272505 7.33508921 -40.0356255
v -10.8272505 6.58241129 -41.8527412
v 10.9692907 4.76528883 -37.1275558
v 10.9692898 2.70895743 -37.9793015
v 10.9692917 4.76529026 -42.9437447
v 10.9692917 5.87816954 -42.7223778
v 10.9692907 7.45201826 -41.1485291
v 10.9692898 7.45201731 -38.9227562
v 10.9692898 6.82162333 -37.9793015
v 10.8272877 3.78186965 -37.6614494
v 10.8272886 2.1954906 -40.0356369
v 10.8272886 2.3911047 -41.0190582
v 10.8272886 2.94816756 -41.8527603
v 10.8272896 4.76528883 -42.6054382
v 10.8272896 5.74870825 -42.4098206
v 10.8272886 7.13947439 -41.0190582
v 10.8272886 7.33508921 -40.0356369
v 10.8272877 5.74870825 -37.6614494
v 10.9692907 3.65240932 -37.3489037
v 10.9692898 2.07856178 -38.9227562
v 10.9692907 1.8571949 -40.0356369
v 10.9692907 2.07856178 -41.1485291
v 10.9692917 2.70895743 -42.0919724
v 10.9692917 3.65241051 -42.7223778
v 10.9692917 6.82162333 -42.0919724
v 10.9692907 7.67338276 -40.0356369
v 10.9692907 5.87816858 -37.3489037
v 10.8272877 4.76528883 -37.465847
v 10.8272877 2.94816756 -38.2185173
v 10.8272877 2.3911047 -39.0522118
v 10.8272896 3.78186965 -42.4098206
v 10.8272886 6.58241129 -41.8527603
v 10.8272877 7.13947439 -39.0522118
v 10.8272877 6.58241224 -38.2185173
v 10.9973936 4.76528883 20.1537876
v 10.9973946 3.93981719 19.3283253
v 10.9973946 5.52792645 19.0124416
v 10.9973946 5.59076118 19.3283253
v 10.9973936 4.44939423 20.0909595
v 10.9973927 4.18159151 18.7446289
v 10.9973936 4.44939423 18.5657024
v 10.9973946 5.52792501 19.6442204
v 10.9973946 5.3489871 19.9120216
v 10.9973946 4.18159151 19.9120216
v 10.9973946 4.00265217 19.6442204
v 10.9973946 4.00265074 19.0124416
v 10.9973936 4.76528788 18.5028458
v 10.9973936 5.08118391 18.5657024
v 10.9973927 5.34898663 18.7446289
v 10.9973936 5.08118296 20.0909595
v 9.72724819 4.44939423 20.0909557
v 9.72724819 4.00265217 19.6442165
v 9.72724819 3.93981719 19.3283253
v 9.72724724 4.18159151 18.7446289
v 9.72724819 5.08118391 18.5657005
v 9.72724724 5.34898663 18.7446289
v 9.72724819 5.59076118 19.3283253
v 9.72724915 5.3489871 19.9120216
v 9.72724819 4.76528883 20.1537876
v 9.72724915 4.18159151 19.9120216
v 9.72724819 4.00265074 19.0124397
v 9.72724819 4.44939423 18.5657005
v 9.72724819 4.76528788 18.5028439
v 9.72724819 5.52792645 19.0124397
v 9.72724819 5.52792501 19.6442165
v 9.72724819 5.08118296 20.0909557
v -10.9974241 4.18159151 18.7446194
v -10.9974203 4.44939423 20.0909405
v -10.9974203 5.3489871 19.9120159
v -10.9974222 4.76528883 18.5028534
v -10.9974222 4.44939423 18.5656834
v -10.9974222 4.00265217 19.0124207
v -10.9974222 3.93981719 19.3283176
v -10.9974222 4.00265074 19.6442013
v -10.9974203 4.76528788 20.1537971
v -10.9974222 5.08118296 18.5656834
v -10.9974203 4.18159151 19.9120159
v -10.9974203 5.08118439 20.0909405
v -10.9974222 5.52792645 19.6442013
v -10.9974222 5.59076118 19.3283157
v -10.9974222 5.52792501 19.0124207
v -10.9974241 5.34898663 18.7446194
v -9.72728062 4.18159151 18.7446175
v -9.72727871 4.76528788 20.1537952
v -9.72727871 5.3489871 19.9120083
v -9.72727871 5.59076118 19.3283138
v -9.72728062 5.52792501 19.0124207
v -9.72728062 4.76528883 18.5028515
v -9.72728062 4.44939423 18.5656815
v -9.72728062 4.00265217 19.0124207
v -9.72727871 3.93981719 19.3283138
v -9.72727871 4.00265074 19.6441994
v -9.72727871 4.18159151 19.9120083
v -9.72727871 4.44939423 20.0909386
v -9.72727871 5.08118439 20.0909386
v -9.72727871 5.52792645 19.6441994
v -9.72728062 5.34898663 18.7446175
v -9.72728062 5.08118296 18.5656815
v 9.72625446 3.4216404 19.3283253
v 9.72625446 3.52391982 18.8141327
v 9.72625542 5.27948189 18.086956
v 9.72625446 6.10893726 19.3283253
v 9.72724819 4.44939423 20.0909557
v 9.72724819 4.00265217 19.6442165
v 9.72724819 3.93981719 19.3283253
v 9.72724724 4.18159151 18.7446289
v 9.72724819 5.08118391 18.5657005
v 9.72724724 5.34898663 18.7446289
v 9.72724819 5.59076118 19.3283253
v 9.72724915 5.3489871 19.9120216
v 9.72724819 4.76528883 20.1537876
v 9.72724915 4.18159151 19.9120216
v 9.72724819 4.00265074 19.0124397
v 9.72724819 4.44939423 18.5657005
v 9.72724819 4.76528788 18.5028439
v 9.72724819 5.52792645 19.0124397
v 9.72724819 5.52792501 19.6442165
v 9.72724819 5.08118296 20.0909557
v 9.72625542 4.76528883 20.6719666
v 9.72625542 4.25109863 20.5697002
v 9.72625542 3.81518722 20.2784328
v 9.72625446 3.52392077 19.8425045
v 9.72625446 3.81518722 18.3782253
v 9.72625542 4.25109863 18.086956
v 9.72625542 4.76528883 17.9846745
v 9.72625446 5.71539164 18.3782253
v 9.72625446 6.00665808 18.8141327
v 9.72625446 6.00665712 19.8425045
v 9.72625542 5.71539116 20.2784328
v 9.72625542 5.27948093 20.5697002
v -9.7262888 3.81518722 18.3782063
v -9.72628307 3.4216404 19.3283138
v -9.72628307 3.52391982 19.8425045
v -9.72628307 5.27948189 20.5696831
v -9.72628689 6.00665712 18.8141327
v -9.7262888 5.71539116 18.3782063
v -9.72728062 4.18159151 18.7446175
v -9.72727871 4.76528788 20.1537952
v -9.72727871 5.3489871 19.9120083
v -9.72727871 5.59076118 19.3283138
v -9.72728062 5.52792501 19.0124207
v -9.72728062 4.76528883 18.5028515
v -9.72728062 4.44939423 18.5656815
v -9.72728062 4.00265217 19.0124207
v -9.72727871 3.93981719 19.3283138
v -9.72727871 4.00265074 19.6441994
v -9.72727871 4.18159151 19.9120083
v -9.72727871 4.44939423 20.0909386
v -9.72727871 5.08118439 20.0909386
v -9.72727871 5.52792645 19.6441994
v -9.72728062 5.34898663 18.7446175
v -9.72728062 5.08118296 18.5656815
v -9.7262888 4.76529026 17.9846706
v -9.7262888 4.25109863 18.086937
v -9.72628689 3.52392077 18.8141327
v -9.72628307 3.81518722 20.2784138
v -9.72628307 4.25109768 20.5696831
v -9.72628307 4.76528883 20.6719666
v -9.72628307 5.71539164 20.2784138
v -9.72628307 6.00665808 19.8425045
v -9.72628307 6.10893726 19.3283138
v -9.7262888 5.27948046 18.086937
v -11.8493776 28.3143673 -52.4750938
v -11.8894224 27.6807003 -52.4750938
v -11.8493776 28.3143673 -57.6345825
v -11.8894224 27.6807003 -57.6345825
v 12.5207987 8.73802376 -47.980587
v 12.5207987 8.1082325 -47.980587
v 12.5207968 8.73802567 -49.4925499
v 12.5207968 8.1082325 -49.4925499
v 12.5133829 9.38776779 55.2404861
v 12.5133877 9.38774395 -29.5253277
v 12.5133839 8.93727493 52.3576736
v 12.5133839 9.38776684 52.3576736
v 12.5133829 8.93727589 55.2404861
v 12.5133829 9.38775539 -1.25534773
v 12.5133829 8.93725872 -4.13818264
v 12.5133829 9.38775158 -4.13818264
v 12.5133829 8.93726254 -1.25535727
v 12.5133848 8.93725586 -17.1951256
v 12.5133886 9.38774776 -20.0779476
v 12.5133886 8.93725491 -20.0779476
v 12.5133848 9.38774776 -17.1951199
v 12.5133848 8.93725109 -32.4081573
v 12.5133848 9.387743 -32.4081573
v 12.5133877 8.93725109 -29.5253353
v 12.356658 7.79713297 58.7936401
v 12.4140358 8.42692661 58.7936401
v 12.356658 7.79713154 60.3055992
v 12.4140358 8.42692757 60.3055992
v 12.4140615 8.42690563 -29.8735104
v 12.3566847 7.79711151 -29.8735104
v 12.4140615 8.42690468 -31.3854809
v 12.3566847 7.79711103 -31.3854809
v -12.4125671 8.40929699 -59.3748055
v -12.3551874 7.77000046 -59.3748055
v -12.4125652 8.4092989 -60.886776
v -12.3551855 7.77000046 -60.886776
v -12.5120287 9.38776779 55.24049
v -12.5119257 9.38774395 -29.1104317
v -12.512023 8.93727493 52.357666
v -12.512023 9.38776684 52.357666
v -12.5120287 8.93727589 55.24049
v -12.5120077 8.9372673 28.8894176
v -12.5120001 9.38775921 26.0065918
v -12.5120001 8.93726635 26.0065918
v -12.5120077 9.38775921 28.8894176
v -12.511981 9.38775539 6.45162582
v -12.5119734 8.93726063 3.56879354
v -12.5119734 9.38775253 3.56879354
v -12.511981 8.93726349 6.45161581
v -12.5119467 8.93725681 -12.6988134
v -12.5119467 9.38774872 -15.5816364
v -12.5119467 8.93725681 -15.5816345
v -12.5119467 9.38774967 -12.6988077
v -12.5119209 8.93725109 -31.9932652
v -12.5119209 9.387743 -31.9932652
v -12.5119257 8.93725109 -29.1104412
v -12.3553038 7.77002811 52.7938919
v -12.4126844 8.40932751 52.7938919
v -12.3553066 7.77002716 54.3058434
v -12.4126844 8.40932751 54.3058434
v -12.412612 8.40930557 -19.7009335
v -12.355237 7.77000666 -19.7009335
v -12.412612 8.40930557 -21.2128963
v -12.3552351 7.7700057 -21.2128963
v -12.5119257 9.387743 -54.0317268
v -12.511919 8.93725014 -56.9145584
v -12.511919 9.38774109 -56.9145584
v -12.5119257 8.93725109 -54.0317383
v 12.4140615 8.42690563 10.5934954
v 12.3566866 7.79711151 10.5934954
v 12.4140615 8.42690468 9.08152676
v 12.3566866 7.79711103 9.08152676
v -12.4126148 8.40930557 8.79209995
v -12.355237 7.77000666 8.79209995
v -12.412612 8.40930557 7.28013325
v -12.3552351 7.7700057 7.28013325
v 12.5133839 9.38775539 12.8415899
v 12.5133829 8.93725872 9.95875645
v 12.5133829 9.38775158 9.95875645
v 12.5133839 8.93726254 12.8415823
v 12.5133829 9.38775539 30.0115643
v 12.5133829 8.93725872 27.128727
v 12.5133829 9.38775158 27.128727
v 12.5133829 8.93726254 30.011549
v 0 17.8026943 64.0371628
v 0 9.5218401 64.0371628
v 0 29.0917263 63.466217
v 11.0727835 31.2620182 62.1545792
v 10.6826115 31.4018307 62.1545792
v 11.296277 30.9989147 62.1545792
v 11.5809126 30.0783787 62.1545792
v 12.5000095 13.530344 62.1545792
v 12.1936483 23.1065025 62.1545792
v 12.3515768 7.8870759 62.1545906
v 9.20449257 31.5752659 62.1545792
v 6.59832382 31.7880344 62.1545792
v 3.94021869 31.8279266 62.1545792
v 12.5000095 17.8026943 62.1545792
v 12.5000095 9.5218401 62.1545792
v 11.7815762 29.0917263 62.1545792
v 0 31.8279266 62.1545792
v 12.1651335 5.83361626 62.1545906
v 9.60454559 29.0917263 63.466217
v 6.93818665 29.0917263 63.466217
v 3.94021869 29.0917206 63.466217
v 10.1902237 9.5218401 64.0371628
v 7.34425497 9.5218401 64.0371628
v 3.94021869 9.5218401 64.0371628
v 10.1902237 17.8026943 64.0371628
v 7.34425497 17.8026943 64.0371628
v 3.94021869 17.8026943 64.0371628
v 0 23.1065025 63.9144363
v 9.94047451 23.1065025 63.9144363
v 7.17109537 23.1065025 63.9144363
v 3.94021869 23.1065025 63.9144363
v 0 13.530344 64.0371628
v 10.1902237 13.530344 64.0371628
v 7.34425497 13.530344 64.0371628
v 3.94021869 13.530344 64.0371628
v 0 7.33383512 64.2508163
v 0 8.40116119 64.4138489
v 10.005538 7.33398056 64.2509079
v 10.112565 8.40115929 64.4138565
v 7.22012568 7.3338685 64.2508392
v 7.29179764 8.40116119 64.4138565
v 3.94021869 8.40116119 64.4138565
v 3.94666219 7.33383036 64.2508163
v 0 30.3098888 63.2742882
v 9.44357681 30.1835537 63.2742882
v 6.76825714 30.2899361 63.2742882
v 3.94021869 30.3098888 63.2742882
v 12.1341753 5.91794729 62.4417419
v 11.6653013 6.21019363 63.0456543
v 11.9552364 6.06160784 62.8363609
v 11.299159 30.9989147 62.3288879
v 10.6826115 31.3657665 62.3528442
v 10.8171072 30.9989147 62.7592735
v 11.0673933 31.2301579 62.295166
v 10.9414206 31.1015167 62.542141
v 10.7521734 31.1656895 62.6266365
v 11.1076202 30.9989147 62.6153641
v 0 31.7716827 62.4616089
v 0 31.3504086 63.0408287
v 0 31.6148472 62.8469849
v 11.2983036 29.0917263 63.1782608
v 11.7815762 29.0917263 62.5974808
v 11.5430822 29.0917263 62.9643669
v 11.9368238 9.5218401 63.7441902
v 12.5000095 9.521842 62.7393761
v 12.2511673 9.5218401 63.3484001
v 11.9368238 17.8026943 63.7442589
v 12.5000095 17.8026962 62.7393761
v 12.2511673 17.8026943 63.3511848
v 9.21245861 31.541132 62.4265137
v 9.28387737 31.1442814 63.0010452
v 9.23812771 31.3927975 62.8013077
v 6.60262442 31.7318153 62.4614754
v 6.64879179 31.3096905 63.0421333
v 6.61870289 31.5747204 62.8473206
v 3.94021869 31.350317 63.0408516
v 3.94021869 31.7716885 62.461586
v 3.94021869 31.6148205 62.8469849
v 12.1936483 23.1065025 62.7393761
v 11.6844645 23.1065025 63.6235619
v 11.975132 23.1065025 63.2767525
v 12.5000095 13.530345 62.7393761
v 11.9368238 13.530344 63.7442017
v 12.2511673 13.530344 63.3500175
v 12.3923054 8.22677135 62.7393761
v 11.8938789 8.35032558 64.0678635
v 12.1801043 8.3086462 63.559948
v 11.7749205 7.37534809 63.8928528
v 12.3079977 7.52817774 62.7393761
v 12.0870228 7.42127705 63.3721123
v 11.5809126 30.0783787 62.4850731
v 11.0952311 30.1022491 63.0221825
v 11.3647308 30.0853672 62.797493
v 8.80982399 6.82317877 63.8774223
v 10.7927351 6.4964776 63.5298538
v 9.96175289 6.7055192 63.791378
v 0 6.91284323 63.9562149
v 7.19547987 6.85865259 63.9158745
v 3.94434929 6.90507221 63.9507866
v -11.0728903 31.2620182 62.1545792
v -10.6826143 31.4018307 62.1545792
v -11.296279 30.9989147 62.1545792
v -11.5809126 30.0783787 62.1545792
v -12.5000067 13.530344 62.1545792
v -12.1936483 23.1065025 62.1545792
v -12.3515797 7.8870759 62.1545906
v -9.20449257 31.5752659 62.1545792
v -6.59832478 31.7880344 62.1545792
v -3.94021988 31.8279266 62.1545792
v -12.5000067 17.8026943 62.1545792
v -12.5000067 9.5218401 62.1545792
v -11.7815781 29.0917263 62.1545792
v -12.1651335 5.83361626 62.1545906
v -9.6045475 29.0917263 63.466217
v -6.93818665 29.0917263 63.466217
v -3.94021988 29.0917206 63.466217
v -10.1902227 9.5218401 64.0371628
v -7.34425497 9.5218401 64.0371628
v -3.94021988 9.5218401 64.0371628
v -10.1902227 17.8026943 64.0371628
v -7.34425497 17.8026943 64.0371628
v -3.94021988 17.8026943 64.0371628
v -9.94047642 23.1065025 63.9144363
v -7.1710968 23.1065025 63.9144363
v -3.94021988 23.1065025 63.9144363
v -10.1902227 13.530344 64.0371628
v -7.34425497 13.530344 64.0371628
v -3.94021988 13.530344 64.0371628
v -10.0055408 7.33398056 64.2509079
v -10.1125669 8.40115929 64.4138565
v -7.22012806 7.3338685 64.2508392
v -7.29179764 8.40116119 64.4138565
v -3.94021988 8.40116119 64.4138565
v -3.94666076 7.33383036 64.2508163
v -9.44357586 30.1835537 63.2742882
v -6.76825666 30.2899361 63.2742882
v -3.94021988 30.3098888 63.2742882
v -12.1341772 5.91794729 62.4417419
v -11.6653042 6.21019363 63.0456543
v -11.9552402 6.06160784 62.8363609
v -11.299159 30.9989147 62.3288879
v -10.6826115 31.3657665 62.3528442
v -10.8171082 30.9989147 62.7592735
v -11.0673952 31.2301579 62.295166
v -10.9414225 31.1015167 62.542141
v -10.7521734 31.1656895 62.6266365
v -11.1076193 30.9989147 62.6153641
v -11.2983065 29.0917263 63.1782608
v -11.7815781 29.0917263 62.5974808
v -11.5430861 29.0917263 62.9643669
v -11.9368238 9.5218401 63.7441902
v -12.5000067 9.521842 62.7393761
v -12.2511673 9.5218401 63.3484001
v -11.9368238 17.8026943 63.7442589
v -12.5000067 17.8026962 62.7393761
v -12.2511673 17.8026943 63.3511848
v -9.21246052 31.541132 62.4265137
v -9.28387642 31.1442814 63.0010452
v -9.23812675 31.3927975 62.8013077
v -6.60262632 31.7318153 62.4614754
v -6.64879084 31.3096905 63.0421333
v -6.61870527 31.5747204 62.8473206
v -3.94021988 31.350317 63.0408516
v -3.94021988 31.7716885 62.461586
v -3.94021988 31.6148205 62.8469849
v -12.1936483 23.1065025 62.7393761
v -11.6844683 23.1065025 63.6235619
v -11.9751339 23.1065025 63.2767525
v -12.5000067 13.530345 62.7393761
v -11.9368238 13.530344 63.7442017
v -12.2511673 13.530344 63.3500175
v -12.3923063 8.22677135 62.7393761
v -11.8938828 8.35032558 64.0678635
v -12.1801043 8.3086462 63.559948
v -11.7749195 7.37534809 63.8928528
v -12.3079996 7.52817774 62.7393761
v -12.0870237 7.42127705 63.3721123
v -11.5809126 30.0783787 62.4850731
v -11.0952311 30.1022491 63.0221825
v -11.3647299 30.0853672 62.797493
v -8.80982399 6.82317877 63.8774223
v -10.792737 6.4964776 63.5298538
v -9.96175289 6.7055192 63.791378
v -7.19547892 6.85865259 63.9158745
v -3.9443481 6.90507221 63.9507866
v 3.91237998 5.69918966 62.8026733
v 3.91237998 6.21776915 63.0456619
v 3.91237998 3.96776819 45.2146492
v 3.91237998 4.48634768 45.2146492
v 4.92446089 5.69918966 62.8026733
v 4.92446089 6.21776915 63.0456619
v 4.92446089 3.96776819 45.2146492
v 4.92446089 4.48634768 45.2146492
v 10.5367413 5.69918966 62.8026733
v 10.5367413 6.21776915 63.0456505
v 10.5367413 3.96776819 45.2146492
v 10.5367413 4.48634768 45.2146492
v 11.5488224 5.69918966 62.8026733
v 11.5488224 6.21776915 63.0456619
v 11.5488224 3.96776819 45.2146492
v 11.5488224 4.48634768 45.2146492
v 3.91237998 3.96776652 25.1032524
v 3.91237998 4.48634672 25.1032524
v 4.92446089 3.96776652 25.1032429
v 4.92446089 4.48634672 25.1032429
v 10.5367413 3.96776652 25.1032429
v 10.5367413 4.48634672 25.1032429
v 11.5488224 3.96776652 25.1032429
v 11.5488224 4.48634672 25.1032429
v 3.91237998 5.69918966 62.8026733
v 3.91237998 6.21776915 63.0456619
v 4.92446089 5.69918966 62.8026733
v 4.92446089 6.21776915 63.0456619
v 10.5367413 5.69918966 62.8026733
v 10.5367413 6.21776915 63.0456505
v 11.5488224 5.69918966 62.8026733
v 11.5488224 6.21776915 63.0456619
v 3.91237998 3.96776652 25.1032524
v 3.91237998 4.48634672 25.1032524
v 4.92446089 3.96776652 25.1032429
v 4.92446089 4.48634672 25.1032429
v 10.5367413 3.96776652 25.1032429
v 10.5367413 4.48634672 25.1032429
v 11.5488224 3.96776652 25.1032429
v 11.5488224 4.48634672 25.1032429
v -3.91238093 5.69918966 62.8026619
v -3.91238093 6.21776915 63.0456505
v -3.91238093 3.96776819 45.2146492
v -3.91238093 4.48634768 45.2146492
v -4.92445946 5.69918966 62.8026619
v -4.92445946 6.21776915 63.0456505
v -4.92445946 3.96776819 45.2146492
v -4.92445946 4.48634768 45.2146492
v -10.5367517 5.69918966 62.8026619
v -10.5367517 6.21776915 63.0456505
v -10.5367403 3.96776819 45.2146492
v -10.5367403 4.48634768 45.2146492
v -11.548831 5.69918966 62.8026619
v -11.548831 6.21776915 63.0456505
v -11.5488195 3.96776819 45.2146492
v -11.5488195 4.48634768 45.2146492
v -3.91238093 3.96776652 25.1032524
v -3.91238093 4.48634672 25.1032524
v -4.92445946 3.96776652 25.1032524
v -4.92445946 4.48634672 25.1032524
v -10.5367403 3.96776652 25.1032524
v -10.5367403 4.48634672 25.1032524
v -11.548831 3.96776652 25.1032524
v -11.548831 4.48634672 25.1032524
v -3.91238093 5.69918966 62.8026619
v -3.91238093 6.21776915 63.0456505
v -4.92445946 5.69918966 62.8026619
v -4.92445946 6.21776915 63.0456505
v -10.5367517 5.69918966 62.8026619
v -10.5367517 6.21776915 63.0456505
v -11.548831 5.69918966 62.8026619
v -11.548831 6.21776915 63.0456505
v -3.91238093 3.96776652 25.1032524
v -3.91238093 4.48634672 25.1032524
v -4.92445946 3.96776652 25.1032524
v -4.92445946 4.48634672 25.1032524
v -10.5367403 3.96776652 25.1032524
v -10.5367403 4.48634672 25.1032524
v -11.548831 3.96776652 25.1032524
v -11.548831 4.48634672 25.1032524
v -10.0764894 3.56596947 -13.4508667
v -10.0764894 4.08454895 -13.4508667
v -11.0885687 3.56596947 -13.4508667
v -11.0885687 4.08454895 -13.4508667
v -10.0764894 4.13390875 -15.4643173
v -10.0764894 4.65248871 -15.4643173
v -11.0885687 4.13390875 -15.4643173
v -11.0885687 4.65248871 -15.4643173
v -10.0764894 4.13390875 -15.4643173
v -10.0764894 4.65248871 -15.4643173
v -11.0885687 4.13390875 -15.4643173
v -11.0885687 4.65248871 -15.4643173
v -10.0764894 3.5659802 -1.26039147
v -10.0764894 4.08456087 -1.26039147
v -11.0885687 3.5659802 -1.26039147
v -11.0885687 4.08456087 -1.26039147
v -10.0764894 4.13392067 0.753058195
v -10.0764894 4.65249157 0.753058195
v -11.0885811 4.13392067 0.753058195
v -11.0885811 4.65249157 0.753058195
v -10.0764894 4.13392067 0.753058195
v -10.0764894 4.65249157 0.753058195
v -11.0885811 4.13392067 0.753058195
v -11.0885811 4.65249157 0.753058195
v -10.0764894 3.56596947 -13.4508667
v -10.0764894 4.08454895 -13.4508667
v -11.0885687 3.56596947 -13.4508667
v -11.0885687 4.08454895 -13.4508667
v -10.0764894 3.5659802 -1.26039147
v -10.0764894 4.08456087 -1.26039147
v -11.0885687 3.5659802 -1.26039147
v -11.0885687 4.08456087 -1.26039147
v 12.1813631 4.03960943 -6.28624296
v 12.1813631 4.03960848 -15.5483036
v 4.0643301 4.03960848 -15.5483112
v 4.0643301 4.66851759 -15.5483112
v 12.1813631 4.66851759 -15.5483112
v 12.1813631 4.66851759 -6.28624296
v 4.0643301 4.66851759 -6.28624296
v 4.0643301 4.03960943 -6.28624296
v 4.0643301 4.03960943 -6.28624296
v 4.0643301 4.66851759 -6.28624296
v 12.1813631 4.66851759 -6.28624296
v 4.0643301 4.66851759 -15.5483112
v 4.0643301 4.03960848 -15.5483112
v 12.1813631 4.03960848 -15.5483036
v 12.1813631 4.03960943 -6.28624296
v 12.1813631 4.66851759 -15.5483112
v 12.1813631 4.03960943 -6.28624296
v 12.1813631 4.03960848 -15.5483036
v 4.0643301 4.03960848 -15.5483112
v 4.0643301 4.66851759 -15.5483112
v 12.1813631 4.66851759 -6.28624296
v 4.0643301 4.03960943 -6.28624296
v 4.0643301 4.66851759 -6.28624296
v 12.1813631 4.66851759 -15.5483112
v 12.1813631 4.66851759 -10.9172735
v 12.1813631 4.03960848 -10.9172716
v -5.76767826 3.56596947 -13.4508667
v -5.76767826 4.08454895 -13.4508667
v -6.77975798 3.56596947 -13.4508667
v -6.77975798 4.08454895 -13.4508667
v -5.76767826 4.13390875 -15.4643173
v -5.76767826 4.65248871 -15.4643173
v -6.77975798 4.13390875 -15.4643173
v -6.77975798 4.65248871 -15.4643173
v -5.76767826 4.13390875 -15.4643173
v -5.76767826 4.65248871 -15.4643173
v -6.77975798 4.13390875 -15.4643173
v -6.77975798 4.65248871 -15.4643173
v -5.76767826 3.5659802 -1.26039147
v -5.76767826 4.08456087 -1.26039147
v -6.77975798 3.5659802 -1.26039147
v -6.77975798 4.08456087 -1.26039147
v -5.76767826 4.13392067 0.753058195
v -5.76767826 4.65249157 0.753058195
v -6.77976847 4.13392067 0.753058195
v -6.77976847 4.65249157 0.753058195
v -5.76767826 4.13392067 0.753058195
v -5.76767826 4.65249157 0.753058195
v -6.77976847 4.13392067 0.753058195
v -6.77976847 4.65249157 0.753058195
v -5.76767826 3.56596947 -13.4508667
v -5.76767826 4.08454895 -13.4508667
v -6.77975798 3.56596947 -13.4508667
v -6.77975798 4.08454895 -13.4508667
v -5.76767826 3.5659802 -1.26039147
v -5.76767826 4.08456087 -1.26039147
v -6.77975798 3.5659802 -1.26039147
v -6.77975798 4.08456087 -1.26039147
v 11.7786665 5.2907629 -7.86194229
v 11.7786665 5.2907629 -5.41727543
v 11.3228464 5.29076242 -7.86194229
v 11.3228464 4.66185474 -7.86194229
v 11.3228464 5.2907629 -5.41727543
v 11.7786665 4.66185474 -7.86193419
v 11.3228464 4.66185474 -5.41727543
v 11.7786665 4.66185474 -5.41727543
v 11.3228464 4.66185474 -5.41727543
v 11.3228464 5.2907629 -5.41727543
v 11.7786665 5.2907629 -7.86194229
v 11.7786665 5.2907629 -5.41727543
v 11.3228464 5.29076242 -7.86194229
v 11.3228464 4.66185474 -7.86194229
v 11.7786665 4.66185474 -5.41727543
v 11.7786665 4.66185474 -7.86193419
v 11.3228464 4.66185474 -7.86194229
v 11.3228464 5.29076242 -7.86194229
v 11.7786665 5.2907629 -5.41727543
v 11.7786665 4.66185474 -7.86193419
v 11.7786665 4.66185474 -5.41727543
v 11.3228464 4.66185474 -5.41727543
v 11.7786665 5.2907629 -7.86194229
v 11.3228464 5.2907629 -5.41727543
v 11.7786665 5.2907629 -16.4172802
v 11.7786665 5.2907629 -13.9726124
v 11.3228464 5.29076242 -16.4172802
v 11.3228464 4.66185474 -16.4172802
v 11.3228464 5.2907629 -13.9726124
v 11.7786665 4.66185474 -16.4172707
v 11.3228464 4.66185474 -13.9726124
v 11.7786665 4.66185474 -13.9726124
v 11.3228464 4.66185474 -13.9726124
v 11.3228464 5.2907629 -13.9726124
v 11.7786665 5.2907629 -16.4172802
v 11.7786665 5.2907629 -13.9726124
v 11.3228464 5.29076242 -16.4172802
v 11.3228464 4.66185474 -16.4172802
v 11.7786665 4.66185474 -13.9726124
v 11.7786665 4.66185474 -16.4172707
v 11.3228464 4.66185474 -16.4172802
v 11.3228464 5.29076242 -16.4172802
v 11.7786665 5.2907629 -13.9726124
v 11.7786665 4.66185474 -16.4172707
v 11.7786665 4.66185474 -13.9726124
v 11.3228464 4.66185474 -13.9726124
v 11.7786665 5.2907629 -16.4172802
v 11.3228464 5.2907629 -13.9726124
v 0 4.41724062 -63.6276131
v 0 4.31584692 -5.41726637
v 0 4.31584501 45.2146416
v 0 5.83361626 62.154583
v 0 6.91284323 63.9562073
v 8.16307259 4.40770674 -61.8799553
v 0 4.31584692 -45.6353569
v 0 4.31584692 -34.5059624
v 0 4.31584692 25.1032391
v 0 4.31584692 13.9738379
v 12.0183649 4.31584597 -61.8799553
v 8.16307259 4.31584692 -45.6353569
v 12.0114927 4.31584358 -5.41726637
v 5.47615194 4.31584692 13.9738379
v 12.0114918 4.31584358 45.2146416
v 12.1651354 5.8336153 62.154583
v 9.96175385 6.7055192 63.7913628
v 11.6653023 6.21019363 63.0456505
v 9.74212742 4.39943314 -62.9865379
v 7.03269434 4.41724062 -63.3985786
v 3.92778754 4.41724062 -63.5492973
v 12.0114937 4.31584358 -46.5397453
v 8.16307259 4.31584692 -34.5059624
v 12.0114927 4.31584597 -33.599247
v 5.47616243 4.31584692 25.1032391
v 12.0114927 4.31584358 26.0344791
v 12.0114927 4.31584358 13.0694456
v 12.4181166 4.31584358 13.9738379
v 12.4181166 4.31584597 25.1032391
v 12.4181166 4.31584597 -34.5059624
v 12.4181156 4.31584501 -45.6353569
v 11.814579 4.35042048 -62.1923218
v 11.5273476 4.3691802 -62.4282951
v 7.15694284 5.83361626 62.154583
v 5.47616339 4.31584501 45.2146416
v 3.94434929 6.90507221 63.9507751
v 7.19547987 6.85865259 63.9158745
v 11.9552374 6.06160784 62.8363457
v 12.1341772 5.91794729 62.4417381
v 3.96514773 5.83361626 62.154583
v 10.7927351 6.4964776 63.5298462
v 8.80982399 6.82317877 63.8774185
v 0 4.40671587 -61.8799553
v 3.92778635 4.40698195 -61.8799553
v -8.16307068 4.40770674 -61.8799553
v -12.018363 4.31584597 -61.8799553
v -8.16307354 4.31584692 -45.6353569
v -12.0114927 4.31584358 -5.41726637
v -5.47615194 4.31584692 13.9738379
v -12.0114927 4.31584358 45.2146416
v -12.1651335 5.8336153 62.154583
v -9.96175289 6.7055192 63.7913628
v -11.6653013 6.21019363 63.0456505
v -9.74212646 4.39943314 -62.9865379
v -7.03269529 4.41724062 -63.3985786
v -3.92778635 4.41724062 -63.5492973
v -12.0114927 4.31584358 -46.5397453
v -8.16307354 4.31584692 -34.5059624
v -12.0114927 4.31584597 -33.599247
v -5.47616005 4.31584692 25.1032391
v -12.0114927 4.31584358 26.0344791
v -12.0114927 4.31584358 13.0694456
v -12.4181156 4.31584358 13.9738379
v -12.4181156 4.31584597 25.1032391
v -12.4181156 4.31584597 -34.5059624
v -12.4181156 4.31584501 -45.6353569
v -11.8145781 4.35042048 -62.1923218
v -11.5273457 4.3691802 -62.4282951
v -7.15694189 5.83361626 62.154583
v -5.47616243 4.31584501 45.2146416
v -3.9443481 6.90507221 63.9507751
v -7.19547892 6.85865259 63.9158745
v -11.9552355 6.06160784 62.8363457
v -12.1341753 5.91794729 62.4417381
v -3.96514678 5.83361626 62.154583
v -10.7927351 6.4964776 63.5298462
v -8.80982399 6.82317877 63.8774185
v -3.92778516 4.40698195 -61.8799553
v 0 3.83749962 16.8500938
v 0 5.20197821 22.1899548
v 0 3.83749962 21.8065681
v 0 2.83863187 20.7591419
v -1.74107778 5.20197821 21.8065681
v -1.50781751 3.83749962 21.4745464
v -0.870540142 2.83863187 20.5674458
v 0 2.47302055 19.3283291
v -3.01563501 5.20197821 20.5974407
v -2.84875154 3.98950934 20.4274082
v -1.50781751 2.83863187 20.0437355
v -2.97307253 3.78277564 19.3283291
v -1.74107778 2.83863187 19.3283291
v -3.01563501 5.20197821 18.0592251
v -2.84875154 3.98950934 18.229248
v -1.50781751 2.83863187 18.6129265
v -1.74107778 5.20197821 16.8500938
v -1.50781751 3.83749962 17.1821136
v -0.870540142 2.83863187 18.0892143
v 0 5.20197821 16.466711
v 0 2.83863187 17.8975201
v -6.98707581 4.14538288 18.229248
v -3.01563501 5.20197821 20.5974407
v -2.84875154 3.98950934 20.4274082
v -6.98707581 5.20197821 18.0592251
v -6.98707581 5.20197821 20.5974407
v -2.97307253 3.78277564 19.3283291
v -3.01563501 5.20197821 18.0592251
v -2.84875154 3.98950934 18.229248
v -6.98707581 3.99072528 19.3283291
v -6.98707581 4.14538288 20.4274082
v 1.74107671 5.20197821 21.8065681
v 1.50781631 3.83749962 21.4745464
v 0.870537758 2.83863187 20.5674458
v 3.01563382 5.20197821 20.5974407
v 2.84875154 3.98950934 20.4274082
v 1.50781631 2.83863187 20.0437355
v 2.97307134 3.78277564 19.3283291
v 1.74107671 2.83863187 19.3283291
v 3.01563382 5.20197821 18.0592251
v 2.84875083 3.98950934 18.229248
v 1.50781631 2.83863187 18.6129265
v 1.74107671 5.20197821 16.8500938
v 1.50781631 3.83749962 17.1821136
v 0.870537758 2.83863187 18.0892143
v 6.98707581 4.14538288 18.229248
v 3.01563382 5.20197821 20.5974407
v 2.84875154 3.98950934 20.4274082
v 6.98707581 5.20197821 18.0592251
v 6.98707581 5.20197821 20.5974407
v 2.97307134 3.78277564 19.3283291
v 3.01563382 5.20197821 18.0592251
v 2.84875083 3.98950934 18.229248
v 6.98707581 3.99072528 19.3283291
v 6.98707581 4.14538288 20.4274082
v -12.5000067 9.52183628 25.3186493
v -12.5000067 10.9762487 24.421793
v -12.5000067 12.53405 21.6980572
v -12.0114927 4.31584597 26.034483
v -12.2578745 6.85451221 25.9204559
v -12.5000067 12.0967283 22.9608059
v -12.5000067 9.52183437 13.7607603
v -12.5000067 10.9762487 14.6576176
v -12.5000067 12.534049 17.3813496
v -12.0114927 4.31584358 13.0694504
v -12.2578745 6.85451221 13.1589537
v -12.5000067 12.0967274 16.1186008
v -12.9066305 8.96581745 24.5086861
v -12.9066305 10.2967901 23.7373524
v -12.9066305 11.7109871 21.3948231
v -12.4181156 4.31584597 25.1032429
v -12.6644964 6.57413864 25.0262718
v -12.9066305 11.3030586 22.4808407
v -12.9066305 8.96581745 14.5683975
v -12.9066305 10.2967901 15.3397322
v -12.9066305 11.7109861 17.6822624
v -12.4181156 4.31584358 13.9738436
v -12.6644964 6.57413626 14.0508184
v -12.9066305 11.3030577 16.5962429
v -12.5000067 9.52183628 -34.290554
v -12.5000067 10.9762487 -35.1874161
v -12.5000067 12.53405 -37.9111481
v -12.0114927 4.31584597 -33.5992432
v -12.2578745 6.85451221 -33.6887474
v -12.5000067 12.0967283 -36.6483994
v -12.5000067 9.52183437 -45.8484383
v -12.5000067 10.9762487 -44.95158
v -12.5000067 12.534049 -42.2278519
v -12.0114927 4.31584358 -46.5397453
v -12.2578745 6.85451221 -46.4502449
v -12.5000067 12.0967274 -43.4906006
v -12.9066305 8.96581745 -35.1005211
v -12.9066305 10.2967901 -35.8718529
v -12.9066305 11.710989 -38.2143784
v -12.4181156 4.31584597 -34.5059586
v -12.6644964 6.57413864 -34.5829277
v -12.9066305 11.3030586 -37.1283607
v -12.9066305 8.96581745 -45.0407982
v -12.9066305 10.2967882 -44.2694664
v -12.9066305 11.7109871 -41.9269371
v -12.4181156 4.31584358 -45.6353569
v -12.6644964 6.57413626 -45.5583878
v -12.9066305 11.3030577 -43.0129509
v -12.1651373 5.8336134 62.1545906
v -11.7815781 29.0917206 62.1545792
v -12.5000124 9.52183723 62.1545792
v -12.5000124 17.8026924 62.1545792
v -12.0114927 4.31584358 -60.8153763
v -12.5000124 9.52183819 -60.8153687
v -12.5000124 17.8026924 -60.8153687
v -11.7815781 29.0917206 44.2636223
v -12.5000124 9.52183437 44.2636223
v -12.5000124 17.8026886 44.2636223
v -12.0114927 4.3158412 45.2391739
v -12.3515825 7.88707304 62.1545906
v -12.2578287 6.85451269 -60.8153763
v -12.2578287 6.85451126 44.2636223
v -11.7815781 29.0917244 -58.2239342
v -12.1936512 23.1064987 62.1545792
v -12.1936512 23.1064987 -60.8153763
v -12.1936512 23.1064968 44.2636223
v -12.5000124 13.5303421 62.1545792
v -12.5000124 13.5303421 -60.8153687
v -12.5000124 13.5303392 44.2636223
v -11.7815781 29.0917244 -5.41727209
v -12.5000124 9.52183628 -5.41727161
v -12.5000124 17.8026924 -5.41727209
v -12.2578287 6.85451269 -5.41727209
v -12.0114927 4.3158412 -5.41726637
v -12.1936512 23.1065025 -5.41727209
v -12.5000124 13.5303421 -5.41727161
v -11.5809164 30.078373 62.1545792
v -11.5809164 30.078373 44.2636223
v -11.5809164 30.0783749 -58.2253418
v -11.5809164 30.0783749 -5.41727209
v -12.0183659 4.31584358 -61.8799553
v -12.5000124 9.52183437 -61.8799515
v -12.5000124 17.8026924 -61.7957726
v -11.296279 30.9989109 62.1545792
v -10.6826143 31.401825 62.1545792
v -11.0728388 31.2620182 62.1545792
v -11.2963867 30.9985638 44.2636223
v -10.6826143 31.4018536 44.2636223
v -11.0728388 31.2619209 44.2636223
v -10.6826143 31.4020538 -58.2253418
v -11.2978964 30.993681 -58.2253418
v -11.0728388 31.2605476 -58.2253418
v -12.1936512 23.1064987 -61.5160828
v -12.5000124 13.5303411 -61.8799515
v -11.2969141 30.9968662 -5.41727209
v -10.6826143 31.401926 -5.41727209
v -11.0728388 31.2614441 -5.41727209
v -12.2578745 6.85502577 -61.8799553
v -11.8999701 27.3721256 -60.8364754
v -11.9650011 26.4275799 -61.1389847
v -11.7880468 28.9977703 -58.9035835
v -11.8070173 28.7222385 -59.6750793
v -11.8367367 28.2905674 -60.2996292
v -11.8740444 27.7486858 -60.6853638
v -11.9665699 26.4052677 -60.8154869
v -12.5000124 10.9762516 -35.1874084
v -12.5000124 12.5340528 -37.9111443
v -12.5000124 12.0967321 -36.6484032
v -12.5000124 12.0967321 -43.4906006
v -12.5000124 10.9762516 -44.95158
v -12.5000124 12.5340528 -42.2278442
v -12.5000124 9.52183723 -34.290554
v -12.5000124 9.52183723 -45.8484383
v -12.0114927 4.31584358 -33.5992432
v -12.0114927 4.31584358 -46.5397453
v -12.2578287 6.85451508 -33.6887474
v -12.2578287 6.85451508 -46.4502449
v -12.5000124 12.0967274 22.9608059
v -12.5000124 10.9762487 24.4217892
v -12.5000124 12.534049 21.6980572
v -12.5000124 10.9762487 14.6576176
v -12.5000124 12.534049 17.3813515
v -12.5000124 12.0967274 16.1186047
v -12.0114927 4.3158412 26.034483
v -12.0114927 4.3158412 13.0694504
v -12.2578287 6.85451126 25.9204559
v -12.2578287 6.85451126 13.1589537
v -12.5000124 9.52183437 25.3186493
v -12.5000124 9.52183437 13.7607603
v 0 30.8369846 -61.5987854
v 0 31.2321987 -61.0870018
v 0 6.8445816 -64.2378235
v 0 5.98520613 -64.07267
v 0 7.70542526 -64.2661743
v 0 30.1009197 -61.9591255
v 0 13.5303497 -64.0703354
v 0 23.1065025 -63.3446655
v 0 31.6980896 -59.878231
v 0 17.8027 -63.8345222
v 0 9.52184582 -64.1847458
v 0 4.41723967 -63.6276131
v 0 31.8279266 -58.225338
v -11.8723536 27.7732296 -60.9861832
v -9.33985043 31.0833988 -60.7909317
v -9.41276073 30.6406403 -61.2783089
v -6.78816938 30.7577724 -61.4928169
v -6.69594193 31.1698761 -60.980854
v -3.94021869 31.2101116 -61.0571861
v -3.94831443 30.805769 -61.5658035
v -11.127944 30.9118347 -60.4317017
v -11.2395668 30.5325069 -60.8009224
v -10.8172102 30.9935913 -60.620327
v -10.967226 30.5641937 -61.0394859
v -12.0541363 6.85465002 -62.3031883
v -11.7664528 6.85331345 -62.6907043
v -12.1278639 7.61991358 -62.3143806
v -11.8298655 7.7122612 -62.70187
v -11.9749975 6.09021616 -62.2790833
v -11.6741972 5.9956255 -62.611721
v -11.3951588 29.9848518 -61.057476
v -11.1379604 29.966013 -61.2963982
v -12.2570229 13.5303411 -62.3000145
v -11.848753 13.5303411 -62.6086502
v -11.9809847 23.1064987 -61.9010124
v -11.6844683 23.1064987 -62.1961441
v -11.0772514 31.1346798 -59.797699
v -10.7087851 31.2715759 -59.7839775
v -12.2570229 17.8026905 -62.2316666
v -11.848753 17.8026924 -62.5335693
v -12.2570229 9.52183437 -62.2990532
v -11.848753 9.52183437 -62.6073418
v -11.5489388 29.0917263 -61.269043
v -11.2983084 29.0917263 -61.5185242
v -11.353879 30.8134613 -60.0225601
v -11.8145781 4.35041904 -62.1923294
v -11.5273457 4.36917925 -62.4282951
v -9.96800423 6.84480524 -63.4444847
v -9.90408993 5.98565865 -63.3085518
v -10.0370722 7.70573378 -63.4651985
v -7.19017506 6.84470224 -63.9474297
v -7.22559214 7.70559406 -63.9683304
v -7.14585638 5.98544025 -63.7885132
v -3.94021869 6.84458685 -64.1548462
v -3.94021869 7.70543432 -64.1810684
v -3.94021869 5.98521042 -63.9914818
v -9.50012684 29.9745846 -61.5882034
v -6.86151886 30.0225353 -61.823658
v -11.5809126 30.0633831 -60.5442276
v -10.045619 13.530345 -63.2766724
v -7.2279067 13.5303497 -63.7725029
v -3.94021869 13.5303526 -63.9852371
v -9.94047642 23.1065025 -62.7084846
v -7.15862989 23.1065025 -63.1013756
v -3.94021869 23.1065025 -63.2751465
v -9.22392559 31.4484406 -59.8369408
v -6.60880136 31.6586742 -59.878231
v -3.94021869 31.6980877 -59.878231
v -10.0248432 17.8026943 -63.1232796
v -7.21959639 17.8027 -63.5664749
v -3.94021869 17.802702 -63.7579308
v -10.045619 9.52184105 -63.2751465
v -7.2279067 9.52184582 -63.7709236
v -3.94021869 9.52184677 -64.0325241
v -9.6045475 29.0917263 -61.8453941
v -3.92778635 4.41723967 -63.5492973
v -7.03269529 4.41723967 -63.3985786
v -9.74212646 4.39943218 -62.9865417
v -11.7815781 29.0917263 -60.8364677
v -11.8740444 27.7486858 -60.68536
v -11.8367367 28.2905674 -60.2996216
v -11.8070173 28.7222385 -59.6750755
v -11.7880468 28.9977703 -58.9035759
v -11.9650011 26.4275799 -61.1389771
v -11.8999701 27.3721256 -60.8364677
v -12.2578745 6.85502625 -61.8799553
v -12.5000095 13.5303411 -61.8799438
v -12.1936512 23.1064987 -61.5160828
v -11.0727863 31.2605476 -58.225338
v -11.2978964 30.9936829 -58.225338
v -10.6826143 31.4020538 -58.225338
v -12.5000095 17.8026924 -61.7957649
v -12.5000095 9.52183437 -61.8799438
v -12.018363 4.31584501 -61.8799553
v -11.5809126 30.0783787 -58.225338
v -3.94021869 31.8279266 -58.225338
v -6.59832478 31.7880344 -58.225338
v -9.20449257 31.5752659 -58.225338
v -11.7815781 29.0917263 -58.2239342
v -11.3815756 27.8010921 -61.723732
v -3.94021869 30.0640106 -61.9142036
v -9.68129635 27.7243042 -62.1205101
v -11.6423864 27.797184 -61.4647713
v 0 29.8363247 -62.0456848
v -3.94154048 29.821928 -61.9961662
v -6.99898243 27.4411011 -62.5228081
v -3.94021869 27.4382534 -62.6754875
v -3.94021869 27.4382534 -62.6754875
v -3.94154048 29.821928 -61.9961662
v 0 29.8363247 -62.0456848
v 0 27.4345856 -62.7369881
v -6.99898243 27.4411011 -62.5228081
v -6.87914896 29.8111973 -61.8932152
v -6.93916559 29.0917206 -61.9519768
v -6.99133301 27.6980686 -62.2506828
v -3.94021869 27.6980686 -62.2506828
v -3.94530535 29.0917206 -61.9519768
v 0 27.6980686 -62.2506828
v 0 29.0917206 -61.9519768
v -8.76104355 29.8043213 -61.7160759
v -8.74475765 27.4427242 -62.286274
v -6.99898386 27.4427223 -62.286274
v -3.94021869 27.4427223 -62.286274
v -8.75612926 29.0917244 -61.9519768
v -3.94154215 29.8043213 -61.7160759
v 0 29.8043213 -61.7160759
v 0 27.4427223 -62.286274
v -8.74652004 27.6980686 -62.250679
v -6.87914991 29.8043213 -61.7160759
v 0 27.4345856 -62.7369881
v -6.87914896 29.8111973 -61.8932152
v -8.76104355 29.8043213 -61.7160759
v -8.74475765 27.4427242 -62.286274
v -6.99898386 27.4427223 -62.286274
v -3.94021869 27.4427223 -62.286274
v -3.94154215 29.8043213 -61.7160759
v 0 29.8043213 -61.7160759
v 0 27.4427223 -62.286274
v -6.87914991 29.8043213 -61.7160759
v 11.8723555 27.7732296 -60.9861832
v 9.33985043 31.0833988 -60.7909317
v 9.41276169 30.6406403 -61.2783089
v 6.78817081 30.7577724 -61.4928169
v 6.69594193 31.1698761 -60.980854
v 3.94021988 31.2101116 -61.0571861
v 3.94831538 30.805769 -61.5658035
v 11.1279449 30.9118347 -60.4317017
v 11.2395697 30.5325069 -60.8009224
v 10.8172121 30.9935913 -60.620327
v 10.967227 30.5641937 -61.0394859
v 12.0541363 6.85465002 -62.3031883
v 11.7664528 6.85331345 -62.6907043
v 12.1278639 7.61991358 -62.3143806
v 11.8298664 7.7122612 -62.70187
v 11.9749985 6.09021616 -62.2790833
v 11.6741982 5.9956255 -62.611721
v 11.3951588 29.9848518 -61.057476
v 11.1379614 29.966013 -61.2963982
v 12.2570229 13.5303411 -62.3000145
v 11.8487539 13.5303411 -62.6086502
v 11.9809866 23.1064987 -61.9010124
v 11.6844683 23.1064987 -62.1961441
v 11.0772514 31.1346798 -59.797699
v 10.708786 31.2715759 -59.7839775
v 12.2570229 17.8026905 -62.2316666
v 11.8487539 17.8026924 -62.5335693
v 12.2570229 9.52183437 -62.2990532
v 11.8487539 9.52183437 -62.6073418
v 11.5489388 29.0917263 -61.269043
v 11.2983084 29.0917263 -61.5185242
v 11.353879 30.8134613 -60.0225601
v 11.814579 4.35041904 -62.1923294
v 11.5273466 4.36917925 -62.4282951
v 9.96800518 6.84480524 -63.4444847
v 9.90409088 5.98565865 -63.3085518
v 10.0370722 7.70573378 -63.4651985
v 7.19017744 6.84470224 -63.9474297
v 7.22559452 7.70559406 -63.9683304
v 7.14585876 5.98544025 -63.7885132
v 3.94021988 6.84458685 -64.1548462
v 3.94021988 7.70543432 -64.1810684
v 3.94021988 5.98521042 -63.9914818
v 9.50012875 29.9745846 -61.5882034
v 6.86151981 30.0225353 -61.823658
v 11.5809145 30.0633831 -60.5442276
v 10.04562 13.530345 -63.2766724
v 7.22790766 13.5303497 -63.7725029
v 3.94021988 13.5303526 -63.9852371
v 9.94047832 23.1065025 -62.7084846
v 7.1586318 23.1065025 -63.1013756
v 3.94021988 23.1065025 -63.2751465
v 9.22392559 31.4484406 -59.8369408
v 6.6088028 31.6586742 -59.878231
v 3.94021988 31.6980877 -59.878231
v 10.0248432 17.8026943 -63.1232796
v 7.21959686 17.8027 -63.5664749
v 3.94021988 17.802702 -63.7579308
v 10.04562 9.52184105 -63.2751465
v 7.22790766 9.52184582 -63.7709236
v 3.94021988 9.52184677 -64.0325241
v 9.60454941 29.0917263 -61.8453941
v 3.92778707 4.41723967 -63.5492973
v 7.03269434 4.41723967 -63.3985786
v 9.74212742 4.39943218 -62.9865417
v 11.78158 29.0917263 -60.8364677
v 11.8740454 27.7486858 -60.68536
v 11.8367376 28.2905674 -60.2996216
v 11.8070173 28.7222385 -59.6750755
v 11.7880478 28.9977703 -58.9035759
v 11.9650011 26.4275799 -61.1389771
v 11.8999701 27.3721256 -60.8364677
v 12.2578745 6.85502625 -61.8799553
v 12.5000086 13.5303411 -61.8799438
v 12.1936512 23.1064987 -61.5160828
v 11.0727873 31.2605476 -58.225338
v 11.2978983 30.9936829 -58.225338
v 10.6826153 31.4020538 -58.225338
v 12.5000086 17.8026924 -61.7957649
v 12.5000086 9.52183437 -61.8799438
v 12.0183649 4.31584501 -61.8799553
v 11.5809145 30.0783787 -58.225338
v 3.94021988 31.8279266 -58.225338
v 6.59832716 31.7880344 -58.225338
v 9.20449352 31.5752659 -58.225338
v 11.78158 29.0917263 -58.2239342
v 11.3815784 27.8010921 -61.723732
v 3.94021988 30.0640106 -61.9142036
v 9.6812973 27.7243042 -62.1205101
v 11.6423864 27.797184 -61.4647713
v 3.94154239 29.821928 -61.9961662
v 6.99898386 27.4411011 -62.5228081
v 3.94021988 27.4382534 -62.6754875
v 3.94021988 27.4382534 -62.6754875
v 3.94154239 29.821928 -61.9961662
v 6.99898386 27.4411011 -62.5228081
v 6.87914896 29.8111973 -61.8932152
v 6.93916702 29.0917206 -61.9519768
v 6.99133396 27.6980686 -62.2506828
v 3.94021988 27.6980686 -62.2506828
v 3.94530535 29.0917206 -61.9519768
v 8.76104546 29.8043213 -61.7160759
v 8.74475861 27.4427242 -62.286274
v 6.99898481 27.4427223 -62.286274
v 3.94021988 27.4427223 -62.286274
v 8.75613213 29.0917244 -61.9519768
v 3.94154334 29.8043213 -61.7160759
v 8.74652004 27.6980686 -62.250679
v 6.87914991 29.8043213 -61.7160759
v 6.87914896 29.8111973 -61.8932152
v 8.76104546 29.8043213 -61.7160759
v 8.74475861 27.4427242 -62.286274
v 6.99898481 27.4427223 -62.286274
v 3.94021988 27.4427223 -62.286274
v 3.94154334 29.8043213 -61.7160759
v 6.87914991 29.8043213 -61.7160759
v -7.62122726 33.7428703 -1.33963346
v -8.93458462 32.1519318 -1.34086502
v -9.07246113 31.6820679 -1.3494879
v -8.94772816 32.1360855 -11.5585279
v -8.40936661 33.040966 -12.7262182
v -8.70780087 32.1476784 -12.8444977
v -8.63651562 33.0213699 -11.5585279
v -7.55706549 33.7299156 -12.3758688
v -7.71449661 33.7186203 -11.5585279
v -7.75679111 33.0891685 -13.7170486
v -8.03782177 32.1821289 -13.9365492
v -7.10564566 33.7594681 -13.0666876
v -6.75691605 33.1549644 -14.3905411
v -6.91489506 32.2169762 -14.6577425
v -6.39759207 33.8041687 -13.5446033
v -5.52823067 33.2323189 -14.6263857
v -5.52825212 32.2916183 -14.9036379
v -5.52823067 33.8601685 -13.7080526
v 0 32.4388351 -14.9036684
v 0 33.3662682 -14.6263857
v 0 33.9941177 -13.7080526
v -5.52823067 33.9157677 -11.5733089
v 0 34.0497704 -11.5733089
v -9.07246113 31.6820679 -11.6011286
v -8.81235123 31.7115688 -12.9505072
v -8.06467056 31.7751675 -14.0830641
v -6.92681074 31.8516693 -14.7689962
v -5.52823067 31.9392681 -14.9663563
v 0 31.9392681 -14.9663563
v -8.63651562 33.0213699 -1.33470654
v -5.52823067 33.9157715 -1.3494879
v 0 34.0497704 -1.3494879
v 7.62122726 33.7428703 -1.33963346
v 8.93458176 32.1519318 -1.34086502
v 9.07246017 31.6820679 -1.3494879
v 8.94772911 32.1360855 -11.5585279
v 8.40936565 33.040966 -12.7262182
v 8.707798 32.1476784 -12.8444977
v 8.63651562 33.0213699 -11.5585279
v 7.55706549 33.7299156 -12.3758688
v 7.71449614 33.7186203 -11.5585279
v 7.75679016 33.0891685 -13.7170486
v 8.03782177 32.1821289 -13.9365492
v 7.10564518 33.7594681 -13.0666876
v 6.75691462 33.1549644 -14.3905411
v 6.91489363 32.2169762 -14.6577425
v 6.39759064 33.8041687 -13.5446033
v 5.52823067 33.2323189 -14.6263857
v 5.52825212 32.2916183 -14.9036379
v 5.52823067 33.8601685 -13.7080526
v 5.52823067 33.9157677 -11.5733089
v 9.07246017 31.6820679 -11.6011286
v 8.81235027 31.7115688 -12.9505072
v 8.06467056 31.7751675 -14.0830641
v 6.92681074 31.8516693 -14.7689962
v 5.52823067 31.9392681 -14.9663563
v 8.63651562 33.0213699 -1.33470654
v 5.52823067 33.9157715 -1.3494879
v -7.62122726 33.7428703 -1.35934114
v -8.93458462 32.1519318 -1.35810971
v -8.94772816 32.1360855 8.85955143
v -8.40936661 33.040966 10.0272417
v -8.70780087 32.1476822 10.145524
v -8.63651562 33.0213699 8.85955143
v -7.55706549 33.7299194 9.67689323
v -7.71449661 33.7186203 8.85955143
v -7.75679111 33.0891685 11.0180731
v -8.03782177 32.1821327 11.2375765
v -7.10564566 33.7594719 10.367713
v -6.75691605 33.1549683 11.6915655
v -6.91489506 32.2169762 11.9587688
v -6.39759207 33.8041725 10.8456278
v -5.52823067 33.2323189 11.927412
v -5.52825212 32.2916183 12.2046614
v -5.52823067 33.8601723 11.0090761
v 0 32.438839 12.2046957
v 0 33.3662682 11.927412
v 0 33.9941216 11.0090761
v -5.52823067 33.9157715 8.87433338
v 0 34.0497704 8.87433338
v -9.07246113 31.6820679 8.90215206
v -8.81235123 31.7115688 10.2515326
v -8.06467056 31.7751713 11.3840895
v -6.92681074 31.8516693 12.0700197
v -5.52823067 31.93927 12.2673798
v 0 31.93927 12.2673798
v -8.63651562 33.0213699 -1.36426866
v 7.62122726 33.7428703 -1.35934114
v 8.93458176 32.1519318 -1.35810971
v 8.94772911 32.1360855 8.85955143
v 8.40936565 33.040966 10.0272417
v 8.707798 32.1476822 10.145524
v 8.63651562 33.0213699 8.85955143
v 7.55706549 33.7299194 9.67689323
v 7.71449614 33.7186203 8.85955143
v 7.75679016 33.0891685 11.0180731
v 8.03782177 32.1821327 11.2375765
v 7.10564518 33.7594719 10.367713
v 6.75691462 33.1549683 11.6915655
v 6.91489363 32.2169762 11.9587688
v 6.39759064 33.8041725 10.8456278
v 5.52823067 33.2323189 11.927412
v 5.52825212 32.2916183 12.2046614
v 5.52823067 33.8601723 11.0090761
v 5.52823067 33.9157715 8.87433338
v 9.07246017 31.6820679 8.90215206
v 8.81235027 31.7115688 10.2515326
v 8.06467056 31.7751713 11.3840895
v 6.92681074 31.8516693 12.0700197
v 5.52823067 31.93927 12.2673798
v 8.63651562 33.0213699 -1.36426866
v 3.76939011 32.3958893 29.2547245
v 3.63423014 32.3958893 29.8478031
v 3.91324997 31.7228127 30.198431
v 4.18987036 31.7228127 29.5010014
v 2.92900991 32.3958893 30.3238411
v 2.27007985 32.3958893 30.3781319
v 2.5256803 31.7580109 30.8350811
v 3.15674949 31.7228127 30.7197323
v 3.91324997 31.7228088 23.3410015
v 3.63423014 32.3958893 23.691555
v 3.76939011 32.3958893 24.2846203
v 4.18987036 31.7228088 24.038435
v 2.5256803 31.758009 22.7043514
v 2.27007985 32.3958893 23.1613083
v 2.92900991 32.3958893 23.2155132
v 3.15674949 31.7228088 22.8197002
v -3.90276074 31.7228127 30.198431
v -3.57885146 32.3958893 29.8478031
v -3.71402025 32.3958893 29.2547245
v -4.17938137 31.7228127 29.5010014
v -2.51518989 31.7580109 30.8350811
v -2.26024985 32.3958893 30.3781319
v -2.91918039 32.3958893 30.3238411
v -3.14625025 31.7228127 30.7197323
v -3.71402025 32.3958893 24.2846203
v -3.57885146 32.3958893 23.691555
v -3.90275002 31.7228088 23.3410015
v -4.17938137 31.7228088 24.038435
v -2.91917086 32.3958893 23.2155132
v -2.26024985 32.3958893 23.1613083
v -2.51518989 31.758009 22.7043514
v -3.14625025 31.7228088 22.8197002
v 1.73604012 32.3390923 48.2613106
v 2.18595982 31.7088814 48.3860359
v 2.18595982 31.7088814 45.5157585
v -2.2032907 31.7088814 48.3860359
v -1.75337064 32.3390923 48.2613106
v -1.75337064 32.3390923 45.5157585
v 1.73604012 32.3390923 45.5157585
v -0.00768065453 32.3390923 44.1668701
v -0.00768065453 31.7088814 43.7580299
v 0.832979679 32.3390923 44.3086624
v 1.49271011 32.3390923 44.8758888
v -2.2032907 31.7088814 45.5157585
v 1.73604012 32.3390923 48.2613106
v -1.75337064 32.3390923 48.2613106
v -2.2032907 31.7088814 48.3860359
v 2.18595982 31.7088814 48.3860359
v -0.00768065453 32.3390923 45.5157585
v 1.73604012 32.3390923 45.5157585
v 1.49271011 32.3390923 44.8758888
v -0.00768065453 32.3390923 44.1668701
v -1.51117086 32.3390923 44.8758888
v -1.75337064 32.3390923 45.5157585
v 1.73604012 32.3390923 48.2613106
v -1.75337064 32.3390923 48.2613106
v 3.63423014 32.3958893 29.8478031
v 3.76939011 32.3958893 29.2547245
v 0.00952959061 32.4929504 26.6274319
v 2.27007985 32.3958893 30.3781319
v 2.92900991 32.3958893 30.3238411
v 3.76939011 32.3958893 24.2846203
v 3.63423014 32.3958893 23.691555
v 2.92900991 32.3958893 23.2155132
v 2.27007985 32.3958893 23.1613083
v -3.71402025 32.3958893 29.2547245
v -3.57885146 32.3958893 29.8478031
v -2.91918039 32.3958893 30.3238411
v -2.26024985 32.3958893 30.3781319
v -3.57885146 32.3958893 23.691555
v -3.71402025 32.3958893 24.2846203
v -2.26024985 32.3958893 23.1613083
v -2.91917086 32.3958893 23.2155132
v -0.852171123 32.3390923 44.3085976
v -1.51117086 32.3390923 44.8758888
v -1.84473038 31.7088814 44.5888519
v -1.18303061 31.7088814 43.9957161
v 1.16382968 31.7088814 43.9958191
v 1.82628047 31.7088814 44.5888519
v -0.852171123 32.3390923 44.3085976
v 0.832979679 32.3390923 44.3086624
v 1.73604012 32.3390846 -42.8575974
v 2.18595982 31.7088757 -42.7328758
v 2.18595982 31.7088757 -45.6031456
v -2.2032907 31.7088757 -42.7328758
v -1.75337064 32.3390846 -42.8575974
v -1.75337064 32.3390846 -45.6031456
v 1.73604012 32.3390846 -45.6031456
v -0.00768065453 32.3390846 -46.9520378
v -0.00768065453 31.7088757 -47.3608665
v 0.832979679 32.3390846 -46.8102379
v 1.49271011 32.3390846 -46.2430191
v -2.2032907 31.7088757 -45.6031456
v 1.73604012 32.3390846 -42.8575974
v -1.75337064 32.3390846 -42.8575974
v -2.2032907 31.7088757 -42.7328758
v 2.18595982 31.7088757 -42.7328758
v -0.00768065453 32.3390846 -45.6031456
v 1.73604012 32.3390846 -45.6031456
v 1.49271011 32.3390846 -46.2430191
v -0.00768065453 32.3390846 -46.9520378
v -1.51117086 32.3390846 -46.2430191
v -1.75337064 32.3390846 -45.6031456
v 1.73604012 32.3390846 -42.8575974
v -1.75337064 32.3390846 -42.8575974
v -0.852171123 32.3390846 -46.8103142
v -1.51117086 32.3390846 -46.2430191
v -1.84473038 31.7088757 -46.5300484
v -1.18303061 31.7088757 -47.1232033
v 1.16382968 31.7088757 -47.1230812
v 1.82628047 31.7088757 -46.5300484
v -0.852171123 32.3390846 -46.8103142
v 0.832979679 32.3390846 -46.8102379
v 3.76939011 32.3958855 -26.7747688
v 3.63423014 32.3958855 -26.1816902
v 3.91324997 31.7228088 -25.8310604
v 4.18987036 31.7228088 -26.5284882
v 2.92900991 32.3958855 -25.7056484
v 2.27007985 32.3958855 -25.6513615
v 2.5256803 31.758009 -25.1944065
v 3.15674949 31.7228088 -25.3097591
v 3.91324997 31.7228088 -32.688488
v 3.63423014 32.3958855 -32.3379478
v 3.76939011 32.3958855 -31.7448711
v 4.18987036 31.7228088 -31.9910717
v 2.5256803 31.758009 -33.3251495
v 2.27007985 32.3958855 -32.8681755
v 2.92900991 32.3958855 -32.8139801
v 3.15674949 31.7228088 -33.2097893
v -3.90276074 31.7228088 -25.8310604
v -3.57885146 32.3958855 -26.1816902
v -3.71402025 32.3958855 -26.7747688
v -4.17938137 31.7228088 -26.5284882
v -2.51518989 31.758009 -25.1944065
v -2.26024985 32.3958855 -25.6513615
v -2.91918039 32.3958855 -25.7056484
v -3.14625025 31.7228088 -25.3097591
v -3.71402025 32.3958855 -31.7448711
v -3.57885146 32.3958855 -32.3379478
v -3.90275002 31.7228088 -32.688488
v -4.17938137 31.7228088 -31.9910717
v -2.91917086 32.3958855 -32.8139801
v -2.26024985 32.3958855 -32.8681755
v -2.51518989 31.758009 -33.3251495
v -3.14625025 31.7228088 -33.2097893
v 3.63423014 32.3958855 -26.1816902
v 3.76939011 32.3958855 -26.7747688
v 0.00952959061 32.4929466 -29.4020691
v 2.27007985 32.3958855 -25.6513615
v 2.92900991 32.3958855 -25.7056484
v 3.76939011 32.3958855 -31.7448711
v 3.63423014 32.3958855 -32.3379478
v 2.92900991 32.3958855 -32.8139801
v 2.27007985 32.3958855 -32.8681755
v -3.71402025 32.3958855 -26.7747688
v -3.57885146 32.3958855 -26.1816902
v -2.91918039 32.3958855 -25.7056484
v -2.26024985 32.3958855 -25.6513615
v -3.57885146 32.3958855 -32.3379478
v -3.71402025 32.3958855 -31.7448711
v -2.26024985 32.3958855 -32.8681755
v -2.91917086 32.3958855 -32.8139801
v 0 31.8279266 62.1545792
v 3.94021869 31.8279209 62.1545792
v 6.59832382 31.7880306 62.1545792
v 9.20448971 31.5752621 62.1545792
v 0 31.8279247 44.2636261
v 9.20449066 31.5752659 44.2636261
v 6.59832382 31.7880306 44.2636261
v 3.94021869 31.8279247 44.2636261
v 0 31.8279266 -50.1959152
v 9.20449066 31.5752659 -50.1959152
v 6.59832478 31.7880344 -50.1959152
v 3.94021869 31.8279266 -50.1959152
v 0 31.8279266 -5.41727257
v 9.20449066 31.5752659 -5.41727257
v 6.59832478 31.7880344 -5.41727257
v 3.94021869 31.8279266 -5.41727257
v 10.6826124 31.4018288 62.1545792
v 10.6826124 31.4018536 44.2636261
v 10.6826124 31.4020538 -50.1959152
v 10.6826124 31.4019299 -5.41727161
v -3.94021869 31.8279209 62.1545792
v -6.59832478 31.7880306 62.1545792
v -9.20448971 31.5752621 62.1545792
v -9.20448971 31.5752659 44.2636261
v -6.59832478 31.7880306 44.2636261
v -3.94021869 31.8279247 44.2636261
v -9.20448971 31.5752659 -50.1959152
v -6.59832478 31.7880344 -50.1959152
v -3.94021869 31.8279266 -50.1959152
v -9.20448971 31.5752659 -5.41727257
v -6.59832478 31.7880344 -5.41727257
v -3.94021869 31.8279266 -5.41727257
v -10.6826143 31.4018288 62.1545792
v -10.6826143 31.4018536 44.2636261
v -10.6826143 31.4020538 -50.1959152
v -10.6826143 31.4019299 -5.41727161
v 0 31.8279266 -58.225338
v 9.20449066 31.5752659 -58.225338
v 6.59832478 31.7880344 -58.225338
v 3.94021869 31.8279266 -58.225338
v 10.6826124 31.4020538 -58.225338
v -9.20448971 31.5752659 -58.225338
v -6.59832478 31.7880344 -58.225338
v -3.94021869 31.8279266 -58.225338
v -10.6826143 31.4020538 -58.225338
vt 0.972126067 0.616228163 0
vt 0.972126067 0.584062636 0
vt 0.903876603 0.650510967 0
vt 0.903876603 0.693070471 0
vt 0.972126067 0.545064509 0
vt 0.972126067 0.562659085 0
vt 0.972126067 0.562659144 0
vt 0.972126067 0.693070471 0
vt 0.972126067 0.650510967 0
vt 0.972126067 0.719540894 0
vt 0.903876603 0.584062636 0
vt 0.903876603 0.616228163 0
vt 0.903876603 0.719540894 0
vt 0.903876603 0.562659144 0
vt 0.903876603 0.562659085 0
vt 0.903876603 0.545064509 0
vt 0.86304605 0.595733285 0
vt 0.8513152 0.604724348 0
vt 0.847479999 0.59835577 0
vt 0.857569098 0.590281069 0
vt 0.875797927 0.542287946 0
vt 0.875079393 0.562659085 0
vt 0.867918313 0.560409248 0
vt 0.868536353 0.542287946 0
vt 0.870247185 0.584062576 0
vt 0.863762438 0.57960093 0
vt 0.806515872 0.608233571 0
vt 0.796376824 0.604724348 0
vt 0.800230563 0.59835577 0
vt 0.808950663 0.601629078 0
vt 0.784646094 0.595733285 0
vt 0.790141642 0.590281069 0
vt 0.772612691 0.562659085 0
vt 0.771894038 0.542288005 0
vt 0.779174387 0.542288005 0
vt 0.779792428 0.560409307 0
vt 0.841176212 0.608233571 0
vt 0.838760078 0.601629078 0
vt 0.77744478 0.584062636 0
vt 0.783948302 0.57960093 0
vt 0.3844226 0.595733225 0
vt 0.37269187 0.604724348 0
vt 0.368856728 0.59835577 0
vt 0.378945708 0.590281069 0
vt 0.397174597 0.542287946 0
vt 0.396455944 0.562659085 0
vt 0.389294863 0.560409248 0
vt 0.389912903 0.542287946 0
vt 0.391623795 0.584062576 0
vt 0.385139048 0.57960093 0
vt 0.327892423 0.608233571 0
vt 0.317753434 0.604724348 0
vt 0.321607113 0.59835577 0
vt 0.330327213 0.601629019 0
vt 0.306022584 0.595733285 0
vt 0.311518192 0.590281069 0
vt 0.293989241 0.562659085 0
vt 0.293073714 0.542287946 0
vt 0.300550997 0.542287946 0
vt 0.301169038 0.560409248 0
vt 0.362552881 0.608233571 0
vt 0.360136628 0.601629019 0
vt 0.29882139 0.584062576 0
vt 0.305324852 0.57960093 0
vt 0.234624088 0.616228163 0
vt 0.234624088 0.584062576 0
vt 0.14630115 0.693070471 0
vt 0.14630115 0.650510907 0
vt 0.234624088 0.545064449 0
vt 0.234624088 0.562659085 0
vt 0.234624088 0.545064509 0
vt 0.234624088 0.650510907 0
vt 0.234624088 0.693070471 0
vt 0.234624088 0.719540894 0
vt 0.14630115 0.584062576 0
vt 0.14630115 0.616228163 0
vt 0.14630115 0.719540894 0
vt 0.14630115 0.562659085 0
vt 0.14630115 0.545064449 0
vt 0.14630115 0.545064509 0
vt 0.633933842 0.616228163 0
vt 0.633933842 0.584062576 0
vt 0.545610964 0.693070471 0
vt 0.545610964 0.650510907 0
vt 0.633933842 0.545064449 0
vt 0.633933842 0.562659085 0
vt 0.633933842 0.545064509 0
vt 0.633933842 0.650510907 0
vt 0.633933842 0.693070471 0
vt 0.633933842 0.719540894 0
vt 0.545610964 0.584062576 0
vt 0.545610964 0.616228163 0
vt 0.545610964 0.719540894 0
vt 0.545610964 0.562659085 0
vt 0.545610964 0.545064449 0
vt 0.545610964 0.545064509 0
vt 0.786045671 0.238217086 0
vt 0.786928296 0.239442706 0
vt 0.795099974 0.240576714 0
vt 0.796537876 0.239442706 0
vt 0.785453379 0.235480249 0
vt 0.797420502 0.238217086 0
vt 0.789608955 0.240868539 0
vt 0.793857276 0.240868539 0
vt 0.798012793 0.235480249 0
vt 0.788366199 0.240576714 0
vt 0.785365343 0.23289603 0
vt 0.798100889 0.23289606 0
vt 0.785786748 0.2391873 0
vt 0.786669493 0.240412921 0
vt 0.79484117 0.241546929 0
vt 0.796278954 0.240412921 0
vt 0.785194516 0.236450464 0
vt 0.797161698 0.2391873 0
vt 0.789350033 0.241838753 0
vt 0.793598413 0.241838753 0
vt 0.79775393 0.236450464 0
vt 0.788107276 0.241546929 0
vt 0.785106421 0.233866245 0
vt 0.797842026 0.233866274 0
vt 0.799759746 0.237194538 0
vt 0.799759746 0.239270359 0
vt 0.785358667 0.239270359 0
vt 0.785358667 0.237194538 0
vt 0.799759746 0.24119097 0
vt 0.785358667 0.24119097 0
vt 0.799290419 0.232559204 0
vt 0.785358667 0.232559204 0
vt 0.799759746 0.241685271 0
vt 0.785358667 0.241685271 0
vt 0.798812926 0.228182405 0
vt 0.785358667 0.228182405 0
vt 0.799759746 0.239270329 0
vt 0.790566206 0.239270329 0
vt 0.790566206 0.237194538 0
vt 0.790566206 0.24119097 0
vt 0.790566206 0.232559204 0
vt 0.799759746 0.241685241 0
vt 0.790566206 0.241685241 0
vt 0.798812926 0.228182375 0
vt 0.790566206 0.228182375 0
vt 0.998969972 0.542288005 0
vt 0.998969972 0.562663257 0
vt 0.972126186 0.545064509 0
vt 0.998293936 0.650510967 0
vt 0.996048272 0.693070471 0
vt 0.972125947 0.650510967 0
vt 0.998969913 0.584062636 0
vt 0.998969913 0.616228163 0
vt 0.972125947 0.616228163 0
vt 0.972125947 0.584062636 0
vt 0.903876543 0.545064509 0
vt 0.903876543 0.542288005 0
vt 0.86304605 0.595733345 0
vt 0.870247185 0.584062636 0
vt 0.633933842 0.584062636 0
vt 0.784646034 0.595733345 0
vt 0.796376824 0.604724407 0
vt 0.806515872 0.608233631 0
vt 0.841176212 0.608233631 0
vt 0.8513152 0.604724407 0
vt 0.903876603 0.693070531 0
vt 0.633933842 0.650510967 0
vt 0.875079334 0.562659144 0
vt 0.903876543 0.562659144 0
vt 0.772612691 0.562659144 0
vt 0.633933842 0.562659144 0
vt 0.969625771 0.749015152 0
vt 0.969625771 0.756359935 0
vt 0.90492332 0.756363869 0
vt 0.904689074 0.749015152 0
vt 0.969614446 0.741097867 0
vt 0.90445441 0.741097867 0
vt 0.993020356 0.719719946 0
vt 0.972126961 0.719540894 0
vt 0.969625771 0.75963676 0
vt 0.905110598 0.759636581 0
vt 0.905015707 0.758502424 0
vt 0.969625771 0.758501351 0
vt 0.989378095 0.73032093 0
vt 0.986280859 0.734669149 0
vt 0.990591407 0.727299273 0
vt 0.981266141 0.738133073 0
vt 0.975071609 0.740343988 0
vt 0.875797927 0.542288005 0
vt 0.00264841318 0.650510907 0
vt 0.00264841318 0.616228163 0
vt 0.00264841318 0.584062636 0
vt 0.00264829397 0.570944726 0
vt 0.14630115 0.741097867 0
vt 0.00264841318 0.741097867 0
vt 0.00264841318 0.693070471 0
vt 0.14630115 0.749015152 0
vt 0.14630115 0.756399035 0
vt 0.00264841318 0.756401777 0
vt 0.00264841318 0.749015152 0
vt 0.14630115 0.759635091 0
vt 0.00264841318 0.759634972 0
vt 0.00264841318 0.758513033 0
vt 0.14630115 0.758512318 0
vt 0.545610964 0.758508503 0
vt 0.545610964 0.756385446 0
vt 0.545610964 0.759635746 0
vt 0.545610964 0.741097867 0
vt 0.545610964 0.749015152 0
vt 0.306022644 0.595733285 0
vt 0.3844226 0.595733285 0
vt 0.545610964 0.584062636 0
vt 0.13866508 0.542287946 0
vt 0.234624088 0.562658787 0
vt 0.00264829397 0.554467082 0
vt 0.633933783 0.542287946 0
vt 0.545610964 0.542287946 0
vt 0.81112206 0.234552056 0
vt 0.805919647 0.2221573 0
vt 0.80558145 0.222524956 0
vt 0.810644031 0.234584093 0
vt 0.79335928 0.217095301 0
vt 0.79335928 0.217599601 0
vt 0.780798078 0.2221573 0
vt 0.781137109 0.222524956 0
vt 0.775593936 0.234552056 0
vt 0.7760728 0.234584093 0
vt 0.780798078 0.247747585 0
vt 0.781137109 0.247423887 0
vt 0.79335928 0.25328359 0
vt 0.79335928 0.252810657 0
vt 0.805919647 0.247747585 0
vt 0.80558145 0.247423887 0
vt 0.73842442 0.179647282 0
vt 0.734586179 0.189242795 0
vt 0.728708267 0.190801144 0
vt 0.734176993 0.174701855 0
vt 0.793358386 0.234552056 0
vt 0.746077955 0.204016596 0
vt 0.755292892 0.205230355 0
vt 0.755292892 0.213597298 0
vt 0.742918432 0.209553853 0
vt 0.744673193 0.173216 0
vt 0.743207932 0.168948844 0
vt 0.772161961 0.179647282 0
vt 0.778721631 0.189242795 0
vt 0.773278594 0.188737065 0
vt 0.755292892 0.170642182 0
vt 0.755292892 0.166927293 0
vt 0.767377794 0.168948844 0
vt 0.765912354 0.173216 0
vt 0.779937208 0.202906758 0
vt 0.777048528 0.200162634 0
vt 0.781876862 0.190801144 0
vt 0.772065461 0.196839333 0
vt 0.770896018 0.21502161 0
vt 0.767644703 0.209553853 0
vt 0.76450783 0.204016596 0
vt 0.77640903 0.174701855 0
vt 0.755292892 0.22040154 0
vt 0.733537793 0.200162634 0
vt 0.730648994 0.202906758 0
vt 0.738520265 0.196839333 0
vt 0.739667058 0.21502161 0
vt 0.769481957 0.188234568 0
vt 0.767014325 0.181576848 0
vt 0.763205469 0.177215293 0
vt 0.755292892 0.19996801 0
vt 0.762562513 0.199285552 0
vt 0.755292892 0.175262839 0
vt 0.768524826 0.193712562 0
vt 0.74357152 0.181576848 0
vt 0.741104245 0.188234568 0
vt 0.747380435 0.177215293 0
vt 0.748023331 0.199285552 0
vt 0.742061138 0.193712562 0
vt 0.755292892 0.186300799 0
vt 0.330563188 0.599692523 0
vt 0.322127968 0.596526086 0
vt 0.312368482 0.588715196 0
vt 0.30637756 0.578383923 0
vt 0.302357465 0.559819102 0
vt 0.301759511 0.542289674 0
vt 0.388202578 0.542289674 0
vt 0.387604713 0.559819102 0
vt 0.383584648 0.578383923 0
vt 0.377593607 0.588715196 0
vt 0.367834091 0.596526086 0
vt 0.359398872 0.599692523 0
vt 0.809422612 0.599820912 0
vt 0.800969005 0.596647561 0
vt 0.791188359 0.588819623 0
vt 0.785184324 0.578465879 0
vt 0.781155348 0.559860587 0
vt 0.780556262 0.542293072 0
vt 0.8671875 0.542293072 0
vt 0.866588354 0.559860587 0
vt 0.862559378 0.578465879 0
vt 0.856555343 0.588819623 0
vt 0.846774697 0.596647561 0
vt 0.838321209 0.599820912 0
vt 0.790707767 0.315235764 0
vt 0.789079487 0.323250979 0
vt 0.789034963 0.322998285 0
vt 0.790672123 0.315245748 0
vt 0.784290612 0.335630059 0
vt 0.782433867 0.328738302 0
vt 0.77839303 0.331862003 0
vt 0.780320108 0.341678262 0
vt 0.735293984 0.0947875008 0
vt 0.734089017 0.0934332982 0
vt 0.734115005 0.0916789994 0
vt 0.749518514 0.349853456 0
vt 0.761655688 0.349608719 0
vt 0.761798024 0.349645823 0
vt 0.749625683 0.349925965 0
vt 0.78798461 0.325655013 0
vt 0.788027048 0.325783849 0
vt 0.749531388 0.333555758 0
vt 0.740143657 0.333591133 0
vt 0.740141094 0.333664596 0
vt 0.749660134 0.333628267 0
vt 0.784707963 0.327055007 0
vt 0.784689605 0.32682994 0
vt 0.782413185 0.328519613 0
vt 0.743288994 0.0963054001 0
vt 0.743288994 0.0589930266 0
vt 0.74770999 0.0589860231 0
vt 0.74770999 0.0963054001 0
vt 0.89322114 0.499609262 0
vt 0.98591888 0.499609262 0
vt 0.986453652 0.528154135 0
vt 0.89322114 0.528154135 0
vt 0.736078024 0.0362351015 0
vt 0.738708019 0.0362351015 0
vt 0.738708019 0.0394797884 0
vt 0.736078024 0.0396680683 0
vt 0.761484861 0.333328754 0
vt 0.767291307 0.33359921 0
vt 0.768091798 0.348347723 0
vt 0.761627376 0.333365887 0
vt 0.738531172 0.33690089 0
vt 0.738530397 0.336827457 0
vt 0.738554418 0.34631151 0
vt 0.738574743 0.346384972 0
vt 0.740181386 0.349961787 0
vt 0.740185082 0.349888086 0
vt 0.78980571 0.315300077 0
vt 0.788166344 0.323068738 0
vt 0.768162251 0.348424733 0
vt 0.767366767 0.333684653 0
vt 0.786223054 0.330943555 0
vt 0.784258604 0.335465431 0
vt 0.778362632 0.331673026 0
vt 0.780282199 0.341525882 0
vt 0.773519278 0.333116561 0
vt 0.773559868 0.333275974 0
vt 0.775276244 0.345397025 0
vt 0.775232553 0.345256865 0
vt 0.786257863 0.33108598 0
vt 0.788213611 0.323326379 0
vt 0.786906958 0.325379819 0
vt 0.786866724 0.325122088 0
vt 0.789839923 0.315289229 0
vt 0.769590855 0.234613478 0
vt 0.769950807 0.234139174 0
vt 0.766610444 0.233138859 0
vt 0.766313374 0.233624965 0
vt 0.741089642 0.255054086 0
vt 0.747107208 0.255054086 0
vt 0.751017451 0.234742269 0
vt 0.736599445 0.235007778 0
vt 0.728887677 0.240686536 0
vt 0.727717221 0.274005115 0
vt 0.727273822 0.274000853 0
vt 0.728466809 0.240284696 0
vt 0.765435517 0.235007778 0
vt 0.771034062 0.309712231 0
vt 0.747107208 0.290746689 0
vt 0.76854074 0.312027335 0
vt 0.73100096 0.238277286 0
vt 0.733494282 0.235962182 0
vt 0.765435517 0.312981755 0
vt 0.751017451 0.313247263 0
vt 0.736599445 0.312981755 0
vt 0.741089642 0.290746689 0
vt 0.733494282 0.312027335 0
vt 0.76854074 0.235962182 0
vt 0.73100096 0.309712231 0
vt 0.729976833 0.306163847 0
vt 0.771034062 0.238277286 0
vt 0.772058189 0.24182573 0
vt 0.728867888 0.273994774 0
vt 0.772058189 0.306163847 0
vt 0.729976833 0.24182573 0
vt 0.773167133 0.273994774 0
vt 0.747107208 0.273994714 0
vt 0.780282676 0.278404295 0
vt 0.796888292 0.278404295 0
vt 0.788585544 0.292740196 0
vt 0.780698419 0.290153205 0
vt 0.741089642 0.273994714 0
vt 0.783180892 0.292643279 0
vt 0.782016873 0.292294681 0
vt 0.781082273 0.291449159 0
vt 0.796472609 0.290153205 0
vt 0.793990135 0.292643279 0
vt 0.795154095 0.292294681 0
vt 0.796088755 0.291449159 0
vt 0.788585544 0.264068365 0
vt 0.796472609 0.266655415 0
vt 0.795154095 0.26451391 0
vt 0.796088755 0.265359432 0
vt 0.793990135 0.264165312 0
vt 0.780698419 0.266655415 0
vt 0.783180892 0.264165312 0
vt 0.782016873 0.26451391 0
vt 0.781082273 0.265359432 0
vt 0.732600272 0.234613478 0
vt 0.732250512 0.234139174 0
vt 0.735590935 0.233138859 0
vt 0.735877633 0.233624965 0
vt 0.729568422 0.23656559 0
vt 0.729968607 0.237011313 0
vt 0.772222459 0.237011313 0
vt 0.772632897 0.23656559 0
vt 0.77373457 0.240284696 0
vt 0.77330339 0.240686536 0
vt 0.77330339 0.307323694 0
vt 0.774473846 0.274005115 0
vt 0.774927557 0.274000853 0
vt 0.77373457 0.307717055 0
vt 0.735877633 0.314385235 0
vt 0.751095414 0.314660251 0
vt 0.751100719 0.315141112 0
vt 0.735590935 0.314862847 0
vt 0.772222459 0.310998917 0
vt 0.772632897 0.311436087 0
vt 0.766313374 0.314385235 0
vt 0.766610444 0.314862847 0
vt 0.732250512 0.313862562 0
vt 0.732600272 0.313396752 0
vt 0.729568422 0.311436087 0
vt 0.729968607 0.310998917 0
vt 0.728466809 0.307717055 0
vt 0.728887677 0.307323694 0
vt 0.769590855 0.313396752 0
vt 0.769950807 0.313862562 0
vt 0.740604997 0.0916789994 0
vt 0.738708019 0.041046299 0
vt 0.736078024 0.041046299 0
vt 0.740190983 0.0140143996 0
vt 0.748642027 0.0140143996 0
vt 0.746949017 0.0179022998 0
vt 0.740190983 0.0195126999 0
vt 0.751095414 0.233349979 0
vt 0.751100719 0.232860595 0
vt 0.740190983 0.00895928964 0
vt 0.746949017 0.0101263998 0
vt 0.74770993 0.0319632962 0
vt 0.743288994 0.0319632962 0
vt 0.736078024 0.0396474451 0
vt 0.738708019 0.0394605622 0
vt 0.739426017 0.0947875008 0
vt 0.740630984 0.0934332982 0
vt 0.737330019 0.0956661031 0
vt 0.738708019 0.0394963436 0
vt 0.736078024 0.0396844521 0
vt 0.733433008 0.0179022998 0
vt 0.731739998 0.0140143996 0
vt 0.733433008 0.0101263998 0
vt 0.74770999 0.0225098003 0
vt 0.743288994 0.0225098003 0
vt 0.743288994 0.058902815 0
vt 0.74770999 0.0589098409 0
vt 0.738708019 0.0394811444 0
vt 0.736078024 0.0396678559 0
vt 0.799988508 0.528154135 0
vt 0.800523281 0.499609262 0
vt 0.967826962 0.0323415324 0
vt 0.98911196 0.0641967356 0
vt 0.954217672 0.0786504596 0
vt 0.941120028 0.0590484627 0
vt 0.807679653 0.0641967356 0
vt 0.82896471 0.0323415324 0
vt 0.855671525 0.0590484627 0
vt 0.842574 0.0786504596 0
vt 0.935971677 0.192488864 0
vt 0.898395896 0.199963048 0
vt 0.898395896 0.16219379 0
vt 0.921517968 0.157594427 0
vt 0.898395896 0.00358217955 0
vt 0.935971677 0.0110564306 0
vt 0.921517968 0.0459508151 0
vt 0.898395896 0.0413515568 0
vt 0.98911196 0.139348507 0
vt 0.967826962 0.171203792 0
vt 0.941120028 0.144496843 0
vt 0.954217672 0.124894783 0
vt 0.82896471 0.171203792 0
vt 0.807679653 0.139348507 0
vt 0.842574 0.124894783 0
vt 0.855671525 0.144496843 0
vt 0.860819995 0.0110564306 0
vt 0.875273764 0.0459508151 0
vt 0.996586382 0.101772621 0
vt 0.958816946 0.101772621 0
vt 0.860819995 0.192488864 0
vt 0.875273764 0.157594427 0
vt 0.80020541 0.101772621 0
vt 0.837974727 0.101772621 0
vt 0.898395896 0.101772621 0
vt 0.79203701 0.0568882003 0
vt 0.754611492 0.0568882003 0
vt 0.754611492 0.0933969319 0
vt 0.79203701 0.0933969319 0
vt 0.861202955 0.0645588115 0
vt 0.868457198 0.0718130991 0
vt 0.882187903 0.0626385808 0
vt 0.878261805 0.0531604141 0
vt 0.946964025 0.121862486 0
vt 0.937485695 0.117936499 0
vt 0.928311288 0.131667137 0
vt 0.93556565 0.13892144 0
vt 0.849804461 0.0816177428 0
vt 0.859282851 0.0855437219 0
vt 0.950966716 0.101740129 0
vt 0.940707505 0.101740129 0
vt 0.849804521 0.121862501 0
vt 0.859282851 0.117936514 0
vt 0.856061101 0.101740129 0
vt 0.845802248 0.101740107 0
vt 0.946964025 0.0816177428 0
vt 0.937485695 0.0855437368 0
vt 0.861203074 0.13892144 0
vt 0.868457198 0.131667137 0
vt 0.935565591 0.0645588115 0
vt 0.928311288 0.0718130991 0
vt 0.878261864 0.15031983 0
vt 0.882187903 0.140841663 0
vt 0.918506622 0.0531604066 0
vt 0.914580584 0.0626385808 0
vt 0.898384273 0.15432243 0
vt 0.898384213 0.144063294 0
vt 0.898384213 0.0491577946 0
vt 0.898384213 0.0594169311 0
vt 0.918506682 0.15031983 0
vt 0.914580584 0.140841663 0
vt 0.872682452 0.0910941064 0
vt 0.870565057 0.101740129 0
vt 0.926203847 0.101740107 0
vt 0.924086034 0.0910941064 0
vt 0.872682452 0.112386137 0
vt 0.878712952 0.121411376 0
vt 0.918055475 0.0820688233 0
vt 0.887738466 0.127441883 0
vt 0.909030378 0.0760383308 0
vt 0.898384213 0.129559502 0
vt 0.898384213 0.0739207193 0
vt 0.909030378 0.127441883 0
vt 0.887738466 0.0760383606 0
vt 0.918055475 0.121411406 0
vt 0.878712952 0.0820688382 0
vt 0.924086034 0.112386137 0
vt 0.890985012 0.278627247 0
vt 0.901482463 0.276539177 0
vt 0.911979914 0.278627247 0
vt 0.920879364 0.284573615 0
vt 0.926825523 0.293473035 0
vt 0.928914309 0.303970575 0
vt 0.926825523 0.314468175 0
vt 0.920879364 0.323367566 0
vt 0.911979914 0.329313904 0
vt 0.901482463 0.331402034 0
vt 0.890985012 0.329313874 0
vt 0.882085502 0.323367566 0
vt 0.876139164 0.314468175 0
vt 0.874051332 0.303970575 0
vt 0.876139164 0.293473065 0
vt 0.882085502 0.284573615 0
vt 0.910235405 0.113591239 0
vt 0.904797971 0.117224351 0
vt 0.898384213 0.101740107 0
vt 0.886533082 0.0898889825 0
vt 0.891970515 0.0862558484 0
vt 0.913868427 0.108153895 0
vt 0.8829 0.0953263193 0
vt 0.915144622 0.101740107 0
vt 0.8829 0.108153895 0
vt 0.88162446 0.101740107 0
vt 0.913868427 0.0953263193 0
vt 0.886533082 0.113591239 0
vt 0.910235405 0.0898889676 0
vt 0.891970515 0.117224328 0
vt 0.904797971 0.0862558484 0
vt 0.898384213 0.118500136 0
vt 0.898384213 0.0849800631 0
vt 0.901982605 0.399240643 0
vt 0.865686893 0.391936094 0
vt 0.869908869 0.381622851 0
vt 0.901982605 0.388077676 0
vt 0.901982546 0.207319334 0
vt 0.938278735 0.214623898 0
vt 0.934056044 0.224937171 0
vt 0.901982546 0.21848233 0
vt 0.938278854 0.391936094 0
vt 0.934056163 0.381622851 0
vt 0.865686893 0.214623898 0
vt 0.86990881 0.224937171 0
vt 0.9690485 0.37113446 0
vt 0.961246967 0.363241047 0
vt 0.834916472 0.235425562 0
vt 0.842718303 0.243318975 0
vt 0.989608645 0.340002596 0
vt 0.979414999 0.335730672 0
vt 0.814356506 0.266557425 0
vt 0.824549913 0.27082932 0
vt 0.996828318 0.303279996 0
vt 0.985794961 0.303279996 0
vt 0.814356506 0.340002596 0
vt 0.80713737 0.303279996 0
vt 0.818170667 0.303279996 0
vt 0.824550033 0.335730672 0
vt 0.989608645 0.266557455 0
vt 0.979414821 0.27082932 0
vt 0.834916592 0.37113446 0
vt 0.842718422 0.363241017 0
vt 0.9690485 0.235425562 0
vt 0.961246789 0.243318975 0
vt 0.901981354 0.364686936 0
vt 0.924609244 0.36000964 0
vt 0.924609244 0.246471405 0
vt 0.901981354 0.24179405 0
vt 0.943792462 0.346689701 0
vt 0.956610084 0.326755017 0
vt 0.879353225 0.246471405 0
vt 0.860170305 0.259791315 0
vt 0.943792462 0.259791315 0
vt 0.860170305 0.346689701 0
vt 0.879353225 0.36000964 0
vt 0.956610084 0.279725939 0
vt 0.847352386 0.326755017 0
vt 0.961111128 0.303240478 0
vt 0.842851818 0.303240478 0
vt 0.847352386 0.279725939 0
vt 0.898384273 0.161244482 0
vt 0.875613034 0.156715006 0
vt 0.898384213 0.042235747 0
vt 0.92115593 0.0467652455 0
vt 0.92115593 0.156715006 0
vt 0.875613034 0.0467652455 0
vt 0.940460324 0.143816069 0
vt 0.856308281 0.0596641824 0
vt 0.953359306 0.124511473 0
vt 0.8434093 0.0789687783 0
vt 0.957888842 0.101740129 0
vt 0.8434093 0.124511473 0
vt 0.838880122 0.101740129 0
vt 0.953359306 0.0789687783 0
vt 0.856308341 0.143816084 0
vt 0.940460205 0.0596641824 0
vt 0.916995943 0.29373315 0
vt 0.919591665 0.300454021 0
vt 0.918294609 0.300683796 0
vt 0.91632992 0.293950438 0
vt 0.919528842 0.307753772 0
vt 0.917406082 0.307826549 0
vt 0.916776538 0.31456238 0
vt 0.914534986 0.314369828 0
vt 0.884750068 0.314517111 0
vt 0.88175261 0.307202786 0
vt 0.883615553 0.305342436 0
vt 0.885670543 0.31208232 0
vt 0.884823143 0.291714787 0
vt 0.890562356 0.285970777 0
vt 0.892708182 0.287549525 0
vt 0.887441635 0.292054296 0
vt 0.911635816 0.319893807 0
vt 0.909418344 0.319080204 0
vt 0.88175261 0.299189448 0
vt 0.884239793 0.298304021 0
vt 0.898271441 0.284237146 0
vt 0.898924351 0.284960777 0
vt 0.904798448 0.322867572 0
vt 0.902950108 0.321287751 0
vt 0.905785918 0.284384698 0
vt 0.905861974 0.285554558 0
vt 0.897274375 0.322943121 0
vt 0.896154284 0.320718348 0
vt 0.912756324 0.287496299 0
vt 0.911942601 0.288762689 0
vt 0.890220404 0.320031345 0
vt 0.890080392 0.317483783 0
vt 0.88439548 0.345222801 0
vt 0.869909346 0.335543633 0
vt 0.93305546 0.272397548 0
vt 0.942734659 0.286883384 0
vt 0.860230148 0.321057796 0
vt 0.946133733 0.303970575 0
vt 0.85683167 0.303970605 0
vt 0.860230148 0.286883414 0
vt 0.942734659 0.321057826 0
vt 0.869909346 0.272397578 0
vt 0.93305546 0.335543662 0
vt 0.88439548 0.262718439 0
vt 0.918569744 0.345222801 0
vt 0.901482463 0.259319574 0
vt 0.901482463 0.348621607 0
vt 0.918569744 0.262718439 0
vt 0.996331096 0.498103142 0
vt 0.736443758 0.498103142 0
vt 0.736443758 0.471679628 0
vt 0.996331096 0.471679628 0
vt 0.995269775 0.465847611 0
vt 0.8430264 0.465847611 0
vt 0.8430264 0.44359982 0
vt 0.995269775 0.44359982 0
vt 0.717510641 0.42371738 0
vt 0.819099069 0.42371738 0
vt 0.819099069 0.470474988 0
vt 0.717510641 0.470474988 0
vt 0.819907606 0.384294748 0
vt 0.716742098 0.384294748 0
vt 0.716742098 0.422846675 0
vt 0.819907606 0.422846675 0
vt 0.586415827 0.260669321 0
vt 0.588986754 0.343716383 0
vt 0.532553792 0.343972415 0
vt 0.532553792 0.26057902 0
vt 0.687549591 0.343230665 0
vt 0.684525609 0.356664598 0
vt 0.664308965 0.357526511 0
vt 0.666336 0.342838496 0
vt 0.696599722 0.183521137 0
vt 0.696020365 0.261498034 0
vt 0.671526253 0.261125326 0
vt 0.672945023 0.183236241 0
vt 0.584460378 0.127112433 0
vt 0.585008919 0.182602599 0
vt 0.532553792 0.182432562 0
vt 0.532553792 0.126899928 0
vt 0.663797259 0.381124854 0
vt 0.633602679 0.385477901 0
vt 0.633602679 0.382392228 0
vt 0.663137674 0.378498763 0
vt 0.711164594 0.128217071 0
vt 0.711411715 0.18418619 0
vt 0.707814634 0.183748394 0
vt 0.707612872 0.128103226 0
vt 0.672717988 0.127822012 0
vt 0.629166603 0.182894081 0
vt 0.628184199 0.127466947 0
vt 0.698150635 0.0243739486 0
vt 0.708831668 0.0498488471 0
vt 0.703198314 0.0443099216 0
vt 0.696361482 0.0243739486 0
vt 0.698232234 0.358667403 0
vt 0.690964699 0.37054199 0
vt 0.68903029 0.369626284 0
vt 0.694090962 0.357585996 0
vt 0.588986754 0.387050897 0
vt 0.588986754 0.383932024 0
vt 0.680978358 0.368404657 0
vt 0.662719131 0.370561123 0
vt 0.633602679 0.373949975 0
vt 0.633602679 0.359737575 0
vt 0.588986754 0.375395924 0
vt 0.588986754 0.360696405 0
vt 0.709640861 0.262801588 0
vt 0.703348696 0.344979703 0
vt 0.697592258 0.3440983 0
vt 0.706896961 0.26194787 0
vt 0.633602679 0.34323734 0
vt 0.631685674 0.260840923 0
vt 0.628184199 0.0567859709 0
vt 0.628184199 0.0710809231 0
vt 0.584460378 0.0710809231 0
vt 0.584460378 0.0567859709 0
vt 0.673039317 0.0567859709 0
vt 0.673039317 0.0710809231 0
vt 0.696630955 0.0712169707 0
vt 0.696403444 0.128006101 0
vt 0.532553792 0.0710809231 0
vt 0.532553792 0.0567859709 0
vt 0.71135056 0.071058996 0
vt 0.707841277 0.0712102652 0
vt 0.705728412 0.0543778911 0
vt 0.696060419 0.056310609 0
vt 0.672780097 0.0414556265 0
vt 0.694687843 0.0427752286 0
vt 0.584460378 0.0414556265 0
vt 0.628184199 0.0414556265 0
vt 0.532553792 0.0414556265 0
vt 0.681878209 0.376492649 0
vt 0.680842161 0.374655485 0
vt 0.532553792 0.361026466 0
vt 0.532553792 0.387502939 0
vt 0.532553792 0.384368211 0
vt 0.532553792 0.375790089 0
vt 0.686129928 0.37279883 0
vt 0.683451235 0.370387197 0
vt 0.685032845 0.368573427 0
vt 0.680580974 0.370938957 0
vt 0.687186718 0.37404421 0
vt 0.532553792 0.379970342 0
vt 0.588986754 0.379559278 0
vt 0.691858292 0.343531191 0
vt 0.689161539 0.356929421 0
vt 0.703149676 0.0711968094 0
vt 0.702927709 0.128048539 0
vt 0.703138351 0.183597401 0
vt 0.702635169 0.26166448 0
vt 0.662557185 0.374400169 0
vt 0.633602679 0.378069133 0
vt 0.698965907 0.0432317033 0
vt 0.701476693 0.0557109341 0
vt 0.691067934 0.0256573856 0
vt 0.693561554 0.0243739486 0
vt 0.672401607 0.0332422256 0
vt 0.681037128 0.0308479294 0
vt 0.628184199 0.0340991318 0
vt 0.653823197 0.034270674 0
vt 0.532553792 0.0339068174 0
vt 0.584460378 0.0340605676 0
vt 0.478691757 0.260669321 0
vt 0.47612077 0.343716383 0
vt 0.377557993 0.343230665 0
vt 0.398771465 0.342838496 0
vt 0.400798559 0.357526511 0
vt 0.380581915 0.356664598 0
vt 0.368507862 0.183521137 0
vt 0.392162502 0.183236241 0
vt 0.393581271 0.261125326 0
vt 0.36908716 0.261498034 0
vt 0.480647177 0.127112433 0
vt 0.480098575 0.182602599 0
vt 0.401310295 0.381124854 0
vt 0.40196991 0.378498763 0
vt 0.431504846 0.382392228 0
vt 0.431504846 0.385477901 0
vt 0.353942931 0.128217071 0
vt 0.357494652 0.128103226 0
vt 0.35729292 0.183748394 0
vt 0.35369584 0.18418619 0
vt 0.392389536 0.127822012 0
vt 0.436923295 0.127466947 0
vt 0.435940892 0.182894081 0
vt 0.366956919 0.0243739486 0
vt 0.368746042 0.0243739486 0
vt 0.361909211 0.0443099216 0
vt 0.356275856 0.0498488471 0
vt 0.36687535 0.358667403 0
vt 0.371016562 0.357585996 0
vt 0.376077235 0.369626284 0
vt 0.374142885 0.37054199 0
vt 0.47612077 0.383932024 0
vt 0.47612077 0.387050897 0
vt 0.402388453 0.370561123 0
vt 0.384129226 0.368404657 0
vt 0.431504846 0.359737575 0
vt 0.431504846 0.373949975 0
vt 0.47612077 0.360696405 0
vt 0.47612077 0.375395924 0
vt 0.355466664 0.262801588 0
vt 0.358210623 0.26194787 0
vt 0.367515266 0.3440983 0
vt 0.361758888 0.344979703 0
vt 0.43342191 0.260840923 0
vt 0.431504846 0.34323734 0
vt 0.436923295 0.0567859709 0
vt 0.480647177 0.0567859709 0
vt 0.480647177 0.0710809231 0
vt 0.436923295 0.0710809231 0
vt 0.392068207 0.0567859709 0
vt 0.392068207 0.0710809231 0
vt 0.368476629 0.0712169707 0
vt 0.368704081 0.128006101 0
vt 0.359379143 0.0543778911 0
vt 0.357266307 0.0712102652 0
vt 0.353757024 0.071058996 0
vt 0.369047165 0.056310609 0
vt 0.370419681 0.0427752286 0
vt 0.392327487 0.0414556265 0
vt 0.436923295 0.0414556265 0
vt 0.480647177 0.0414556265 0
vt 0.383229315 0.376492649 0
vt 0.384265423 0.374655485 0
vt 0.38007468 0.368573427 0
vt 0.381656289 0.370387197 0
vt 0.378977597 0.37279883 0
vt 0.38452661 0.370938957 0
vt 0.377920866 0.37404421 0
vt 0.47612077 0.379559278 0
vt 0.375946045 0.356929421 0
vt 0.373249263 0.343531191 0
vt 0.362179786 0.128048539 0
vt 0.361957848 0.0711968094 0
vt 0.362472415 0.26166448 0
vt 0.361969262 0.183597401 0
vt 0.40255034 0.374400169 0
vt 0.431504846 0.378069133 0
vt 0.363630861 0.0557109341 0
vt 0.366141677 0.0432317033 0
vt 0.37154603 0.0243739486 0
vt 0.37403965 0.0256573856 0
vt 0.384070456 0.0308479294 0
vt 0.392705977 0.0332422256 0
vt 0.436923295 0.0340991318 0
vt 0.411284387 0.034270674 0
vt 0.480647177 0.0340605676 0
vt 0.775517404 0.142981425 0
vt 0.775517404 0.156265438 0
vt 0.801725388 0.142981425 0
vt 0.801725388 0.156265438 0
vt 0.76423198 0.145411998 0
vt 0.76423192 0.145536989 0
vt 0.763981938 0.145536989 0
vt 0.763981998 0.145411998 0
vt 0.763731003 0.145661995 0
vt 0.763731003 0.145411998 0
vt 0.763981998 0.145661995 0
vt 0.763981998 0.145912006 0
vt 0.76423198 0.145661995 0
vt 0.76423198 0.145912006 0
vt 0.764482975 0.145661995 0
vt 0.764482975 0.145411998 0
vt 0.76423198 0.146163002 0
vt 0.763981998 0.146163002 0
vt 0.763981998 0.145161003 0
vt 0.76423198 0.145161003 0
vt 0.764937878 0.132513538 0
vt 0.764937818 0.132638529 0
vt 0.764687836 0.132638529 0
vt 0.764687896 0.132513538 0
vt 0.765188873 0.132763535 0
vt 0.764937878 0.132763535 0
vt 0.765188873 0.132513538 0
vt 0.764687896 0.133013546 0
vt 0.764687896 0.132763535 0
vt 0.764937878 0.133013546 0
vt 0.764937878 0.133264542 0
vt 0.764687896 0.133264542 0
vt 0.764436901 0.132763535 0
vt 0.764436901 0.132513538 0
vt 0.764687896 0.132262543 0
vt 0.764937878 0.132262543 0
vt 0.817943931 0.192828462 0
vt 0.817077994 0.192835763 0
vt 0.819153547 0.192822129 0
vt 0.811690688 0.192758098 0
vt 0.815885663 0.192758098 0
vt 0.814728141 0.193920776 0
vt 0.811690688 0.193920776 0
vt 0.814712226 0.194741562 0
vt 0.811690688 0.194747522 0
vt 0.817173183 0.193920776 0
vt 0.821009696 0.193920776 0
vt 0.820985973 0.193985388 0
vt 0.811690688 0.192827702 0
vt 0.814699531 0.19282791 0
vt 0.820892036 0.192758098 0
vt 0.821046948 0.192758098 0
vt 0.817943931 0.192758098 0
vt 0.82120353 0.192758098 0
vt 0.820626795 0.194209248 0
vt 0.819958389 0.194428563 0
vt 0.817202687 0.194706008 0
vt 0.818439364 0.194678828 0
vt 0.820848882 0.194095433 0
vt 0.819321811 0.194588706 0
vt 0.814699531 0.192835763 0
vt 0.820897281 0.192758098 0
vt 0.820741177 0.192784578 0
vt 0.811690688 0.192835763 0
vt 0.820521116 0.192798957 0
vt 0.803752005 0.353946418 0
vt 0.803752005 0.366142303 0
vt 0.788190067 0.366142303 0
vt 0.790274978 0.353946418 0
vt 0.803752005 0.345018417 0
vt 0.795970976 0.345018417 0
vt 0.803752005 0.341750532 0
vt 0.778289497 0.355305076 0
vt 0.790274978 0.345018417 0
vt 0.776797891 0.366142303 0
vt 0.777178347 0.353457272 0
vt 0.788190067 0.345018417 0
vt 0.772980988 0.356698304 0
vt 0.772980988 0.355315953 0
vt 0.772980988 0.366142303 0
vt 0.617146194 0.831145585 0
vt 0.622627079 0.825693309 0
vt 0.632723391 0.83376801 0
vt 0.628885388 0.840136647 0
vt 0.604385197 0.777700245 0
vt 0.611652076 0.777700245 0
vt 0.612270474 0.795821548 0
vt 0.605104327 0.798071384 0
vt 0.609939933 0.819474876 0
vt 0.616429329 0.81501317 0
vt 0.673717082 0.843645871 0
vt 0.671280503 0.837041378 0
vt 0.680006802 0.83376801 0
vt 0.683863401 0.840136647 0
vt 0.690103114 0.825693309 0
vt 0.695602596 0.831145585 0
vt 0.707644641 0.798071384 0
vt 0.700459719 0.795821548 0
vt 0.701078236 0.777700245 0
vt 0.708560944 0.777700245 0
vt 0.639031708 0.843645871 0
vt 0.64144969 0.837041318 0
vt 0.696300983 0.81501317 0
vt 0.702809095 0.819474876 0
vt 0.138178453 0.831145585 0
vt 0.143659353 0.825693309 0
vt 0.15375571 0.83376801 0
vt 0.149917752 0.840136647 0
vt 0.125417396 0.777700245 0
vt 0.13268432 0.777700245 0
vt 0.133302689 0.795821548 0
vt 0.126136512 0.798071384 0
vt 0.130972147 0.819474876 0
vt 0.137461677 0.81501317 0
vt 0.194749311 0.843645871 0
vt 0.192312837 0.837041378 0
vt 0.20103915 0.83376801 0
vt 0.20489572 0.840136647 0
vt 0.211135387 0.825693309 0
vt 0.216634884 0.831145585 0
vt 0.228676885 0.798071384 0
vt 0.221492052 0.795821548 0
vt 0.222110465 0.777700245 0
vt 0.22939606 0.777700245 0
vt 0.160064042 0.843645871 0
vt 0.162481904 0.837041378 0
vt 0.217333123 0.81501317 0
vt 0.223841324 0.819474876 0
vt 0.00215673284 0.798075497 0
vt 0.00215673284 0.777700245 0
vt 0.0107108448 0.777700245 0
vt 0.0107108448 0.798071384 0
vt 0.0028332551 0.885923207 0
vt 0.010710964 0.885923207 0
vt 0.0107108448 0.928482711 0
vt 0.00508053508 0.928482711 0
vt 0.855439007 0.851640403 0
vt 0.998940527 0.851640403 0
vt 0.998940527 0.885923207 0
vt 0.855439007 0.885923207 0
vt 0.855439007 0.798071384 0
vt 0.998940647 0.806356966 0
vt 0.998940527 0.819474876 0
vt 0.855439007 0.819474876 0
vt 0.855439007 0.976510108 0
vt 0.855439007 0.928482711 0
vt 0.998940527 0.928482711 0
vt 0.998940527 0.976510108 0
vt 0.855439007 0.984427392 0
vt 0.998940527 0.984427392 0
vt 0.998940527 0.991814017 0
vt 0.855439007 0.991811275 0
vt 0.00215679244 0.819474876 0
vt 0.010710964 0.819474876 0
vt 0.010710964 0.851640403 0
vt 0.00215679244 0.851640403 0
vt 0.130972207 0.819474876 0
vt 0.160064161 0.843645871 0
vt 0.19474943 0.843645871 0
vt 0.216634944 0.831145585 0
vt 0.455841959 0.819474876 0
vt 0.455841959 0.851640403 0
vt 0.455841959 0.885923207 0
vt 0.455841959 0.928482771 0
vt 0.455841959 0.798071384 0
vt 0.455841959 0.777700186 0
vt 0.0107100103 0.954953134 0
vt 0.455841959 0.976510108 0
vt 0.0315333828 0.976510108 0
vt 0.0315221101 0.984427392 0
vt 0.455841959 0.984427392 0
vt 0.455841959 0.991797686 0
vt 0.0315221101 0.991772175 0
vt 0.00811062939 0.955132186 0
vt 0.855439007 0.99504745 0
vt 0.855439007 0.993924558 0
vt 0.998940527 0.993925333 0
vt 0.998940527 0.995047212 0
vt 0.0315221101 0.995049 0
vt 0.0315221101 0.993913591 0
vt 0.455841959 0.993920743 0
vt 0.455841959 0.995047987 0
vt 0.0148549769 0.970081389 0
vt 0.0117555121 0.965733171 0
vt 0.639031827 0.843645871 0
vt 0.604385197 0.777700186 0
vt 0.708560944 0.777700186 0
vt 0.863277674 0.777700186 0
vt 0.010541386 0.962711513 0
vt 0.0198733024 0.973545313 0
vt 0.0260724109 0.975756228 0
vt 0.998940647 0.789879322 0
vt 0.340826511 0.351599485 0
vt 0.341594517 0.340119898 0
vt 0.341180652 0.346305162 0
vt 0.342114031 0.332355469 0
vt 0.342090428 0.332707047 0
vt 0.342474937 0.326959848 0
vt 0.340916514 0.350253224 0
vt 0.343380332 0.31342566 0
vt 0.333280087 0.372243792 0
vt 0.329488277 0.372697949 0
vt 0.33186543 0.364126831 0
vt 0.335446477 0.364396632 0
vt 0.270018995 0.3812356 0
vt 0.271303028 0.375471532 0
vt 0.307845414 0.373793244 0
vt 0.306830257 0.380033076 0
vt 0.327399611 0.37878412 0
vt 0.231763676 0.376159281 0
vt 0.231650919 0.381795049 0
vt 0.176791042 0.382102221 0
vt 0.176791042 0.376606554 0
vt 0.331726074 0.37764746 0
vt 0.33487156 0.376269609 0
vt 0.345647871 0.0454377793 0
vt 0.347458065 0.0350813828 0
vt 0.350829214 0.0711894631 0
vt 0.347446144 0.0711894631 0
vt 0.341498852 0.0466881543 0
vt 0.341761827 0.0711894631 0
vt 0.343519568 0.0247260556 0
vt 0.339331478 0.023445297 0
vt 0.33728689 0.00142355263 0
vt 0.341285914 0.00116959214 0
vt 0.344123304 0.000701352954 0
vt 0.34462142 0.0350763127 0
vt 0.340615869 0.0350582339 0
vt 0.331020117 0.379077733 0
vt 0.325890064 0.380981326 0
vt 0.231650919 0.386912197 0
vt 0.176791042 0.386912197 0
vt 0.347446144 0.18984285 0
vt 0.341761827 0.18984285 0
vt 0.341761827 0.128625795 0
vt 0.347446144 0.128625795 0
vt 0.350829214 0.18984285 0
vt 0.350829214 0.128625795 0
vt 0.337587416 0.351599485 0
vt 0.334097952 0.351599485 0
vt 0.335257351 0.333106339 0
vt 0.338888526 0.3330504 0
vt 0.33409217 0.378785551 0
vt 0.330957949 0.380827904 0
vt 0.325525582 0.382795781 0
vt 0.338032722 0.365521848 0
vt 0.309061885 0.364249498 0
vt 0.343602896 0.265839189 0
vt 0.33947444 0.265839189 0
vt 0.346563935 0.265839189 0
vt 0.176791042 0.366059661 0
vt 0.231650919 0.365530878 0
vt 0.310515642 0.351599336 0
vt 0.176791042 0.034939982 0
vt 0.176791042 0.0233042352 0
vt 0.231650919 0.0233042911 0
vt 0.231650919 0.0349401236 0
vt 0.176791042 0.0465956144 0
vt 0.231650919 0.0465957001 0
vt 0.276283205 0.0233073309 0
vt 0.276900291 0.0349415317 0
vt 0.277393401 0.0465979502 0
vt 0.314686179 0.0233103447 0
vt 0.315576106 0.0349430256 0
vt 0.316537678 0.0465998128 0
vt 0.316656768 0.0711895525 0
vt 0.316656768 0.128625959 0
vt 0.338032722 0.365736783 0
vt 0.316367418 0.18984285 0
vt 0.315192759 0.265839189 0
vt 0.176791042 0.0711895525 0
vt 0.231650919 0.0711896718 0
vt 0.231650919 0.128626019 0
vt 0.176791042 0.128626019 0
vt 0.277425587 0.0711895525 0
vt 0.277425587 0.128626019 0
vt 0.176791042 0.189843029 0
vt 0.231650919 0.189843029 0
vt 0.231650919 0.265839189 0
vt 0.176791042 0.265839189 0
vt 0.277309805 0.189843029 0
vt 0.276461065 0.265839189 0
vt 0.268805772 0.386364073 0
vt 0.26865986 0.388162851 0
vt 0.231650919 0.388717562 0
vt 0.305216223 0.383440584 0
vt 0.304945707 0.385204196 0
vt 0.176791042 0.388717562 0
vt 0.272324353 0.36493659 0
vt 0.274238229 0.327948123 0
vt 0.231650919 0.327907324 0
vt 0.176791042 0.327854812 0
vt 0.274707526 0.00207428634 0
vt 0.312431097 0.0018331334 0
vt 0.231477767 0.00207428634 0
vt 0.311584294 0.332006067 0
vt 0.176791042 0.00207428634 0
vt 0.298703104 0.351599336 0
vt 0.298569322 0.331630111 0
vt 0.298543692 0.327970743 0
vt 0.272569805 0.361908376 0
vt 0.298770189 0.361807138 0
vt 0.176810309 0.362268388 0
vt 0.231669337 0.362062156 0
vt 0.273405433 0.351599336 0
vt 0.231721744 0.352193594 0
vt 0.176861808 0.352144361 0
vt 0.231650919 0.330886215 0
vt 0.176791042 0.330837041 0
vt 0.274131715 0.330924243 0
vt 0.0127555728 0.351599485 0
vt 0.0124014318 0.346305162 0
vt 0.0119875669 0.340119898 0
vt 0.0114680529 0.332355469 0
vt 0.0111071467 0.326959848 0
vt 0.0114916563 0.332707047 0
vt 0.0126655698 0.350253224 0
vt 0.0102017522 0.31342566 0
vt 0.0203019977 0.372243792 0
vt 0.0181356072 0.364396632 0
vt 0.0217166543 0.364126831 0
vt 0.0240938067 0.372697949 0
vt 0.0835630894 0.3812356 0
vt 0.046751827 0.380033076 0
vt 0.0457366705 0.373793244 0
vt 0.0822790563 0.375471532 0
vt 0.0261824727 0.37878412 0
vt 0.121818408 0.376159281 0
vt 0.121931165 0.381795049 0
vt 0.02185601 0.37764746 0
vt 0.0187105238 0.376269609 0
vt 0.00793421268 0.045437783 0
vt 0.00613594055 0.0711894631 0
vt 0.00275287032 0.0711894631 0
vt 0.00612401962 0.0350813866 0
vt 0.0120832324 0.0466881543 0
vt 0.0118202567 0.0711894631 0
vt 0.0100625157 0.0247260556 0
vt 0.01229617 0.00116959214 0
vt 0.0162951946 0.00142355263 0
vt 0.0142506063 0.0234452933 0
vt 0.00945878029 0.000701352954 0
vt 0.00896066427 0.0350763127 0
vt 0.0129662156 0.0350582302 0
vt 0.0276920199 0.380981326 0
vt 0.0225619674 0.379077733 0
vt 0.121931165 0.386912197 0
vt 0.00613594055 0.18984285 0
vt 0.00613594055 0.128625795 0
vt 0.0118202567 0.128625795 0
vt 0.0118202567 0.18984285 0
vt 0.00275287032 0.18984285 0
vt 0.00275287032 0.128625795 0
vt 0.015994668 0.351599485 0
vt 0.0146935582 0.3330504 0
vt 0.0183247328 0.333106339 0
vt 0.0194841325 0.351599485 0
vt 0.022624135 0.380827904 0
vt 0.0194899142 0.378785551 0
vt 0.0280565023 0.382795781 0
vt 0.0155493617 0.365521848 0
vt 0.0445201993 0.364249498 0
vt 0.00997918844 0.265839189 0
vt 0.0141076446 0.265839189 0
vt 0.0070181489 0.265839189 0
vt 0.121931165 0.365530878 0
vt 0.043066442 0.351599336 0
vt 0.121931165 0.0349401236 0
vt 0.121931165 0.0233042911 0
vt 0.176791042 0.0233042389 0
vt 0.176791042 0.0465956181 0
vt 0.121931165 0.0465957001 0
vt 0.0766817927 0.0349415317 0
vt 0.0772988796 0.0233073309 0
vt 0.0761886835 0.0465979502 0
vt 0.0380059779 0.0349430293 0
vt 0.038895905 0.0233103484 0
vt 0.0370444059 0.0465998128 0
vt 0.0369253159 0.0711895525 0
vt 0.0369253159 0.128625959 0
vt 0.0155493617 0.365736783 0
vt 0.0372146666 0.18984285 0
vt 0.0383893251 0.265839189 0
vt 0.121931165 0.128626019 0
vt 0.121931165 0.0711896718 0
vt 0.076156497 0.128626019 0
vt 0.076156497 0.0711895525 0
vt 0.121931165 0.265839189 0
vt 0.121931165 0.189843029 0
vt 0.0771210194 0.265839189 0
vt 0.076272279 0.189843029 0
vt 0.0847763121 0.386364073 0
vt 0.121931165 0.388717562 0
vt 0.0849222243 0.388162851 0
vt 0.0483658612 0.383440584 0
vt 0.0486363769 0.385204196 0
vt 0.0812577307 0.36493659 0
vt 0.121931165 0.327907324 0
vt 0.0793438554 0.327948123 0
vt 0.0788745582 0.00207428634 0
vt 0.0411509871 0.00183314085 0
vt 0.122104317 0.00207428634 0
vt 0.0419977903 0.332006067 0
vt 0.0550127625 0.331630111 0
vt 0.0548789799 0.351599336 0
vt 0.0550383925 0.327970743 0
vt 0.0810122788 0.361908376 0
vt 0.0548118949 0.361807138 0
vt 0.176771775 0.362268388 0
vt 0.121912748 0.362062156 0
vt 0.0801766515 0.351599336 0
vt 0.12186034 0.352193594 0
vt 0.176720276 0.352144361 0
vt 0.121931165 0.330886215 0
vt 0.0794503689 0.330924243 0
vt 0.441735804 0.511037946 0
vt 0.447501212 0.507229805 0
vt 0.448778361 0.508869708 0
vt 0.442424119 0.512779415 0
vt 0.443716943 0.50342983 0
vt 0.446497738 0.499297917 0
vt 0.45141995 0.501394749 0
vt 0.452792287 0.494224668 0
vt 0.454405665 0.494224668 0
vt 0.452974975 0.502316713 0
vt 0.44744879 0.494224668 0
vt 0.453622133 0.502386272 0
vt 0.449630976 0.509026408 0
vt 0.435027331 0.494224668 0
vt 0.435027331 0.461963773 0
vt 0.44744879 0.461963773 0
vt 0.439697266 0.506064117 0
vt 0.454770535 0.494224668 0
vt 0.443040967 0.513389528 0
vt 0.454405785 0.461963773 0
vt 0.454770535 0.461963773 0
vt 0.452792287 0.461963773 0
vt 0.434941441 0.506982803 0
vt 0.434941441 0.512363434 0
vt 0.434941441 0.514179647 0
vt 0.435189307 0.51490742 0
vt 0.375537962 0.494224668 0
vt 0.375537962 0.461963773 0
vt 0.375451833 0.512363434 0
vt 0.375480711 0.506438613 0
vt 0.375487864 0.514102876 0
vt 0.375537962 0.51490742 0
vt 0.441735804 0.412889779 0
vt 0.442424119 0.411148131 0
vt 0.448778361 0.415057868 0
vt 0.447501212 0.416697919 0
vt 0.443716943 0.420497864 0
vt 0.45141995 0.422532856 0
vt 0.446497738 0.424629658 0
vt 0.452974975 0.421610832 0
vt 0.454405665 0.429702878 0
vt 0.452792287 0.429703057 0
vt 0.44744879 0.429703057 0
vt 0.449630976 0.414901167 0
vt 0.453622133 0.421541393 0
vt 0.435027331 0.429703057 0
vt 0.439697266 0.417863429 0
vt 0.454770535 0.429703057 0
vt 0.443040967 0.410538018 0
vt 0.434941441 0.416944712 0
vt 0.434941441 0.411564231 0
vt 0.434941441 0.409748077 0
vt 0.435189307 0.409020096 0
vt 0.375537962 0.429703057 0
vt 0.375480711 0.417489111 0
vt 0.375451833 0.411564231 0
vt 0.375487864 0.409824789 0
vt 0.375537962 0.409020096 0
vt 0.309340119 0.511037946 0
vt 0.308651865 0.512779415 0
vt 0.302297503 0.508869708 0
vt 0.303574651 0.507229805 0
vt 0.30735901 0.50342983 0
vt 0.299655735 0.501394749 0
vt 0.304578125 0.499297917 0
vt 0.298101008 0.502316713 0
vt 0.296670377 0.494224668 0
vt 0.298283458 0.494224668 0
vt 0.303626865 0.494224668 0
vt 0.301444978 0.509026408 0
vt 0.297453851 0.502386272 0
vt 0.303626865 0.461963773 0
vt 0.316048414 0.461963773 0
vt 0.316048414 0.494224668 0
vt 0.311378568 0.506064117 0
vt 0.296305329 0.494224668 0
vt 0.308034986 0.513389528 0
vt 0.296305329 0.461963773 0
vt 0.296670258 0.461963773 0
vt 0.298283458 0.461963773 0
vt 0.316134542 0.506982803 0
vt 0.316134542 0.512363434 0
vt 0.316134542 0.514179647 0
vt 0.315886557 0.51490742 0
vt 0.375595301 0.506438613 0
vt 0.375623852 0.512363434 0
vt 0.375588119 0.514102876 0
vt 0.309340119 0.412889779 0
vt 0.303574651 0.416697919 0
vt 0.302297503 0.415057868 0
vt 0.308651865 0.411148131 0
vt 0.30735901 0.420497864 0
vt 0.304578125 0.424629658 0
vt 0.299655735 0.422532856 0
vt 0.298283458 0.429703057 0
vt 0.296670377 0.429702878 0
vt 0.298101008 0.421610832 0
vt 0.303626865 0.429703057 0
vt 0.297453851 0.421541393 0
vt 0.301444978 0.414901167 0
vt 0.316048414 0.429703057 0
vt 0.311378568 0.417863429 0
vt 0.296305329 0.429703057 0
vt 0.308034986 0.410538018 0
vt 0.316134542 0.416944712 0
vt 0.316134542 0.411564231 0
vt 0.316134542 0.409748077 0
vt 0.315886557 0.409020096 0
vt 0.375623852 0.411564231 0
vt 0.375595301 0.417489111 0
vt 0.375588119 0.409824789 0
vt 0.189033687 0.480324239 0
vt 0.188362479 0.476641536 0
vt 0.191021383 0.475153923 0
vt 0.191337168 0.478999197 0
vt 0.235001683 0.443542093 0
vt 0.235672891 0.447224796 0
vt 0.233013928 0.448716462 0
vt 0.232698411 0.444871217 0
vt 0.229928583 0.440755635 0
vt 0.231968403 0.439127505 0
vt 0.192066789 0.439127505 0
vt 0.196124971 0.437513232 0
vt 0.197558165 0.439966977 0
vt 0.194107056 0.440755635 0
vt 0.102357566 0.462008685 0
vt 0.102357566 0.472195834 0
vt 0.0856543183 0.472195834 0
vt 0.0856543183 0.451832831 0
vt 0.232698411 0.478999048 0
vt 0.235001683 0.480324239 0
vt 0.231968403 0.484738916 0
vt 0.229928583 0.482848644 0
vt 0.227910191 0.437513232 0
vt 0.226477623 0.439966977 0
vt 0.235672891 0.476641536 0
vt 0.233013928 0.475153923 0
vt 0.196124971 0.486353159 0
vt 0.192066789 0.484738916 0
vt 0.194107056 0.482848644 0
vt 0.197558165 0.483637542 0
vt 0.188362479 0.447224796 0
vt 0.189033687 0.443542093 0
vt 0.191337168 0.444871217 0
vt 0.191021383 0.448716462 0
vt 0.226477623 0.483637542 0
vt 0.227910191 0.486353159 0
vt 0.102357566 0.474821568 0
vt 0.0849286914 0.474821568 0
vt 0.10608083 0.453252912 0
vt 0.107750893 0.451306283 0
vt 0.111201763 0.455172181 0
vt 0.109381258 0.457102865 0
vt 0.112585366 0.462008685 0
vt 0.111202359 0.4688676 0
vt 0.109381735 0.466936827 0
vt 0.110206246 0.462008685 0
vt 0.102357566 0.451832831 0
vt 0.10608083 0.470782429 0
vt 0.0849286914 0.449207306 0
vt 0.212845564 0.461908191 0
vt 0.102357566 0.449207306 0
vt 0.107750893 0.472729027 0
vt 0.63303721 0.462008685 0
vt 0.63303721 0.472195834 0
vt 0.616804957 0.472195834 0
vt 0.616804957 0.451832831 0
vt 0.63303721 0.474821568 0
vt 0.61607933 0.474821568 0
vt 0.636760414 0.453252912 0
vt 0.638430774 0.451306283 0
vt 0.641881227 0.455172181 0
vt 0.64006108 0.457102865 0
vt 0.643265009 0.462008685 0
vt 0.641882002 0.4688676 0
vt 0.640061378 0.466936827 0
vt 0.640886307 0.462008685 0
vt 0.63303721 0.451832831 0
vt 0.636760414 0.470782429 0
vt 0.61607933 0.449207306 0
vt 0.63303721 0.449207306 0
vt 0.638430774 0.472729027 0
vt 0.515236676 0.480324239 0
vt 0.514565468 0.476641536 0
vt 0.517224371 0.475153923 0
vt 0.517540276 0.478999197 0
vt 0.561204791 0.443542093 0
vt 0.561876059 0.447224796 0
vt 0.559216976 0.448716462 0
vt 0.558901548 0.444871217 0
vt 0.55613178 0.440755635 0
vt 0.558171332 0.439127505 0
vt 0.518269897 0.439127505 0
vt 0.522328258 0.437513232 0
vt 0.523761213 0.439966977 0
vt 0.520310283 0.440755635 0
vt 0.558901548 0.478999048 0
vt 0.561204791 0.480324239 0
vt 0.558171332 0.484738916 0
vt 0.55613178 0.482848644 0
vt 0.554113448 0.437513232 0
vt 0.55268079 0.439966977 0
vt 0.561876059 0.476641536 0
vt 0.559216976 0.475153923 0
vt 0.522328258 0.486353159 0
vt 0.518269897 0.484738916 0
vt 0.520310283 0.482848644 0
vt 0.523761213 0.483637542 0
vt 0.514565468 0.447224796 0
vt 0.515236676 0.443542093 0
vt 0.517540276 0.444871217 0
vt 0.517224371 0.448716462 0
vt 0.55268079 0.483637542 0
vt 0.554113448 0.486353159 0
vt 0.539048791 0.461908191 0
vt 0.110128462 0.438970089 0
vt 0.110128462 0.461963773 0
vt 0.00588598847 0.461963773 0
vt 0.00588598847 0.438970089 0
vt 0.110128462 0.408249557 0
vt 0.110128462 0.423458397 0
vt 0.00588598847 0.423458397 0
vt 0.00588598847 0.408249736 0
vt 0.65976131 0.399623811 0
vt 0.65976131 0.408249557 0
vt 0.399207234 0.408249557 0
vt 0.399207234 0.399623811 0
vt 0.110128462 0.399623811 0
vt 0.00588598847 0.399623811 0
vt 0.65976131 0.438970089 0
vt 0.65976131 0.461963773 0
vt 0.399207234 0.461963773 0
vt 0.399207234 0.438970089 0
vt 0.65976131 0.423458397 0
vt 0.399207234 0.423458397 0
vt 0.110128462 0.484957457 0
vt 0.00588598847 0.484957457 0
vt 0.110128462 0.515677869 0
vt 0.00588598847 0.515677929 0
vt 0.00588598847 0.500469327 0
vt 0.110128462 0.500469327 0
vt 0.65976131 0.524303734 0
vt 0.399207234 0.524303734 0
vt 0.399207234 0.515677869 0
vt 0.65976131 0.515677869 0
vt 0.110128462 0.524303734 0
vt 0.00588598847 0.524303734 0
vt 0.65976131 0.484957457 0
vt 0.399207234 0.484957457 0
vt 0.399207234 0.500469327 0
vt 0.65976131 0.500469327 0
vt 0.706865072 0.399623811 0
vt 0.706865072 0.408249557 0
vt 0.706865072 0.484957457 0
vt 0.706865072 0.500469327 0
vt 0.706865072 0.515677869 0
vt 0.706865072 0.524303734 0
vt 0.706865072 0.423458397 0
vt 0.706865072 0.438970089 0
vt 0.706865072 0.461963773 0
vn 0 0 1
vn -0 -4.20852388e-07 1
vn -0 -4.0836332e-07 1
vn 0 0 1
vn 0 -2.22402363e-07 -1
vn 0 -2.22402136e-07 -1
vn 0 -2.31290301e-07 -1
vn 0 -2.18240899e-07 -0.99999994
vn 0 0 0.99999994
vn -0 -4.45095651e-07 1
vn -0 -4.20853638e-07 1
vn 0 0 1
vn -0 -4.20852388e-07 1
vn -0 -4.20853638e-07 1
vn -0 -4.45095651e-07 1
vn -0 -4.0836332e-07 1
vn 0 4.62757924e-07 1
vn 0 4.44804584e-07 1
vn 0 4.44805039e-07 1
vn 0 4.36482111e-07 0.99999994
vn 0 0 1
vn 0 0 1
vn 0 4.44804584e-07 1
vn 0 4.62757924e-07 1
vn 0 0 -1
vn 0 0 -1
vn 0 0 -1
vn 0 0 -1
vn 0 0 -1
vn 0 -2.22402363e-07 -1
vn 0 -2.18240899e-07 -0.99999994
vn 0 0 -1
vn 0 -2.22402136e-07 -1
vn 0 0 -1
vn 0 0 -1
vn 0 -2.31290301e-07 -1
vn 0 7.66667654e-07 -1
vn 0 7.22505831e-07 -1
vn 0 1.53333838e-06 -1
vn 0 1.53333838e-06 -1
vn 0 0 -1
vn 0 0 -1
vn 0 7.22505831e-07 -1
vn 0 7.66667654e-07 -1
vn 0 4.44805039e-07 1
vn 0 0 1
vn 0 0 1
vn 0 4.36482111e-07 0.99999994
vn 0.92119807 0.259676486 -0.28976202
vn 0.915755749 0.351319045 -0.194849715
vn 0.915594399 0.35300386 -0.192549229
vn 0.921298623 0.255702317 -0.292959422
vn 0.903550446 -0.0781968087 -0.42128557
vn 0.904418647 -0.0314134322 -0.425488204
vn 0.904416502 -0.0382169746 -0.424935728
vn 0.903550565 -0.0781968161 -0.421285689
vn 0.918196142 0.117388837 -0.378332704
vn 0.92119807 0.259676486 -0.28976202
vn 0.921298623 0.255702317 -0.292959422
vn 0.916195333 0.0941295028 -0.3895199
vn 0.906685054 0.414404154 0.0786859542
vn 0.915938377 0.350919604 0.194710985
vn 0.915765882 0.352704108 0.19228296
vn 0.905278146 0.419972807 0.0639880896
vn 0.904418647 -0.0314134322 -0.425488204
vn 0.918196142 0.117388837 -0.378332704
vn 0.916195333 0.0941295028 -0.3895199
vn 0.904416502 -0.0382169746 -0.424935728
vn 0.915938377 0.350919604 0.194710985
vn 0.921448886 0.259233475 0.289361358
vn 0.921548903 0.255372941 0.292459011
vn 0.915765882 0.352704108 0.19228296
vn 0.904825449 -0.0315870456 0.424609214
vn 0.903960407 -0.0782694146 0.420392156
vn 0.903960347 -0.0782694146 0.420392185
vn 0.904823363 -0.0383486375 0.42405656
vn 0.906597674 0.414605439 -0.0786308944
vn 0.906685054 0.414404154 0.0786859542
vn 0.905278146 0.419972807 0.0639880896
vn 0.905224264 0.42006737 -0.0641266629
vn 0.921448886 0.259233475 0.289361358
vn 0.918524861 0.117010966 0.377651662
vn 0.916549802 0.0939071774 0.388738602
vn 0.921548903 0.255372941 0.292459011
vn 0.918524861 0.117010966 0.377651662
vn 0.904825449 -0.0315870456 0.424609214
vn 0.904823363 -0.0383486375 0.42405656
vn 0.916549802 0.0939071774 0.388738602
vn 0.915755749 0.351319045 -0.194849715
vn 0.906597674 0.414605439 -0.0786308944
vn 0.905224264 0.42006737 -0.0641266629
vn 0.915594399 0.35300386 -0.192549229
vn -1 0 0
vn -1 0 0
vn -1 0 0
vn -1 0 0
vn -1 0 0
vn -1 0 0
vn -1 0 0
vn -1 0 0
vn -1 0 0
vn -1 0 0
vn -1 0 0
vn -1 0 0
vn -1 0 0
vn -1 0 0
vn -1 0 0
vn -1 0 0
vn -1 0 0
vn -1 0 0
vn -1 0 0
vn -1 0 0
vn -1 0 0
vn -1 0 0
vn -1 0 0
vn -1 0 0
vn 0 -1 -0
vn 0 -1 -0
vn 0 -1 -0
vn 0 -1 -0
vn 5.09922029e-06 1 0
vn 5.09922029e-06 1 0
vn 5.09922029e-06 1 0
vn 5.09922029e-06 1 0
vn 0.921197355 0.25967738 -0.289764017
vn 0.915755212 0.351319611 -0.194850847
vn 0.915594041 0.353004247 -0.19255057
vn 0.921297729 0.255703211 -0.292961329
vn 0.90355128 -0.0781962276 -0.421284169
vn 0.904419005 -0.0314140283 -0.42548731
vn 0.9044168 -0.0382173769 -0.424934745
vn 0.903551221 -0.0781962201 -0.421284139
vn 0.918195903 0.117388941 -0.378333211
vn 0.921197355 0.25967738 -0.289764017
vn 0.921297729 0.255703211 -0.292961329
vn 0.916195095 0.0941289291 -0.389520377
vn 0.906685472 0.414403141 0.0786857605
vn 0.915938675 0.350919038 0.194710433
vn 0.91576606 0.352703542 0.192282379
vn 0.905278385 0.419971943 0.0639877841
vn 0.904419005 -0.0314140283 -0.42548731
vn 0.918195903 0.117388941 -0.378333211
vn 0.916195095 0.0941289291 -0.389520377
vn 0.9044168 -0.0382173769 -0.424934745
vn 0.915938675 0.350919038 0.194710433
vn 0.921448886 0.25923273 0.289361686
vn 0.921548963 0.255372494 0.2924591
vn 0.91576606 0.352703542 0.192282379
vn 0.905902386 -0.0309334192 0.422355086
vn 0.90634501 -0.0765581653 0.415545046
vn 0.90634501 -0.0765581727 0.415545046
vn 0.906083047 -0.0374278501 0.421441168
vn 0.906597912 0.41460529 -0.0786306933
vn 0.906685472 0.414403141 0.0786857605
vn 0.905278385 0.419971943 0.0639877841
vn 0.905224383 0.420067132 -0.0641264841
vn 0.921448886 0.25923273 0.289361686
vn 0.918524325 0.117010444 0.377652586
vn 0.916549504 0.0939064547 0.388739914
vn 0.921548963 0.255372494 0.2924591
vn 0.918524325 0.117010444 0.377652586
vn 0.905902386 -0.0309334192 0.422355086
vn 0.906083047 -0.0374278501 0.421441168
vn 0.916549504 0.0939064547 0.388739914
vn 0.915755212 0.351319611 -0.194850847
vn 0.906597912 0.41460529 -0.0786306933
vn 0.905224383 0.420067132 -0.0641264841
vn 0.915594041 0.353004247 -0.19255057
vn 0 0 1
vn 0 2.10425995e-07 1
vn 0 2.04181859e-07 1
vn 0 0 1
vn 0 0 -1
vn 0 0 -0.99999994
vn 0 0 -1
vn 0 0 -1
vn 0 0 0.99999994
vn 0 2.22994601e-07 1
vn 0 2.10426975e-07 1
vn 0 0 0.99999994
vn 0 2.10425995e-07 1
vn 0 2.10426975e-07 1
vn 0 2.22994601e-07 1
vn 0 2.04181859e-07 1
vn -0 -1.33324249e-07 0.99999994
vn -0 -3.72466246e-07 1
vn -0 -3.76705913e-07 1
vn -0 -1.35866742e-07 1
vn -0 -3.72466246e-07 1
vn -0 -4.81678796e-07 1
vn -0 -4.81678853e-07 1
vn -0 -3.76705913e-07 1
vn 0 -4.20851677e-07 -1
vn 0 0 -1
vn 0 0 -1
vn 0 -4.08363491e-07 -1
vn 0 0 -0.99999994
vn 0 0 -1
vn 0 0 -1
vn 0 0 -1
vn 0 0 -1
vn 0 0 -1
vn 0 0 -1
vn 0 0 -1
vn 0 3.58051437e-07 -1
vn 0 2.86396244e-07 -1
vn 0 1.55781436e-06 -1
vn 0 1.55781424e-06 -0.99999994
vn 0 -4.20851677e-07 -1
vn 0 -4.08363491e-07 -1
vn 0 2.86396244e-07 -1
vn 0 3.58051437e-07 -1
vn -0 -1.35866742e-07 1
vn 0 0 1
vn 0 0 1
vn -0 -1.33324249e-07 0.99999994
vn 1 1.80687479e-07 0
vn 1 3.41532918e-08 0
vn 1 3.41532918e-08 0
vn 1 1.80687479e-07 0
vn 1 0 0
vn 1 0 0
vn 1 0 0
vn 1 0 0
vn 1 3.41532918e-08 0
vn 1 -5.61904479e-08 0
vn 1 -5.61904479e-08 0
vn 1 3.41532918e-08 0
vn 1 0 0
vn 1 0 0
vn 1 0 0
vn 1 0 0
vn 1 -5.61904479e-08 0
vn 1 0 0
vn 1 0 0
vn 1 -5.61904479e-08 0
vn 1 0 0
vn 1 0 0
vn 1 0 0
vn 1 0 0
vn 0 -1 -0
vn 0 -1 -0
vn 0 -1 -0
vn 0 -1 -0
vn 0 0 1
vn 0 1.05212997e-07 1
vn 0 1.02090929e-07 1
vn 0 0 1
vn 0 5.78461439e-08 -1
vn 0 5.45602248e-08 -0.99999994
vn 0 5.56005908e-08 -1
vn 0 5.5600534e-08 -1
vn -0 -7.78910817e-07 0.99999994
vn -0 -2.54697028e-07 1
vn -0 -2.84240855e-07 1
vn -0 -7.7891076e-07 0.99999994
vn 0 1.05212997e-07 1
vn -0 -2.84240855e-07 1
vn -0 -2.54697028e-07 1
vn 0 1.02090929e-07 1
vn -0 -7.99167097e-08 0.99999994
vn -0 -1.57183422e-08 1
vn -0 -9.52451895e-09 1
vn -0 -8.14407244e-08 1
vn -0 -1.57183422e-08 1
vn 0 1.43832111e-07 1
vn 0 1.43832111e-07 1
vn -0 -9.52451895e-09 1
vn 0 0 -1
vn 0 0 -1
vn 0 0 -1
vn 0 0 -1
vn 0 5.45602248e-08 -0.99999994
vn 0 0 -1
vn 0 0 -1
vn 0 5.56005908e-08 -1
vn 0 0 -1
vn 0 5.78461439e-08 -1
vn 0 5.5600534e-08 -1
vn 0 0 -1
vn 0 -9.73631344e-08 -1
vn 0 -9.1548138e-08 -1
vn 0 -1.94726795e-07 -1
vn 0 -1.9472678e-07 -0.99999994
vn 0 0 -1
vn 0 0 -1
vn 0 -9.1548138e-08 -1
vn 0 -9.73631344e-08 -1
vn -0 -8.14407244e-08 1
vn 0 0 1
vn 0 0 1
vn -0 -7.99167097e-08 0.99999994
vn 1 1.80687479e-07 0
vn 1 3.41532918e-08 0
vn 1 3.41532918e-08 0
vn 1 1.80687479e-07 0
vn 1 0 0
vn 1 0 0
vn 1 0 0
vn 1 0 0
vn 1 3.41532918e-08 0
vn 1 -5.61904479e-08 0
vn 1 -5.61904479e-08 0
vn 1 3.41532918e-08 0
vn 1 0 0
vn 1 0 0
vn 1 0 0
vn 1 0 0
vn 1 -5.61904479e-08 0
vn 1 0 0
vn 1 0 0
vn 1 -5.61904479e-08 0
vn 1 0 0
vn 1 0 0
vn 1 0 0
vn 1 0 0
vn 0 -1 -0
vn 0 -1 -0
vn 0 -1 -0
vn 0 -1 -0
vn 8.2133347e-06 1 0
vn 8.2133347e-06 1 0
vn 8.2133347e-06 1 0
vn 8.2133347e-06 1 0
vn 8.2133347e-06 1 0
vn 8.2133347e-06 1 0
vn 8.2133347e-06 1 0
vn 8.2133347e-06 1 0
vn -0 -0.365598232 0.930772722
vn -0 -0.360847145 0.932624936
vn -0 -0.652126551 0.758110166
vn -0 -0.652126551 0.758110166
vn 0 -0.869165599 -0.494521052
vn 0 -0.869165599 -0.494521052
vn 0 -0.652126431 -0.758110166
vn 0 -0.652126431 -0.758110166
vn -0 -0.129174992 0.991621733
vn -0 -0.123282321 0.992371619
vn -0 -0.360847145 0.932624936
vn -0 -0.365598232 0.930772722
vn 0 -0.652126431 -0.758110166
vn 0 -0.652126431 -0.758110166
vn 0 -0.360847771 -0.932624638
vn 0 -0.365598887 -0.930772603
vn -0 -0.983905137 0.178691253
vn -0 -0.983905137 0.178691253
vn 0 -0.983905256 -0.178691462
vn 0 -0.983905256 -0.178691462
vn 0 -0.365598887 -0.930772603
vn 0 -0.360847771 -0.932624638
vn 0 -0.12328276 -0.9923715
vn 0 -0.129175484 -0.991621792
vn -0 -0.869166076 0.494520396
vn -0 -0.869166076 0.494520396
vn -0 -0.983905137 0.178691253
vn -0 -0.983905137 0.178691253
vn -0 -0.0340644754 0.999419689
vn -0 -0.0340644754 0.999419689
vn -0 -0.123282321 0.992371619
vn -0 -0.129174992 0.991621733
vn 0 -0.983905256 -0.178691462
vn 0 -0.983905256 -0.178691462
vn 0 -0.869165599 -0.494521052
vn 0 -0.869165599 -0.494521052
vn 0 -0.129175484 -0.991621792
vn 0 -0.12328276 -0.9923715
vn 0 -0.0340644754 -0.999419689
vn 0 -0.0340644754 -0.999419689
vn -0 -0.652126551 0.758110166
vn -0 -0.652126551 0.758110166
vn -0 -0.869166076 0.494520396
vn -0 -0.869166076 0.494520396
vn -0 -0.365598172 0.930772841
vn -0 -0.360847056 0.932624996
vn -0 -0.652127385 0.75810951
vn -0 -0.652127385 0.75810951
vn 0 -0.869165182 -0.494521886
vn 0 -0.869165182 -0.494521886
vn 0 -0.652124822 -0.758111596
vn 0 -0.652124822 -0.758111596
vn -0 -0.129177019 0.991621614
vn -0 -0.123284534 0.99237138
vn -0 -0.360847056 0.932624996
vn -0 -0.365598172 0.930772841
vn 0 -0.652124822 -0.758111596
vn 0 -0.652124822 -0.758111596
vn 0 -0.360848218 -0.932624459
vn 0 -0.365599275 -0.930772305
vn -0 -0.983904839 0.17869328
vn -0 -0.983904839 0.17869328
vn 0 -0.983905256 -0.178691134
vn 0 -0.983905256 -0.178691134
vn 0 -0.365599275 -0.930772305
vn 0 -0.360848218 -0.932624459
vn 0 -0.123283103 -0.9923715
vn 0 -0.129176006 -0.991621673
vn -0 -0.869165361 0.494521409
vn -0 -0.869165361 0.494521409
vn -0 -0.983904839 0.17869328
vn -0 -0.983904839 0.17869328
vn -0 -0.034069512 0.99941951
vn -0 -0.034069512 0.99941951
vn -0 -0.123284534 0.99237138
vn -0 -0.129177019 0.991621614
vn 0 -0.983905256 -0.178691134
vn 0 -0.983905256 -0.178691134
vn 0 -0.869165182 -0.494521886
vn 0 -0.869165182 -0.494521886
vn 0 -0.129176006 -0.991621673
vn 0 -0.123283103 -0.9923715
vn 0 -0.0340622924 -0.999419808
vn 0 -0.0340622924 -0.999419689
vn -0 -0.652127385 0.75810951
vn -0 -0.652127385 0.75810951
vn -0 -0.869165361 0.494521409
vn -0 -0.869165361 0.494521409
vn -0 -0.365597934 0.930772841
vn -0 -0.652126729 0.758109927
vn -0 -0.652126729 0.758109927
vn -0 -0.360846847 0.932624936
vn 0 -0.869165599 -0.49452123
vn 0 -0.652126551 -0.758110106
vn 0 -0.652126551 -0.758110106
vn 0 -0.869165599 -0.49452123
vn -0 -0.129175022 0.991621792
vn -0 -0.365597934 0.930772841
vn -0 -0.360846847 0.932624936
vn -0 -0.123282351 0.992371619
vn 0 -0.652126551 -0.758110106
vn 0 -0.365599334 -0.930772364
vn 0 -0.360848218 -0.932624638
vn 0 -0.652126551 -0.758110106
vn -0 -0.983905077 0.178691298
vn 0 -0.983905137 -0.178691223
vn 0 -0.983905137 -0.178691223
vn -0 -0.983905077 0.178691298
vn 0 -0.365599334 -0.930772364
vn 0 -0.129175469 -0.991621792
vn 0 -0.123282723 -0.9923715
vn 0 -0.360848218 -0.932624638
vn -0 -0.869166136 0.494520098
vn -0 -0.983905077 0.178691298
vn -0 -0.983905077 0.178691298
vn -0 -0.869166136 0.494520098
vn -0 -0.0340652168 0.99941951
vn -0 -0.129175022 0.991621792
vn -0 -0.123282351 0.992371619
vn -0 -0.0340652205 0.99941963
vn 0 -0.983905137 -0.178691223
vn 0 -0.869165599 -0.49452123
vn 0 -0.869165599 -0.49452123
vn 0 -0.983905137 -0.178691223
vn 0 -0.129175469 -0.991621792
vn 0 -0.0340644792 -0.999419689
vn 0 -0.0340644792 -0.999419689
vn 0 -0.123282723 -0.9923715
vn -0 -0.652126729 0.758109927
vn -0 -0.869166136 0.494520098
vn -0 -0.869166136 0.494520098
vn -0 -0.652126729 0.758109927
vn -0 -0.365597606 0.930772901
vn -0 -0.652126074 0.758110523
vn -0 -0.652126074 0.758110523
vn -0 -0.360846579 0.932625234
vn 0 -0.869165361 -0.494521677
vn 0 -0.652124941 -0.758111358
vn 0 -0.652124941 -0.758111358
vn 0 -0.869165361 -0.494521677
vn -0 -0.129178032 0.991621315
vn -0 -0.365597606 0.930772901
vn -0 -0.360846579 0.932625234
vn -0 -0.123285465 0.992371261
vn 0 -0.652124941 -0.758111358
vn 0 -0.365598708 -0.930772603
vn 0 -0.360847682 -0.932624757
vn 0 -0.652124941 -0.758111358
vn -0 -0.983904898 0.178693026
vn 0 -0.983905137 -0.178691223
vn 0 -0.983905137 -0.178691223
vn -0 -0.983904898 0.178693026
vn 0 -0.365598708 -0.930772603
vn 0 -0.129175365 -0.991621792
vn 0 -0.123282507 -0.992371678
vn 0 -0.360847682 -0.932624757
vn -0 -0.86916548 0.49452126
vn -0 -0.983904898 0.178693026
vn -0 -0.983904898 0.178693026
vn -0 -0.86916548 0.49452126
vn -0 -0.0340694934 0.999419391
vn -0 -0.129178032 0.991621315
vn -0 -0.123285465 0.992371261
vn -0 -0.0340694971 0.99941951
vn 0 -0.983905137 -0.178691223
vn 0 -0.869165361 -0.494521677
vn 0 -0.869165361 -0.494521677
vn 0 -0.983905137 -0.178691223
vn 0 -0.129175365 -0.991621792
vn 0 -0.0340622775 -0.999419808
vn 0 -0.0340622775 -0.999419808
vn 0 -0.123282507 -0.992371678
vn -0 -0.652126074 0.758110523
vn -0 -0.86916548 0.49452126
vn -0 -0.86916548 0.49452126
vn -0 -0.652126074 0.758110523
vn 0.995485485 -0.0949080363 -0.000938991026
vn 0.995743692 -0.0921663418 -3.94677784e-08
vn 0.995839953 -0.0911138579 -0.000806285534
vn 0.995839953 -0.0911138579 -0.000806285534
vn 0.993413866 -0.114577837 -0.000763418037
vn 0.995485485 -0.0949080363 -0.000938991026
vn 0.999602914 0.0281740744 0
vn 0.998021126 0.0628786087 -2.7407948e-06
vn 0.99800247 0.0631741807 -2.89622062e-06
vn 0.99958384 0.0288449135 0
vn 0.998975217 -0.045258373 8.33040374e-08
vn 1 0 0
vn 1 0 0
vn 0.998975337 -0.045258224 8.33037674e-08
vn 0.995485485 -0.0949080363 -0.000938991026
vn 0.993413866 -0.114577837 -0.000763418037
vn 0.993010581 -0.118023343 0.000656773278
vn 0.991253674 -0.131969437 0.000167541657
vn 1 0 0
vn 0.999602914 0.0281740744 0
vn 0.99958384 0.0288449135 0
vn 1 0 0
vn 0.995839953 -0.0911138579 -0.000806285534
vn 0.995743692 -0.0921663418 -3.94677784e-08
vn 0.998975217 -0.045258373 8.33040374e-08
vn 0.998975337 -0.045258224 8.33037674e-08
vn 1 0 2.771929e-08
vn 0.999381125 -0.0351757221 1.69632042e-08
vn 0.998975396 -0.0452580787 1.38738754e-08
vn 1 0 1.38596432e-08
vn 1 0 1.38596432e-08
vn 0.998975277 -0.0452581309 -1.78200779e-08
vn 0.999381185 -0.0351756513 -7.6700255e-09
vn 1 0 2.771929e-08
vn 1 0 2.77192864e-08
vn 1 0 2.77192864e-08
vn 1 0 2.771929e-08
vn 1 0 2.77192846e-08
vn 0.99958384 0.0288449135 1.66927787e-08
vn 0.998011351 0.063034527 1.39947824e-05
vn 0.998011351 0.063034527 1.39947742e-05
vn 0.99958384 0.0288449116 1.66927787e-08
vn 1 0 1.38596432e-08
vn 0.99958384 0.0288449135 1.66927787e-08
vn 0.99958384 0.0288449116 1.66927787e-08
vn 1 0 1.38596432e-08
vn 0.99573344 -0.0922690257 0.00116957992
vn 0.99590838 -0.0903676599 1.33872291e-07
vn 0.998975396 -0.0452580787 1.38738754e-08
vn 0.999381125 -0.0351757221 1.69632042e-08
vn 0.995641351 -0.0932651088 -1.09668441e-07
vn 0.999381185 -0.0351756513 -7.6700255e-09
vn 0.998975277 -0.0452581309 -1.78200779e-08
vn 0.995618939 -0.093502 -1.13532742e-07
vn 0.997625172 0.0688760951 6.35758852e-06
vn 0.997632086 0.068775855 2.40937534e-05
vn 0.998011351 0.063034527 1.39947742e-05
vn 0.998011351 0.063034527 1.39947824e-05
vn 0.968842328 0.247678444 -4.82339786e-08
vn 0.877402902 0.479754418 -9.10913604e-06
vn 0.877271473 0.479994386 -9.11263396e-06
vn 0.968847692 0.247656927 -2.80660633e-08
vn 0.993467152 0.114118673 -4.04289676e-05
vn 0.968842328 0.247678444 -4.82339786e-08
vn 0.968847692 0.247656927 -2.80660633e-08
vn 0.99090904 0.134534031 5.9098561e-06
vn 0.998021126 0.0628786087 -2.7407948e-06
vn 0.997638464 0.0686847642 -8.4969779e-06
vn 0.997650564 0.0685086772 -0.000122528567
vn 0.99800247 0.0631741807 -2.89622062e-06
vn 0.34080705 0.940133154 -7.99604095e-06
vn 0.340271086 0.940327287 -7.34294235e-06
vn 0.57146281 0.820627987 -1.29940227e-05
vn 0.571919858 0.820309579 -1.3328523e-05
vn 0.571919858 0.820309579 -1.3328523e-05
vn 0.57146281 0.820627987 -1.29940227e-05
vn 0.877271473 0.479994386 -9.11263396e-06
vn 0.877402902 0.479754418 -9.10913604e-06
vn 0.997625172 0.0688760951 6.35758852e-06
vn 0.997638524 0.0686830357 -9.93259237e-05
vn 0.997628629 0.068827346 -0.000157533621
vn 0.997650564 0.0685086772 -0.000122528567
vn 0.997638047 0.0686906874 -1.30422804e-05
vn 0.997638524 0.0686830357 -9.93259237e-05
vn 0.997650564 0.0685086772 -0.000122528567
vn 0.997638464 0.0686847642 -8.4969779e-06
vn 0.997638047 0.0686906874 -1.30422804e-05
vn 0.997638524 0.0686830357 -9.93259237e-05
vn 0.997625172 0.0688760951 6.35758852e-06
vn 0.997650564 0.0685086772 -0.000122528567
vn 0.997628629 0.068827346 -0.000157533621
vn 0.997622311 0.0689183846 -0.000140140255
vn 0.997625172 0.0688760951 6.35758852e-06
vn 0.997625172 0.0688760951 6.35758852e-06
vn 0.997622311 0.0689183846 -0.000140140255
vn 0.997614384 0.0690331832 -0.000108844557
vn 0.997614384 0.0690331832 -0.000108844557
vn 0.993467152 0.114118673 -4.04289676e-05
vn 0.997625172 0.0688760951 6.35758852e-06
vn 0.991253674 -0.131969437 0.000167541657
vn 0.993010581 -0.118023343 0.000656773278
vn 0.995064795 -0.0991576612 0.00370556884
vn 1 0 -1.61091549e-07
vn 0.9995839 0.0288450327 -1.09379833e-07
vn 0.9995839 0.0288450327 -1.09379833e-07
vn 1 0 -1.61091549e-07
vn 0.995736241 -0.0922453105 -0.00010026605
vn 0.998975217 -0.0452584736 -8.31973779e-08
vn 0.998975098 -0.0452585481 -8.31972216e-08
vn 0.995748281 -0.0921158716 -9.31389077e-05
vn 0.997638345 0.068686001 1.19620953e-08
vn 0.990942717 0.134284154 6.55276389e-10
vn 0.990942776 0.134283632 -1.73157826e-08
vn 0.998002231 0.0631769598 -2.79529839e-08
vn 0.998002231 0.0631769523 -2.7952991e-08
vn 0.968847871 0.24765636 -2.72373124e-09
vn 0.876720011 0.481001049 -4.00669478e-06
vn 0.876636147 0.481154025 -2.87113767e-06
vn 0.96884793 0.247656152 -2.07059756e-08
vn 0.9995839 0.0288450327 -1.09379833e-07
vn 0.998002231 0.0631769523 -2.7952991e-08
vn 0.998002231 0.0631769598 -2.79529839e-08
vn 0.9995839 0.0288450327 -1.09379833e-07
vn 0.998975217 -0.0452584736 -8.31973779e-08
vn 1 0 -1.61091549e-07
vn 1 0 -1.61091549e-07
vn 0.998975098 -0.0452585481 -8.31972216e-08
vn 0.990942717 0.134284154 6.55276389e-10
vn 0.968847871 0.24765636 -2.72373124e-09
vn 0.96884793 0.247656152 -2.07059756e-08
vn 0.990942776 0.134283632 -1.73157826e-08
vn 0.337813586 0.941213071 -2.80902896e-06
vn 0.337459087 0.941340268 -1.85967383e-06
vn 0.569154739 0.822230458 -3.87397085e-06
vn 0.569451749 0.822024763 -5.520998e-06
vn 0.569451749 0.822024763 -5.520998e-06
vn 0.569154739 0.822230458 -3.87397085e-06
vn 0.876636147 0.481154025 -2.87113767e-06
vn 0.876720011 0.481001049 -4.00669478e-06
vn 0.570379436 0.82138133 -9.92343394e-06
vn 0.569451749 0.822024763 -5.520998e-06
vn 0.876720011 0.481001049 -4.00669478e-06
vn 0.876975596 0.480534762 -7.12836072e-06
vn 0.338937044 0.940809071 -5.20631193e-06
vn 0.337813586 0.941213071 -2.80902896e-06
vn 0.569451749 0.822024763 -5.520998e-06
vn 0.570379436 0.82138133 -9.92343394e-06
vn 0.990941226 0.134296298 9.28217958e-07
vn 0.968847871 0.247656703 3.28665428e-09
vn 0.968847871 0.24765636 -2.72373124e-09
vn 0.990942717 0.134284154 6.55276389e-10
vn 0.998975217 -0.0452583507 2.33426469e-08
vn 0.999381125 -0.0351758413 2.85404713e-08
vn 1 0 4.66374637e-08
vn 1 0 4.66374566e-08
vn 1 0 4.66374637e-08
vn 1 0 4.66374637e-08
vn 1 0 4.66374566e-08
vn 1 0 4.66374637e-08
vn 0.999381006 -0.0351758301 2.4098016e-08
vn 0.998975217 -0.0452583395 1.76268458e-08
vn 0.99999994 0 2.33187318e-08
vn 1 0 2.33187318e-08
vn 0.9995839 0.0288449135 3.5556782e-09
vn 0.9995839 0.0288449209 3.55567886e-09
vn 0.998002231 0.0631766468 2.85620878e-08
vn 0.998002231 0.0631766543 2.85620825e-08
vn 0.995641351 -0.0932651088 -1.09668441e-07
vn 0.995618939 -0.093502 -1.13532742e-07
vn 0.995324731 -0.0965849534 -8.77558648e-08
vn 0.995325387 -0.0965797678 -1.61678827e-07
vn 0.995325267 -0.0965783671 -2.95429121e-08
vn 0.9955495 -0.0942400321 -0.000171194857
vn 0.995325267 -0.0965797305 -8.34401064e-08
vn 1 0 2.33187318e-08
vn 0.99999994 0 2.33187318e-08
vn 0.9995839 0.0288449209 3.55567886e-09
vn 0.9995839 0.0288449135 3.5556782e-09
vn 0.998975217 -0.0452583395 1.76268458e-08
vn 0.999381006 -0.0351758301 2.4098016e-08
vn 0.995641232 -0.0932651311 5.62952884e-08
vn 0.995618999 -0.0935019925 6.19415275e-08
vn 0.995642185 -0.0932558402 -3.95557187e-08
vn 0.999381125 -0.0351758413 2.85404713e-08
vn 0.998975217 -0.0452583507 2.33426469e-08
vn 0.995619118 -0.0935023427 -4.29993783e-08
vn 0.998002231 0.0631766543 2.85620825e-08
vn 0.998002231 0.0631766468 2.85620878e-08
vn 0.997638285 0.0686860606 2.40972593e-08
vn 0.997638345 0.0686859265 3.15238431e-08
vn 0.968847871 0.247656703 3.28665428e-09
vn 0.876975596 0.480534762 -7.12836072e-06
vn 0.876720011 0.481001049 -4.00669478e-06
vn 0.968847871 0.24765636 -2.72373124e-09
vn 0.995748281 -0.0921158716 -9.31389077e-05
vn 0.99557811 -0.0939367115 -0.000193404514
vn 0.9955495 -0.0942400321 -0.000171194857
vn 0.995429337 -0.0955010206 -7.88514153e-05
vn 0.995736241 -0.0922453105 -0.00010026605
vn 0.995325267 -0.0965783671 -2.95429121e-08
vn 0.995429337 -0.0955010206 -7.88514153e-05
vn 0.9955495 -0.0942400321 -0.000171194857
vn 0.995642185 -0.0932558402 -3.95557187e-08
vn 0.995619118 -0.0935023427 -4.29993783e-08
vn 0.995325267 -0.0965783671 -2.95429121e-08
vn 0.995325267 -0.0965797305 -8.34401064e-08
vn 0.997638285 0.0686860606 2.40972593e-08
vn 0.997632086 0.068775855 2.40937534e-05
vn 0.990941226 0.134296298 9.28217958e-07
vn 0.997632086 0.068775855 2.40937534e-05
vn 0.997625172 0.0688760951 6.35758852e-06
vn 0.99090904 0.134534031 5.9098561e-06
vn 0.990941226 0.134296298 9.28217958e-07
vn 0.997638345 0.0686859265 3.15238431e-08
vn 0.997638285 0.0686860606 2.40972593e-08
vn 0.990941226 0.134296298 9.28217958e-07
vn 0.990942717 0.134284154 6.55276389e-10
vn 0.997638345 0.068686001 1.19620953e-08
vn 0.995641232 -0.0932651311 5.62952884e-08
vn 0.995325267 -0.0965792462 1.33718032e-07
vn 0.99532479 -0.0965837166 1.31673685e-08
vn 0.995618999 -0.0935019925 6.19415275e-08
vn 0.995325387 -0.0965797678 -1.61678827e-07
vn 0.995324731 -0.0965849534 -8.77558648e-08
vn 0.995324552 -0.0965876803 -4.87102803e-08
vn 0.995324731 -0.0965849534 -8.77558648e-08
vn 0.99532479 -0.0965837166 1.31673685e-08
vn 0.995324671 -0.0965860337 -4.8708948e-08
vn 0.995324552 -0.0965876803 -4.87102803e-08
vn 0.99532479 -0.0965837166 1.31673685e-08
vn 0.995325267 -0.0965792462 1.33718032e-07
vn 0.995324671 -0.0965860337 -4.8708948e-08
vn 0.993010581 -0.118023343 0.000656773278
vn 0.99590838 -0.0903676599 1.33872291e-07
vn 0.99573344 -0.0922690257 0.00116957992
vn 0.995064795 -0.0991576612 0.00370556884
vn 0.993010581 -0.118023343 0.000656773278
vn 0.99573344 -0.0922690257 0.00116957992
vn 0.968847692 0.247656927 -2.80660633e-08
vn 0.877271473 0.479994386 -9.11263396e-06
vn 0.876975596 0.480534762 -7.12836072e-06
vn 0.968847871 0.247656703 3.28665428e-09
vn 0.877271473 0.479994386 -9.11263396e-06
vn 0.57146281 0.820627987 -1.29940227e-05
vn 0.570379436 0.82138133 -9.92343394e-06
vn 0.876975596 0.480534762 -7.12836072e-06
vn 0.99090904 0.134534031 5.9098561e-06
vn 0.968847692 0.247656927 -2.80660633e-08
vn 0.968847871 0.247656703 3.28665428e-09
vn 0.990941226 0.134296298 9.28217958e-07
vn 0.99090904 0.134534031 5.9098561e-06
vn 0.997625172 0.0688760951 6.35758852e-06
vn 0.993467152 0.114118673 -4.04289676e-05
vn 0.57146281 0.820627987 -1.29940227e-05
vn 0.340271086 0.940327287 -7.34294235e-06
vn 0.338937044 0.940809071 -5.20631193e-06
vn 0.570379436 0.82138133 -9.92343394e-06
vn 0.890387714 -0.434356928 0.136174843
vn 0.890387714 -0.434356928 0.136174843
vn 0.890387714 -0.434356928 0.136174843
vn 0.890387714 -0.434356928 0.136174843
vn 0.31403169 -0.906657934 0.281701177
vn 0.31403169 -0.906657934 0.281701177
vn 0.31403169 -0.906657934 0.281701177
vn 0.31403169 -0.906657934 0.281701177
vn -0.314035177 -0.90665549 0.281705111
vn -0.314035177 -0.90665549 0.281705111
vn -0.314035177 -0.90665549 0.281705111
vn -0.314035177 -0.90665549 0.281705111
vn -0.890349209 -0.434428602 0.136199117
vn -0.890349209 -0.434428602 0.136199117
vn -0.890349209 -0.434428602 0.136199117
vn -0.890349209 -0.434428602 0.136199117
vn -0.911831975 0.3913517 -0.124120422
vn -0.911831975 0.3913517 -0.124120422
vn -0.911831975 0.3913517 -0.124120422
vn -0.911831975 0.3913517 -0.124120422
vn -0.360301942 0.888567865 -0.283953935
vn -0.360301942 0.888567865 -0.283953935
vn -0.360301942 0.888567865 -0.283953935
vn -0.360301942 0.888567865 -0.283953935
vn 0.36030516 0.888566077 -0.283954948
vn 0.36030516 0.888566077 -0.283954948
vn 0.36030516 0.888566077 -0.283954948
vn 0.36030516 0.888566077 -0.283954948
vn 0.91186434 0.391282976 -0.124100022
vn 0.91186434 0.391282976 -0.124100022
vn 0.91186434 0.391282976 -0.124100022
vn 0.91186434 0.391282976 -0.124100022
vn -0.852101445 0.434567988 0.291674286
vn -0.852101445 0.434567988 0.291674286
vn -0.852101445 0.434567988 0.291674286
vn -0.852101445 0.434567988 0.291674286
vn -0.000166060578 0.341696739 0.939810216
vn -0.000166060578 0.341696739 0.939810216
vn -0.000166060578 0.341696739 0.939810216
vn 0.00016606276 0.341680527 0.939816296
vn 0.00016606276 0.341680527 0.939816296
vn 0.00016606276 0.341680527 0.939816296
vn -4.81108873e-05 0.341798395 0.939773321
vn -4.81108873e-05 0.341798395 0.939773321
vn -4.81108873e-05 0.341798395 0.939773321
vn -4.81108873e-05 0.341798395 0.939773321
vn 8.45236063e-05 0.341766834 0.939784825
vn 8.45236063e-05 0.341766834 0.939784825
vn 8.45236063e-05 0.341766834 0.939784825
vn -8.4522937e-05 0.341762453 0.939786375
vn -8.4522937e-05 0.341762453 0.939786375
vn -8.4522937e-05 0.341762453 0.939786375
vn 0.885894299 -0.327854186 0.328181326
vn 0.885894299 -0.327854186 0.328181326
vn 0.885894299 -0.327854186 0.328181326
vn 0.885894299 -0.327854186 0.328181326
vn 0.307327658 -0.666377962 0.679330766
vn 0.307327658 -0.666377962 0.679330766
vn 0.307327658 -0.666377962 0.679330766
vn 0.307327658 -0.666377962 0.679330766
vn -0.307325482 -0.666386485 0.679323137
vn -0.307325482 -0.666386485 0.679323137
vn -0.307325482 -0.666386485 0.679323137
vn -0.307325482 -0.666386485 0.679323137
vn -0.885853648 -0.327909589 0.328235745
vn -0.885853648 -0.327909589 0.328235745
vn -0.885853648 -0.327909589 0.328235745
vn -0.885853648 -0.327909589 0.328235745
vn -0.908046722 0.298074335 -0.294283599
vn -0.908046722 0.298074335 -0.294283599
vn -0.908046722 0.298074335 -0.294283599
vn -0.908046722 0.298074335 -0.294283599
vn -0.352570504 0.667839348 -0.655503392
vn -0.352570504 0.667839348 -0.655503392
vn -0.352570504 0.667839348 -0.655503392
vn -0.352570504 0.667839348 -0.655503392
vn 0.35257104 0.667840302 -0.655502081
vn 0.35257104 0.667840302 -0.655502081
vn 0.35257104 0.667840302 -0.655502081
vn 0.35257104 0.667840302 -0.655502081
vn 0.908077717 0.298027843 -0.294234514
vn 0.908077717 0.298027843 -0.294234514
vn 0.908077717 0.298027843 -0.294234514
vn 0.908077717 0.298027843 -0.294234514
vn -0.282658339 0.793568432 -0.538844585
vn -0.282658339 0.793568432 -0.538844585
vn -0.282658339 0.793568432 -0.538844585
vn -0.282658339 0.793568432 -0.538844585
vn -0.575523913 0.532732546 0.620457828
vn -0.575523913 0.532732546 0.620457828
vn -0.575523913 0.532732546 0.620457828
vn -0.575523913 0.532732546 0.620457828
vn 0.35979721 0.867677569 0.34304741
vn 0.35979721 0.867677569 0.34304741
vn 0.35979721 0.867677569 0.34304741
vn 4.96616449e-05 0.34179315 0.939775229
vn 4.96616449e-05 0.34179315 0.939775229
vn 4.96616449e-05 0.34179315 0.939775229
vn 4.96616449e-05 0.34179315 0.939775229
vn 0.140759259 0.614817262 0.776006877
vn 0.140759259 0.614817262 0.776006877
vn 0.140759259 0.614817262 0.776006877
vn 0.140759259 0.614817262 0.776006877
vn 0.90976727 0.402667254 -0.100908391
vn 0.90976727 0.402667254 -0.100908391
vn 0.90976727 0.402667254 -0.100908391
vn 0.90976727 0.402667254 -0.100908391
vn 0.533304393 0.836118162 0.1284246
vn 0.533304393 0.836118162 0.1284246
vn 0.533304393 0.836118162 0.1284246
vn 0.533304393 0.836118162 0.1284246
vn 0.740461409 0.48608163 -0.464156777
vn 0.740461409 0.48608163 -0.464156777
vn 0.740461409 0.48608163 -0.464156777
vn 0.740461409 0.48608163 -0.464156777
vn 0.62023896 0.740101695 -0.259909719
vn 0.62023896 0.740101695 -0.259909719
vn 0.62023896 0.740101695 -0.259909719
vn 0.62023896 0.740101695 -0.259909719
vn 0.748616576 0.561023116 0.353307426
vn 0.748616576 0.561023116 0.353307426
vn 0.748616576 0.561023116 0.353307426
vn 0.748616576 0.561023116 0.353307426
vn 0.426529139 0.731342733 0.532175541
vn 0.426529139 0.731342733 0.532175541
vn 0.426529139 0.731342733 0.532175541
vn 0.426529139 0.731342733 0.532175541
vn 0.336874515 0.536239684 -0.773926497
vn 0.336874515 0.536239684 -0.773926497
vn 0.336874515 0.536239684 -0.773926497
vn 0.336874515 0.536239684 -0.773926497
vn 0.282651484 0.793574393 -0.538839459
vn 0.282651484 0.793574393 -0.538839459
vn 0.282651484 0.793574393 -0.538839459
vn 0.282651484 0.793574393 -0.538839459
vn -0.214128748 0.532595813 0.818834841
vn -0.214128748 0.532595813 0.818834841
vn -0.214128748 0.532595813 0.818834841
vn -0.214128748 0.532595813 0.818834841
vn -0.946219385 0.323418677 -0.00832180772
vn -0.946219385 0.323418677 -0.00832180772
vn -0.946219385 0.323418677 -0.00832180772
vn -0.946219385 0.323418677 -0.00832180772
vn -0.681223869 0.716245592 0.151414648
vn -0.681223869 0.716245592 0.151414648
vn -0.681223869 0.716245592 0.151414648
vn -0.79850471 0.353376836 -0.487355143
vn -0.79850471 0.353376836 -0.487355143
vn -0.79850471 0.353376836 -0.487355143
vn -0.79850471 0.353376836 -0.487355143
vn -0.620262325 0.740072906 -0.259936124
vn -0.620262325 0.740072906 -0.259936124
vn -0.620262325 0.740072906 -0.259936124
vn -0.620262325 0.740072906 -0.259936124
vn 0.482021213 0.795789123 0.366572201
vn 0.482021213 0.795789123 0.366572201
vn 0.482021213 0.795789123 0.366572201
vn 0.482021213 0.795789123 0.366572201
vn 0.363010347 0.831797242 0.419924617
vn 0.363010347 0.831797242 0.419924617
vn 0.363010347 0.831797242 0.419924617
vn 0.363010347 0.831797242 0.419924617
vn 0.173738226 0.974594891 -0.141350523
vn 0.173738226 0.974594891 -0.141350523
vn 0.173738226 0.974594891 -0.141350523
vn 0.173738226 0.974594891 -0.141350523
vn 0.117663242 0.854382396 0.506148219
vn 0.117663242 0.854382396 0.506148219
vn 0.117663242 0.854382396 0.506148219
vn 0.117663242 0.854382396 0.506148219
vn 0.660842836 0.707066417 0.251681656
vn 0.660842836 0.707066417 0.251681656
vn 0.660842836 0.707066417 0.251681656
vn 0.660842836 0.707066417 0.251681656
vn 0.562687576 0.826669455 -0.000580068154
vn 0.562687576 0.826669455 -0.000580068154
vn 0.562687576 0.826669455 -0.000580068154
vn 0.562687576 0.826669455 -0.000580068154
vn -0.517852724 0.781857848 0.347169816
vn -0.517852724 0.781857848 0.347169816
vn -0.517852724 0.781857848 0.347169816
vn -0.517852724 0.781857848 0.347169816
vn -0.363026232 0.831792176 0.419921011
vn -0.363026232 0.831792176 0.419921011
vn -0.363026232 0.831792176 0.419921011
vn -0.363026232 0.831792176 0.419921011
vn -0.173740447 0.974594712 -0.141348585
vn -0.173740447 0.974594712 -0.141348585
vn -0.173740447 0.974594712 -0.141348585
vn -0.173740447 0.974594712 -0.141348585
vn -0.117663383 0.854383409 0.506146491
vn -0.117663383 0.854383409 0.506146491
vn -0.117663383 0.854383409 0.506146491
vn -0.117663383 0.854383409 0.506146491
vn -0.646974266 0.720529497 0.249522686
vn -0.646974266 0.720529497 0.249522686
vn -0.646974266 0.720529497 0.249522686
vn -0.646974266 0.720529497 0.249522686
vn -0.562676191 0.826677263 -0.000566978124
vn -0.562676191 0.826677263 -0.000566978124
vn -0.562676191 0.826677263 -0.000566978124
vn -0.562676191 0.826677263 -0.000566978124
vn 0.124940813 0.935044587 0.331785232
vn 0.124940813 0.935044587 0.331785232
vn 0.124940813 0.935044587 0.331785232
vn 0.131471604 0.938625634 0.31889984
vn 0.131471604 0.938625634 0.31889984
vn 0.131471604 0.938625634 0.31889984
vn 0.110903099 0.837547898 0.534989536
vn 0.110903099 0.837547898 0.534989536
vn 0.110903099 0.837547898 0.534989536
vn 0.0706506744 0.928625524 0.3642295
vn 0.0706506744 0.928625524 0.3642295
vn 0.0706506744 0.928625524 0.3642295
vn 0.14928633 0.805249035 0.57383585
vn 0.14928633 0.805249035 0.57383585
vn 0.14928633 0.805249035 0.57383585
vn 0.12971656 0.829881847 0.54265064
vn 0.12971656 0.829881847 0.54265064
vn 0.12971656 0.829881847 0.54265064
vn -0.124943607 0.935047925 0.331774712
vn -0.124943607 0.935047925 0.331774712
vn -0.124943607 0.935047925 0.331774712
vn -0.131462142 0.938626111 0.318902463
vn -0.131462142 0.938626111 0.318902463
vn -0.131462142 0.938626111 0.318902463
vn -0.110906459 0.837545991 0.534992039
vn -0.110906459 0.837545991 0.534992039
vn -0.110906459 0.837545991 0.534992039
vn -0.0706629679 0.92862314 0.364232808
vn -0.0706629679 0.92862314 0.364232808
vn -0.0706629679 0.92862314 0.364232808
vn -0.149290249 0.80523926 0.573848665
vn -0.149290249 0.80523926 0.573848665
vn -0.149290249 0.80523926 0.573848665
vn -0.129718766 0.829880714 0.542651772
vn -0.129718766 0.829880714 0.542651772
vn -0.129718766 0.829880714 0.542651772
vn -0.393143445 0.482739985 -0.78256017
vn -0.393143445 0.482739985 -0.78256017
vn -0.393143445 0.482739985 -0.78256017
vn -0.393143445 0.482739985 -0.78256017
vn 1 0 1.828211e-08
vn 1 0 1.828211e-08
vn 1 0 1.828211e-08
vn 1 0 1.828211e-08
vn 0.99999994 0 1.82821083e-08
vn 1 0 1.828211e-08
vn 1 0 1.828211e-08
vn 1 0 1.828211e-08
vn 1 0 1.828211e-08
vn 1 0 1.82821083e-08
vn 1 0 1.828211e-08
vn 1 0 1.828211e-08
vn 1 0 -3.6564213e-08
vn 1 0 -3.6564213e-08
vn 1 0 -3.65642165e-08
vn 1 0 -3.6564213e-08
vn 1 0 -3.6564213e-08
vn 1 0 -3.6564213e-08
vn 1 0 -3.6564213e-08
vn 1 0 -3.6564213e-08
vn 1 0 -3.6564213e-08
vn 1 0 -3.6564213e-08
vn 1 0 -3.6564213e-08
vn 1 0 -3.6564213e-08
vn -1 0 -2.61173039e-08
vn -1 0 -2.61173039e-08
vn -1 0 -2.61173039e-08
vn -1 0 -2.61173039e-08
vn -1 0 -2.61173039e-08
vn -1 0 -2.61173039e-08
vn -1 0 -2.61173039e-08
vn -1 0 -2.61173003e-08
vn -0.99999994 0 -2.61173003e-08
vn -1 0 -2.61173039e-08
vn -1 0 -2.61173039e-08
vn -1 0 -2.61173039e-08
vn -1 0 6.26815151e-08
vn -1 0 6.26815151e-08
vn -1 0 6.26815151e-08
vn -1 0 6.26815009e-08
vn -1 0 6.26815009e-08
vn -1 0 6.26815009e-08
vn -1 0 6.26815151e-08
vn -1 0 6.26815151e-08
vn -1 0 6.26815151e-08
vn -1 0 6.26815151e-08
vn -1 0 6.26815151e-08
vn -1 0 6.26815151e-08
vn 0.240086675 -0.623671651 0.74390316
vn 0.38003993 -0.047027465 0.923773885
vn -0.905353665 0.0744750425 0.418076843
vn -0.790690541 -0.516924143 0.328021049
vn -0.588159144 0.327664226 -0.739394903
vn -0.782633603 -0.503227651 0.366396755
vn -0.730412662 -0.641637981 0.234089434
vn -0.639147222 0.519356608 -0.567238331
vn -2.79719461e-05 0.149043366 -0.988830626
vn 0.00010320959 0.149066389 -0.988827229
vn -0.00236888882 0.145688549 -0.98932761
vn -2.6401387e-05 0.149082646 -0.988824606
vn -4.76483583e-05 0.149044067 -0.988830507
vn -0.0023904366 0.145725265 -0.989322126
vn -0.576471448 0.81046766 -0.104033463
vn -0.607860744 0.776204586 -0.167367369
vn 0.675515234 0.660475314 0.327797502
vn 0.519422352 0.833882153 0.186657742
vn -0.909473896 0.0419574752 0.41363892
vn -0.905353665 0.0744750425 0.418076843
vn 0.38003993 -0.047027465 0.923773885
vn 0.373348534 -0.0616947748 0.925637305
vn 0.754557252 -0.654693663 0.044938691
vn 0.681526423 -0.647960901 0.340100229
vn 0.0731340796 -0.897247493 0.435428709
vn -0.385382056 -0.921638668 -0.0454186611
vn 0.913807333 -0.180226579 -0.36397022
vn -0.451330423 -0.061185725 -0.890256822
vn -0.474343896 -0.152600035 -0.86701262
vn 0.904313684 -0.281442642 -0.320946485
vn 6.44752299e-06 0.0923367068 -0.995727837
vn -6.37261564e-06 0.121634163 -0.99257499
vn -6.361332e-06 0.12162099 -0.992576599
vn 6.44753618e-06 0.0923367217 -0.995727837
vn -0.0224120729 -0.00697051361 -0.999724329
vn -0.0224120729 -0.00697051361 -0.999724329
vn -0.0224120729 -0.00697051361 -0.999724329
vn -0.0224120729 -0.00697051361 -0.999724329
vn -0.00742648216 0.112350971 -0.99364084
vn -0.00742648123 0.112350956 -0.993640721
vn -0.00839069765 0.122636475 -0.992416203
vn -0.00969391316 0.136532426 -0.990588129
vn 0.764427066 -0.637558341 0.0957626998
vn 0.771468163 -0.620059431 0.142699048
vn 0.642072022 0.763065279 -0.0739925057
vn 0.633847952 0.772694647 0.0343491212
vn -0.711624146 -0.687353075 -0.145384282
vn -0.68153888 -0.647950292 -0.340095997
vn -0.0731556714 -0.897244394 -0.435431778
vn 0.398279727 -0.903209865 0.15995343
vn -0.747012556 0.654343367 -0.117503382
vn -0.6431517 -0.763752937 -0.0551117621
vn -0.385382056 -0.921638668 -0.0454186611
vn -0.526440084 0.848193109 -0.0585600398
vn -0.0248910543 -0.325257629 -0.945297658
vn -0.658189893 -0.19396244 -0.727437079
vn -0.618815601 0.296745092 -0.727330446
vn 0.028211413 0.313812882 -0.949065626
vn -0.576471448 0.81046766 -0.104033463
vn 0.519422352 0.833882153 0.186657742
vn 0.0734931156 0.889467418 -0.451050371
vn -0.553376436 0.753396749 -0.355200917
vn -0.401467502 -0.518338382 -0.75508225
vn -0.790690541 -0.516924143 0.328021049
vn -0.905353665 0.0744750425 0.418076843
vn -0.424271286 0.0106399739 -0.905472517
vn -0.727125108 0.650743902 -0.218681201
vn -0.673810065 -0.738896132 -0.00350521924
vn -0.6431517 -0.763752937 -0.0551117621
vn -0.747012556 0.654343367 -0.117503382
vn -0.0731556714 -0.897244394 -0.435431778
vn -0.68153888 -0.647950292 -0.340095997
vn -0.658189893 -0.19396244 -0.727437079
vn -0.0248910543 -0.325257629 -0.945297658
vn 0.028211413 0.313812882 -0.949065626
vn -0.618815601 0.296745092 -0.727330446
vn -0.553376436 0.753396749 -0.355200917
vn 0.0734931156 0.889467418 -0.451050371
vn 0.730089545 -0.390654892 0.560676277
vn 0.685786366 -0.220832855 0.693491161
vn 0.739421844 0.206320629 -0.640848756
vn 0.70055598 0.420276403 -0.576705396
vn -0.516288817 -0.292138308 -0.805047214
vn -0.878339112 0.160625577 0.450244248
vn -0.8478719 0.31184426 0.428796351
vn -0.628349006 -0.453880817 -0.631798685
vn -0.639147222 0.519356608 -0.567238331
vn -0.730412662 -0.641637981 0.234089434
vn -0.703529418 -0.70315057 0.103080593
vn -0.681366563 0.621320009 -0.386912376
vn 0.771468163 -0.620059431 0.142699048
vn 0.759565115 -0.596854746 0.258505881
vn 0.651128948 0.720606685 -0.238237575
vn 0.642072022 0.763065279 -0.0739925057
vn 0.734886229 -0.544069707 0.404883206
vn 0.730089545 -0.390654892 0.560676277
vn 0.70055598 0.420276403 -0.576705396
vn 0.678728104 0.611105978 -0.407280982
vn -0.586319387 -0.0217890423 -0.809786916
vn -0.790999472 -0.346461743 0.504266024
vn -0.580434442 0.0962681472 -0.808596551
vn 0.685786366 -0.220832855 0.693491161
vn 0.759638906 0.100882046 -0.642472804
vn 0.739421844 0.206320629 -0.640848756
vn 0.38003993 -0.047027465 0.923773885
vn 0.927783608 -0.113445632 -0.355453908
vn 0.918643057 -0.132531151 -0.372196794
vn 0.373348534 -0.0616947748 0.925637305
vn -0.803422511 -0.126293227 0.581861019
vn 0.645543098 0.0174458604 0.763524413
vn 0.667252362 -0.0776347443 0.740774691
vn -0.80581969 -0.214696318 0.551869452
vn 0.699119329 -0.640212715 -0.318370432
vn 0.927783608 -0.113445632 -0.355453908
vn 0.38003993 -0.047027465 0.923773885
vn 0.240086675 -0.623671651 0.74390316
vn -0.598989904 -0.0511131734 -0.799123466
vn -0.422680646 -0.623675108 -0.657548606
vn -0.594199598 -0.640205085 0.486892283
vn -0.803422511 -0.126293227 0.581861019
vn -0.673810065 -0.738896132 -0.00350521924
vn -0.703529418 -0.70315057 0.103080593
vn 0.759565115 -0.596854746 0.258505881
vn 0.771468163 -0.620059431 0.142699048
vn -0.782633603 -0.503227651 0.366396755
vn 0.730089545 -0.390654892 0.560676277
vn 0.734886229 -0.544069707 0.404883206
vn -0.730412662 -0.641637981 0.234089434
vn -0.767351151 0.552072227 0.326172084
vn 0.417072117 0.456352949 0.785997987
vn 0.573320568 0.629043281 0.524983883
vn -0.676067054 0.735204577 0.0490638427
vn 0.563625991 -0.571464598 -0.596451104
vn 0.374505579 -0.681433201 0.628803849
vn 0.0903747305 -0.796014547 0.598492563
vn 0.335162401 -0.699198902 -0.631495655
vn -0.703529418 -0.70315057 0.103080593
vn -0.730412662 -0.641637981 0.234089434
vn 0.734886229 -0.544069707 0.404883206
vn 0.759565115 -0.596854746 0.258505881
vn -0.905353665 0.0744750425 0.418076843
vn -0.909473896 0.0419574752 0.41363892
vn -0.425388545 -0.0325857066 -0.904423892
vn -0.424271286 0.0106399739 -0.905472517
vn 0.354344487 -0.0477675013 0.933894098
vn 0.345774144 0.0512390696 0.936917722
vn -0.878339112 0.160625577 0.450244248
vn -0.897589266 0.0689477026 0.43540743
vn -0.6431517 -0.763752937 -0.0551117621
vn 0.764427066 -0.637558341 0.0957626998
vn 0.754557252 -0.654693663 0.044938691
vn -0.385382056 -0.921638668 -0.0454186611
vn 0.678728104 0.611105978 -0.407280982
vn -0.639147222 0.519356608 -0.567238331
vn -0.681366563 0.621320009 -0.386912376
vn 0.651128948 0.720606685 -0.238237575
vn -0.424271286 0.0106399739 -0.905472517
vn 0.927783608 -0.113445632 -0.355453908
vn 0.699119329 -0.640212715 -0.318370432
vn -0.401467502 -0.518338382 -0.75508225
vn 0.651128948 0.720606685 -0.238237575
vn -0.681366563 0.621320009 -0.386912376
vn -0.727125108 0.650743902 -0.218681201
vn 0.642072022 0.763065279 -0.0739925057
vn 0.642072022 0.763065279 -0.0739925057
vn -0.727125108 0.650743902 -0.218681201
vn -0.747012556 0.654343367 -0.117503382
vn 0.633847952 0.772694647 0.0343491212
vn -0.790999472 -0.346461743 0.504266024
vn 0.685786366 -0.220832855 0.693491161
vn 0.730089545 -0.390654892 0.560676277
vn -0.782633603 -0.503227651 0.366396755
vn 0.918643057 -0.132531151 -0.372196794
vn -0.425388545 -0.0325857066 -0.904423892
vn -0.451330423 -0.061185725 -0.890256822
vn 0.913807333 -0.180226579 -0.36397022
vn 0.875932097 -0.409337163 -0.255315304
vn -0.516288817 -0.292138308 -0.805047214
vn -0.628349006 -0.453880817 -0.631798685
vn 0.82100445 -0.565707922 -0.0769822225
vn 0.373348534 -0.0616947748 0.925637305
vn 0.354344487 -0.0477675013 0.933894098
vn -0.897589266 0.0689477026 0.43540743
vn -0.909473896 0.0419574752 0.41363892
vn 0.0100395083 -0.136537597 -0.990583837
vn 0.325807333 -0.116290264 -0.938257039
vn 0.224142224 -0.722440124 -0.654095232
vn 0.113921046 -0.732709169 -0.670939028
vn 0.658193946 -0.193958044 0.727434397
vn 0.681526423 -0.647960901 0.340100229
vn 0.754557252 -0.654693663 0.044938691
vn 0.553378999 0.753396153 0.355198503
vn 0.618817329 0.29674837 0.727327466
vn 0.625743091 0.779347777 0.0325952433
vn -0.80581969 -0.214696318 0.551869452
vn 0.667252362 -0.0776347443 0.740774691
vn 0.685786366 -0.220832855 0.693491161
vn -0.790999472 -0.346461743 0.504266024
vn 0.363786906 -0.194973454 -0.9108482
vn 0.402771741 -0.0757696703 -0.912158966
vn 0.986627221 -0.0783675388 0.142916903
vn 0.968863189 -0.216292694 0.120505445
vn 0.699119329 -0.640212715 -0.318370432
vn 0.240086675 -0.623671651 0.74390316
vn -0.790690541 -0.516924143 0.328021049
vn -0.401467502 -0.518338382 -0.75508225
vn 0.224142224 -0.722440124 -0.654095232
vn 0.325807333 -0.116290264 -0.938257039
vn 0.335162401 -0.699198902 -0.631495655
vn 0.712575555 0.41535756 -0.565432787
vn 0.305011719 0.121647708 -0.944547117
vn 0.445722967 0.637769699 -0.628156602
vn -0.427355468 -0.445956111 -0.786441684
vn 0.0100395083 -0.136537597 -0.990583837
vn -0.137779668 -0.66432327 -0.734636784
vn -0.384259939 -0.722432256 -0.574835598
vn -0.555341125 -0.116286665 -0.823452353
vn -0.263521045 -0.136532083 -0.954942644
vn -0.282021612 -0.732700229 -0.619365871
vn -0.711624146 -0.687353075 -0.145384282
vn -0.576471448 0.81046766 -0.104033463
vn -0.618815601 0.296745092 -0.727330446
vn -0.658189893 -0.19396244 -0.727437079
vn 0.198802322 0.714946747 -0.670319736
vn 0.305011719 0.121647708 -0.944547117
vn 0.0884158313 0.712679386 -0.695895672
vn -0.0201522894 0.70258373 -0.711315691
vn -0.012178163 0.0806967318 -0.996664166
vn -0.2516222 0.587629497 -0.769010961
vn 0.335162401 -0.699198902 -0.631495655
vn 0.325807333 -0.116290264 -0.938257039
vn 0.563625991 -0.571464598 -0.596451104
vn 0.445722967 0.637769699 -0.628156602
vn 0.305011719 0.121647708 -0.944547117
vn 0.198802322 0.714946747 -0.670319736
vn -0.137779668 -0.66432327 -0.734636784
vn 0.0100395083 -0.136537597 -0.990583837
vn 0.113921046 -0.732709169 -0.670939028
vn -0.492848128 0.320704937 -0.808856666
vn -0.012178163 0.0806967318 -0.996664166
vn -0.602476776 0.0482439846 -0.796677053
vn 0.782612085 -0.298140258 -0.546471119
vn 0.325807333 -0.116290264 -0.938257039
vn 0.846301615 -0.0351052992 -0.531545699
vn -0.012178163 0.0806967318 -0.996664166
vn -0.623042047 -0.0757727772 -0.778509557
vn -0.602476776 0.0482439846 -0.796677053
vn 0.825738549 0.170720637 -0.537596643
vn 0.305011719 0.121647708 -0.944547117
vn 0.712575555 0.41535756 -0.565432787
vn -0.585009575 -0.194981709 -0.787239492
vn 0.0100395083 -0.136537597 -0.990583837
vn -0.427355468 -0.445956111 -0.786441684
vn -0.951038182 0.0681793913 -0.301459402
vn -0.935927331 0.170694873 -0.308063775
vn -0.536840022 0.121639334 -0.834869325
vn -0.577347219 0.0127215507 -0.816399693
vn -0.2516222 0.587629497 -0.769010961
vn -0.012178163 0.0806967318 -0.996664166
vn -0.492848128 0.320704937 -0.808856666
vn -0.623042047 -0.0757727772 -0.778509557
vn 0.0100395083 -0.136537597 -0.990583837
vn -0.585009575 -0.194981709 -0.787239492
vn -0.917076051 -0.0783623084 0.390935987
vn 0.650111139 0.0780130848 0.755823731
vn -0.210963711 0.795545638 0.56798023
vn -0.93160516 0.057893604 0.358831674
vn 0.563625991 -0.571464598 -0.596451104
vn 0.325807333 -0.116290264 -0.938257039
vn 0.782612085 -0.298140258 -0.546471119
vn -0.243591249 0.0806939825 -0.966515124
vn -0.226813152 -0.0245912522 -0.973627806
vn -0.577347219 0.0127215507 -0.816399693
vn -0.536840022 0.121639334 -0.834869325
vn -0.555341125 -0.116286665 -0.823452353
vn -0.577347219 0.0127215507 -0.816399693
vn -0.226813152 -0.0245912522 -0.973627806
vn -0.263521045 -0.136532083 -0.954942644
vn -0.343130559 0.79640919 0.497989744
vn -0.93160516 0.057893604 0.358831674
vn -0.210963711 0.795545638 0.56798023
vn -0.612572134 0.681949675 0.399625033
vn -0.93160516 0.057893604 0.358831674
vn -0.343130559 0.79640919 0.497989744
vn -0.865632892 0.377429605 0.328977853
vn -0.93160516 0.057893604 0.358831674
vn -0.612572134 0.681949675 0.399625033
vn 0.349458635 0.795531034 0.494983703
vn -0.434749067 0.0780141577 0.897166014
vn 0.986627221 -0.0783675388 0.142916903
vn 0.992447078 0.0578855276 0.108156577
vn -0.210963711 0.795545638 0.56798023
vn 0.651666701 0.215614125 0.727214515
vn -0.0651931167 0.824104488 0.562673628
vn -0.0651931167 0.824104488 0.562673628
vn 0.651666701 0.215614125 0.727214515
vn 0.236019716 0.766888559 0.596805334
vn 0.236019716 0.766888559 0.596805334
vn 0.651666701 0.215614125 0.727214515
vn 0.547061861 0.518651903 0.657056808
vn 0.651666701 0.215614125 0.727214515
vn -0.210963711 0.795545638 0.56798023
vn 0.650111139 0.0780130848 0.755823731
vn 0.650111139 0.0780130848 0.755823731
vn -0.0580188297 -0.79554522 0.603109956
vn 0.677512705 -0.0578179955 0.733235002
vn 0.677512705 -0.0578179955 0.733235002
vn 0.374505579 -0.681433201 0.628803849
vn 0.632005394 -0.377235085 0.67695117
vn 0.0903747305 -0.796014547 0.598492563
vn 0.374505579 -0.681433201 0.628803849
vn 0.677512705 -0.0578179955 0.733235002
vn 0.0903747305 -0.796014547 0.598492563
vn 0.677512705 -0.0578179955 0.733235002
vn -0.0580188297 -0.79554522 0.603109956
vn -0.0580188297 -0.79554522 0.603109956
vn -0.90564692 -0.216299579 0.364716649
vn -0.187467724 -0.824668705 0.533645451
vn -0.187467724 -0.824668705 0.533645451
vn -0.90564692 -0.216299579 0.364716649
vn -0.4738639 -0.767754853 0.431283563
vn -0.4738639 -0.767754853 0.431283563
vn -0.90564692 -0.216299579 0.364716649
vn -0.780362487 -0.51943469 0.348169297
vn -0.0550683066 -0.664332271 -0.745406032
vn 0.568517923 -0.767813802 0.295380086
vn 0.317961216 -0.824669659 0.467782646
vn -0.282021612 -0.732700229 -0.619365871
vn -0.4738639 -0.767754853 0.431283563
vn -0.780362487 -0.51943469 0.348169297
vn -0.427355468 -0.445956111 -0.786441684
vn -0.137779668 -0.66432327 -0.734636784
vn -0.896495283 -0.298165381 -0.327709645
vn -0.437545896 -0.377291411 0.816213667
vn -0.467030436 -0.0578192808 0.882348776
vn -0.954238951 -0.0351167545 -0.296976268
vn -0.935927331 0.170694873 -0.308063775
vn -0.951038182 0.0681793913 -0.301459402
vn -0.434749067 0.0780141577 0.897166014
vn -0.443584502 0.215613991 0.869910061
vn -0.162774652 0.702579379 -0.692738473
vn -0.263766736 0.712685525 -0.650005043
vn 0.349458635 0.795531034 0.494983703
vn 0.45930472 0.796387196 0.393454552
vn 0.0660028458 -0.796011865 0.601671636
vn -0.200881153 -0.681425035 0.703780115
vn -0.697636545 -0.571483076 -0.432100058
vn -0.485793948 -0.69918102 -0.524547279
vn 0.675515234 0.660475314 0.327797502
vn 0.618834019 -0.759477735 0.200594351
vn 0.398279727 -0.903209865 0.15995343
vn 0.519422352 0.833882153 0.186657742
vn -0.833686233 0.415339112 -0.363951385
vn -0.935927331 0.170694873 -0.308063775
vn -0.443584502 0.215613991 0.869910061
vn -0.360374361 0.518704832 0.775290608
vn -0.954238951 -0.0351167545 -0.296976268
vn -0.467030436 -0.0578192808 0.882348776
vn -0.434749067 0.0780141577 0.897166014
vn -0.951038182 0.0681793913 -0.301459402
vn 0.349458635 0.795531034 0.494983703
vn -0.263766736 0.712685525 -0.650005043
vn -0.363884866 0.71497035 -0.596996784
vn 0.207165062 0.82410419 0.527195334
vn 0.45930472 0.796387196 0.393454552
vn 0.694536209 0.681929052 0.229329973
vn 0.0461830832 0.587591767 -0.807838559
vn -0.162774652 0.702579379 -0.692738473
vn 0.694536209 0.681929052 0.229329973
vn 0.921002805 0.377487868 0.0962109268
vn 0.26914987 0.320683748 -0.908141077
vn 0.0461830832 0.587591767 -0.807838559
vn 0.26914987 0.320683748 -0.908141077
vn 0.921002805 0.377487868 0.0962109268
vn 0.992447078 0.0578855276 0.108156577
vn 0.37821883 0.0482497178 -0.924457848
vn 0.37821883 0.0482497178 -0.924457848
vn 0.992447078 0.0578855276 0.108156577
vn 0.986627221 -0.0783675388 0.142916903
vn 0.402771741 -0.0757696703 -0.912158966
vn 0.759638906 0.100882046 -0.642472804
vn 0.768815398 0.0855579376 -0.633721113
vn -0.598989904 -0.0511131734 -0.799123466
vn -0.586319387 -0.0217890423 -0.809786916
vn -0.591795981 0.637758374 -0.49299261
vn -0.0752514303 0.766902506 0.637336493
vn 0.207165062 0.82410419 0.527195334
vn -0.363884866 0.71497035 -0.596996784
vn -0.200881153 -0.681425035 0.703780115
vn -0.437545896 -0.377291411 0.816213667
vn -0.896495283 -0.298165381 -0.327709645
vn -0.697636545 -0.571483076 -0.432100058
vn -0.263766736 0.712685525 -0.650005043
vn -0.162774652 0.702579379 -0.692738473
vn -0.243591249 0.0806939825 -0.966515124
vn -0.536840022 0.121639334 -0.834869325
vn 0.759565115 -0.596854746 0.258505881
vn 0.734886229 -0.544069707 0.404883206
vn 0.678728104 0.611105978 -0.407280982
vn 0.651128948 0.720606685 -0.238237575
vn 0.198802322 0.714946747 -0.670319736
vn 0.0884158313 0.712679386 -0.695895672
vn -0.210963711 0.795545638 0.56798023
vn -0.0651931167 0.824104488 0.562673628
vn 0.716634989 -0.687829077 0.115436099
vn 0.82100445 -0.565707922 -0.0769822225
vn -0.628349006 -0.453880817 -0.631798685
vn -0.71326977 -0.568218708 -0.410333723
vn -0.676067054 0.735204577 0.0490638427
vn -0.607860744 0.776204586 -0.167367369
vn -0.713190734 -0.631305158 -0.304651499
vn -0.71326977 -0.568218708 -0.410333723
vn -0.607860744 0.776204586 -0.167367369
vn -0.576471448 0.81046766 -0.104033463
vn -0.711624146 -0.687353075 -0.145384282
vn -0.713190734 -0.631305158 -0.304651499
vn 0.00240061991 0.145546585 -0.989348531
vn 0.00773822377 0.144301757 -0.989503503
vn 0.00758635392 0.144201443 -0.989519238
vn 0.00267431489 0.145261258 -0.989389718
vn -0.474343896 -0.152600035 -0.86701262
vn -0.451330423 -0.061185725 -0.890256822
vn -0.897589266 0.0689477026 0.43540743
vn 0.904313684 -0.281442642 -0.320946485
vn 0.345774144 0.0512390696 0.936917722
vn 0.354344487 -0.0477675013 0.933894098
vn -0.516288817 -0.292138308 -0.805047214
vn -0.474343896 -0.152600035 -0.86701262
vn -0.878339112 0.160625577 0.450244248
vn 2.16222862e-08 0.0856348798 -0.996326566
vn -3.40797997e-05 0.085634701 -0.996326625
vn -0.000819423061 0.0868710205 -0.996219277
vn 8.71530237e-10 0.0868657157 -0.996219933
vn -0.767351151 0.552072227 0.326172084
vn -0.676067054 0.735204577 0.0490638427
vn -0.71326977 -0.568218708 -0.410333723
vn -0.628349006 -0.453880817 -0.631798685
vn -0.951038182 0.0681793913 -0.301459402
vn -0.577347219 0.0127215507 -0.816399693
vn -0.555341125 -0.116286665 -0.823452353
vn -0.954238951 -0.0351167545 -0.296976268
vn 0.913807333 -0.180226579 -0.36397022
vn 0.354344487 -0.0477675013 0.933894098
vn 0.373348534 -0.0616947748 0.925637305
vn -0.451330423 -0.061185725 -0.890256822
vn -0.425388545 -0.0325857066 -0.904423892
vn -0.909473896 0.0419574752 0.41363892
vn -0.485793948 -0.69918102 -0.524547279
vn -0.384259939 -0.722432256 -0.574835598
vn 0.21061185 -0.795550704 0.568103671
vn 0.0660028458 -0.796011865 0.601671636
vn 0.667252362 -0.0776347443 0.740774691
vn 0.645543098 0.0174458604 0.763524413
vn 0.768815398 0.0855579376 -0.633721113
vn 0.759638906 0.100882046 -0.642472804
vn -0.676067054 0.735204577 0.0490638427
vn 0.573320568 0.629043281 0.524983883
vn 0.675515234 0.660475314 0.327797502
vn -0.607860744 0.776204586 -0.167367369
vn 0.581545889 -0.518323421 0.627012908
vn 0.680249274 -0.51693362 -0.519654214
vn 0.768815398 0.0855579376 -0.633721113
vn 0.645543098 0.0174458604 0.763524413
vn 0.0248845853 -0.325253725 0.945299208
vn 0.658193946 -0.193958044 0.727434397
vn 0.618817329 0.29674837 0.727327466
vn -0.0282083508 0.313820601 0.949063241
vn 0.0731340796 -0.897247493 0.435428709
vn 0.681526423 -0.647960901 0.340100229
vn 0.658193946 -0.193958044 0.727434397
vn 0.0248845853 -0.325253725 0.945299208
vn -0.0282083508 0.313820601 0.949063241
vn 0.618817329 0.29674837 0.727327466
vn 0.553378999 0.753396153 0.355198503
vn -0.0734948143 0.889467955 0.451048881
vn 0.82100445 -0.565707922 -0.0769822225
vn 0.361486703 0.209859461 0.90845269
vn 0.345774144 0.0512390696 0.936917722
vn 0.875932097 -0.409337163 -0.255315304
vn 0.82100445 -0.565707922 -0.0769822225
vn 0.417072117 0.456352949 0.785997987
vn 0.361486703 0.209859461 0.90845269
vn 0.70055598 0.420276403 -0.576705396
vn 0.739421844 0.206320629 -0.640848756
vn -0.580434442 0.0962681472 -0.808596551
vn -0.588159144 0.327664226 -0.739394903
vn -0.384259939 -0.722432256 -0.574835598
vn -0.485793948 -0.69918102 -0.524547279
vn -0.555341125 -0.116286665 -0.823452353
vn -0.833686233 0.415339112 -0.363951385
vn -0.591795981 0.637758374 -0.49299261
vn -0.536840022 0.121639334 -0.834869325
vn 0.211571664 -0.445974767 -0.869680285
vn -0.0550683066 -0.664332271 -0.745406032
vn -0.263521045 -0.136532083 -0.954942644
vn -0.711624146 -0.687353075 -0.145384282
vn 0.398279727 -0.903209865 0.15995343
vn 0.618834019 -0.759477735 0.200594351
vn -0.713190734 -0.631305158 -0.304651499
vn 0.0884158313 0.712679386 -0.695895672
vn 0.305011719 0.121647708 -0.944547117
vn -0.012178163 0.0806967318 -0.996664166
vn -0.0201522894 0.70258373 -0.711315691
vn -0.363884866 0.71497035 -0.596996784
vn -0.263766736 0.712685525 -0.650005043
vn -0.536840022 0.121639334 -0.834869325
vn -0.162774652 0.702579379 -0.692738473
vn 0.0461830832 0.587591767 -0.807838559
vn -0.243591249 0.0806939825 -0.966515124
vn -0.485793948 -0.69918102 -0.524547279
vn -0.697636545 -0.571483076 -0.432100058
vn -0.555341125 -0.116286665 -0.823452353
vn -0.591795981 0.637758374 -0.49299261
vn -0.363884866 0.71497035 -0.596996784
vn -0.536840022 0.121639334 -0.834869325
vn -0.0550683066 -0.664332271 -0.745406032
vn -0.282021612 -0.732700229 -0.619365871
vn -0.263521045 -0.136532083 -0.954942644
vn 0.26914987 0.320683748 -0.908141077
vn 0.37821883 0.0482497178 -0.924457848
vn -0.243591249 0.0806939825 -0.966515124
vn -0.896495283 -0.298165381 -0.327709645
vn -0.954238951 -0.0351167545 -0.296976268
vn -0.555341125 -0.116286665 -0.823452353
vn 0.402771741 -0.0757696703 -0.912158966
vn -0.243591249 0.0806939825 -0.966515124
vn 0.37821883 0.0482497178 -0.924457848
vn -0.935927331 0.170694873 -0.308063775
vn -0.833686233 0.415339112 -0.363951385
vn -0.536840022 0.121639334 -0.834869325
vn 0.363786906 -0.194973454 -0.9108482
vn 0.211571664 -0.445974767 -0.869680285
vn -0.263521045 -0.136532083 -0.954942644
vn 2.16222862e-08 0.0856348798 -0.996326566
vn 4.38109566e-08 0.0844038948 -0.99643153
vn 0.000751381507 0.0843980014 -0.996431768
vn -3.40797997e-05 0.085634701 -0.996326625
vn 0.0461830832 0.587591767 -0.807838559
vn 0.26914987 0.320683748 -0.908141077
vn -0.243591249 0.0806939825 -0.966515124
vn 0.402771741 -0.0757696703 -0.912158966
vn -0.263521045 -0.136532083 -0.954942644
vn -0.226813152 -0.0245912522 -0.973627806
vn 0.325807333 -0.116290264 -0.938257039
vn 0.348891467 0.0127267754 -0.937076747
vn 0.842045486 0.0681794062 -0.535080373
vn 0.846301615 -0.0351052992 -0.531545699
vn -0.697636545 -0.571483076 -0.432100058
vn -0.896495283 -0.298165381 -0.327709645
vn -0.555341125 -0.116286665 -0.823452353
vn 0.0100395083 -0.136537597 -0.990583837
vn -0.0302263554 -0.0245930441 -0.999240518
vn 0.348891467 0.0127267754 -0.937076747
vn 0.325807333 -0.116290264 -0.938257039
vn 6.44752299e-06 0.0923367068 -0.995727837
vn 6.44753618e-06 0.0923367217 -0.995727837
vn 0 0.075167045 -0.997170866
vn 0 0.07513877 -0.997173071
vn 0.45930472 0.796387196 0.393454552
vn 0.349458635 0.795531034 0.494983703
vn 0.992447078 0.0578855276 0.108156577
vn 0.694536209 0.681929052 0.229329973
vn 0.45930472 0.796387196 0.393454552
vn 0.992447078 0.0578855276 0.108156577
vn 0.921002805 0.377487868 0.0962109268
vn 0.694536209 0.681929052 0.229329973
vn 0.992447078 0.0578855276 0.108156577
vn 0.842045486 0.0681794062 -0.535080373
vn 0.348891467 0.0127267754 -0.937076747
vn 0.305011719 0.121647708 -0.944547117
vn 0.825738549 0.170720637 -0.537596643
vn 0.349458635 0.795531034 0.494983703
vn 0.207165062 0.82410419 0.527195334
vn -0.443584502 0.215613991 0.869910061
vn 0.207165062 0.82410419 0.527195334
vn -0.0752514303 0.766902506 0.637336493
vn -0.443584502 0.215613991 0.869910061
vn -0.0752514303 0.766902506 0.637336493
vn -0.360374361 0.518704832 0.775290608
vn -0.443584502 0.215613991 0.869910061
vn -0.443584502 0.215613991 0.869910061
vn -0.434749067 0.0780141577 0.897166014
vn 0.349458635 0.795531034 0.494983703
vn -0.0580188297 -0.79554522 0.603109956
vn 0.650111139 0.0780130848 0.755823731
vn -0.917076051 -0.0783623084 0.390935987
vn -0.90564692 -0.216299579 0.364716649
vn -0.467030436 -0.0578192808 0.882348776
vn -0.437545896 -0.377291411 0.816213667
vn -0.200881153 -0.681425035 0.703780115
vn 0.0660028458 -0.796011865 0.601671636
vn -0.467030436 -0.0578192808 0.882348776
vn -0.200881153 -0.681425035 0.703780115
vn 0.0660028458 -0.796011865 0.601671636
vn 0.21061185 -0.795550704 0.568103671
vn -0.467030436 -0.0578192808 0.882348776
vn 0.21061185 -0.795550704 0.568103671
vn 0.317961216 -0.824669659 0.467782646
vn 0.968863189 -0.216292694 0.120505445
vn 0.317961216 -0.824669659 0.467782646
vn 0.568517923 -0.767813802 0.295380086
vn 0.968863189 -0.216292694 0.120505445
vn 0.568517923 -0.767813802 0.295380086
vn 0.843486309 -0.519486427 0.136617601
vn 0.968863189 -0.216292694 0.120505445
vn 0.968863189 -0.216292694 0.120505445
vn 0.986627221 -0.0783675388 0.142916903
vn 0.21061185 -0.795550704 0.568103671
vn -0.2516222 0.587629497 -0.769010961
vn -0.612572134 0.681949675 0.399625033
vn -0.343130559 0.79640919 0.497989744
vn -0.0201522894 0.70258373 -0.711315691
vn -0.833686233 0.415339112 -0.363951385
vn -0.360374361 0.518704832 0.775290608
vn -0.0752514303 0.766902506 0.637336493
vn -0.591795981 0.637758374 -0.49299261
vn -0.492848128 0.320704937 -0.808856666
vn -0.602476776 0.0482439846 -0.796677053
vn -0.93160516 0.057893604 0.358831674
vn -0.865632892 0.377429605 0.328977853
vn -0.602476776 0.0482439846 -0.796677053
vn -0.623042047 -0.0757727772 -0.778509557
vn -0.917076051 -0.0783623084 0.390935987
vn -0.93160516 0.057893604 0.358831674
vn 0.21061185 -0.795550704 0.568103671
vn -0.384259939 -0.722432256 -0.574835598
vn -0.282021612 -0.732700229 -0.619365871
vn 0.317961216 -0.824669659 0.467782646
vn -0.0651931167 0.824104488 0.562673628
vn 0.236019716 0.766888559 0.596805334
vn 0.445722967 0.637769699 -0.628156602
vn 0.198802322 0.714946747 -0.670319736
vn 0.782612085 -0.298140258 -0.546471119
vn 0.632005394 -0.377235085 0.67695117
vn 0.374505579 -0.681433201 0.628803849
vn 0.563625991 -0.571464598 -0.596451104
vn 0.782612085 -0.298140258 -0.546471119
vn 0.846301615 -0.0351052992 -0.531545699
vn 0.677512705 -0.0578179955 0.733235002
vn 0.632005394 -0.377235085 0.67695117
vn 0.825738549 0.170720637 -0.537596643
vn 0.651666701 0.215614125 0.727214515
vn 0.650111139 0.0780130848 0.755823731
vn 0.842045486 0.0681794062 -0.535080373
vn 0.927783608 -0.113445632 -0.355453908
vn -0.424271286 0.0106399739 -0.905472517
vn -0.425388545 -0.0325857066 -0.904423892
vn 0.918643057 -0.132531151 -0.372196794
vn 0.211571664 -0.445974767 -0.869680285
vn 0.363786906 -0.194973454 -0.9108482
vn 0.968863189 -0.216292694 0.120505445
vn 0.843486309 -0.519486427 0.136617601
vn -0.492848128 0.320704937 -0.808856666
vn -0.865632892 0.377429605 0.328977853
vn -0.612572134 0.681949675 0.399625033
vn -0.2516222 0.587629497 -0.769010961
vn -0.427355468 -0.445956111 -0.786441684
vn -0.780362487 -0.51943469 0.348169297
vn -0.90564692 -0.216299579 0.364716649
vn -0.585009575 -0.194981709 -0.787239492
vn -0.585009575 -0.194981709 -0.787239492
vn -0.90564692 -0.216299579 0.364716649
vn -0.917076051 -0.0783623084 0.390935987
vn -0.623042047 -0.0757727772 -0.778509557
vn 0.113921046 -0.732709169 -0.670939028
vn 0.224142224 -0.722440124 -0.654095232
vn -0.0580188297 -0.79554522 0.603109956
vn -0.187467724 -0.824668705 0.533645451
vn -0.187467724 -0.824668705 0.533645451
vn -0.4738639 -0.767754853 0.431283563
vn -0.137779668 -0.66432327 -0.734636784
vn 0.113921046 -0.732709169 -0.670939028
vn 0.236019716 0.766888559 0.596805334
vn 0.547061861 0.518651903 0.657056808
vn 0.712575555 0.41535756 -0.565432787
vn 0.445722967 0.637769699 -0.628156602
vn 0.712575555 0.41535756 -0.565432787
vn 0.547061861 0.518651903 0.657056808
vn 0.651666701 0.215614125 0.727214515
vn 0.825738549 0.170720637 -0.537596643
vn 0.846301615 -0.0351052992 -0.531545699
vn 0.842045486 0.0681794062 -0.535080373
vn 0.650111139 0.0780130848 0.755823731
vn 0.677512705 -0.0578179955 0.733235002
vn -0.0580188297 -0.79554522 0.603109956
vn 0.224142224 -0.722440124 -0.654095232
vn 0.335162401 -0.699198902 -0.631495655
vn 0.0903747305 -0.796014547 0.598492563
vn -0.6431517 -0.763752937 -0.0551117621
vn -0.673810065 -0.738896132 -0.00350521924
vn 0.771468163 -0.620059431 0.142699048
vn 0.764427066 -0.637558341 0.0957626998
vn 0.361486703 0.209859461 0.90845269
vn 0.417072117 0.456352949 0.785997987
vn -0.767351151 0.552072227 0.326172084
vn -0.8478719 0.31184426 0.428796351
vn -0.0734948143 0.889467955 0.451048881
vn 0.553378999 0.753396153 0.355198503
vn 0.625743091 0.779347777 0.0325952433
vn -0.526440084 0.848193109 -0.0585600398
vn 0.739421844 0.206320629 -0.640848756
vn 0.759638906 0.100882046 -0.642472804
vn -0.586319387 -0.0217890423 -0.809786916
vn -0.580434442 0.0962681472 -0.808596551
vn 0.904313684 -0.281442642 -0.320946485
vn -0.474343896 -0.152600035 -0.86701262
vn -0.516288817 -0.292138308 -0.805047214
vn 0.875932097 -0.409337163 -0.255315304
vn 0.768815398 0.0855579376 -0.633721113
vn 0.680249274 -0.51693362 -0.519654214
vn -0.422680646 -0.623675108 -0.657548606
vn -0.598989904 -0.0511131734 -0.799123466
vn -0.210963711 0.795545638 0.56798023
vn 0.0884158313 0.712679386 -0.695895672
vn -0.0201522894 0.70258373 -0.711315691
vn -0.343130559 0.79640919 0.497989744
vn -0.594199598 -0.640205085 0.486892283
vn -0.422680646 -0.623675108 -0.657548606
vn 0.680249274 -0.51693362 -0.519654214
vn 0.581545889 -0.518323421 0.627012908
vn -0.681366563 0.621320009 -0.386912376
vn -0.703529418 -0.70315057 0.103080593
vn -0.673810065 -0.738896132 -0.00350521924
vn -0.727125108 0.650743902 -0.218681201
vn -0.598989904 -0.0511131734 -0.799123466
vn -0.803422511 -0.126293227 0.581861019
vn -0.80581969 -0.214696318 0.551869452
vn -0.586319387 -0.0217890423 -0.809786916
vn -0.594199598 -0.640205085 0.486892283
vn 0.581545889 -0.518323421 0.627012908
vn 0.645543098 0.0174458604 0.763524413
vn -0.803422511 -0.126293227 0.581861019
vn -0.71326977 -0.568218708 -0.410333723
vn -0.713190734 -0.631305158 -0.304651499
vn 0.618834019 -0.759477735 0.200594351
vn 0.716634989 -0.687829077 0.115436099
vn 0.573320568 0.629043281 0.524983883
vn 0.716634989 -0.687829077 0.115436099
vn 0.618834019 -0.759477735 0.200594351
vn 0.675515234 0.660475314 0.327797502
vn 0.625743091 0.779347777 0.0325952433
vn 0.633847952 0.772694647 0.0343491212
vn -0.747012556 0.654343367 -0.117503382
vn -0.526440084 0.848193109 -0.0585600398
vn -0.553376436 0.753396749 -0.355200917
vn -0.618815601 0.296745092 -0.727330446
vn -0.576471448 0.81046766 -0.104033463
vn -0.658189893 -0.19396244 -0.727437079
vn -0.68153888 -0.647950292 -0.340095997
vn -0.711624146 -0.687353075 -0.145384282
vn 0.618817329 0.29674837 0.727327466
vn 0.658193946 -0.193958044 0.727434397
vn 0.754557252 -0.654693663 0.044938691
vn 0.625743091 0.779347777 0.0325952433
vn -0.00758905942 0.144478559 -0.989478886
vn -0.00774061726 0.144592032 -0.989460886
vn -0.002412481 0.145588979 -0.989342213
vn -0.00236888882 0.145688549 -0.98932761
vn -0.623042047 -0.0757727772 -0.778509557
vn -0.0302263554 -0.0245930441 -0.999240518
vn 0.0100395083 -0.136537597 -0.990583837
vn 0.00967428368 0.13611871 -0.990645349
vn 0.00835403707 0.122524016 -0.992430389
vn 0.00736853899 0.11237175 -0.993638933
vn 0.00736853899 0.11237175 -0.993638813
vn -0.586319387 -0.0217890423 -0.809786916
vn -0.80581969 -0.214696318 0.551869452
vn -0.790999472 -0.346461743 0.504266024
vn 0.685786366 -0.220832855 0.693491161
vn 0.667252362 -0.0776347443 0.740774691
vn 0.759638906 0.100882046 -0.642472804
vn -0.628349006 -0.453880817 -0.631798685
vn -0.8478719 0.31184426 0.428796351
vn -0.767351151 0.552072227 0.326172084
vn -0.580434442 0.0962681472 -0.808596551
vn -0.790999472 -0.346461743 0.504266024
vn -0.782633603 -0.503227651 0.366396755
vn -0.588159144 0.327664226 -0.739394903
vn 0.00242611277 0.145592853 -0.989341557
vn 0.00780258514 0.144549981 -0.989466608
vn 0.00764748035 0.144437596 -0.989484251
vn 0.00268895132 0.145266578 -0.989388764
vn -1.6770653e-05 0.149016187 -0.988834679
vn -0.002412481 0.145588979 -0.989342213
vn 0.00019033339 0.148840696 -0.988861263
vn -2.79719461e-05 0.149043366 -0.988830626
vn -1.6770653e-05 0.149016187 -0.988834679
vn -0.000160858588 0.148942515 -0.988845766
vn -0.00766481413 0.112335108 -0.99364084
vn -0.00766481319 0.112335093 -0.993640721
vn -0.00858596433 0.122727953 -0.992403209
vn -0.00983075704 0.13676773 -0.990554452
vn -2.6401387e-05 0.149082646 -0.988824606
vn -0.0023904366 0.145725265 -0.989322126
vn -0.00242180354 0.145602733 -0.989340246
vn -2.6315513e-06 0.149029374 -0.988832772
vn 0.678728104 0.611105978 -0.407280982
vn 0.70055598 0.420276403 -0.576705396
vn -0.588159144 0.327664226 -0.739394903
vn -0.639147222 0.519356608 -0.567238331
vn -2.6315513e-06 0.149029374 -0.988832772
vn -0.00242180354 0.145602733 -0.989340246
vn 0.00015069927 0.148605332 -0.988896489
vn -2.6401387e-05 0.149082646 -0.988824606
vn -2.6315513e-06 0.149029374 -0.988832772
vn -0.000104454921 0.148944363 -0.988845587
vn -0.000813673367 0.0868712291 -0.996219099
vn 2.87435159e-06 0.0868710503 -0.996219575
vn 1.4381136e-06 0.0856458247 -0.996325612
vn -3.1204152e-05 0.0856405124 -0.996326029
vn 2.66171319e-05 0.149016604 -0.988834679
vn 5.26276426e-06 0.148997769 -0.98883754
vn 0.00242611277 0.145592853 -0.989341557
vn 0.00268895132 0.145266578 -0.989388764
vn 0.417072117 0.456352949 0.785997987
vn 0.82100445 -0.565707922 -0.0769822225
vn 0.716634989 -0.687829077 0.115436099
vn 0.573320568 0.629043281 0.524983883
vn 2.16222862e-08 0.0856348798 -0.996326566
vn 3.41242703e-05 0.0856352448 -0.996326566
vn -0.000751296815 0.0844097286 -0.996430874
vn 4.38109566e-08 0.0844038948 -0.99643153
vn 0 0.0645928606 -0.997911632
vn 0 0.0751729608 -0.997170568
vn 0 0.0751447007 -0.997172534
vn 0 0.0645928606 -0.997911632
vn -1.30889784e-05 0.144485399 -0.989506841
vn -1.30889812e-05 0.144485399 -0.9895069
vn 5.60328544e-06 0.121737257 -0.992562413
vn 5.69494841e-06 0.121625535 -0.992576063
vn -0.00764402887 0.144660786 -0.989451826
vn -0.00779921561 0.144783527 -0.989432633
vn -0.00242180354 0.145602733 -0.989340246
vn -0.0023904366 0.145725265 -0.989322126
vn 6.83909775e-06 0.148972169 -0.988841474
vn -0.000261747773 0.148482382 -0.988914788
vn 0.00240061991 0.145546585 -0.989348531
vn 4.36237788e-05 0.149039567 -0.988831222
vn 0.000160858777 0.148809001 -0.988865912
vn 6.83909775e-06 0.148972169 -0.988841474
vn 0.345774144 0.0512390696 0.936917722
vn 0.361486703 0.209859461 0.90845269
vn -0.8478719 0.31184426 0.428796351
vn -0.878339112 0.160625577 0.450244248
vn 4.36237788e-05 0.149039567 -0.988831222
vn 6.83909775e-06 0.148972169 -0.988841474
vn 0.00240061991 0.145546585 -0.989348531
vn 0.00267431489 0.145261258 -0.989389718
vn 5.26276426e-06 0.148997769 -0.98883754
vn -0.000150701831 0.148861691 -0.988857985
vn 0.00242611277 0.145592853 -0.989341557
vn 2.66171319e-05 0.149016604 -0.988834679
vn 0.000104459163 0.14881669 -0.98886472
vn 5.26276426e-06 0.148997769 -0.98883754
vn 0.00780258514 0.144549981 -0.989466608
vn 0.00853550807 0.122629173 -0.992415726
vn 0.0098051168 0.136425287 -0.990601838
vn 0.00764748035 0.144437596 -0.989484251
vn 0.000819420908 0.086870797 -0.996219277
vn 3.40807674e-05 0.0856513306 -0.996325195
vn 1.4381136e-06 0.0856458247 -0.996325612
vn 2.87435159e-06 0.0868710503 -0.996219575
vn -0.000751377607 0.0844315067 -0.996429086
vn 2.24671126e-09 0.0844204947 -0.996430218
vn 1.4381136e-06 0.0856458247 -0.996325612
vn 3.40807674e-05 0.0856513306 -0.996325195
vn 0.754557252 -0.654693663 0.044938691
vn 0.764427066 -0.637558341 0.0957626998
vn 0.633847952 0.772694647 0.0343491212
vn 0.625743091 0.779347777 0.0325952433
vn -0.474343896 -0.152600035 -0.86701262
vn -0.897589266 0.0689477026 0.43540743
vn -0.878339112 0.160625577 0.450244248
vn 0.904313684 -0.281442642 -0.320946485
vn 0.354344487 -0.0477675013 0.933894098
vn 0.913807333 -0.180226579 -0.36397022
vn 0.402771741 -0.0757696703 -0.912158966
vn 0.363786906 -0.194973454 -0.9108482
vn -0.263521045 -0.136532083 -0.954942644
vn 0.875932097 -0.409337163 -0.255315304
vn 0.345774144 0.0512390696 0.936917722
vn 0.904313684 -0.281442642 -0.320946485
vn 0.21061185 -0.795550704 0.568103671
vn 0.986627221 -0.0783675388 0.142916903
vn -0.434749067 0.0780141577 0.897166014
vn -0.467030436 -0.0578192808 0.882348776
vn -6.361332e-06 0.12162099 -0.992576599
vn -6.37261564e-06 0.121634163 -0.99257499
vn -2.58920099e-05 0.144409701 -0.989517987
vn -2.58920063e-05 0.144409701 -0.989517927
vn -0.012178163 0.0806967318 -0.996664166
vn -0.0302263554 -0.0245930441 -0.999240518
vn -0.623042047 -0.0757727772 -0.778509557
vn 0.913807333 -0.180226579 -0.36397022
vn 0.373348534 -0.0616947748 0.925637305
vn 0.918643057 -0.132531151 -0.372196794
vn 2.16222862e-08 0.0856348798 -0.996326566
vn 8.71530237e-10 0.0868657157 -0.996219933
vn 0.000819424575 0.0868603587 -0.996220052
vn 3.41242703e-05 0.0856352448 -0.996326566
vn 0.402771741 -0.0757696703 -0.912158966
vn -0.226813152 -0.0245912522 -0.973627806
vn -0.243591249 0.0806939825 -0.966515124
vn 0.000751382555 0.0844094232 -0.996430933
vn -3.1204152e-05 0.0856405124 -0.996326029
vn 1.4381136e-06 0.0856458247 -0.996325612
vn 2.24671126e-09 0.0844204947 -0.996430218
vn -2.79719461e-05 0.149043366 -0.988830626
vn -0.00236888882 0.145688549 -0.98932761
vn -0.002412481 0.145588979 -0.989342213
vn -1.6770653e-05 0.149016187 -0.988834679
vn -0.451330423 -0.061185725 -0.890256822
vn -0.909473896 0.0419574752 0.41363892
vn -0.897589266 0.0689477026 0.43540743
vn 0.00773822377 0.144301757 -0.989503503
vn 0.00835403707 0.122524016 -0.992430389
vn 0.00967428368 0.13611871 -0.990645349
vn 0.00758635392 0.144201443 -0.989519238
vn 5.69494841e-06 0.121625535 -0.992576063
vn 5.60328544e-06 0.121737257 -0.992562413
vn 1.20645145e-05 0.0923526362 -0.995726347
vn 1.20645445e-05 0.092352666 -0.995726407
vn -0.00969391316 0.136532426 -0.990588129
vn -0.00839069765 0.122636475 -0.992416203
vn -0.00774061726 0.144592032 -0.989460886
vn -0.00758905942 0.144478559 -0.989478886
vn -0.00983075704 0.13676773 -0.990554452
vn -0.00858596433 0.122727953 -0.992403209
vn -0.00779921561 0.144783527 -0.989432633
vn -0.00764402887 0.144660786 -0.989451826
vn 0.0098051168 0.136425287 -0.990601838
vn 0.00853550807 0.122629173 -0.992415726
vn 0.00758768944 0.112325981 -0.993642449
vn 0.00758768944 0.112325981 -0.993642449
vn 0.211571664 -0.445974767 -0.869680285
vn 0.843486309 -0.519486427 0.136617601
vn 0.568517923 -0.767813802 0.295380086
vn -0.0550683066 -0.664332271 -0.745406032
vn 0.0224149209 -0.00696907286 -0.999724507
vn 0.0224149209 -0.00696907286 -0.999724507
vn 0.0224149209 -0.00696907286 -0.999724507
vn 0.0224149209 -0.00696907286 -0.999724507
vn 0.348891467 0.0127267754 -0.937076747
vn -0.0302263554 -0.0245930441 -0.999240518
vn -0.012178163 0.0806967318 -0.996664166
vn 0.305011719 0.121647708 -0.944547117
vn 0 0.0751447007 -0.997172534
vn 0 0.0751729608 -0.997170568
vn 1.20645445e-05 0.092352666 -0.995726407
vn 1.20645145e-05 0.0923526362 -0.995726347
vn 0 0.07513877 -0.997173071
vn 0 0.075167045 -0.997170866
vn 0 0.0645807236 -0.997912347
vn 0 0.0645807311 -0.997912526
vn -0.665718317 -0.527646482 0.527643979
vn -0.66571635 -0.285557538 0.689404428
vn -1 1.90682869e-07 1.5148056e-06
vn -0.99999994 -2.00239796e-07 1.13610179e-06
vn -0.665721953 -0.285557508 -0.689399183
vn -0.665718973 -0.527645051 -0.527644873
vn -1 -4.28163702e-07 2.01975126e-06
vn -1 9.84045556e-08 2.27222404e-06
vn -0.665718257 0.689402044 0.285559297
vn -0.665718973 0.746202469 -4.25045016e-07
vn -1 2.24773771e-07 3.15582128e-07
vn -1 7.35534229e-07 7.5740212e-07
vn -0.665718973 -0.746202469 2.42317668e-07
vn -0.665718496 -0.689401865 0.285559058
vn -1 -7.35534741e-07 7.88959085e-07
vn -1 -2.24773771e-07 5.04932075e-07
vn -0.665715635 0.285558194 0.689405084
vn -0.66571784 0.527646244 0.527645051
vn -0.99999994 2.00239882e-07 1.51480219e-06
vn -1 -1.9068294e-07 1.89350646e-06
vn -0.665718973 0.527644873 -0.527644873
vn -0.665721595 0.285557717 -0.689399242
vn -1 -9.84024524e-08 2.27222245e-06
vn -0.99999994 4.28165635e-07 2.01975195e-06
vn -0.665718973 -0.527645051 -0.527644873
vn -0.66571945 -0.689401329 -0.285557956
vn -1 3.76220335e-08 5.99610132e-07
vn -1 -4.28163702e-07 2.01975126e-06
vn -0.66571635 -0.285557538 0.689404428
vn -0.665718734 4.11006084e-07 0.746202588
vn -1 5.62918547e-14 1.38857706e-06
vn -1 1.90682869e-07 1.5148056e-06
vn -0.665718973 0.746202469 -4.25045016e-07
vn -0.665719092 0.689401388 -0.285558522
vn -1 -3.76220193e-08 5.68051291e-07
vn -1 2.24773771e-07 3.15582128e-07
vn -0.665719628 -1.15478329e-07 -0.746201992
vn -0.665721953 -0.285557508 -0.689399183
vn -1 9.84045556e-08 2.27222404e-06
vn -1 1.15801466e-12 1.76728452e-06
vn -0.665718496 -0.689401865 0.285559058
vn -0.665718317 -0.527646482 0.527643979
vn -0.99999994 -2.00239796e-07 1.13610179e-06
vn -1 -7.35534741e-07 7.88959085e-07
vn -0.66571784 0.527646244 0.527645051
vn -0.665718257 0.689402044 0.285559297
vn -1 7.35534229e-07 7.5740212e-07
vn -0.99999994 2.00239882e-07 1.51480219e-06
vn -0.665721595 0.285557717 -0.689399242
vn -0.665719628 -1.15478329e-07 -0.746201992
vn -1 1.15801466e-12 1.76728452e-06
vn -1 -9.84024524e-08 2.27222245e-06
vn -0.66571945 -0.689401329 -0.285557956
vn -0.665718973 -0.746202469 2.42317668e-07
vn -1 -2.24773771e-07 5.04932075e-07
vn -1 3.76220335e-08 5.99610132e-07
vn -0.665718734 4.11006084e-07 0.746202588
vn -0.665715635 0.285558194 0.689405084
vn -1 -1.9068294e-07 1.89350646e-06
vn -1 5.62918547e-14 1.38857706e-06
vn -0.665719092 0.689401388 -0.285558522
vn -0.665718973 0.527644873 -0.527644873
vn -0.99999994 4.28165635e-07 2.01975195e-06
vn -1 -3.76220193e-08 5.68051291e-07
vn 0.66571641 -1.15479338e-07 -0.746204853
vn 0.665718973 0.285557657 -0.689402044
vn 1 -1.17330082e-07 -1.03949537e-06
vn 0.665718615 -0.746202886 -7.43395788e-07
vn 0.665718734 -0.689401567 -0.28555882
vn 1 -1.17330082e-07 -1.03949537e-06
vn 0.665719926 0.285557777 0.689400971
vn 0.665722311 4.1139171e-07 0.746199667
vn 1 -1.17330082e-07 -1.03949537e-06
vn 0.665716887 0.527645051 -0.527647436
vn 0.665718973 0.68940109 -0.285559118
vn 1 -1.17330082e-07 -1.03949537e-06
vn 0.665716827 -0.527645051 -0.527647495
vn 0.665718913 -0.285557747 -0.689402044
vn 1 -1.17330082e-07 -1.03949537e-06
vn 0.665718675 -0.285557777 0.689402223
vn 0.665719688 -0.527646601 0.527642012
vn 1 -1.17330082e-07 -1.03949537e-06
vn 0.665718913 0.746202588 -1.32079128e-06
vn 0.66571945 0.689401329 0.285558283
vn 1 -1.17330082e-07 -1.03949537e-06
vn 0.665719211 -0.689401746 0.285557479
vn 0.665718615 -0.746202886 -7.43395788e-07
vn 1 -1.17330082e-07 -1.03949537e-06
vn 0.665720403 0.527645707 0.52764231
vn 0.665719926 0.285557777 0.689400971
vn 1 -1.17330082e-07 -1.03949537e-06
vn 0.665718973 0.285557657 -0.689402044
vn 0.665716887 0.527645051 -0.527647436
vn 1 -1.17330082e-07 -1.03949537e-06
vn 0.665718734 -0.689401567 -0.28555882
vn 0.665716827 -0.527645051 -0.527647495
vn 1 -1.17330082e-07 -1.03949537e-06
vn 0.665722311 4.1139171e-07 0.746199667
vn 0.665718675 -0.285557777 0.689402223
vn 1 -1.17330082e-07 -1.03949537e-06
vn 0.665718913 -0.285557747 -0.689402044
vn 0.66571641 -1.15479338e-07 -0.746204853
vn 1 -1.17330082e-07 -1.03949537e-06
vn 0.665718973 0.68940109 -0.285559118
vn 0.665718913 0.746202588 -1.32079128e-06
vn 1 -1.17330082e-07 -1.03949537e-06
vn 0.665719688 -0.527646601 0.527642012
vn 0.665719211 -0.689401746 0.285557479
vn 1 -1.17330082e-07 -1.03949537e-06
vn 0.66571945 0.689401329 0.285558283
vn 0.665720403 0.527645707 0.52764231
vn 1 -1.17330082e-07 -1.03949537e-06
vn -0.665719628 -1.15478329e-07 -0.746201992
vn 0.66571641 -1.15479338e-07 -0.746204853
vn 0.665718913 -0.285557747 -0.689402044
vn -0.665721953 -0.285557508 -0.689399183
vn -0.665721953 -0.285557508 -0.689399183
vn 0.665718913 -0.285557747 -0.689402044
vn 0.665716827 -0.527645051 -0.527647495
vn -0.665718973 -0.527645051 -0.527644873
vn -0.665718973 -0.527645051 -0.527644873
vn 0.665716827 -0.527645051 -0.527647495
vn 0.665718734 -0.689401567 -0.28555882
vn -0.66571945 -0.689401329 -0.285557956
vn -0.66571945 -0.689401329 -0.285557956
vn 0.665718734 -0.689401567 -0.28555882
vn 0.665718615 -0.746202886 -7.43395788e-07
vn -0.665718973 -0.746202469 2.42317668e-07
vn -0.665718973 -0.746202469 2.42317668e-07
vn 0.665718615 -0.746202886 -7.43395788e-07
vn 0.665719211 -0.689401746 0.285557479
vn -0.665718496 -0.689401865 0.285559058
vn -0.665718496 -0.689401865 0.285559058
vn 0.665719211 -0.689401746 0.285557479
vn 0.665719688 -0.527646601 0.527642012
vn -0.665718317 -0.527646482 0.527643979
vn -0.665718317 -0.527646482 0.527643979
vn 0.665719688 -0.527646601 0.527642012
vn 0.665718675 -0.285557777 0.689402223
vn -0.66571635 -0.285557538 0.689404428
vn -0.66571635 -0.285557538 0.689404428
vn 0.665718675 -0.285557777 0.689402223
vn 0.665722311 4.1139171e-07 0.746199667
vn -0.665718734 4.11006084e-07 0.746202588
vn -0.665718734 4.11006084e-07 0.746202588
vn 0.665722311 4.1139171e-07 0.746199667
vn 0.665719926 0.285557777 0.689400971
vn -0.665715635 0.285558194 0.689405084
vn -0.665715635 0.285558194 0.689405084
vn 0.665719926 0.285557777 0.689400971
vn 0.665720403 0.527645707 0.52764231
vn -0.66571784 0.527646244 0.527645051
vn -0.66571784 0.527646244 0.527645051
vn 0.665720403 0.527645707 0.52764231
vn 0.66571945 0.689401329 0.285558283
vn -0.665718257 0.689402044 0.285559297
vn -0.665718257 0.689402044 0.285559297
vn 0.66571945 0.689401329 0.285558283
vn 0.665718913 0.746202588 -1.32079128e-06
vn -0.665718973 0.746202469 -4.25045016e-07
vn -0.665718973 0.746202469 -4.25045016e-07
vn 0.665718913 0.746202588 -1.32079128e-06
vn 0.665718973 0.68940109 -0.285559118
vn -0.665719092 0.689401388 -0.285558522
vn -0.665719092 0.689401388 -0.285558522
vn 0.665718973 0.68940109 -0.285559118
vn 0.665716887 0.527645051 -0.527647436
vn -0.665718973 0.527644873 -0.527644873
vn -0.665718973 0.527644873 -0.527644873
vn 0.665716887 0.527645051 -0.527647436
vn 0.665718973 0.285557657 -0.689402044
vn -0.665721595 0.285557717 -0.689399242
vn -0.665721595 0.285557717 -0.689399242
vn 0.665718973 0.285557657 -0.689402044
vn 0.66571641 -1.15479338e-07 -0.746204853
vn -0.665719628 -1.15478329e-07 -0.746201992
vn -0.665718079 -0.527645588 0.52764535
vn -0.665717542 -0.285557717 0.689403057
vn -1 -4.61118958e-07 8.83640155e-07
vn -1 -3.78898875e-07 1.0098737e-06
vn -0.665720165 -0.28555879 -0.689400375
vn -0.665718496 -0.527644634 -0.527645767
vn -1 -1.17640468e-07 1.1361052e-06
vn -0.99999994 -1.55260665e-07 3.78701145e-07
vn -0.665718377 0.689401567 0.285560012
vn -0.665719092 0.746202469 9.67137566e-07
vn -1 -3.05857895e-07 1.57791987e-06
vn -1 -2.6823372e-07 2.3353175e-06
vn -0.665719509 -0.746202111 1.03931131e-06
vn -0.665718615 -0.689401269 0.285560191
vn -1 2.68239319e-07 2.11441079e-06
vn -1 3.05860993e-07 1.70415103e-06
vn -0.665717304 0.285558343 0.689403296
vn -0.6657179 0.527646124 0.527645051
vn -1 3.78900808e-07 8.83638847e-07
vn -1 4.61118958e-07 1.13610929e-06
vn -0.665718496 0.527644813 -0.527645648
vn -0.665720105 0.285559058 -0.689400375
vn -1 1.55260565e-07 6.31170167e-07
vn -1 1.17640546e-07 1.1361052e-06
vn -0.665718496 -0.527644634 -0.527645767
vn -0.665719509 -0.689401329 -0.285557956
vn -1 3.76205378e-08 9.78310823e-07
vn -1 -1.17640468e-07 1.1361052e-06
vn -0.665717542 -0.285557717 0.689403057
vn -0.665718794 -8.66091057e-08 0.746202767
vn -0.99999994 7.23752384e-14 1.26234761e-06
vn -1 -4.61118958e-07 8.83640155e-07
vn -0.665719092 0.746202469 9.67137566e-07
vn -0.665718973 0.689401567 -0.285558313
vn -1 -3.76205413e-08 5.04933837e-07
vn -1 -3.05857895e-07 1.57791987e-06
vn -0.665718019 -3.60872683e-08 -0.746203363
vn -0.665720165 -0.28555879 -0.689400375
vn -0.99999994 -1.55260665e-07 3.78701145e-07
vn -1 0 2.52467601e-07
vn -0.665718615 -0.689401269 0.285560191
vn -0.665718079 -0.527645588 0.52764535
vn -1 -3.78898875e-07 1.0098737e-06
vn -1 2.68239319e-07 2.11441079e-06
vn -0.6657179 0.527646124 0.527645051
vn -0.665718377 0.689401567 0.285560012
vn -1 -2.6823372e-07 2.3353175e-06
vn -1 3.78900808e-07 8.83638847e-07
vn -0.665720105 0.285559058 -0.689400375
vn -0.665718019 -3.60872683e-08 -0.746203363
vn -1 0 2.52467601e-07
vn -1 1.55260565e-07 6.31170167e-07
vn -0.665719509 -0.689401329 -0.285557956
vn -0.665719509 -0.746202111 1.03931131e-06
vn -1 3.05860993e-07 1.70415103e-06
vn -1 3.76205378e-08 9.78310823e-07
vn -0.665718794 -8.66091057e-08 0.746202767
vn -0.665717304 0.285558343 0.689403296
vn -1 4.61118958e-07 1.13610929e-06
vn -0.99999994 7.23752384e-14 1.26234761e-06
vn -0.665718973 0.689401567 -0.285558313
vn -0.665718496 0.527644813 -0.527645648
vn -1 1.17640546e-07 1.1361052e-06
vn -1 -3.76205413e-08 5.04933837e-07
vn 0.665717661 -3.60872505e-08 -0.746203661
vn 0.665719569 0.285558671 -0.689400852
vn 1 -1.21972363e-07 -8.25492521e-07
vn 0.665718079 -0.746203482 -8.87744989e-07
vn 0.665718734 -0.689401805 -0.285558909
vn 1 -1.21972363e-07 -8.25492521e-07
vn 0.66571945 0.285557985 0.689401329
vn 0.66572082 -8.66090204e-08 0.7462008
vn 1 -1.21972363e-07 -8.25492521e-07
vn 0.665718198 0.527644575 -0.527646244
vn 0.665718913 0.689401209 -0.285559386
vn 1 -1.21972363e-07 -8.25492521e-07
vn 0.665718079 -0.527644396 -0.527646601
vn 0.66571945 -0.285558611 -0.68940109
vn 1 -1.21972363e-07 -8.25492521e-07
vn 0.66571945 -0.285557598 0.689401567
vn 0.665718555 -0.527645528 0.527644575
vn 1 -1.21972363e-07 -8.25492521e-07
vn 0.665719271 0.746202111 -1.05374647e-06
vn 0.66571945 0.68940109 0.285558552
vn 1 -1.21972363e-07 -8.25492521e-07
vn 0.665719748 -0.689401209 0.285557806
vn 0.665718079 -0.746203482 -8.87744989e-07
vn 1 -1.21972363e-07 -8.25492521e-07
vn 0.665719271 0.527645707 0.527643621
vn 0.66571945 0.285557985 0.689401329
vn 1 -1.21972363e-07 -8.25492521e-07
vn 0.665719569 0.285558671 -0.689400852
vn 0.665718198 0.527644575 -0.527646244
vn 1 -1.21972363e-07 -8.25492521e-07
vn 0.665718734 -0.689401805 -0.285558909
vn 0.665718079 -0.527644396 -0.527646601
vn 1 -1.21972363e-07 -8.25492521e-07
vn 0.66572082 -8.66090204e-08 0.7462008
vn 0.66571945 -0.285557598 0.689401567
vn 1 -1.21972363e-07 -8.25492521e-07
vn 0.66571945 -0.285558611 -0.68940109
vn 0.665717661 -3.60872505e-08 -0.746203661
vn 1 -1.21972363e-07 -8.25492521e-07
vn 0.665718913 0.689401209 -0.285559386
vn 0.665719271 0.746202111 -1.05374647e-06
vn 1 -1.21972363e-07 -8.25492521e-07
vn 0.665718555 -0.527645528 0.527644575
vn 0.665719748 -0.689401209 0.285557806
vn 1 -1.21972363e-07 -8.25492521e-07
vn 0.66571945 0.68940109 0.285558552
vn 0.665719271 0.527645707 0.527643621
vn 1 -1.21972363e-07 -8.25492521e-07
vn -0.665718019 -3.60872683e-08 -0.746203363
vn 0.665717661 -3.60872505e-08 -0.746203661
vn 0.66571945 -0.285558611 -0.68940109
vn -0.665720165 -0.28555879 -0.689400375
vn -0.665720165 -0.28555879 -0.689400375
vn 0.66571945 -0.285558611 -0.68940109
vn 0.665718079 -0.527644396 -0.527646601
vn -0.665718496 -0.527644634 -0.527645767
vn -0.665718496 -0.527644634 -0.527645767
vn 0.665718079 -0.527644396 -0.527646601
vn 0.665718734 -0.689401805 -0.285558909
vn -0.665719509 -0.689401329 -0.285557956
vn -0.665719509 -0.689401329 -0.285557956
vn 0.665718734 -0.689401805 -0.285558909
vn 0.665718079 -0.746203482 -8.87744989e-07
vn -0.665719509 -0.746202111 1.03931131e-06
vn -0.665719509 -0.746202111 1.03931131e-06
vn 0.665718079 -0.746203482 -8.87744989e-07
vn 0.665719748 -0.689401209 0.285557806
vn -0.665718615 -0.689401269 0.285560191
vn -0.665718615 -0.689401269 0.285560191
vn 0.665719748 -0.689401209 0.285557806
vn 0.665718555 -0.527645528 0.527644575
vn -0.665718079 -0.527645588 0.52764535
vn -0.665718079 -0.527645588 0.52764535
vn 0.665718555 -0.527645528 0.527644575
vn 0.66571945 -0.285557598 0.689401567
vn -0.665717542 -0.285557717 0.689403057
vn -0.665717542 -0.285557717 0.689403057
vn 0.66571945 -0.285557598 0.689401567
vn 0.66572082 -8.66090204e-08 0.7462008
vn -0.665718794 -8.66091057e-08 0.746202767
vn -0.665718794 -8.66091057e-08 0.746202767
vn 0.66572082 -8.66090204e-08 0.7462008
vn 0.66571945 0.285557985 0.689401329
vn -0.665717304 0.285558343 0.689403296
vn -0.665717304 0.285558343 0.689403296
vn 0.66571945 0.285557985 0.689401329
vn 0.665719271 0.527645707 0.527643621
vn -0.6657179 0.527646124 0.527645051
vn -0.6657179 0.527646124 0.527645051
vn 0.665719271 0.527645707 0.527643621
vn 0.66571945 0.68940109 0.285558552
vn -0.665718377 0.689401567 0.285560012
vn -0.665718377 0.689401567 0.285560012
vn 0.66571945 0.68940109 0.285558552
vn 0.665719271 0.746202111 -1.05374647e-06
vn -0.665719092 0.746202469 9.67137566e-07
vn -0.665719092 0.746202469 9.67137566e-07
vn 0.665719271 0.746202111 -1.05374647e-06
vn 0.665718913 0.689401209 -0.285559386
vn -0.665718973 0.689401567 -0.285558313
vn -0.665718973 0.689401567 -0.285558313
vn 0.665718913 0.689401209 -0.285559386
vn 0.665718198 0.527644575 -0.527646244
vn -0.665718496 0.527644813 -0.527645648
vn -0.665718496 0.527644813 -0.527645648
vn 0.665718198 0.527644575 -0.527646244
vn 0.665719569 0.285558671 -0.689400852
vn -0.665720105 0.285559058 -0.689400375
vn -0.665720105 0.285559058 -0.689400375
vn 0.665719569 0.285558671 -0.689400852
vn 0.665717661 -3.60872505e-08 -0.746203661
vn -0.665718019 -3.60872683e-08 -0.746203363
vn -0.665718138 -0.527645648 0.52764523
vn -0.665718257 -0.285557359 0.689402819
vn -0.99999994 3.24504271e-07 2.52468283e-07
vn -0.99999994 0 -2.52467913e-07
vn -0.665720284 -0.285558373 -0.689400613
vn -0.665718794 -0.527644634 -0.52764529
vn -1 -1.17641115e-07 1.13610452e-06
vn -1 -1.55261262e-07 6.31168973e-07
vn -0.665718317 0.689401746 0.285560131
vn -0.665719092 0.74620235 2.16523304e-07
vn -1 -3.0585764e-07 1.32544699e-06
vn -1 -3.05855878e-07 1.6094657e-06
vn -0.665719569 -0.746201992 1.34966126e-06
vn -0.665718615 -0.689401388 0.285559505
vn -1 3.05859317e-07 1.60946365e-06
vn -1 3.05860397e-07 1.4516778e-06
vn -0.665718198 0.285558254 0.689402401
vn -0.66571784 0.527645707 0.527645528
vn -1 0 7.47880328e-13
vn -1 -3.24504498e-07 3.78702651e-07
vn -0.665718615 0.527644634 -0.527645528
vn -0.665719807 0.28555885 -0.689400613
vn -1 1.55261148e-07 7.57402915e-07
vn -1 1.17641711e-07 1.1361052e-06
vn -0.665718794 -0.527644634 -0.52764529
vn -0.66571933 -0.689401269 -0.285558343
vn -1 3.76203673e-08 2.2090488e-07
vn -1 -1.17641115e-07 1.13610452e-06
vn -0.665718257 -0.285557359 0.689402819
vn -0.665719092 -5.05219305e-07 0.74620235
vn -1 -2.5733422e-13 8.83640212e-07
vn -0.99999994 3.24504271e-07 2.52468283e-07
vn -0.665719092 0.74620235 2.16523304e-07
vn -0.665718675 0.689401805 -0.285558939
vn -1 -3.76199303e-08 3.47139689e-07
vn -1 -3.0585764e-07 1.32544699e-06
vn -0.665718198 4.04177143e-07 -0.746203244
vn -0.665720284 -0.285558373 -0.689400613
vn -1 -1.55261262e-07 6.31168973e-07
vn -1 0 1.26233701e-07
vn -0.665718615 -0.689401388 0.285559505
vn -0.665718138 -0.527645648 0.52764523
vn -0.99999994 0 -2.52467913e-07
vn -1 3.05859317e-07 1.60946365e-06
vn -0.66571784 0.527645707 0.527645528
vn -0.665718317 0.689401746 0.285560131
vn -1 -3.05855878e-07 1.6094657e-06
vn -1 0 7.47880328e-13
vn -0.665719807 0.28555885 -0.689400613
vn -0.665718198 4.04177143e-07 -0.746203244
vn -1 0 1.26233701e-07
vn -1 1.55261148e-07 7.57402915e-07
vn -0.66571933 -0.689401269 -0.285558343
vn -0.665719569 -0.746201992 1.34966126e-06
vn -1 3.05860397e-07 1.4516778e-06
vn -1 3.76203673e-08 2.2090488e-07
vn -0.665719092 -5.05219305e-07 0.74620235
vn -0.665718198 0.285558254 0.689402401
vn -1 -3.24504498e-07 3.78702651e-07
vn -1 -2.5733422e-13 8.83640212e-07
vn -0.665718675 0.689401805 -0.285558939
vn -0.665718615 0.527644634 -0.527645528
vn -1 1.17641711e-07 1.1361052e-06
vn -1 -3.76199303e-08 3.47139689e-07
vn 0.665717781 4.04176774e-07 -0.746203661
vn 0.665719509 0.285558462 -0.68940109
vn 1 -5.6343719e-08 -8.89644184e-07
vn 0.665718675 -0.746202886 -3.68089673e-07
vn 0.665718257 -0.689401925 -0.285559565
vn 1 -5.6343719e-08 -8.89644184e-07
vn 0.665718496 0.285558701 0.689402044
vn 0.665720403 -5.12437566e-07 0.746201336
vn 1 -5.6343719e-08 -8.89644184e-07
vn 0.665718019 0.527644575 -0.527646422
vn 0.66571933 0.68940109 -0.285559207
vn 1 -5.6343719e-08 -8.89644184e-07
vn 0.665717661 -0.527644932 -0.527646542
vn 0.665719151 -0.285558343 -0.689401567
vn 1 -5.6343719e-08 -8.89644184e-07
vn 0.66571945 -0.285557657 0.689401567
vn 0.665719151 -0.52764535 0.527644217
vn 1 -5.6343719e-08 -8.89644184e-07
vn 0.665719092 0.746202469 -9.59919134e-07
vn 0.665719509 0.689401209 0.285558432
vn 1 -5.6343719e-08 -8.89644184e-07
vn 0.66571933 -0.689401567 0.285557806
vn 0.665718675 -0.746202886 -3.68089673e-07
vn 1 -5.6343719e-08 -8.89644184e-07
vn 0.665720105 0.527644873 0.527643442
vn 0.665718496 0.285558701 0.689402044
vn 1 -5.6343719e-08 -8.89644184e-07
vn 0.665719509 0.285558462 -0.68940109
vn 0.665718019 0.527644575 -0.527646422
vn 1 -5.6343719e-08 -8.89644184e-07
vn 0.665718257 -0.689401925 -0.285559565
vn 0.665717661 -0.527644932 -0.527646542
vn 1 -5.6343719e-08 -8.89644184e-07
vn 0.665720403 -5.12437566e-07 0.746201336
vn 0.66571945 -0.285557657 0.689401567
vn 1 -5.6343719e-08 -8.89644184e-07
vn 0.665719151 -0.285558343 -0.689401567
vn 0.665717781 4.04176774e-07 -0.746203661
vn 1 -5.6343719e-08 -8.89644184e-07
vn 0.66571933 0.68940109 -0.285559207
vn 0.665719092 0.746202469 -9.59919134e-07
vn 1 -5.6343719e-08 -8.89644184e-07
vn 0.665719151 -0.52764535 0.527644217
vn 0.66571933 -0.689401567 0.285557806
vn 1 -5.6343719e-08 -8.89644184e-07
vn 0.665719509 0.689401209 0.285558432
vn 0.665720105 0.527644873 0.527643442
vn 1 -5.6343719e-08 -8.89644184e-07
vn -0.665718198 4.04177143e-07 -0.746203244
vn 0.665717781 4.04176774e-07 -0.746203661
vn 0.665719151 -0.285558343 -0.689401567
vn -0.665720284 -0.285558373 -0.689400613
vn -0.665720284 -0.285558373 -0.689400613
vn 0.665719151 -0.285558343 -0.689401567
vn 0.665717661 -0.527644932 -0.527646542
vn -0.665718794 -0.527644634 -0.52764529
vn -0.665718794 -0.527644634 -0.52764529
vn 0.665717661 -0.527644932 -0.527646542
vn 0.665718257 -0.689401925 -0.285559565
vn -0.66571933 -0.689401269 -0.285558343
vn -0.66571933 -0.689401269 -0.285558343
vn 0.665718257 -0.689401925 -0.285559565
vn 0.665718675 -0.746202886 -3.68089673e-07
vn -0.665719569 -0.746201992 1.34966126e-06
vn -0.665719569 -0.746201992 1.34966126e-06
vn 0.665718675 -0.746202886 -3.68089673e-07
vn 0.66571933 -0.689401567 0.285557806
vn -0.665718615 -0.689401388 0.285559505
vn -0.665718615 -0.689401388 0.285559505
vn 0.66571933 -0.689401567 0.285557806
vn 0.665719151 -0.52764535 0.527644217
vn -0.665718138 -0.527645648 0.52764523
vn -0.665718138 -0.527645648 0.52764523
vn 0.665719151 -0.52764535 0.527644217
vn 0.66571945 -0.285557657 0.689401567
vn -0.665718257 -0.285557359 0.689402819
vn -0.665718257 -0.285557359 0.689402819
vn 0.66571945 -0.285557657 0.689401567
vn 0.665720403 -5.12437566e-07 0.746201336
vn -0.665719092 -5.05219305e-07 0.74620235
vn -0.665719092 -5.05219305e-07 0.74620235
vn 0.665720403 -5.12437566e-07 0.746201336
vn 0.665718496 0.285558701 0.689402044
vn -0.665718198 0.285558254 0.689402401
vn -0.665718198 0.285558254 0.689402401
vn 0.665718496 0.285558701 0.689402044
vn 0.665720105 0.527644873 0.527643442
vn -0.66571784 0.527645707 0.527645528
vn -0.66571784 0.527645707 0.527645528
vn 0.665720105 0.527644873 0.527643442
vn 0.665719509 0.689401209 0.285558432
vn -0.665718317 0.689401746 0.285560131
vn -0.665718317 0.689401746 0.285560131
vn 0.665719509 0.689401209 0.285558432
vn 0.665719092 0.746202469 -9.59919134e-07
vn -0.665719092 0.74620235 2.16523304e-07
vn -0.665719092 0.74620235 2.16523304e-07
vn 0.665719092 0.746202469 -9.59919134e-07
vn 0.66571933 0.68940109 -0.285559207
vn -0.665718675 0.689401805 -0.285558939
vn -0.665718675 0.689401805 -0.285558939
vn 0.66571933 0.68940109 -0.285559207
vn 0.665718019 0.527644575 -0.527646422
vn -0.665718615 0.527644634 -0.527645528
vn -0.665718615 0.527644634 -0.527645528
vn 0.665718019 0.527644575 -0.527646422
vn 0.665719509 0.285558462 -0.68940109
vn -0.665719807 0.28555885 -0.689400613
vn -0.665719807 0.28555885 -0.689400613
vn 0.665719509 0.285558462 -0.68940109
vn 0.665717781 4.04176774e-07 -0.746203661
vn -0.665718198 4.04177143e-07 -0.746203244
vn -0.749489844 -0.46811524 0.468116581
vn 8.45973489e-07 -0.707106292 0.707107246
vn 2.06206983e-06 -0.923879743 0.382682383
vn -0.749489903 -0.611622691 0.25334236
vn -0.749491036 0.253342003 -0.611621499
vn 1.42759279e-06 0.382684678 -0.923879087
vn 1.7712639e-06 0.707105756 -0.707107723
vn -0.749491096 0.468115062 -0.468114734
vn -0.74948895 -0.253339022 0.611625135
vn -3.99194278e-06 -0.38267979 0.923880875
vn 8.45973489e-07 -0.707106292 0.707107246
vn -0.749489844 -0.46811524 0.468116581
vn -0.749492049 3.16627613e-08 -0.662013233
vn -3.43677641e-07 4.62643008e-08 -1
vn 1.42759279e-06 0.382684678 -0.923879087
vn -0.749491036 0.253342003 -0.611621499
vn -0.749488413 0.253339827 0.611625731
vn 2.37930658e-06 0.382678777 0.923881531
vn -1.9034286e-06 -3.46979135e-07 1
vn -0.749486208 -1.21372511e-06 0.662019789
vn -0.749486208 -1.21372511e-06 0.662019789
vn -1.9034286e-06 -3.46979135e-07 1
vn -3.99194278e-06 -0.38267979 0.923880875
vn -0.74948895 -0.253339022 0.611625135
vn -0.749491394 -0.253342241 -0.611620963
vn 1.26897112e-06 -0.382685184 -0.923878789
vn -3.43677641e-07 4.62643008e-08 -1
vn -0.749492049 3.16627613e-08 -0.662013233
vn -0.749490678 0.468115628 0.468114942
vn -1.87700573e-06 0.70710659 0.707106888
vn 2.37930658e-06 0.382678777 0.923881531
vn -0.749488413 0.253339827 0.611625731
vn -0.749491453 -0.468114406 -0.468114585
vn -9.25286372e-07 -0.707105756 -0.707107842
vn 1.26897112e-06 -0.382685184 -0.923878789
vn -0.749491394 -0.253342241 -0.611620963
vn -0.749491632 0.611620605 0.253342748
vn -2.37930999e-06 0.923879921 0.382682294
vn -1.87700573e-06 0.70710659 0.707106888
vn -0.749490678 0.468115628 0.468114942
vn -0.749490798 -0.611622274 -0.253340989
vn -6.34482205e-07 -0.923880041 -0.382682294
vn -9.25286372e-07 -0.707105756 -0.707107842
vn -0.749491453 -0.468114406 -0.468114585
vn -0.749491274 0.662014186 2.32193457e-07
vn -1.26896487e-06 1 1.15330397e-06
vn -2.37930999e-06 0.923879921 0.382682294
vn -0.749491632 0.611620605 0.253342748
vn -0.749490678 -0.662014723 -6.86025714e-07
vn -2.37931275e-07 -1 4.09770536e-07
vn -6.34482205e-07 -0.923880041 -0.382682294
vn -0.749490798 -0.611622274 -0.253340989
vn -0.749490261 0.61162287 -0.253340691
vn -3.70114634e-07 0.923880398 -0.38268131
vn -1.26896487e-06 1 1.15330397e-06
vn -0.749491274 0.662014186 2.32193457e-07
vn -0.749489903 -0.611622691 0.25334236
vn 2.06206983e-06 -0.923879743 0.382682383
vn -2.37931275e-07 -1 4.09770536e-07
vn -0.749490678 -0.662014723 -6.86025714e-07
vn -0.749491096 0.468115062 -0.468114734
vn 1.7712639e-06 0.707105756 -0.707107723
vn -3.70114634e-07 0.923880398 -0.38268131
vn -0.749490261 0.61162287 -0.253340691
vn 0.74948889 -0.468117923 0.468115419
vn 0.749491274 -0.611620545 0.253343791
vn 2.06206983e-06 -0.923879743 0.382682383
vn 8.45973489e-07 -0.707106292 0.707107246
vn 0.665719032 -0.527645171 -0.527644396
vn 0.665718615 -0.285557359 -0.689402401
vn 0.99999994 2.30559067e-07 5.04936565e-07
vn 1 1.89449324e-07 2.52467657e-07
vn 0.665719628 -0.285558492 0.689400971
vn 0.665717185 -0.527644575 0.527647197
vn 1 -1.89448258e-07 6.31169883e-07
vn 1 -6.83032582e-08 1.00987734e-06
vn 0.665718734 0.689401746 -0.285559326
vn 0.665718973 0.746202528 -7.21744176e-09
vn 1 -1.52931648e-07 -2.8402556e-07
vn 0.99999994 -9.52744941e-08 -1.89344959e-07
vn 0.66571939 -0.74620235 -4.18611421e-07
vn 0.665719151 -0.68940109 -0.285559177
vn 1 9.52750909e-08 -4.10257456e-07
vn 1 1.52931719e-07 -2.52467203e-07
vn 0.665718079 0.285558134 -0.689402699
vn 0.665718794 0.52764523 -0.527644634
vn 1 -1.89449352e-07 2.52468794e-07
vn 0.99999994 -2.30558982e-07 2.52468453e-07
vn 0.665718198 0.527644634 0.527646184
vn 0.66571945 0.285559207 0.689400733
vn 1 6.83026471e-08 6.31173577e-07
vn 1 1.8944948e-07 2.52468368e-07
vn 0.665717185 -0.527644575 0.527647197
vn 0.665719211 -0.68940115 0.285559088
vn 1 5.76564609e-08 5.36492678e-07
vn 1 -1.89448258e-07 6.31169883e-07
vn 0.665718615 -0.285557359 -0.689402401
vn 0.665719688 1.22696235e-07 -0.746201873
vn 1 1.60833888e-14 5.04937759e-07
vn 0.99999994 2.30559067e-07 5.04936565e-07
vn 0.665718973 0.746202528 -7.21744176e-09
vn 0.665718913 0.689401388 0.285559207
vn 1 -5.76559955e-08 2.84026015e-07
vn 1 -1.52931648e-07 -2.8402556e-07
vn 0.665717721 -2.88697777e-08 0.746203721
vn 0.665719628 -0.285558492 0.689400971
vn 1 -6.83032582e-08 1.00987734e-06
vn 1 -3.05587586e-13 1.2623417e-06
vn 0.665719151 -0.68940109 -0.285559177
vn 0.665719032 -0.527645171 -0.527644396
vn 1 1.89449324e-07 2.52467657e-07
vn 1 9.52750909e-08 -4.10257456e-07
vn 0.665718794 0.52764523 -0.527644634
vn 0.665718734 0.689401746 -0.285559326
vn 0.99999994 -9.52744941e-08 -1.89344959e-07
vn 1 -1.89449352e-07 2.52468794e-07
vn 0.66571945 0.285559207 0.689400733
vn 0.665717721 -2.88697777e-08 0.746203721
vn 1 -3.05587586e-13 1.2623417e-06
vn 1 6.83026471e-08 6.31173577e-07
vn 0.665719211 -0.68940115 0.285559088
vn 0.66571939 -0.74620235 -4.18611421e-07
vn 1 1.52931719e-07 -2.52467203e-07
vn 1 5.76564609e-08 5.36492678e-07
vn 0.665719688 1.22696235e-07 -0.746201873
vn 0.665718079 0.285558134 -0.689402699
vn 0.99999994 -2.30558982e-07 2.52468453e-07
vn 1 1.60833888e-14 5.04937759e-07
vn 0.665718913 0.689401388 0.285559207
vn 0.665718198 0.527644634 0.527646184
vn 1 1.8944948e-07 2.52468368e-07
vn 1 -5.76559955e-08 2.84026015e-07
vn -0.665718436 -3.60872576e-08 0.746203125
vn -0.665719807 0.285559237 0.689400673
vn -1 -7.2750872e-08 -2.54767031e-07
vn -0.665718436 -0.746202946 -2.5261042e-07
vn -0.665718973 -0.689401746 0.285558522
vn -1 -7.2750872e-08 -2.54767031e-07
vn -0.665718794 0.285557896 -0.689402103
vn -0.665719926 1.2991346e-07 -0.746201694
vn -1 -7.2750872e-08 -2.54767031e-07
vn -0.665718377 0.527644396 0.527646065
vn -0.665719211 0.68940115 0.285559028
vn -1 -7.2750872e-08 -2.54767031e-07
vn -0.665718734 -0.527644157 0.527645767
vn -0.665719688 -0.285558701 0.689400852
vn -1 -7.2750872e-08 -2.54767031e-07
vn -0.665718496 -0.285557508 -0.68940258
vn -0.665718198 -0.527645707 -0.527645171
vn -1 -7.2750872e-08 -2.54767031e-07
vn -0.665719092 0.746202469 -2.16523137e-08
vn -0.665719092 0.689401209 -0.285559624
vn -1 -7.2750872e-08 -2.54767031e-07
vn -0.665718853 -0.689401567 -0.285559386
vn -0.665718436 -0.746202946 -2.5261042e-07
vn -1 -7.2750872e-08 -2.54767031e-07
vn -0.665718794 0.52764529 -0.527644575
vn -0.665718794 0.285557896 -0.689402103
vn -1 -7.2750872e-08 -2.54767031e-07
vn -0.665719807 0.285559237 0.689400673
vn -0.665718377 0.527644396 0.527646065
vn -1 -7.2750872e-08 -2.54767031e-07
vn -0.665718973 -0.689401746 0.285558522
vn -0.665718734 -0.527644157 0.527645767
vn -1 -7.2750872e-08 -2.54767031e-07
vn -0.665719926 1.2991346e-07 -0.746201694
vn -0.665718496 -0.285557508 -0.68940258
vn -1 -7.2750872e-08 -2.54767031e-07
vn -0.665719688 -0.285558701 0.689400852
vn -0.665718436 -3.60872576e-08 0.746203125
vn -1 -7.2750872e-08 -2.54767031e-07
vn -0.665719211 0.68940115 0.285559028
vn -0.665719092 0.746202469 -2.16523137e-08
vn -1 -7.2750872e-08 -2.54767031e-07
vn -0.665718198 -0.527645707 -0.527645171
vn -0.665718853 -0.689401567 -0.285559386
vn -1 -7.2750872e-08 -2.54767031e-07
vn -0.665719092 0.689401209 -0.285559624
vn -0.665718794 0.52764529 -0.527644575
vn -1 -7.2750872e-08 -2.54767031e-07
vn 0.665717721 -2.88697777e-08 0.746203721
vn -0.665718436 -3.60872576e-08 0.746203125
vn -0.665719688 -0.285558701 0.689400852
vn 0.665719628 -0.285558492 0.689400971
vn 0.665719628 -0.285558492 0.689400971
vn -0.665719688 -0.285558701 0.689400852
vn -0.665718734 -0.527644157 0.527645767
vn 0.665717185 -0.527644575 0.527647197
vn 0.665717185 -0.527644575 0.527647197
vn -0.665718734 -0.527644157 0.527645767
vn -0.665718973 -0.689401746 0.285558522
vn 0.665719211 -0.68940115 0.285559088
vn 0.665719211 -0.68940115 0.285559088
vn -0.665718973 -0.689401746 0.285558522
vn -0.665718436 -0.746202946 -2.5261042e-07
vn 0.66571939 -0.74620235 -4.18611421e-07
vn 0.66571939 -0.74620235 -4.18611421e-07
vn -0.665718436 -0.746202946 -2.5261042e-07
vn -0.665718853 -0.689401567 -0.285559386
vn 0.665719151 -0.68940109 -0.285559177
vn 0.665719151 -0.68940109 -0.285559177
vn -0.665718853 -0.689401567 -0.285559386
vn -0.665718198 -0.527645707 -0.527645171
vn 0.665719032 -0.527645171 -0.527644396
vn 0.665719032 -0.527645171 -0.527644396
vn -0.665718198 -0.527645707 -0.527645171
vn -0.665718496 -0.285557508 -0.68940258
vn 0.665718615 -0.285557359 -0.689402401
vn 0.665718615 -0.285557359 -0.689402401
vn -0.665718496 -0.285557508 -0.68940258
vn -0.665719926 1.2991346e-07 -0.746201694
vn 0.665719688 1.22696235e-07 -0.746201873
vn 0.665719688 1.22696235e-07 -0.746201873
vn -0.665719926 1.2991346e-07 -0.746201694
vn -0.665718794 0.285557896 -0.689402103
vn 0.665718079 0.285558134 -0.689402699
vn 0.665718079 0.285558134 -0.689402699
vn -0.665718794 0.285557896 -0.689402103
vn -0.665718794 0.52764529 -0.527644575
vn 0.665718794 0.52764523 -0.527644634
vn 0.665718794 0.52764523 -0.527644634
vn -0.665718794 0.52764529 -0.527644575
vn -0.665719092 0.689401209 -0.285559624
vn 0.665718734 0.689401746 -0.285559326
vn 0.665718734 0.689401746 -0.285559326
vn -0.665719092 0.689401209 -0.285559624
vn -0.665719092 0.746202469 -2.16523137e-08
vn 0.665718973 0.746202528 -7.21744176e-09
vn 0.665718973 0.746202528 -7.21744176e-09
vn -0.665719092 0.746202469 -2.16523137e-08
vn -0.665719211 0.68940115 0.285559028
vn 0.665718913 0.689401388 0.285559207
vn 0.665718913 0.689401388 0.285559207
vn -0.665719211 0.68940115 0.285559028
vn -0.665718377 0.527644396 0.527646065
vn 0.665718198 0.527644634 0.527646184
vn 0.665718198 0.527644634 0.527646184
vn -0.665718377 0.527644396 0.527646065
vn -0.665719807 0.285559237 0.689400673
vn 0.66571945 0.285559207 0.689400733
vn 0.66571945 0.285559207 0.689400733
vn -0.665719807 0.285559237 0.689400673
vn -0.665718436 -3.60872576e-08 0.746203125
vn 0.665717721 -2.88697777e-08 0.746203721
vn 0.749492228 0.253341705 -0.611620247
vn 0.749492407 0.468112767 -0.468114674
vn 1.7712639e-06 0.707105756 -0.707107723
vn 1.42759279e-06 0.382684678 -0.923879087
vn 0.749486864 -0.25334233 0.611626565
vn 0.74948889 -0.468117923 0.468115419
vn 8.45973489e-07 -0.707106292 0.707107246
vn -3.99194278e-06 -0.38267979 0.923880875
vn 0.749492764 2.63856581e-08 -0.662012577
vn 0.749492228 0.253341705 -0.611620247
vn 1.42759279e-06 0.382684678 -0.923879087
vn -3.43677641e-07 4.62643008e-08 -1
vn 0.749488294 0.253340095 0.611625612
vn 0.749484956 7.38789254e-07 0.662021339
vn -1.9034286e-06 -3.46979135e-07 1
vn 2.37930658e-06 0.382678777 0.923881531
vn 0.749484956 7.38789254e-07 0.662021339
vn 0.749486864 -0.25334233 0.611626565
vn -3.99194278e-06 -0.38267979 0.923880875
vn -1.9034286e-06 -3.46979135e-07 1
vn 0.749491811 -0.253342599 -0.611620367
vn 0.749492764 2.63856581e-08 -0.662012577
vn -3.43677641e-07 4.62643008e-08 -1
vn 1.26897112e-06 -0.382685184 -0.923878789
vn 0.749489784 0.468115866 0.468115896
vn 0.749488294 0.253340095 0.611625612
vn 2.37930658e-06 0.382678777 0.923881531
vn -1.87700573e-06 0.70710659 0.707106888
vn 0.749491036 -0.468114346 -0.468115538
vn 0.749491811 -0.253342599 -0.611620367
vn 1.26897112e-06 -0.382685184 -0.923878789
vn -9.25286372e-07 -0.707105756 -0.707107842
vn 0.749489009 0.611623883 0.253342479
vn 0.749489784 0.468115866 0.468115896
vn -1.87700573e-06 0.70710659 0.707106888
vn -2.37930999e-06 0.923879921 0.382682294
vn 0.749490082 -0.611622632 -0.253341764
vn 0.749491036 -0.468114346 -0.468115538
vn -9.25286372e-07 -0.707105756 -0.707107842
vn -6.34482205e-07 -0.923880041 -0.382682294
vn 0.749489486 0.662016332 7.54628388e-07
vn 0.749489009 0.611623883 0.253342479
vn -2.37930999e-06 0.923879921 0.382682294
vn -1.26896487e-06 1 1.15330397e-06
vn 0.749491632 -0.662013948 2.37470729e-07
vn 0.749490082 -0.611622632 -0.253341764
vn -6.34482205e-07 -0.923880041 -0.382682294
vn -2.37931275e-07 -1 4.09770536e-07
vn 0.749490738 0.611622274 -0.253341258
vn 0.749489486 0.662016332 7.54628388e-07
vn -1.26896487e-06 1 1.15330397e-06
vn -3.70114634e-07 0.923880398 -0.38268131
vn 0.749491274 -0.611620545 0.253343791
vn 0.749491632 -0.662013948 2.37470729e-07
vn -2.37931275e-07 -1 4.09770536e-07
vn 2.06206983e-06 -0.923879743 0.382682383
vn 0.749492407 0.468112767 -0.468114674
vn 0.749490738 0.611622274 -0.253341258
vn -3.70114634e-07 0.923880398 -0.38268131
vn 1.7712639e-06 0.707105756 -0.707107723
vn 0.749490321 0.468114644 0.468116194
vn 0.749491155 0.253341764 0.611621559
vn 0.920237482 0.149767041 0.361569971
vn 0.920235753 0.276735306 0.276737183
vn 0.749492228 -2.63854272e-08 -0.662013173
vn 0.749492466 0.253340453 -0.611620426
vn 0.920237184 0.149767324 -0.361570686
vn 0.920236886 -1.29309079e-08 -0.391361892
vn 0.749490738 -0.468114674 0.468115658
vn 0.749490201 -0.611622393 0.253342688
vn 0.920236588 -0.361571997 0.149767518
vn 0.920235932 -0.276735306 0.276736349
vn 0.749491632 0.611619949 -0.253344089
vn 0.749491572 0.66201371 1.95253591e-07
vn 0.920237184 0.391361237 -2.62229189e-08
vn 0.920236766 0.361571282 -0.149768218
vn 0.749491155 -0.253341287 0.611621797
vn 0.749490738 -0.468114674 0.468115658
vn 0.920235932 -0.276735306 0.276736349
vn 0.92023772 -0.149766907 0.361569524
vn 0.749492466 0.253340453 -0.611620426
vn 0.749490917 0.468114883 -0.468115002
vn 0.920236588 0.276734531 -0.276735067
vn 0.920237184 0.149767324 -0.361570686
vn 0.749490201 -0.611622393 0.253342688
vn 0.749490976 -0.662014544 6.9130266e-07
vn 0.920236886 -0.391361982 2.81582061e-07
vn 0.920236588 -0.361571997 0.149767518
vn 0.749491572 0.66201371 1.95253591e-07
vn 0.74949044 0.611621916 0.253342658
vn 0.920236647 0.361571729 0.149767891
vn 0.920237184 0.391361237 -2.62229189e-08
vn 0.749490976 -0.662014544 6.9130266e-07
vn 0.749491572 -0.611620188 -0.253343463
vn 0.920236766 -0.361571223 -0.149768099
vn 0.920236886 -0.391361982 2.81582061e-07
vn 0.74949044 0.611621916 0.253342658
vn 0.749490321 0.468114644 0.468116194
vn 0.920235753 0.276735306 0.276737183
vn 0.920236647 0.361571729 0.149767891
vn 0.749491572 -0.611620188 -0.253343463
vn 0.749491692 -0.468114525 -0.468114346
vn 0.920236707 -0.276734352 -0.276734948
vn 0.920236766 -0.361571223 -0.149768099
vn 0.749491155 0.253341764 0.611621559
vn 0.749492764 8.44341912e-08 0.662012517
vn 0.920236647 5.43181287e-08 0.391362429
vn 0.920237482 0.149767041 0.361569971
vn 0.749492764 8.44341912e-08 0.662012517
vn 0.749491155 -0.253341287 0.611621797
vn 0.92023772 -0.149766907 0.361569524
vn 0.920236647 5.43181287e-08 0.391362429
vn 0.749491692 -0.468114525 -0.468114346
vn 0.749492705 -0.253339976 -0.611620307
vn 0.920237184 -0.149766967 -0.361570299
vn 0.920236707 -0.276734352 -0.276734948
vn 0.749492705 -0.253339976 -0.611620307
vn 0.749492228 -2.63854272e-08 -0.662013173
vn 0.920236886 -1.29309079e-08 -0.391361892
vn 0.920237184 -0.149766967 -0.361570299
vn 0.749490917 0.468114883 -0.468115002
vn 0.749491632 0.611619949 -0.253344089
vn 0.920236766 0.361571282 -0.149768218
vn 0.920236588 0.276734531 -0.276735067
vn 0.920236886 -1.29309079e-08 -0.391361892
vn 0.920237184 0.149767324 -0.361570686
vn 0.99999994 2.62012492e-07 -1.31949082e-06
vn 1 4.43908408e-12 -8.79661627e-07
vn 0.920237482 0.149767041 0.361569971
vn 0.920236647 5.43181287e-08 0.391362429
vn 1 -7.23750975e-13 4.39832547e-07
vn 1 -2.6857694e-07 8.79662934e-07
vn 0.920236707 -0.276734352 -0.276734948
vn 0.920237184 -0.149766967 -0.361570299
vn 1 -2.62007433e-07 -8.7966248e-07
vn 1 1.21552787e-07 -6.59742511e-07
vn 0.920235753 0.276735306 0.276737183
vn 0.920237482 0.149767041 0.361569971
vn 1 -2.6857694e-07 8.79662934e-07
vn 1 6.43741984e-08 1.09957125e-06
vn 0.920236766 -0.361571223 -0.149768099
vn 0.920236707 -0.276734352 -0.276734948
vn 1 1.21552787e-07 -6.59742511e-07
vn 0.99999994 -2.45296377e-07 -5.49784659e-07
vn 0.920236647 0.361571729 0.149767891
vn 0.920235753 0.276735306 0.276737183
vn 1 6.43741984e-08 1.09957125e-06
vn 0.99999994 6.43744258e-08 5.49786819e-07
vn 0.920236886 -0.391361982 2.81582061e-07
vn 0.920236766 -0.361571223 -0.149768099
vn 0.99999994 -2.45296377e-07 -5.49784659e-07
vn 1 -1.80921973e-07 -4.39830274e-07
vn 0.920237184 0.391361237 -2.62229189e-08
vn 0.920236647 0.361571729 0.149767891
vn 0.99999994 6.43744258e-08 5.49786819e-07
vn 1 1.80922498e-07 -4.39831467e-07
vn 0.920236588 -0.361571997 0.149767518
vn 0.920236886 -0.391361982 2.81582061e-07
vn 1 -1.80921973e-07 -4.39830274e-07
vn 1 -6.43744045e-08 1.09957739e-07
vn 0.920236766 0.361571282 -0.149768218
vn 0.920237184 0.391361237 -2.62229189e-08
vn 1 1.80922498e-07 -4.39831467e-07
vn 1 2.45296974e-07 1.09939627e-07
vn 0.920235932 -0.276735306 0.276736349
vn 0.920236588 -0.361571997 0.149767518
vn 1 -6.43744045e-08 1.09957739e-07
vn 1 -6.43742197e-08 -2.1991535e-07
vn 0.920236588 0.276734531 -0.276735067
vn 0.920236766 0.361571282 -0.149768218
vn 1 2.45296974e-07 1.09939627e-07
vn 1 -1.21552858e-07 -4.3983988e-07
vn 0.92023772 -0.149766907 0.361569524
vn 0.920235932 -0.276735306 0.276736349
vn 1 -6.43742197e-08 -2.1991535e-07
vn 1 2.68575945e-07 -4.39830472e-07
vn 0.920237184 0.149767324 -0.361570686
vn 0.920236588 0.276734531 -0.276735067
vn 1 -1.21552858e-07 -4.3983988e-07
vn 0.99999994 2.62012492e-07 -1.31949082e-06
vn 0.920236647 5.43181287e-08 0.391362429
vn 0.92023772 -0.149766907 0.361569524
vn 1 2.68575945e-07 -4.39830472e-07
vn 1 -7.23750975e-13 4.39832547e-07
vn 0.920237184 -0.149766967 -0.361570299
vn 0.920236886 -1.29309079e-08 -0.391361892
vn 1 4.43908408e-12 -8.79661627e-07
vn 1 -2.62007433e-07 -8.7966248e-07
vn 0.74948889 -0.468115062 -0.46811825
vn -8.45974341e-07 -0.707105517 -0.707107902
vn -3.06666857e-06 -0.923879564 -0.382683396
vn 0.749489546 -0.611622214 -0.253344625
vn 0.749491751 0.253343076 0.611620367
vn 1.05747567e-07 0.382685333 0.923878789
vn 1.71838792e-06 0.707105041 0.707108557
vn 0.749492288 0.468113989 0.468113899
vn 0.749487758 -0.253339976 -0.611626387
vn -2.22068479e-06 -0.382679611 -0.923881173
vn -8.45974341e-07 -0.707105517 -0.707107902
vn 0.74948889 -0.468115062 -0.46811825
vn 0.749492824 4.74941935e-08 0.662012279
vn 6.0804507e-07 6.93964495e-08 1
vn 1.05747567e-07 0.382685333 0.923878789
vn 0.749491751 0.253343076 0.611620367
vn 0.749487698 0.253339499 -0.611626625
vn -1.71838622e-06 0.382678896 -0.923881471
vn 1.85056038e-07 3.76721232e-07 -1
vn 0.749485612 -3.6939511e-08 -0.662020445
vn 0.749485612 -3.6939511e-08 -0.662020445
vn 1.85056038e-07 3.76721232e-07 -1
vn -2.22068479e-06 -0.382679611 -0.923881173
vn 0.749487758 -0.253339976 -0.611626387
vn 0.749491274 -0.253343076 0.611620963
vn -4.22990297e-07 -0.382684767 0.923879087
vn 6.0804507e-07 6.93964495e-08 1
vn 0.749492824 4.74941935e-08 0.662012279
vn 0.749490261 0.468114585 -0.468116581
vn -9.78158482e-07 0.707104504 -0.707108974
vn -1.71838622e-06 0.382678896 -0.923881471
vn 0.749487698 0.253339499 -0.611626625
vn 0.749491632 -0.468114585 0.468114346
vn -1.53333201e-06 -0.7071051 0.707108557
vn -4.22990297e-07 -0.382684767 0.923879087
vn 0.749491274 -0.253343076 0.611620963
vn 0.749491274 0.611620665 -0.253343612
vn 2.22069298e-06 0.923879743 -0.382683009
vn -9.78158482e-07 0.707104504 -0.707108974
vn 0.749490261 0.468114585 -0.468116581
vn 0.749491394 -0.611622155 0.25333938
vn 2.43218642e-06 -0.923880398 0.38268134
vn -1.53333201e-06 -0.7071051 0.707108557
vn 0.749491632 -0.468114585 0.468114346
vn 0.749490619 0.662014842 -1.77311415e-06
vn -2.8287368e-06 1 -8.19540617e-07
vn 2.22069298e-06 0.923879743 -0.382683009
vn 0.749491274 0.611620665 -0.253343612
vn 0.749489963 -0.662015676 -1.06597884e-06
vn -2.72299076e-06 -1 -1.22270217e-06
vn 2.43218642e-06 -0.923880398 0.38268134
vn 0.749491394 -0.611622155 0.25333938
vn 0.749491692 0.611621797 0.253339976
vn 2.43218597e-06 0.92388016 0.382681787
vn -2.8287368e-06 1 -8.19540617e-07
vn 0.749490619 0.662014842 -1.77311415e-06
vn 0.749489546 -0.611622214 -0.253344625
vn -3.06666857e-06 -0.923879564 -0.382683396
vn -2.72299076e-06 -1 -1.22270217e-06
vn 0.749489963 -0.662015676 -1.06597884e-06
vn 0.749492288 0.468113989 0.468113899
vn 1.71838792e-06 0.707105041 0.707108557
vn 2.43218597e-06 0.92388016 0.382681787
vn 0.749491692 0.611621797 0.253339976
vn -0.749490917 -0.468115419 -0.468114674
vn -0.749492288 -0.611620188 -0.253341585
vn -3.06666857e-06 -0.923879564 -0.382683396
vn -8.45974341e-07 -0.707105517 -0.707107902
vn 0.665718973 -0.527645051 -0.527644634
vn 0.665718973 -0.285556883 -0.689402103
vn 1 1.9640548e-07 1.26234099e-07
vn 1 -1.2303461e-07 6.94288076e-07
vn 0.665719151 -0.285558671 0.689401448
vn 0.665718138 -0.527644575 0.527646244
vn 1 -1.52543294e-08 -3.78701969e-07
vn 1 -7.2966408e-08 2.60549633e-12
vn 0.665718496 0.689401805 -0.285559148
vn 0.665719032 0.746202469 2.23740656e-07
vn 1 -1.52932657e-07 -1.57789884e-07
vn 1 1.31891099e-07 2.20920626e-07
vn 0.66571945 -0.746202171 -2.59827743e-07
vn 0.665719092 -0.689401388 -0.285558999
vn 0.99999994 -1.31889465e-07 9.13534873e-12
vn 1 1.52932927e-07 4.18168581e-12
vn 0.665718675 0.285557777 -0.689402223
vn 0.665718257 0.527645648 -0.527645111
vn 0.99999994 1.23034852e-07 8.20522871e-07
vn 1 -1.96405367e-07 1.26234099e-07
vn 0.665718019 0.527644515 0.527646244
vn 0.665718794 0.285559028 0.689401627
vn 1 7.29660599e-08 2.52469903e-07
vn 1 1.52541784e-08 1.2623326e-07
vn 0.665718138 -0.527644575 0.527646244
vn 0.665718794 -0.689401567 0.285559177
vn 1 1.85346764e-07 5.68053224e-07
vn 1 -1.52543294e-08 -3.78701969e-07
vn 0.665718973 -0.285556883 -0.689402103
vn 0.665720046 -8.66090204e-08 -0.746201575
vn 0.99999994 8.04168421e-15 0
vn 1 1.9640548e-07 1.26234099e-07
vn 0.665719032 0.746202469 2.23740656e-07
vn 0.665718496 0.689401746 0.285559535
vn 1 -1.85347872e-07 5.68051576e-07
vn 1 -1.52932657e-07 -1.57789884e-07
vn 0.665717781 -7.21744886e-09 0.746203661
vn 0.665719151 -0.285558671 0.689401448
vn 1 -7.2966408e-08 2.60549633e-12
vn 1 -1.32689337e-13 7.57402802e-07
vn 0.665719092 -0.689401388 -0.285558999
vn 0.665718973 -0.527645051 -0.527644634
vn 1 -1.2303461e-07 6.94288076e-07
vn 0.99999994 -1.31889465e-07 9.13534873e-12
vn 0.665718257 0.527645648 -0.527645111
vn 0.665718496 0.689401805 -0.285559148
vn 1 1.31891099e-07 2.20920626e-07
vn 0.99999994 1.23034852e-07 8.20522871e-07
vn 0.665718794 0.285559028 0.689401627
vn 0.665717781 -7.21744886e-09 0.746203661
vn 1 -1.32689337e-13 7.57402802e-07
vn 1 7.29660599e-08 2.52469903e-07
vn 0.665718794 -0.689401567 0.285559177
vn 0.66571945 -0.746202171 -2.59827743e-07
vn 1 1.52932927e-07 4.18168581e-12
vn 1 1.85346764e-07 5.68053224e-07
vn 0.665720046 -8.66090204e-08 -0.746201575
vn 0.665718675 0.285557777 -0.689402223
vn 1 -1.96405367e-07 1.26234099e-07
vn 0.99999994 8.04168421e-15 0
vn 0.665718496 0.689401746 0.285559535
vn 0.665718019 0.527644515 0.527646244
vn 1 1.52541784e-08 1.2623326e-07
vn 1 -1.85347872e-07 5.68051576e-07
vn -0.665718257 -7.21745241e-09 0.746203184
vn -0.66572088 0.285558492 0.68939966
vn -1 -8.6836927e-08 -2.72144092e-07
vn -0.665718496 -0.746203005 -2.81480226e-07
vn -0.665719211 -0.689401627 0.285557956
vn -1 -8.6836927e-08 -2.72144092e-07
vn -0.665718257 0.285557956 -0.689402699
vn -0.66571945 -8.66091057e-08 -0.746202052
vn -1 -8.6836927e-08 -2.72144092e-07
vn -0.665718317 0.527644575 0.527646065
vn -0.665719628 0.689400971 0.285558432
vn -1 -8.6836927e-08 -2.72144092e-07
vn -0.665718317 -0.527644575 0.527646124
vn -0.66572088 -0.285558432 0.689399838
vn -1 -8.6836927e-08 -2.72144092e-07
vn -0.665718138 -0.28555727 -0.689402759
vn -0.665718198 -0.52764529 -0.527645409
vn -1 -8.6836927e-08 -2.72144092e-07
vn -0.665719092 0.746202588 -2.16523137e-08
vn -0.665719032 0.68940115 -0.285559535
vn -1 -8.6836927e-08 -2.72144092e-07
vn -0.665718853 -0.689401567 -0.285558969
vn -0.665718496 -0.746203005 -2.81480226e-07
vn -1 -8.6836927e-08 -2.72144092e-07
vn -0.665719569 0.527644634 -0.527644157
vn -0.665718257 0.285557956 -0.689402699
vn -1 -8.6836927e-08 -2.72144092e-07
vn -0.66572088 0.285558492 0.68939966
vn -0.665718317 0.527644575 0.527646065
vn -1 -8.6836927e-08 -2.72144092e-07
vn -0.665719211 -0.689401627 0.285557956
vn -0.665718317 -0.527644575 0.527646124
vn -1 -8.6836927e-08 -2.72144092e-07
vn -0.66571945 -8.66091057e-08 -0.746202052
vn -0.665718138 -0.28555727 -0.689402759
vn -1 -8.6836927e-08 -2.72144092e-07
vn -0.66572088 -0.285558432 0.689399838
vn -0.665718257 -7.21745241e-09 0.746203184
vn -1 -8.6836927e-08 -2.72144092e-07
vn -0.665719628 0.689400971 0.285558432
vn -0.665719092 0.746202588 -2.16523137e-08
vn -1 -8.6836927e-08 -2.72144092e-07
vn -0.665718198 -0.52764529 -0.527645409
vn -0.665718853 -0.689401567 -0.285558969
vn -1 -8.6836927e-08 -2.72144092e-07
vn -0.665719032 0.68940115 -0.285559535
vn -0.665719569 0.527644634 -0.527644157
vn -1 -8.6836927e-08 -2.72144092e-07
vn 0.665717781 -7.21744886e-09 0.746203661
vn -0.665718257 -7.21745241e-09 0.746203184
vn -0.66572088 -0.285558432 0.689399838
vn 0.665719151 -0.285558671 0.689401448
vn 0.665719151 -0.285558671 0.689401448
vn -0.66572088 -0.285558432 0.689399838
vn -0.665718317 -0.527644575 0.527646124
vn 0.665718138 -0.527644575 0.527646244
vn 0.665718138 -0.527644575 0.527646244
vn -0.665718317 -0.527644575 0.527646124
vn -0.665719211 -0.689401627 0.285557956
vn 0.665718794 -0.689401567 0.285559177
vn 0.665718794 -0.689401567 0.285559177
vn -0.665719211 -0.689401627 0.285557956
vn -0.665718496 -0.746203005 -2.81480226e-07
vn 0.66571945 -0.746202171 -2.59827743e-07
vn 0.66571945 -0.746202171 -2.59827743e-07
vn -0.665718496 -0.746203005 -2.81480226e-07
vn -0.665718853 -0.689401567 -0.285558969
vn 0.665719092 -0.689401388 -0.285558999
vn 0.665719092 -0.689401388 -0.285558999
vn -0.665718853 -0.689401567 -0.285558969
vn -0.665718198 -0.52764529 -0.527645409
vn 0.665718973 -0.527645051 -0.527644634
vn 0.665718973 -0.527645051 -0.527644634
vn -0.665718198 -0.52764529 -0.527645409
vn -0.665718138 -0.28555727 -0.689402759
vn 0.665718973 -0.285556883 -0.689402103
vn 0.665718973 -0.285556883 -0.689402103
vn -0.665718138 -0.28555727 -0.689402759
vn -0.66571945 -8.66091057e-08 -0.746202052
vn 0.665720046 -8.66090204e-08 -0.746201575
vn 0.665720046 -8.66090204e-08 -0.746201575
vn -0.66571945 -8.66091057e-08 -0.746202052
vn -0.665718257 0.285557956 -0.689402699
vn 0.665718675 0.285557777 -0.689402223
vn 0.665718675 0.285557777 -0.689402223
vn -0.665718257 0.285557956 -0.689402699
vn -0.665719569 0.527644634 -0.527644157
vn 0.665718257 0.527645648 -0.527645111
vn 0.665718257 0.527645648 -0.527645111
vn -0.665719569 0.527644634 -0.527644157
vn -0.665719032 0.68940115 -0.285559535
vn 0.665718496 0.689401805 -0.285559148
vn 0.665718496 0.689401805 -0.285559148
vn -0.665719032 0.68940115 -0.285559535
vn -0.665719092 0.746202588 -2.16523137e-08
vn 0.665719032 0.746202469 2.23740656e-07
vn 0.665719032 0.746202469 2.23740656e-07
vn -0.665719092 0.746202588 -2.16523137e-08
vn -0.665719628 0.689400971 0.285558432
vn 0.665718496 0.689401746 0.285559535
vn 0.665718496 0.689401746 0.285559535
vn -0.665719628 0.689400971 0.285558432
vn -0.665718317 0.527644575 0.527646065
vn 0.665718019 0.527644515 0.527646244
vn 0.665718019 0.527644515 0.527646244
vn -0.665718317 0.527644575 0.527646065
vn -0.66572088 0.285558492 0.68939966
vn 0.665718794 0.285559028 0.689401627
vn 0.665718794 0.285559028 0.689401627
vn -0.66572088 0.285558492 0.68939966
vn -0.665718257 -7.21745241e-09 0.746203184
vn 0.665717781 -7.21744886e-09 0.746203661
vn -0.749490678 0.253341943 0.611622095
vn -0.749490201 0.46811378 0.468117267
vn 1.71838792e-06 0.707105041 0.707108557
vn 1.05747567e-07 0.382685333 0.923878789
vn -0.749489486 -0.25334093 -0.611623943
vn -0.749490917 -0.468115419 -0.468114674
vn -8.45974341e-07 -0.707105517 -0.707107902
vn -2.22068479e-06 -0.382679611 -0.923881173
vn -0.749492109 3.16628181e-08 0.662013113
vn -0.749490678 0.253341943 0.611622095
vn 1.05747567e-07 0.382685333 0.923878789
vn 6.0804507e-07 6.93964495e-08 1
vn -0.749488771 0.253341019 -0.611624718
vn -0.74948746 7.07129573e-07 -0.662018597
vn 1.85056038e-07 3.76721232e-07 -1
vn -1.71838622e-06 0.382678896 -0.923881471
vn -0.74948746 7.07129573e-07 -0.662018597
vn -0.749489486 -0.25334093 -0.611623943
vn -2.22068479e-06 -0.382679611 -0.923881173
vn 1.85056038e-07 3.76721232e-07 -1
vn -0.749491692 -0.253341317 0.611621022
vn -0.749492109 3.16628181e-08 0.662013113
vn 6.0804507e-07 6.93964495e-08 1
vn -4.22990297e-07 -0.382684767 0.923879087
vn -0.749490499 0.468114436 -0.468116373
vn -0.749488771 0.253341019 -0.611624718
vn -1.71838622e-06 0.382678896 -0.923881471
vn -9.78158482e-07 0.707104504 -0.707108974
vn -0.749491572 -0.468112051 0.46811682
vn -0.749491692 -0.253341317 0.611621022
vn -4.22990297e-07 -0.382684767 0.923879087
vn -1.53333201e-06 -0.7071051 0.707108557
vn -0.749491513 0.611620843 -0.253342688
vn -0.749490499 0.468114436 -0.468116373
vn -9.78158482e-07 0.707104504 -0.707108974
vn 2.22069298e-06 0.923879743 -0.382683009
vn -0.749491334 -0.611620963 0.253342658
vn -0.749491572 -0.468112051 0.46811682
vn -1.53333201e-06 -0.7071051 0.707108557
vn 2.43218642e-06 -0.923880398 0.38268134
vn -0.749491394 0.662014127 5.22435414e-07
vn -0.749491513 0.611620843 -0.253342688
vn 2.22069298e-06 0.923879743 -0.382683009
vn -2.8287368e-06 1 -8.19540617e-07
vn -0.749492288 -0.662012994 -6.86026794e-07
vn -0.749491334 -0.611620963 0.253342658
vn 2.43218642e-06 -0.923880398 0.38268134
vn -2.72299076e-06 -1 -1.22270217e-06
vn -0.749490619 0.611621737 0.253342718
vn -0.749491394 0.662014127 5.22435414e-07
vn -2.8287368e-06 1 -8.19540617e-07
vn 2.43218597e-06 0.92388016 0.382681787
vn -0.749492288 -0.611620188 -0.253341585
vn -0.749492288 -0.662012994 -6.86026794e-07
vn -2.72299076e-06 -1 -1.22270217e-06
vn -3.06666857e-06 -0.923879564 -0.382683396
vn -0.749490201 0.46811378 0.468117267
vn -0.749490619 0.611621737 0.253342718
vn 2.43218597e-06 0.92388016 0.382681787
vn 1.71838792e-06 0.707105041 0.707108557
vn -1 -1.36244184e-12 2.32151365e-06
vn -1 -1.36244173e-12 2.32151342e-06
vn -1 -1.36244184e-12 2.32151365e-06
vn -0.99999994 -1.36244184e-12 2.32151365e-06
vn -1 -1.36244184e-12 2.32151365e-06
vn -1 -1.36244184e-12 2.32151365e-06
vn -1 -1.36244195e-12 2.32151365e-06
vn -1 -1.36244184e-12 2.32151365e-06
vn -1 -1.36244195e-12 2.32151365e-06
vn -1 -1.36244184e-12 2.32151365e-06
vn -1 -1.36244195e-12 2.32151365e-06
vn -1 -1.36244184e-12 2.32151365e-06
vn -1 -1.36244184e-12 2.32151365e-06
vn -1 -1.36244195e-12 2.32151365e-06
vn -1 -1.36244184e-12 2.32151365e-06
vn -1 -1.36244184e-12 2.32151365e-06
vn -0.749492884 0.468113959 -0.468112916
vn -0.749494433 0.253342628 -0.611617088
vn -0.920239031 0.149767563 -0.361565828
vn -0.920237005 0.276734889 -0.276734084
vn -0.749491274 -2.2163745e-07 0.662014246
vn -0.749492764 0.253338456 0.611620963
vn -0.920236826 0.149766177 0.36157164
vn -0.920236766 -1.52610056e-07 0.391361982
vn 1 0 -4.46445455e-07
vn 1 0 -4.46445483e-07
vn 1 0 -4.46445455e-07
vn 0.99999994 0 -4.46445455e-07
vn 1 0 -4.46445483e-07
vn 1 0 -4.46445455e-07
vn 1 0 -4.46445483e-07
vn 1 0 -4.46445483e-07
vn 1 0 -4.46445483e-07
vn 0.99999994 0 -4.46445455e-07
vn 1 0 -4.46445483e-07
vn 1 0 -4.46445483e-07
vn 0.99999994 0 -4.46445455e-07
vn 1 0 -4.46445483e-07
vn 1 0 -4.46445483e-07
vn 1 0 -4.4644554e-07
vn -0.749494076 -0.468111843 -0.468113035
vn -0.749493182 -0.611619055 -0.253341824
vn -0.920237601 -0.36157006 -0.149765953
vn -0.920237541 -0.276734024 -0.276733071
vn -0.749493659 0.611616969 0.253345132
vn -0.749493241 0.662011921 5.54098108e-07
vn -0.92023772 0.391359836 1.72995931e-06
vn -0.920236826 0.361569822 0.149770841
vn -0.749494433 -0.253341049 -0.611617744
vn -0.749494076 -0.468111843 -0.468113035
vn -0.920237541 -0.276734024 -0.276733071
vn -0.920239389 -0.149766758 -0.361565351
vn -0.749492764 0.253338456 0.611620963
vn -0.749493122 0.468111813 0.468114823
vn -0.920237124 0.276732385 0.276735753
vn -0.920236826 0.149766177 0.36157164
vn -0.749493182 -0.611619055 -0.253341824
vn -0.749492347 -0.662012994 6.59640136e-07
vn -0.920237362 -0.391360819 2.24950099e-06
vn -0.920237601 -0.36157006 -0.149765953
vn -0.749493241 0.662011921 5.54098108e-07
vn -0.749492645 0.611619473 -0.253342479
vn -0.920237482 0.36157012 -0.149766847
vn -0.92023772 0.391359836 1.72995931e-06
vn -0.749492347 -0.662012994 6.59640136e-07
vn -0.749491453 -0.611620128 0.253344029
vn -0.920236468 -0.361571133 0.149771333
vn -0.920237362 -0.391360819 2.24950099e-06
vn -0.749492645 0.611619473 -0.253342479
vn -0.749492884 0.468113959 -0.468112916
vn -0.920237005 0.276734889 -0.276734084
vn -0.920237482 0.36157012 -0.149766847
vn -0.749491453 -0.611620128 0.253344029
vn -0.749491572 -0.468114346 0.468114436
vn -0.920236588 -0.276733786 0.276736379
vn -0.920236468 -0.361571133 0.149771333
vn -0.749494433 0.253342628 -0.611617088
vn -0.749495924 5.80485455e-08 -0.662008882
vn -0.92023772 3.87983299e-08 -0.391359925
vn -0.920239031 0.149767563 -0.361565828
vn -0.749495924 5.80485455e-08 -0.662008882
vn -0.749494433 -0.253341049 -0.611617744
vn -0.920239389 -0.149766758 -0.361565351
vn -0.92023772 3.87983299e-08 -0.391359925
vn -0.749491572 -0.468114346 0.468114436
vn -0.749492943 -0.253338903 0.611620486
vn -0.920236766 -0.149766281 0.361571789
vn -0.920236588 -0.276733786 0.276736379
vn -0.749492943 -0.253338903 0.611620486
vn -0.749491274 -2.2163745e-07 0.662014246
vn -0.920236766 -1.52610056e-07 0.391361982
vn -0.920236766 -0.149766281 0.361571789
vn -0.749493122 0.468111813 0.468114823
vn -0.749493659 0.611616969 0.253345132
vn -0.920236826 0.361569822 0.149770841
vn -0.920237124 0.276732385 0.276735753
vn 0.665719688 -0.527646542 -0.52764231
vn 0.66571784 -0.285557717 -0.689403117
vn 1 5.55064673e-07 1.26233047e-07
vn 1 -2.83091932e-08 1.13610736e-06
vn 0.665720165 -0.285558462 0.689400375
vn 0.665718019 -0.527644098 0.52764672
vn 1 -5.88198645e-08 -3.78700463e-07
vn 0.99999994 8.46233092e-08 2.52468539e-07
vn 0.665718853 0.689401925 -0.285558105
vn 0.665719032 0.746202469 2.09305753e-07
vn 1 -7.64670531e-08 2.20910337e-07
vn 1 1.98949508e-07 1.10455539e-06
vn 0.665718973 -0.746202528 -1.66001101e-07
vn 0.665718973 -0.689401567 -0.285558313
vn 1 -1.98949678e-07 6.94295466e-07
vn 0.99999994 7.64665984e-08 2.52470471e-07
vn 0.665716827 0.285557985 -0.689403772
vn 0.665719092 0.527646422 -0.527643085
vn 1 2.83092287e-08 1.26234306e-06
vn 1 -5.55064673e-07 -1.26234781e-07
vn 0.665718079 0.527644157 0.527646422
vn 0.665720165 0.28555882 0.689400315
vn 0.99999994 -8.46233803e-08 -1.26233715e-07
vn 0.99999994 5.88198326e-08 -5.04935258e-07
vn 0.665718019 -0.527644098 0.52764672
vn 0.665719151 -0.689401567 0.285558432
vn 1 9.52769028e-08 -6.31142925e-08
vn 1 -5.88198645e-08 -3.78700463e-07
vn 0.66571784 -0.285557717 -0.689403117
vn 0.665720105 8.44436556e-07 -0.746201575
vn 1 -3.53834556e-13 -3.78703675e-07
vn 1 5.55064673e-07 1.26233047e-07
vn 0.665719032 0.746202469 2.09305753e-07
vn 0.665718853 0.689401686 0.285558611
vn 1 -9.52774499e-08 -1.26231555e-07
vn 1 -7.64670531e-08 2.20910337e-07
vn 0.665717483 -1.15479274e-07 0.74620378
vn 0.665720165 -0.285558462 0.689400375
vn 0.99999994 8.46233092e-08 2.52468539e-07
vn 1 2.25169804e-13 1.26234099e-07
vn 0.665718973 -0.689401567 -0.285558313
vn 0.665719688 -0.527646542 -0.52764231
vn 1 -2.83091932e-08 1.13610736e-06
vn 1 -1.98949678e-07 6.94295466e-07
vn 0.665719092 0.527646422 -0.527643085
vn 0.665718853 0.689401925 -0.285558105
vn 1 1.98949508e-07 1.10455539e-06
vn 1 2.83092287e-08 1.26234306e-06
vn 0.665720165 0.28555882 0.689400315
vn 0.665717483 -1.15479274e-07 0.74620378
vn 1 2.25169804e-13 1.26234099e-07
vn 0.99999994 -8.46233803e-08 -1.26233715e-07
vn 0.665719151 -0.689401567 0.285558432
vn 0.665718973 -0.746202528 -1.66001101e-07
vn 0.99999994 7.64665984e-08 2.52470471e-07
vn 1 9.52769028e-08 -6.31142925e-08
vn 0.665720105 8.44436556e-07 -0.746201575
vn 0.665716827 0.285557985 -0.689403772
vn 1 -5.55064673e-07 -1.26234781e-07
vn 1 -3.53834556e-13 -3.78703675e-07
vn 0.665718853 0.689401686 0.285558611
vn 0.665718079 0.527644157 0.527646422
vn 0.99999994 5.88198326e-08 -5.04935258e-07
vn 1 -9.52774499e-08 -1.26231555e-07
vn -0.665717781 -1.15479331e-07 0.746203601
vn -0.665719986 0.28555879 0.689400375
vn -1 -7.27508578e-08 -1.6305809e-07
vn -0.665718913 -0.746202648 4.33046239e-08
vn -0.665719151 -0.689401627 0.285558283
vn -1 -7.27508578e-08 -1.6305809e-07
vn -0.665719211 0.285557657 -0.689401627
vn -0.665720463 8.4443684e-07 -0.746201158
vn -1 -7.27508578e-08 -1.6305809e-07
vn -0.665718138 0.527644098 0.52764672
vn -0.665719211 0.689401209 0.285558552
vn -1 -7.27508578e-08 -1.6305809e-07
vn -0.665718138 -0.527644217 0.527646661
vn -0.665720046 -0.285558701 0.689400434
vn -1 -7.27508578e-08 -1.6305809e-07
vn -0.665717602 -0.285558134 -0.689403176
vn -0.665718734 -0.52764678 -0.527642965
vn -1 -7.27508578e-08 -1.6305809e-07
vn -0.665719032 0.746202528 -1.01044158e-07
vn -0.665719271 0.689401209 -0.28555873
vn -1 -7.27508578e-08 -1.6305809e-07
vn -0.665719032 -0.689401567 -0.28555873
vn -0.665718913 -0.746202648 4.33046239e-08
vn -1 -7.27508578e-08 -1.6305809e-07
vn -0.665718853 0.527646065 -0.527643859
vn -0.665719211 0.285557657 -0.689401627
vn -1 -7.27508578e-08 -1.6305809e-07
vn -0.665719986 0.28555879 0.689400375
vn -0.665718138 0.527644098 0.52764672
vn -1 -7.27508578e-08 -1.6305809e-07
vn -0.665719151 -0.689401627 0.285558283
vn -0.665718138 -0.527644217 0.527646661
vn -1 -7.27508578e-08 -1.6305809e-07
vn -0.665720463 8.4443684e-07 -0.746201158
vn -0.665717602 -0.285558134 -0.689403176
vn -1 -7.27508578e-08 -1.6305809e-07
vn -0.665720046 -0.285558701 0.689400434
vn -0.665717781 -1.15479331e-07 0.746203601
vn -1 -7.27508578e-08 -1.6305809e-07
vn -0.665719211 0.689401209 0.285558552
vn -0.665719032 0.746202528 -1.01044158e-07
vn -1 -7.27508578e-08 -1.6305809e-07
vn -0.665718734 -0.52764678 -0.527642965
vn -0.665719032 -0.689401567 -0.28555873
vn -1 -7.27508578e-08 -1.6305809e-07
vn -0.665719271 0.689401209 -0.28555873
vn -0.665718853 0.527646065 -0.527643859
vn -1 -7.27508578e-08 -1.6305809e-07
vn 0.665717483 -1.15479274e-07 0.74620378
vn -0.665717781 -1.15479331e-07 0.746203601
vn -0.665720046 -0.285558701 0.689400434
vn 0.665720165 -0.285558462 0.689400375
vn 0.665720165 -0.285558462 0.689400375
vn -0.665720046 -0.285558701 0.689400434
vn -0.665718138 -0.527644217 0.527646661
vn 0.665718019 -0.527644098 0.52764672
vn 0.665718019 -0.527644098 0.52764672
vn -0.665718138 -0.527644217 0.527646661
vn -0.665719151 -0.689401627 0.285558283
vn 0.665719151 -0.689401567 0.285558432
vn 0.665719151 -0.689401567 0.285558432
vn -0.665719151 -0.689401627 0.285558283
vn -0.665718913 -0.746202648 4.33046239e-08
vn 0.665718973 -0.746202528 -1.66001101e-07
vn 0.665718973 -0.746202528 -1.66001101e-07
vn -0.665718913 -0.746202648 4.33046239e-08
vn -0.665719032 -0.689401567 -0.28555873
vn 0.665718973 -0.689401567 -0.285558313
vn 0.665718973 -0.689401567 -0.285558313
vn -0.665719032 -0.689401567 -0.28555873
vn -0.665718734 -0.52764678 -0.527642965
vn 0.665719688 -0.527646542 -0.52764231
vn 0.665719688 -0.527646542 -0.52764231
vn -0.665718734 -0.52764678 -0.527642965
vn -0.665717602 -0.285558134 -0.689403176
vn 0.66571784 -0.285557717 -0.689403117
vn 0.66571784 -0.285557717 -0.689403117
vn -0.665717602 -0.285558134 -0.689403176
vn -0.665720463 8.4443684e-07 -0.746201158
vn 0.665720105 8.44436556e-07 -0.746201575
vn 0.665720105 8.44436556e-07 -0.746201575
vn -0.665720463 8.4443684e-07 -0.746201158
vn -0.665719211 0.285557657 -0.689401627
vn 0.665716827 0.285557985 -0.689403772
vn 0.665716827 0.285557985 -0.689403772
vn -0.665719211 0.285557657 -0.689401627
vn -0.665718853 0.527646065 -0.527643859
vn 0.665719092 0.527646422 -0.527643085
vn 0.665719092 0.527646422 -0.527643085
vn -0.665718853 0.527646065 -0.527643859
vn -0.665719271 0.689401209 -0.28555873
vn 0.665718853 0.689401925 -0.285558105
vn 0.665718853 0.689401925 -0.285558105
vn -0.665719271 0.689401209 -0.28555873
vn -0.665719032 0.746202528 -1.01044158e-07
vn 0.665719032 0.746202469 2.09305753e-07
vn 0.665719032 0.746202469 2.09305753e-07
vn -0.665719032 0.746202528 -1.01044158e-07
vn -0.665719211 0.689401209 0.285558552
vn 0.665718853 0.689401686 0.285558611
vn 0.665718853 0.689401686 0.285558611
vn -0.665719211 0.689401209 0.285558552
vn -0.665718138 0.527644098 0.52764672
vn 0.665718079 0.527644157 0.527646422
vn 0.665718079 0.527644157 0.527646422
vn -0.665718138 0.527644098 0.52764672
vn -0.665719986 0.28555879 0.689400375
vn 0.665720165 0.28555882 0.689400315
vn 0.665720165 0.28555882 0.689400315
vn -0.665719986 0.28555879 0.689400375
vn -0.665717781 -1.15479331e-07 0.746203601
vn 0.665717483 -1.15479274e-07 0.74620378
vn -0.749491036 0.468113393 0.468116432
vn -0.749490559 0.61162287 0.253340483
vn -0.920236766 0.361571997 0.149766311
vn -0.920235813 0.276734918 0.27673769
vn -0.749490917 -0.611621559 -0.253342122
vn -0.749490976 -0.662014425 -1.05542512e-07
vn -0.920237005 -0.391361535 4.34884527e-07
vn -0.920237064 -0.361571074 -0.149766609
vn -0.749490559 0.61162287 0.253340483
vn -0.749490976 0.662014604 -2.16362224e-07
vn -0.920236886 0.391361892 1.44830025e-07
vn -0.920236766 0.361571997 0.149766311
vn -0.749490976 -0.662014425 -1.05542512e-07
vn -0.749490678 -0.611622632 0.253340602
vn -0.920236886 -0.361571759 0.149766564
vn -0.920237005 -0.391361535 4.34884527e-07
vn -0.749490976 0.662014604 -2.16362224e-07
vn -0.749490798 0.611621618 -0.253342539
vn -0.920237005 0.361570925 -0.149766847
vn -0.920236886 0.391361892 1.44830025e-07
vn -0.749490678 -0.611622632 0.253340602
vn -0.749491513 -0.468113273 0.468115717
vn -0.920236051 -0.276734948 0.276737094
vn -0.920236886 -0.361571759 0.149766564
vn -0.749490798 0.611621618 -0.253342539
vn -0.749490201 0.468116194 -0.468114763
vn -0.920236588 0.276735395 -0.276734501
vn -0.920237005 0.361570925 -0.149766847
vn -0.749491513 -0.468113273 0.468115717
vn -0.749491811 -0.253341407 0.611620784
vn -0.920237958 -0.149766654 0.36156863
vn -0.920236051 -0.276734948 0.276737094
vn -0.749490201 0.468116194 -0.468114763
vn -0.749489784 0.253340065 -0.611623883
vn -0.920236051 0.149766743 -0.361573309
vn -0.920236588 0.276735395 -0.276734501
vn -0.749491811 -0.253341407 0.611620784
vn -0.749494016 -1.05543085e-08 0.662011087
vn -0.920236766 -1.03463575e-08 0.391361922
vn -0.920237958 -0.149766654 0.36156863
vn -0.749487102 -1.58311781e-08 -0.662018955
vn -0.749489665 -0.253340095 -0.611624181
vn -0.920236111 -0.149766922 -0.361573339
vn -0.920235753 -7.75977149e-09 -0.391364187
vn -0.749489784 0.253340065 -0.611623883
vn -0.749487102 -1.58311781e-08 -0.662018955
vn -0.920235753 -7.75977149e-09 -0.391364187
vn -0.920236051 0.149766743 -0.361573309
vn -0.749494016 -1.05543085e-08 0.662011087
vn -0.749491274 0.253341049 0.611621559
vn -0.920237601 0.149766624 0.361569524
vn -0.920236766 -1.03463575e-08 0.391361922
vn -0.749489665 -0.253340095 -0.611624181
vn -0.749490201 -0.468116343 -0.468114644
vn -0.920236766 -0.276735425 -0.276734143
vn -0.920236111 -0.149766922 -0.361573339
vn -0.749491274 0.253341049 0.611621559
vn -0.749491036 0.468113393 0.468116432
vn -0.920235813 0.276734918 0.27673769
vn -0.920237601 0.149766624 0.361569524
vn -0.749490201 -0.468116343 -0.468114644
vn -0.749490917 -0.611621559 -0.253342122
vn -0.920237064 -0.361571074 -0.149766609
vn -0.920236766 -0.276735425 -0.276734143
vn -0.920235753 -7.75977149e-09 -0.391364187
vn -0.920236111 -0.149766922 -0.361573339
vn -1 0 0
vn -1 0 0
vn -0.920237958 -0.149766654 0.36156863
vn -0.920236766 -1.03463575e-08 0.391361922
vn -1 0 4.39830416e-07
vn -1 0 4.39831012e-07
vn -0.920236588 0.276735395 -0.276734501
vn -0.920236051 0.149766743 -0.361573309
vn -1 0 -4.39824277e-07
vn -1 -2.57495827e-07 8.79653555e-07
vn -0.920236051 -0.276734948 0.276737094
vn -0.920237958 -0.149766654 0.36156863
vn -1 0 4.39831012e-07
vn -0.99999994 0 4.39828142e-07
vn -0.920237005 0.361570925 -0.149766847
vn -0.920236588 0.276735395 -0.276734501
vn -1 -2.57495827e-07 8.79653555e-07
vn -1 -9.81191988e-07 2.63896504e-06
vn -0.920236886 -0.361571759 0.149766564
vn -0.920236051 -0.276734948 0.276737094
vn -0.99999994 0 4.39828142e-07
vn -1 0 -1.09956389e-07
vn -0.920236886 0.391361892 1.44830025e-07
vn -0.920237005 0.361570925 -0.149766847
vn -1 -9.81191988e-07 2.63896504e-06
vn -0.99999994 -7.23695223e-07 7.6971827e-07
vn -0.920237005 -0.391361535 4.34884527e-07
vn -0.920236886 -0.361571759 0.149766564
vn -1 0 -1.09956389e-07
vn -0.99999994 7.23697042e-07 1.20954621e-06
vn -0.920236766 0.361571997 0.149766311
vn -0.920236886 0.391361892 1.44830025e-07
vn -0.99999994 -7.23695223e-07 7.6971827e-07
vn -1 0 -5.49780282e-07
vn -0.920237064 -0.361571074 -0.149766609
vn -0.920237005 -0.391361535 4.34884527e-07
vn -0.99999994 7.23697042e-07 1.20954621e-06
vn -1 9.81194717e-07 2.63897164e-06
vn -0.920235813 0.276734918 0.27673769
vn -0.920236766 0.361571997 0.149766311
vn -1 0 -5.49780282e-07
vn -1 0 8.79656113e-07
vn -0.920236766 -0.276735425 -0.276734143
vn -0.920237064 -0.361571074 -0.149766609
vn -1 9.81194717e-07 2.63897164e-06
vn -0.99999994 2.57496879e-07 1.31948366e-06
vn -0.920237601 0.149766624 0.361569524
vn -0.920235813 0.276734918 0.27673769
vn -1 0 8.79656113e-07
vn -0.99999994 0 1.31949116e-06
vn -0.920236111 -0.149766922 -0.361573339
vn -0.920236766 -0.276735425 -0.276734143
vn -0.99999994 2.57496879e-07 1.31948366e-06
vn -1 0 0
vn -0.920236766 -1.03463575e-08 0.391361922
vn -0.920237601 0.149766624 0.361569524
vn -0.99999994 0 1.31949116e-06
vn -1 0 4.39830416e-07
vn -0.920236051 0.149766743 -0.361573309
vn -0.920235753 -7.75977149e-09 -0.391364187
vn -1 0 0
vn -1 0 -4.39824277e-07
vn 0.749490559 0.468115151 -0.468115568
vn 0.749490678 0.611621857 -0.253342092
vn 0.920236826 0.361571491 -0.149766371
vn 0.920236051 0.276735544 -0.276736468
vn 0.749491036 -0.611620963 0.253343493
vn 0.749491394 -0.662014067 4.96049438e-07
vn 0.920237005 -0.391361386 7.33451031e-07
vn 0.920236766 -0.361571342 0.149767905
vn 0.749490678 0.611621857 -0.253342092
vn 0.749491215 0.662014306 1.02376202e-06
vn 0.920237005 0.391361743 1.06453274e-06
vn 0.920236826 0.361571491 -0.149766371
vn 0.749491394 -0.662014067 4.96049438e-07
vn 0.749490738 -0.611621857 -0.253341854
vn 0.920236826 -0.361571431 -0.149766251
vn 0.920237005 -0.391361386 7.33451031e-07
vn 0.749491215 0.662014306 1.02376202e-06
vn 0.749490976 0.611621022 0.253343582
vn 0.920236766 0.361571312 0.149768338
vn 0.920237005 0.391361743 1.06453274e-06
vn 0.749490738 -0.611621857 -0.253341854
vn 0.74949044 -0.4681153 -0.468115538
vn 0.920235872 -0.276735723 -0.276736468
vn 0.920236826 -0.361571431 -0.149766251
vn 0.749490976 0.611621022 0.253343582
vn 0.749490917 0.468114346 0.468115479
vn 0.920236528 0.276734471 0.276735514
vn 0.920236766 0.361571312 0.149768338
vn 0.74949044 -0.4681153 -0.468115538
vn 0.749491811 -0.253342211 -0.611620605
vn 0.92023772 -0.149767444 -0.361568898
vn 0.920235872 -0.276735723 -0.276736468
vn 0.749490917 0.468114346 0.468115479
vn 0.74949038 0.253340214 0.611622989
vn 0.920237005 0.149766445 0.361571431
vn 0.920236528 0.276734471 0.276735514
vn 0.749491811 -0.253342211 -0.611620605
vn 0.749493897 -7.38799315e-08 -0.662011206
vn 0.920237184 -4.91451821e-08 -0.391361207
vn 0.92023772 -0.149767444 -0.361568898
vn 0.749489069 0 0.662016749
vn 0.749490619 -0.253340691 0.611622572
vn 0.920236766 -0.149766788 0.36157161
vn 0.920235395 7.8936464e-14 0.39136523
vn 0.74949038 0.253340214 0.611622989
vn 0.749489069 0 0.662016749
vn 0.920235395 7.8936464e-14 0.39136523
vn 0.920237005 0.149766445 0.361571431
vn 0.749493897 -7.38799315e-08 -0.662011206
vn 0.749491751 0.253342003 -0.611620843
vn 0.92023766 0.149767414 -0.361569166
vn 0.920237184 -4.91451821e-08 -0.391361207
vn 0.749490619 -0.253340691 0.611622572
vn 0.749490857 -0.468114585 0.468115628
vn 0.920236528 -0.27673462 0.276735425
vn 0.920236766 -0.149766788 0.36157161
vn 0.749491751 0.253342003 -0.611620843
vn 0.749490559 0.468115151 -0.468115568
vn 0.920236051 0.276735544 -0.276736468
vn 0.92023766 0.149767414 -0.361569166
vn 0.749490857 -0.468114585 0.468115628
vn 0.749491036 -0.611620963 0.253343493
vn 0.920236766 -0.361571342 0.149767905
vn 0.920236528 -0.27673462 0.276735425
vn 1 -7.22004927e-07 5.94232506e-06
vn 1 -2.72111879e-06 2.97111706e-06
vn 1 -1.30275575e-12 1.85685266e-07
vn 1 2.08264305e-06 -2.97112024e-06
vn 1 2.72109878e-06 -2.97110887e-06
vn 1 -1.30275575e-12 1.85685266e-07
vn 1 8.68701591e-08 4.45674186e-06
vn 1 -7.22004927e-07 5.94232506e-06
vn 1 -1.30275575e-12 1.85685266e-07
vn 1 1.12708892e-06 -1.48557615e-06
vn 1 2.08264305e-06 -2.97112024e-06
vn 1 -1.30275575e-12 1.85685266e-07
vn 0.99999994 -1.24078035e-13 2.97109705e-06
vn 1 8.68701591e-08 4.45674186e-06
vn 1 -1.30275575e-12 1.85685266e-07
vn 1 -1.12708904e-06 -1.48558979e-06
vn 1 -2.54343616e-12 -2.97119004e-06
vn 1 -1.30275575e-12 1.85685266e-07
vn 1 -2.54343616e-12 -2.97119004e-06
vn 1 1.12708892e-06 -1.48557615e-06
vn 1 -1.30275575e-12 1.85685266e-07
vn 1 -8.68699388e-08 2.97115457e-06
vn 0.99999994 -1.24078035e-13 2.97109705e-06
vn 1 -1.30275575e-12 1.85685266e-07
vn 1 -2.08264578e-06 -2.97113115e-06
vn 1 -1.12708904e-06 -1.48558979e-06
vn 1 -1.30275575e-12 1.85685266e-07
vn 1 7.22006462e-07 1.48559877e-06
vn 1 -8.68699388e-08 2.97115457e-06
vn 1 -1.30275575e-12 1.85685266e-07
vn 1 -2.72110424e-06 -2.97112661e-06
vn 1 -2.08264578e-06 -2.97113115e-06
vn 1 -1.30275575e-12 1.85685266e-07
vn 1 2.72111652e-06 0
vn 1 7.22006462e-07 1.48559877e-06
vn 1 -1.30275575e-12 1.85685266e-07
vn 1 -2.94530923e-06 0
vn 1 -2.72110424e-06 -2.97112661e-06
vn 1 -1.30275575e-12 1.85685266e-07
vn 1 2.94530605e-06 0
vn 1 2.72111652e-06 0
vn 1 -1.30275575e-12 1.85685266e-07
vn 1 -2.72111879e-06 2.97111706e-06
vn 1 -2.94530923e-06 0
vn 1 -1.30275575e-12 1.85685266e-07
vn 1 2.72109878e-06 -2.97110887e-06
vn 1 2.94530605e-06 0
vn 1 -1.30275575e-12 1.85685266e-07
vn 0.920235395 7.8936464e-14 0.39136523
vn 0.920236766 -0.149766788 0.36157161
vn 1 3.57802605e-07 1.31949685e-06
vn 1 1.28670078e-13 1.7593178e-06
vn 0.92023772 -0.149767444 -0.361568898
vn 0.920237184 -4.91451821e-08 -0.391361207
vn 1 0 4.39832149e-07
vn 1 0 4.39831837e-07
vn 0.920236528 0.276734471 0.276735514
vn 0.920237005 0.149766445 0.361571431
vn 1 -3.57802321e-07 4.39844428e-07
vn 0.99999994 0 -4.39829336e-07
vn 0.920235872 -0.276735723 -0.276736468
vn 0.92023772 -0.149767444 -0.361568898
vn 1 0 4.39831837e-07
vn 0.99999994 1.28748965e-07 0
vn 0.920236766 0.361571312 0.149768338
vn 0.920236528 0.276734471 0.276735514
vn 0.99999994 0 -4.39829336e-07
vn 0.99999994 0 -1.09958663e-07
vn 0.920236826 -0.361571431 -0.149766251
vn 0.920235872 -0.276735723 -0.276736468
vn 0.99999994 1.28748965e-07 0
vn 1 4.90603952e-07 1.09956386e-06
vn 0.920237005 0.391361743 1.06453274e-06
vn 0.920236766 0.361571312 0.149768338
vn 0.99999994 0 -1.09958663e-07
vn 0.99999994 -3.61855086e-07 9.89607202e-07
vn 0.920237005 -0.391361386 7.33451031e-07
vn 0.920236826 -0.361571431 -0.149766251
vn 1 4.90603952e-07 1.09956386e-06
vn 0.99999994 3.61856223e-07 9.89610157e-07
vn 0.920236826 0.361571491 -0.149766371
vn 0.920237005 0.391361743 1.06453274e-06
vn 0.99999994 -3.61855086e-07 9.89607202e-07
vn 1 -4.90602304e-07 1.09955965e-06
vn 0.920236766 -0.361571342 0.149767905
vn 0.920237005 -0.391361386 7.33451031e-07
vn 0.99999994 3.61856223e-07 9.89610157e-07
vn 1 0 -9.89596629e-07
vn 0.920236051 0.276735544 -0.276736468
vn 0.920236826 0.361571491 -0.149766371
vn 1 -4.90602304e-07 1.09955965e-06
vn 1 -1.28748539e-07 0
vn 0.920236528 -0.27673462 0.276735425
vn 0.920236766 -0.361571342 0.149767905
vn 1 0 -9.89596629e-07
vn 0.99999994 0 -4.39825129e-07
vn 0.92023766 0.149767414 -0.361569166
vn 0.920236051 0.276735544 -0.276736468
vn 1 -1.28748539e-07 0
vn 1 0 0
vn 0.920236766 -0.149766788 0.36157161
vn 0.920236528 -0.27673462 0.276735425
vn 0.99999994 0 -4.39825129e-07
vn 1 3.57802605e-07 1.31949685e-06
vn 0.920237184 -4.91451821e-08 -0.391361207
vn 0.92023766 0.149767414 -0.361569166
vn 1 0 0
vn 1 0 4.39832149e-07
vn 0.920237005 0.149766445 0.361571431
vn 0.920235395 7.8936464e-14 0.39136523
vn 1 1.28670078e-13 1.7593178e-06
vn 1 -3.57802321e-07 4.39844428e-07
vn -1 -2.08261963e-06 -9.6942801e-11
vn -1 -2.72110969e-06 2.97110159e-06
vn -1 -6.33283736e-13 -1.85679127e-07
vn -1 2.08262259e-06 -2.97118254e-06
vn -1 2.72107263e-06 9.62796648e-11
vn -1 -6.33283736e-13 -1.85679127e-07
vn -1 -1.12716691e-06 -4.45670912e-06
vn -1 -2.08261963e-06 -9.6942801e-11
vn -1 -6.33283736e-13 -1.85679127e-07
vn -1 1.12711803e-06 1.48558263e-06
vn -1 2.08262259e-06 -2.97118254e-06
vn -1 -6.33283736e-13 -1.85679127e-07
vn -1 1.65438258e-12 -2.97107931e-06
vn -1 -1.12716691e-06 -4.45670912e-06
vn -1 -6.33283736e-13 -1.85679127e-07
vn -1 -1.12711678e-06 4.45678415e-06
vn -1 -2.54343595e-12 2.97120755e-06
vn -1 -6.33283736e-13 -1.85679127e-07
vn -1 -2.54343595e-12 2.97120755e-06
vn -1 1.12711803e-06 1.48558263e-06
vn -1 -6.33283736e-13 -1.85679127e-07
vn -1 1.12716714e-06 -2.97114093e-06
vn -1 1.65438258e-12 -2.97107931e-06
vn -1 -6.33283736e-13 -1.85679127e-07
vn -1 -2.08262213e-06 2.97114661e-06
vn -1 -1.12711678e-06 4.45678415e-06
vn -1 -6.33283736e-13 -1.85679127e-07
vn -1 2.08261849e-06 -1.48559434e-06
vn -1 1.12716714e-06 -2.97114093e-06
vn -1 -6.33283736e-13 -1.85679127e-07
vn -1 -2.72107582e-06 -0
vn -1 -2.08262213e-06 2.97114661e-06
vn -1 -6.33283736e-13 -1.85679127e-07
vn -1 2.72110674e-06 -2.97116549e-06
vn -1 2.08261849e-06 -1.48559434e-06
vn -1 -6.33283736e-13 -1.85679127e-07
vn -1 -2.94528627e-06 -0
vn -1 -2.72107582e-06 -0
vn -1 -6.33283736e-13 -1.85679127e-07
vn -1 2.94528286e-06 4.00339831e-11
vn -1 2.72110674e-06 -2.97116549e-06
vn -1 -6.33283736e-13 -1.85679127e-07
vn -1 -2.72110969e-06 2.97110159e-06
vn -1 -2.94528627e-06 -0
vn -1 -6.33283736e-13 -1.85679127e-07
vn -1 2.72107263e-06 9.62796648e-11
vn -1 2.94528286e-06 4.00339831e-11
vn -1 -6.33283736e-13 -1.85679127e-07
vn -0.888268292 -0.424360812 0.175776079
vn -0.888268471 -0.324793339 0.324789762
vn -0.88826853 -0.324794292 0.324788839
vn -0.888268411 -0.424360365 0.175777122
vn -0.888270557 0.324787915 -0.324789643
vn -0.888269484 0.175779432 -0.424357116
vn -0.888269424 0.175781384 -0.424356371
vn -0.888270557 0.324787349 -0.32479021
vn -0.888268471 -0.324793339 0.324789762
vn -0.888271153 -0.175770238 0.424357384
vn -0.888271153 -0.175770119 0.424357414
vn -0.88826853 -0.324794292 0.324788839
vn -0.888269484 0.175779432 -0.424357116
vn -0.888270795 9.10686211e-08 -0.459320158
vn -0.888270795 1.1147187e-07 -0.459320128
vn -0.888269424 0.175781384 -0.424356371
vn -0.888269782 -5.35681544e-08 0.459322125
vn -0.888271272 0.175770149 0.424357146
vn -0.888271213 0.175770104 0.424357116
vn -0.888269842 -6.00260748e-08 0.459322125
vn -0.888271153 -0.175770238 0.424357384
vn -0.888269782 -5.35681544e-08 0.459322125
vn -0.888269842 -6.00260748e-08 0.459322125
vn -0.888271153 -0.175770119 0.424357414
vn -0.888270795 9.10686211e-08 -0.459320158
vn -0.888269067 -0.175779477 -0.424357891
vn -0.888269067 -0.175781369 -0.424357116
vn -0.888270795 1.1147187e-07 -0.459320128
vn -0.888271272 0.175770149 0.424357146
vn -0.88826865 0.3247931 0.324789494
vn -0.88826865 0.324793875 0.3247886
vn -0.888271213 0.175770104 0.424357116
vn -0.888269067 -0.175779477 -0.424357891
vn -0.888270676 -0.324788064 -0.324789554
vn -0.888270438 -0.324787468 -0.324789971
vn -0.888269067 -0.175781369 -0.424357116
vn -0.88826865 0.3247931 0.324789494
vn -0.888267934 0.424360633 0.175778255
vn -0.888267934 0.424360216 0.175779268
vn -0.88826865 0.324793875 0.3247886
vn -0.888270676 -0.324788064 -0.324789554
vn -0.888270199 -0.424357891 -0.175773785
vn -0.888270259 -0.424358428 -0.17577228
vn -0.888270438 -0.324787468 -0.324789971
vn -0.888267934 0.424360633 0.175778255
vn -0.888270676 0.459320456 2.6570408e-06
vn -0.888270557 0.459320396 2.99698195e-06
vn -0.888267934 0.424360216 0.175779268
vn -0.888270199 -0.424357891 -0.175773785
vn -0.888270855 -0.459320128 1.68743497e-06
vn -0.888270795 -0.459320068 2.11375277e-06
vn -0.888270259 -0.424358428 -0.17577228
vn -0.888270676 0.459320456 2.6570408e-06
vn -0.888269961 0.424357861 -0.175775081
vn -0.88827002 0.424358517 -0.17577368
vn -0.888270557 0.459320396 2.99698195e-06
vn -0.888270855 -0.459320128 1.68743497e-06
vn -0.888268292 -0.424360812 0.175776079
vn -0.888268411 -0.424360365 0.175777122
vn -0.888270795 -0.459320068 2.11375277e-06
vn -0.888269961 0.424357861 -0.175775081
vn -0.888270557 0.324787915 -0.324789643
vn -0.888270557 0.324787349 -0.32479021
vn -0.88827002 0.424358517 -0.17577368
vn 0.888269067 -0.424359828 -0.175775021
vn 0.888269901 -0.324792415 -0.324786901
vn 0.888269901 -0.324793398 -0.324785918
vn 0.888269067 -0.42435959 -0.175775453
vn 0.888269067 0.324788988 0.324792236
vn 0.888269424 0.175778195 0.424357742
vn 0.888269365 0.175780326 0.424356908
vn 0.888269186 0.324788511 0.324792713
vn 0.888269901 -0.324792415 -0.324786901
vn 0.888270855 -0.175769851 -0.424358189
vn 0.888270855 -0.175769225 -0.424358428
vn 0.888269901 -0.324793398 -0.324785918
vn 0.888269424 0.175778195 0.424357742
vn 0.888270736 1.23209688e-07 0.459319979
vn 0.888270736 1.41483952e-07 0.459320098
vn 0.888269365 0.175780326 0.424356908
vn 0.888268471 1.07135625e-08 -0.459324658
vn 0.888271451 0.175769955 -0.424356908
vn 0.888271272 0.175769389 -0.424357116
vn 0.888268471 4.28757474e-09 -0.459324598
vn 0.888270855 -0.175769851 -0.424358189
vn 0.888268471 1.07135625e-08 -0.459324658
vn 0.888268471 4.28757474e-09 -0.459324598
vn 0.888270855 -0.175769225 -0.424358428
vn 0.888270736 1.23209688e-07 0.459319979
vn 0.888269246 -0.175778389 0.424357861
vn 0.888269365 -0.17578043 0.424357027
vn 0.888270736 1.41483952e-07 0.459320098
vn 0.888271451 0.175769955 -0.424356908
vn 0.88827002 0.324792504 -0.324786246
vn 0.88827014 0.324793369 -0.324785411
vn 0.888271272 0.175769389 -0.424357116
vn 0.888269246 -0.175778389 0.424357861
vn 0.888269544 -0.324789345 0.324790925
vn 0.888269544 -0.324788928 0.324791312
vn 0.888269365 -0.17578043 0.424357027
vn 0.88827002 0.324792504 -0.324786246
vn 0.888268828 0.424360096 -0.175775141
vn 0.888268828 0.424359918 -0.175775573
vn 0.88827014 0.324793369 -0.324785411
vn 0.888269544 -0.324789345 0.324790925
vn 0.888269544 -0.424358577 0.175775662
vn 0.888269484 -0.424359113 0.175774246
vn 0.888269544 -0.324788928 0.324791312
vn 0.888268828 0.424360096 -0.175775141
vn 0.888269067 0.459323466 -1.78921584e-06
vn 0.888269067 0.459323466 -2.10088865e-06
vn 0.888268828 0.424359918 -0.175775573
vn 0.888269544 -0.424358577 0.175775662
vn 0.888269246 -0.459322989 -2.18027185e-06
vn 0.888269365 -0.459323078 -2.5810939e-06
vn 0.888269484 -0.424359113 0.175774246
vn 0.888269067 0.459323466 -1.78921584e-06
vn 0.888269246 0.424358517 0.175776824
vn 0.888269365 0.424359083 0.175775513
vn 0.888269067 0.459323466 -2.10088865e-06
vn 0.888269246 -0.459322989 -2.18027185e-06
vn 0.888269067 -0.424359828 -0.175775021
vn 0.888269067 -0.42435959 -0.175775453
vn 0.888269365 -0.459323078 -2.5810939e-06
vn 0.888269246 0.424358517 0.175776824
vn 0.888269067 0.324788988 0.324792236
vn 0.888269186 0.324788511 0.324792713
vn 0.888269365 0.424359083 0.175775513
vn -0.920236766 -1.52610056e-07 0.391361982
vn -0.920236826 0.149766177 0.36157164
vn -1 8.26403834e-07 1.75931825e-06
vn -1 -3.47406544e-12 1.31949673e-06
vn -0.920239031 0.149767563 -0.361565828
vn -0.92023772 3.87983299e-08 -0.391359925
vn -1 -1.60833174e-12 1.7593253e-06
vn -1 -8.26401617e-07 1.31949423e-06
vn -0.920236588 -0.276733786 0.276736379
vn -0.920236766 -0.149766281 0.361571789
vn -0.99999994 -8.26405824e-07 3.0788085e-06
vn -1 -9.59263158e-09 3.29871114e-06
vn -0.920237005 0.276734889 -0.276734084
vn -0.920239031 0.149767563 -0.361565828
vn -1 -8.26401617e-07 1.31949423e-06
vn -1 2.47908218e-07 1.09957557e-06
vn -0.920236468 -0.361571133 0.149771333
vn -0.920236588 -0.276733786 0.276736379
vn -1 -9.59263158e-09 3.29871114e-06
vn -0.99999994 -6.25130895e-07 3.958467e-06
vn -0.920237482 0.36157012 -0.149766847
vn -0.920237005 0.276734889 -0.276734084
vn -1 2.47908218e-07 1.09957557e-06
vn -1 0 7.69700989e-07
vn -0.920237362 -0.391360819 2.24950099e-06
vn -0.920236468 -0.361571133 0.149771333
vn -0.99999994 -6.25130895e-07 3.958467e-06
vn -1 -3.67636517e-07 2.96885014e-06
vn -0.92023772 0.391359836 1.72995931e-06
vn -0.920237482 0.36157012 -0.149766847
vn -1 0 7.69700989e-07
vn -1 3.67637654e-07 3.40868951e-06
vn -0.920237601 -0.36157006 -0.149765953
vn -0.920237362 -0.391360819 2.24950099e-06
vn -1 -3.67636517e-07 2.96885014e-06
vn -1 0 3.29872165e-07
vn -0.920236826 0.361569822 0.149770841
vn -0.92023772 0.391359836 1.72995931e-06
vn -1 3.67637654e-07 3.40868951e-06
vn -1 6.25132259e-07 4.17838555e-06
vn -0.920237541 -0.276734024 -0.276733071
vn -0.920237601 -0.36157006 -0.149765953
vn -1 0 3.29872165e-07
vn -1 -2.47907792e-07 2.41906469e-06
vn -0.920237124 0.276732385 0.276735753
vn -0.920236826 0.361569822 0.149770841
vn -1 6.25132259e-07 4.17838555e-06
vn -1 9.59248769e-09 2.6389655e-06
vn -0.920239389 -0.149766758 -0.361565351
vn -0.920237541 -0.276734024 -0.276733071
vn -1 -2.47907792e-07 2.41906469e-06
vn -1 8.26400026e-07 3.51864765e-06
vn -0.920236826 0.149766177 0.36157164
vn -0.920237124 0.276732385 0.276735753
vn -1 9.59248769e-09 2.6389655e-06
vn -1 8.26403834e-07 1.75931825e-06
vn -0.92023772 3.87983299e-08 -0.391359925
vn -0.920239389 -0.149766758 -0.361565351
vn -1 8.26400026e-07 3.51864765e-06
vn -1 -1.60833174e-12 1.7593253e-06
vn -0.920236766 -0.149766281 0.361571789
vn -0.920236766 -1.52610056e-07 0.391361982
vn -1 -3.47406544e-12 1.31949673e-06
vn -0.99999994 -8.26405824e-07 3.0788085e-06
vn -0.922062516 -0.387040645 2.15588534e-06
vn -0.922061443 -0.357581526 0.148114949
vn -0.58777082 -0.74744314 0.309603065
vn -0.587771356 -0.809027135 1.14757825e-06
vn -0.922062159 0.387041569 1.84675002e-06
vn -0.922064722 0.357574522 -0.148112193
vn -0.587774456 0.747442186 -0.309598893
vn -0.58777076 0.809027493 5.30278896e-07
vn -0.922065079 -0.357573748 -0.148110747
vn -0.922062516 -0.387040645 2.15588534e-06
vn -0.587771356 -0.809027135 1.14757825e-06
vn -0.587774813 -0.747442245 -0.309597582
vn -0.922061384 0.357581764 0.148115039
vn -0.922062159 0.387041569 1.84675002e-06
vn -0.58777076 0.809027493 5.30278896e-07
vn -0.587769985 0.747443438 0.3096039
vn -0.92206502 -0.273676425 -0.273673385
vn -0.922065079 -0.357573748 -0.148110747
vn -0.587774813 -0.747442245 -0.309597582
vn -0.58777374 -0.572067797 -0.572066903
vn -0.922061741 0.273679495 0.273681551
vn -0.922061384 0.357581764 0.148115039
vn -0.587769985 0.747443438 0.3096039
vn -0.587768495 0.572069347 0.572070599
vn -0.922064841 -0.148112997 -0.357573986
vn -0.92206502 -0.273676425 -0.273673385
vn -0.58777374 -0.572067797 -0.572066903
vn -0.587773085 -0.309601992 -0.747441828
vn -0.922060609 0.148112372 0.357584804
vn -0.922061741 0.273679495 0.273681551
vn -0.587768495 0.572069347 0.572070599
vn -0.5877707 0.309596717 0.747445822
vn -0.922065377 -1.50535854e-07 -0.38703388
vn -0.922064841 -0.148112997 -0.357573986
vn -0.587773085 -0.309601992 -0.747441828
vn -0.587775171 7.61427401e-08 -0.809024274
vn -0.922061086 -0.14811258 0.357583314
vn -0.922058642 1.23652782e-07 0.387050092
vn -0.587764382 -2.28427666e-07 0.809032142
vn -0.587771595 -0.309597492 0.747444987
vn -0.922058642 1.23652782e-07 0.387050092
vn -0.922060609 0.148112372 0.357584804
vn -0.5877707 0.309596717 0.747445822
vn -0.587764382 -2.28427666e-07 0.809032142
vn -0.9220649 0.148113117 -0.357573718
vn -0.922065377 -1.50535854e-07 -0.38703388
vn -0.587775171 7.61427401e-08 -0.809024274
vn -0.58777374 0.309603304 -0.747440696
vn -0.922062337 -0.273679465 0.273679882
vn -0.922061086 -0.14811258 0.357583314
vn -0.587771595 -0.309597492 0.747444987
vn -0.587770045 -0.572070062 0.572068155
vn -0.922064543 0.273676723 -0.273674905
vn -0.9220649 0.148113117 -0.357573718
vn -0.58777374 0.309603304 -0.747440696
vn -0.587773681 0.572068095 -0.572066486
vn -0.922061443 -0.357581526 0.148114949
vn -0.922062337 -0.273679465 0.273679882
vn -0.587770045 -0.572070062 0.572068155
vn -0.58777082 -0.74744314 0.309603065
vn -0.922064722 0.357574522 -0.148112193
vn -0.922064543 0.273676723 -0.273674905
vn -0.587773681 0.572068095 -0.572066486
vn -0.587774456 0.747442186 -0.309598893
vn -0.587774813 -0.747442245 -0.309597582
vn -0.587771356 -0.809027135 1.14757825e-06
vn -7.01838132e-07 -1 -9.57550469e-07
vn -1.16972856e-07 -0.923879445 -0.382683754
vn -0.58777076 0.809027493 5.30278896e-07
vn -0.587774456 0.747442186 -0.309598893
vn -9.3578916e-07 0.923879206 -0.382684112
vn 1.16970966e-07 1 -9.18861872e-07
vn -0.587773085 -0.309601992 -0.747441828
vn -0.58777374 -0.572067797 -0.572066903
vn 1.16973844e-07 -0.707105875 -0.707107723
vn 0 -0.382683694 -0.923879385
vn -0.587768495 0.572069347 0.572070599
vn -0.587769985 0.747443438 0.3096039
vn 1.11125667e-06 0.923878133 0.382686824
vn 1.11125644e-06 0.707105756 0.707107902
vn -0.587774456 0.747442186 -0.309598893
vn -0.587773681 0.572068095 -0.572066486
vn -1.69611872e-06 0.707107365 -0.707106173
vn -9.3578916e-07 0.923879206 -0.382684112
vn -0.58777082 -0.74744314 0.309603065
vn -0.587770045 -0.572070062 0.572068155
vn -8.18818762e-07 -0.707107782 0.707105756
vn -1.05276479e-06 -0.923879087 0.382684171
vn -0.587773681 0.572068095 -0.572066486
vn -0.58777374 0.309603304 -0.747440696
vn -9.35789842e-07 0.382685661 -0.923878431
vn -1.69611872e-06 0.707107365 -0.707106173
vn -0.587770045 -0.572070062 0.572068155
vn -0.587771595 -0.309597492 0.747444987
vn -6.14113617e-07 -0.382680118 0.923880816
vn -8.18818762e-07 -0.707107782 0.707105756
vn -0.58777374 0.309603304 -0.747440696
vn -0.587775171 7.61427401e-08 -0.809024274
vn 0 -5.80333683e-08 -1
vn -9.35789842e-07 0.382685661 -0.923878431
vn -0.587771595 -0.309597492 0.747444987
vn -0.587764382 -2.28427666e-07 0.809032142
vn -7.60329215e-07 -1.74099213e-07 0.99999994
vn -6.14113617e-07 -0.382680118 0.923880816
vn -0.5877707 0.309596717 0.747445822
vn -0.587768495 0.572069347 0.572070599
vn 1.11125644e-06 0.707105756 0.707107902
vn -8.77314221e-08 0.382679105 0.923881173
vn -0.587775171 7.61427401e-08 -0.809024274
vn -0.587773085 -0.309601992 -0.747441828
vn 0 -0.382683694 -0.923879385
vn 0 -5.80333683e-08 -1
vn -0.587764382 -2.28427666e-07 0.809032142
vn -0.5877707 0.309596717 0.747445822
vn -8.77314221e-08 0.382679105 0.923881173
vn -7.60329215e-07 -1.74099213e-07 0.99999994
vn -0.587769985 0.747443438 0.3096039
vn -0.58777076 0.809027493 5.30278896e-07
vn 1.16970966e-07 1 -9.18861872e-07
vn 1.11125667e-06 0.923878133 0.382686824
vn -0.587771356 -0.809027135 1.14757825e-06
vn -0.58777082 -0.74744314 0.309603065
vn -1.05276479e-06 -0.923879087 0.382684171
vn -7.01838132e-07 -1 -9.57550469e-07
vn -0.58777374 -0.572067797 -0.572066903
vn -0.587774813 -0.747442245 -0.309597582
vn -1.16972856e-07 -0.923879445 -0.382683754
vn 1.16973844e-07 -0.707105875 -0.707107723
vn -0.922062695 -0.387040436 2.33330297e-06
vn -0.922060609 -0.357583791 0.148114324
vn -0.922060728 -0.357582837 0.148116633
vn -0.922062814 -0.387040466 2.38043481e-06
vn -0.922062397 0.387041301 1.93008259e-06
vn -0.922064602 0.357574105 -0.148112938
vn -0.922064602 0.357575774 -0.148108825
vn -0.922062397 0.38704136 1.97942859e-06
vn -0.922065318 -0.357572794 -0.148111805
vn -0.922062695 -0.387040436 2.33330297e-06
vn -0.922062814 -0.387040466 2.38043481e-06
vn -0.922065377 -0.357574284 -0.148108438
vn -0.922061086 0.357583106 0.148114234
vn -0.922062397 0.387041301 1.93008259e-06
vn -0.922062397 0.38704136 1.97942859e-06
vn -0.922060907 0.357582331 0.148115978
vn -0.922064126 -0.273676604 -0.273676604
vn -0.922065318 -0.357572794 -0.148111805
vn -0.922065377 -0.357574284 -0.148108438
vn -0.922064126 -0.273676425 -0.273676783
vn -0.922061682 0.273680419 0.273680627
vn -0.922061086 0.357583106 0.148114234
vn -0.922060907 0.357582331 0.148115978
vn -0.922061741 0.273680925 0.27368018
vn -0.922062695 -0.148114786 -0.357578605
vn -0.922064126 -0.273676604 -0.273676604
vn -0.922064126 -0.273676425 -0.273676783
vn -0.922062695 -0.14811483 -0.357578546
vn -0.922061145 0.148112729 0.357583344
vn -0.922061682 0.273680419 0.273680627
vn -0.922061741 0.273680925 0.27368018
vn -0.922061086 0.148112312 0.357583374
vn -0.922062993 -1.93546114e-07 -0.387039989
vn -0.922062695 -0.148114786 -0.357578605
vn -0.922062695 -0.14811483 -0.357578546
vn -0.922062874 1.19448103e-07 -0.387039959
vn -0.922061145 -0.148112342 0.357583523
vn -0.922059715 2.58058776e-07 0.387047678
vn -0.922059715 -1.19449069e-07 0.387047678
vn -0.922061145 -0.148112014 0.357583642
vn -0.922059715 2.58058776e-07 0.387047678
vn -0.922061145 0.148112729 0.357583344
vn -0.922061086 0.148112312 0.357583374
vn -0.922059715 -1.19449069e-07 0.387047678
vn -0.922062039 0.148115039 -0.357580155
vn -0.922062993 -1.93546114e-07 -0.387039989
vn -0.922062874 1.19448103e-07 -0.387039959
vn -0.92206198 0.148115456 -0.357579887
vn -0.922061265 -0.273680776 0.273681611
vn -0.922061145 -0.148112342 0.357583523
vn -0.922061145 -0.148112014 0.357583642
vn -0.922061384 -0.273681432 0.273681074
vn -0.922063112 0.273678064 -0.273678273
vn -0.922062039 0.148115039 -0.357580155
vn -0.92206198 0.148115456 -0.357579887
vn -0.922063172 0.273677349 -0.273679018
vn -0.922060609 -0.357583791 0.148114324
vn -0.922061265 -0.273680776 0.273681611
vn -0.922061384 -0.273681432 0.273681074
vn -0.922060728 -0.357582837 0.148116633
vn -0.922064602 0.357574105 -0.148112938
vn -0.922063112 0.273678064 -0.273678273
vn -0.922063172 0.273677349 -0.273679018
vn -0.922064602 0.357575774 -0.148108825
vn 0.922061682 -0.387042761 -5.99454268e-07
vn 0.922061563 -0.357581735 -0.148114085
vn 0.587770641 -0.747443318 -0.309602737
vn 0.587770402 -0.809027791 4.84049338e-07
vn 0.922061384 0.387043566 -5.26874771e-07
vn 0.922062814 0.35757795 0.148115441
vn 0.587771654 0.747443497 0.309601098
vn 0.587769866 0.809028089 1.90356417e-07
vn 0.922062993 -0.357577533 0.14811419
vn 0.922061682 -0.387042761 -5.99454268e-07
vn 0.587770402 -0.809027791 4.84049338e-07
vn 0.587772071 -0.747443557 0.309599727
vn 0.922061682 0.357581675 -0.148113266
vn 0.922061384 0.387043566 -5.26874771e-07
vn 0.587769866 0.809028089 1.90356417e-07
vn 0.587770879 0.747443318 -0.309603065
vn 0.922063351 -0.273677856 0.273677945
vn 0.922062993 -0.357577533 0.14811419
vn 0.587772071 -0.747443557 0.309599727
vn 0.587772191 -0.57206744 0.57206887
vn 0.92206347 0.273678333 -0.273676783
vn 0.922061682 0.357581675 -0.148113266
vn 0.587770879 0.747443318 -0.309603065
vn 0.587771118 0.572069824 -0.57206744
vn 0.922063649 -0.148113459 0.35757634
vn 0.922063351 -0.273677856 0.273677945
vn 0.587772191 -0.57206744 0.57206887
vn 0.587771356 -0.309602261 0.747443199
vn 0.922063768 0.148111537 -0.357577175
vn 0.92206347 0.273678333 -0.273676783
vn 0.587771118 0.572069824 -0.57206744
vn 0.587774515 0.309598178 -0.747442365
vn 0.922064424 -1.74729152e-07 0.387036592
vn 0.922063649 -0.148113459 0.35757634
vn 0.587771356 -0.309602261 0.747443199
vn 0.587773979 9.24589472e-08 0.809025168
vn 0.922063291 -0.148111448 -0.357578516
vn 0.922061861 6.98907456e-08 -0.387042642
vn 0.587767839 4.89489196e-08 -0.809029698
vn 0.5877738 -0.309597462 -0.747443259
vn 0.922061861 6.98907456e-08 -0.387042642
vn 0.922063768 0.148111537 -0.357577175
vn 0.587774515 0.309598178 -0.747442365
vn 0.587767839 4.89489196e-08 -0.809029698
vn 0.92206347 0.148113564 0.357576847
vn 0.922064424 -1.74729152e-07 0.387036592
vn 0.587773979 9.24589472e-08 0.809025168
vn 0.587771356 0.309602886 0.74744302
vn 0.922062993 -0.273678333 -0.273678869
vn 0.922063291 -0.148111448 -0.357578516
vn 0.5877738 -0.309597462 -0.747443259
vn 0.587770581 -0.572069407 -0.572068334
vn 0.922062933 0.273677915 0.273679107
vn 0.92206347 0.148113564 0.357576847
vn 0.587771356 0.309602886 0.74744302
vn 0.587771416 0.57206744 0.572069585
vn 0.922061563 -0.357581735 -0.148114085
vn 0.922062993 -0.273678333 -0.273678869
vn 0.587770581 -0.572069407 -0.572068334
vn 0.587770641 -0.747443318 -0.309602737
vn 0.922062814 0.35757795 0.148115441
vn 0.922062933 0.273677915 0.273679107
vn 0.587771416 0.57206744 0.572069585
vn 0.587771654 0.747443497 0.309601098
vn 0.587772071 -0.747443557 0.309599727
vn 0.587770402 -0.809027791 4.84049338e-07
vn 4.67892562e-07 -1 1.47985065e-06
vn 2.33947262e-07 -0.923879564 0.382683128
vn 0.587769866 0.809028089 1.90356417e-07
vn 0.587771654 0.747443497 0.309601098
vn 0 0.923879266 0.382684231
vn 0 1 8.60828379e-07
vn 0.587771356 -0.309602261 0.747443199
vn 0.587772191 -0.57206744 0.57206887
vn -3.50921965e-07 -0.707105756 0.707107842
vn -7.01842453e-07 -0.382683903 0.923879325
vn 0.587771118 0.572069824 -0.57206744
vn 0.587770879 0.747443318 -0.309603065
vn 2.33950104e-07 0.923878014 -0.382686734
vn 5.26382621e-07 0.707107067 -0.707106531
vn 0.587771654 0.747443497 0.309601098
vn 0.587771416 0.57206744 0.572069585
vn -2.92435629e-07 0.707105756 0.707107842
vn 0 0.923879266 0.382684231
vn 0.587770641 -0.747443318 -0.309602737
vn 0.587770581 -0.572069407 -0.572068334
vn 3.50920686e-07 -0.707106769 -0.707106769
vn 3.50920885e-07 -0.923878729 -0.382685483
vn 0.587771416 0.57206744 0.572069585
vn 0.587771356 0.309602886 0.74744302
vn -6.43356373e-07 0.382684737 0.923879087
vn -2.92435629e-07 0.707105756 0.707107842
vn 0.587770581 -0.572069407 -0.572068334
vn 0.5877738 -0.309597462 -0.747443259
vn 2.33946693e-07 -0.382680565 -0.923880696
vn 3.50920686e-07 -0.707106769 -0.707106769
vn 0.587771356 0.309602886 0.74744302
vn 0.587773979 9.24589472e-08 0.809025168
vn -7.01843021e-07 0 1
vn -6.43356373e-07 0.382684737 0.923879087
vn 0.5877738 -0.309597462 -0.747443259
vn 0.587767839 4.89489196e-08 -0.809029698
vn 0 0 -1
vn 2.33946693e-07 -0.382680565 -0.923880696
vn 0.587774515 0.309598178 -0.747442365
vn 0.587771118 0.572069824 -0.57206744
vn 5.26382621e-07 0.707107067 -0.707106531
vn 2.9243418e-07 0.382681429 -0.923880398
vn 0.587773979 9.24589472e-08 0.809025168
vn 0.587771356 -0.309602261 0.747443199
vn -7.01842453e-07 -0.382683903 0.923879325
vn -7.01843021e-07 0 1
vn 0.587767839 4.89489196e-08 -0.809029698
vn 0.587774515 0.309598178 -0.747442365
vn 2.9243418e-07 0.382681429 -0.923880398
vn 0 0 -1
vn 0.587770879 0.747443318 -0.309603065
vn 0.587769866 0.809028089 1.90356417e-07
vn 0 1 8.60828379e-07
vn 2.33950104e-07 0.923878014 -0.382686734
vn 0.587770402 -0.809027791 4.84049338e-07
vn 0.587770641 -0.747443318 -0.309602737
vn 3.50920885e-07 -0.923878729 -0.382685483
vn 4.67892562e-07 -1 1.47985065e-06
vn 0.587772191 -0.57206744 0.57206887
vn 0.587772071 -0.747443557 0.309599727
vn 2.33947262e-07 -0.923879564 0.382683128
vn -3.50921965e-07 -0.707105756 0.707107842
vn -0.922062337 0.387041479 -8.65579921e-07
vn -0.922062337 0.387041539 5.20453625e-07
vn -0.922061086 0.357582211 0.148115203
vn -0.922061086 0.357582927 0.148113534
vn -0.922061563 -0.38704294 -2.04298402e-07
vn -0.922061682 -0.38704288 -1.66374377e-07
vn -0.922064364 -0.357576251 -0.148110002
vn -0.922064304 -0.357574284 -0.148114711
vn -0.922064781 0.357573271 -0.148114592
vn -0.922064781 0.357575178 -0.148109958
vn -0.922062337 0.387041539 5.20453625e-07
vn -0.922062337 0.387041479 -8.65579921e-07
vn -0.922061086 -0.357583314 0.148113683
vn -0.922060907 -0.357582062 0.148116633
vn -0.922061682 -0.38704288 -1.66374377e-07
vn -0.922061563 -0.38704294 -2.04298402e-07
vn -0.922065556 0.273673534 -0.273674846
vn -0.922065556 0.273673892 -0.273674458
vn -0.922064781 0.357575178 -0.148109958
vn -0.922064781 0.357573271 -0.148114592
vn -0.922062099 -0.273680419 0.273679614
vn -0.922062099 -0.273681223 0.273678839
vn -0.922060907 -0.357582062 0.148116633
vn -0.922061086 -0.357583314 0.148113683
vn -0.922065794 0.148111343 -0.357571691
vn -0.922065794 0.148111805 -0.357571572
vn -0.922065556 0.273673892 -0.273674458
vn -0.922065556 0.273673534 -0.273674846
vn -0.922062099 -0.148112297 0.357581198
vn -0.922062039 -0.148111627 0.357581466
vn -0.922062099 -0.273681223 0.273678839
vn -0.922062099 -0.273680419 0.273679614
vn -0.922066391 1.72041311e-07 -0.387031704
vn -0.92206645 -1.40778198e-07 -0.387031674
vn -0.922065794 0.148111805 -0.357571572
vn -0.922065794 0.148111343 -0.357571691
vn -0.922061265 0.148112759 0.357582927
vn -0.922061205 0.148111671 0.357583344
vn -0.922059655 -3.41283943e-08 0.387047648
vn -0.922059715 -3.22572582e-08 0.387047738
vn -0.922059715 -3.22572582e-08 0.387047738
vn -0.922059655 -3.41283943e-08 0.387047648
vn -0.922062039 -0.148111627 0.357581466
vn -0.922062099 -0.148112297 0.357581198
vn -0.922065854 -0.148111328 -0.35757193
vn -0.922065794 -0.148112223 -0.357571483
vn -0.92206645 -1.40778198e-07 -0.387031674
vn -0.922066391 1.72041311e-07 -0.387031704
vn -0.922061384 0.273681849 0.273680359
vn -0.922061443 0.273681849 0.273680419
vn -0.922061205 0.148111671 0.357583344
vn -0.922061265 0.148112759 0.357582927
vn -0.922065496 -0.273673713 -0.273674935
vn -0.922065496 -0.273674607 -0.273673981
vn -0.922065794 -0.148112223 -0.357571483
vn -0.922065854 -0.148111328 -0.35757193
vn -0.922061086 0.357582927 0.148113534
vn -0.922061086 0.357582211 0.148115203
vn -0.922061443 0.273681849 0.273680419
vn -0.922061384 0.273681849 0.273680359
vn -0.922064304 -0.357574284 -0.148114711
vn -0.922064364 -0.357576251 -0.148110002
vn -0.922065496 -0.273674607 -0.273673981
vn -0.922065496 -0.273673713 -0.273674935
vn -0.922061205 -0.387043804 4.51606695e-07
vn -0.922061443 -0.357581973 0.148114279
vn -0.922061384 -0.357581615 0.14811492
vn -0.922061384 -0.387043864 5.63113474e-07
vn -0.922061741 0.387042969 6.53217683e-07
vn -0.922062099 0.357579023 -0.148116499
vn -0.922062218 0.357580602 -0.148112774
vn -0.922061741 0.387042969 7.38020049e-07
vn -0.922062457 -0.357579023 -0.148115382
vn -0.922061205 -0.387043804 4.51606695e-07
vn -0.922061384 -0.387043864 5.63113474e-07
vn -0.922062337 -0.357580453 -0.148111686
vn -0.922061563 0.357581347 0.148115307
vn -0.922061741 0.387042969 6.53217683e-07
vn -0.922061741 0.387042969 7.38020049e-07
vn -0.922061503 0.35758099 0.148115993
vn -0.922062218 -0.27368021 -0.273679465
vn -0.922062457 -0.357579023 -0.148115382
vn -0.922062337 -0.357580453 -0.148111686
vn -0.922062218 -0.273680061 -0.273679525
vn -0.922062218 0.273678601 0.273681015
vn -0.922061563 0.357581347 0.148115307
vn -0.922061503 0.35758099 0.148115993
vn -0.922062099 0.273680031 0.273679525
vn -0.922063291 -0.14811413 -0.357577115
vn -0.922062218 -0.27368021 -0.273679465
vn -0.922062218 -0.273680061 -0.273679525
vn -0.922063291 -0.14811483 -0.357576817
vn -0.922062397 0.148110852 0.357581109
vn -0.922062218 0.273678601 0.273681015
vn -0.922062099 0.273680031 0.273679525
vn -0.922062218 0.148110613 0.357581168
vn -0.9220649 -1.53224008e-07 -0.387035429
vn -0.922063291 -0.14811413 -0.357577115
vn -0.922063291 -0.14811483 -0.357576817
vn -0.9220649 1.70639694e-07 -0.387035429
vn -0.922062516 -0.148110628 0.357580572
vn -0.922061384 4.30097451e-08 0.387043834
vn -0.922061384 5.1192643e-08 0.387043864
vn -0.922062635 -0.148110375 0.357580692
vn -0.922061384 4.30097451e-08 0.387043834
vn -0.922062397 0.148110852 0.357581109
vn -0.922062218 0.148110613 0.357581168
vn -0.922061384 5.1192643e-08 0.387043864
vn -0.922063768 0.148114234 -0.357576191
vn -0.9220649 -1.53224008e-07 -0.387035429
vn -0.9220649 1.70639694e-07 -0.387035429
vn -0.922063589 0.148115635 -0.357575595
vn -0.922062516 -0.273678511 0.273680121
vn -0.922062516 -0.148110628 0.357580572
vn -0.922062635 -0.148110375 0.357580692
vn -0.922062516 -0.273679823 0.273678869
vn -0.922062099 0.273680896 -0.273678869
vn -0.922063768 0.148114234 -0.357576191
vn -0.922063589 0.148115635 -0.357575595
vn -0.922062218 0.273680896 -0.273678958
vn -0.922061443 -0.357581973 0.148114279
vn -0.922062516 -0.273678511 0.273680121
vn -0.922062516 -0.273679823 0.273678869
vn -0.922061384 -0.357581615 0.14811492
vn -0.922062099 0.357579023 -0.148116499
vn -0.922062099 0.273680896 -0.273678869
vn -0.922062218 0.273680896 -0.273678958
vn -0.922062218 0.357580602 -0.148112774
vn 0.922061384 -0.387043744 -4.78488062e-07
vn 0.922060907 -0.357583314 -0.148114637
vn 0.922060907 -0.357582569 -0.148116454
vn 0.922061384 -0.387043774 -6.10039706e-07
vn 0.922061563 0.387043238 4.83864895e-08
vn 0.922062397 0.357579201 0.148115471
vn 0.922062218 0.357580155 0.148112938
vn 0.922061503 0.387043208 -5.97241723e-08
vn 0.922062337 -0.357579082 0.148115382
vn 0.922061384 -0.387043744 -4.78488062e-07
vn 0.922061384 -0.387043774 -6.10039706e-07
vn 0.922062337 -0.357580155 0.148112938
vn 0.922061145 0.357582778 -0.148114398
vn 0.922061563 0.387043238 4.83864895e-08
vn 0.922061503 0.387043208 -5.97241723e-08
vn 0.922061145 0.357581973 -0.148116276
vn 0.922062099 -0.273678809 0.273680836
vn 0.922062337 -0.357579082 0.148115382
vn 0.922062337 -0.357580155 0.148112938
vn 0.922062099 -0.27367869 0.273680955
vn 0.922061563 0.273681015 -0.273680627
vn 0.922061145 0.357582778 -0.148114398
vn 0.922061145 0.357581973 -0.148116276
vn 0.922061622 0.273681849 -0.273679912
vn 0.922064304 -0.148112655 0.357575148
vn 0.922062099 -0.273678809 0.273680836
vn 0.922062099 -0.27367869 0.273680955
vn 0.922064364 -0.148113891 0.357574642
vn 0.922062039 0.148112401 -0.357581049
vn 0.922061563 0.273681015 -0.273680627
vn 0.922061622 0.273681849 -0.273679912
vn 0.922062099 0.148112223 -0.357581168
vn 0.92206651 -1.88169906e-07 0.387031645
vn 0.922064304 -0.148112655 0.357575148
vn 0.922064364 -0.148113891 0.357574642
vn 0.92206645 1.36512057e-07 0.387031645
vn 0.922061563 -0.148112223 -0.357582599
vn 0.922060549 2.95691542e-08 -0.387045801
vn 0.922060311 2.98623029e-08 -0.387045741
vn 0.922061563 -0.148111984 -0.357582718
vn 0.922060549 2.95691542e-08 -0.387045801
vn 0.922062039 0.148112401 -0.357581049
vn 0.922062099 0.148112223 -0.357581168
vn 0.922060311 2.98623029e-08 -0.387045741
vn 0.922064126 0.14811267 0.357575685
vn 0.92206651 -1.88169906e-07 0.387031645
vn 0.92206645 1.36512057e-07 0.387031645
vn 0.922064185 0.148114473 0.35757497
vn 0.922061145 -0.273681134 -0.273682415
vn 0.922061563 -0.148112223 -0.357582599
vn 0.922061563 -0.148111984 -0.357582718
vn 0.922061026 -0.27368173 -0.27368167
vn 0.922062218 0.273679107 0.273679972
vn 0.922064126 0.14811267 0.357575685
vn 0.922064185 0.148114473 0.35757497
vn 0.922062397 0.273679227 0.273680001
vn 0.922060907 -0.357583314 -0.148114637
vn 0.922061145 -0.273681134 -0.273682415
vn 0.922061026 -0.27368173 -0.27368167
vn 0.922060907 -0.357582569 -0.148116454
vn 0.922062397 0.357579201 0.148115471
vn 0.922062218 0.273679107 0.273679972
vn 0.922062397 0.273679227 0.273680001
vn 0.922062218 0.357580155 0.148112938
vn 7.54377936e-07 -0.707100809 -0.707112789
vn 1.33465107e-06 -0.382698268 -0.923873425
vn 1.33465153e-06 -0.382698029 -0.923873365
vn 7.54377993e-07 -0.707100928 -0.70711267
vn 1.33465107e-06 -0.382698268 -0.923873425
vn 1.85692409e-06 -8.80183961e-07 -1
vn 1.85692431e-06 -8.8018362e-07 -1
vn 1.33465153e-06 -0.382698029 -0.923873365
vn 1.85692409e-06 -8.80183961e-07 -1
vn 1.39267365e-06 0.38269791 -0.923873544
vn 1.39267365e-06 0.382697642 -0.923873484
vn 1.85692431e-06 -8.8018362e-07 -1
vn -8.12408473e-07 0.707104087 0.707109332
vn -9.28465681e-07 0.38267231 0.923884153
vn -9.28465681e-07 0.382672578 0.923884034
vn -8.1240853e-07 0.707104266 0.707109392
vn -8.70437532e-07 -0.382673144 0.923883855
vn -7.54379471e-07 -0.707103729 0.70710969
vn -7.54379528e-07 -0.707103908 0.70710963
vn -8.70437475e-07 -0.382673413 0.923883736
vn 1.39267365e-06 0.38269791 -0.923873544
vn 8.12409439e-07 0.707101762 -0.707111895
vn 8.12409269e-07 0.707101822 -0.707111716
vn 1.39267365e-06 0.382697642 -0.923873484
vn -9.28465681e-07 0.38267231 0.923884153
vn -9.28463862e-07 1.35410787e-07 1
vn -9.28463862e-07 1.35410787e-07 1
vn -9.28465681e-07 0.382672578 0.923884034
vn -7.54379471e-07 -0.707103729 0.70710969
vn -3.48173472e-07 -0.923879743 0.382682621
vn -3.48174893e-07 -0.923879623 0.382683367
vn -7.54379528e-07 -0.707103908 0.70710963
vn 8.12409439e-07 0.707101762 -0.707111895
vn 5.80285075e-07 0.923881829 -0.382677555
vn 5.80284507e-07 0.923882306 -0.382676691
vn 8.12409269e-07 0.707101822 -0.707111716
vn -3.48173472e-07 -0.923879743 0.382682621
vn 1.16061393e-07 -1 -9.96239123e-07
vn 1.16061393e-07 -1 -9.96239123e-07
vn -3.48174893e-07 -0.923879623 0.382683367
vn 5.80285075e-07 0.923881829 -0.382677555
vn 2.32122787e-07 1 -1.05427318e-06
vn 2.32122787e-07 1 -1.05427318e-06
vn 5.80284507e-07 0.923882306 -0.382676691
vn 1.16061393e-07 -1 -9.96239123e-07
vn 4.64224343e-07 -0.923882425 -0.382676631
vn 4.64223177e-07 -0.923882782 -0.382675707
vn 1.16061393e-07 -1 -9.96239123e-07
vn 2.32122787e-07 1 -1.05427318e-06
vn -3.48173955e-07 0.923879743 0.38268289
vn -3.48175348e-07 0.923879445 0.382683605
vn 2.32122787e-07 1 -1.05427318e-06
vn 4.64224343e-07 -0.923882425 -0.382676631
vn 7.54377936e-07 -0.707100809 -0.707112789
vn 7.54377993e-07 -0.707100928 -0.70711267
vn 4.64223177e-07 -0.923882782 -0.382675707
vn -3.48173955e-07 0.923879743 0.38268289
vn -8.12408473e-07 0.707104087 0.707109332
vn -8.1240853e-07 0.707104266 0.707109392
vn -3.48175348e-07 0.923879445 0.382683605
vn -9.28463862e-07 1.35410787e-07 1
vn -8.70437532e-07 -0.382673144 0.923883855
vn -8.70437475e-07 -0.382673413 0.923883736
vn -9.28463862e-07 1.35410787e-07 1
vn 2.03103173e-06 -0.707100809 0.707112789
vn 2.14707393e-06 -0.382696301 0.92387408
vn 2.14707393e-06 -0.382696122 0.92387414
vn 2.03103218e-06 -0.707100749 0.707112908
vn 2.14707393e-06 -0.382696301 0.92387408
vn 1.85692829e-06 -1.15100772e-06 1
vn 1.85692829e-06 -1.16068065e-06 1
vn 2.14707393e-06 -0.382696122 0.92387414
vn 1.85692829e-06 -1.15100772e-06 1
vn 2.08903634e-06 0.382695735 0.923874497
vn 2.08903589e-06 0.382695585 0.923874497
vn 1.85692829e-06 -1.16068065e-06 1
vn -1.04453022e-06 0.707102716 -0.707110882
vn -1.74088029e-06 0.38267073 -0.92388463
vn -1.74088007e-06 0.382671386 -0.923884571
vn -1.04452909e-06 0.707102895 -0.707110524
vn -1.7408795e-06 -0.382671028 -0.923884571
vn -1.04453102e-06 -0.707102478 -0.707111001
vn -1.04452999e-06 -0.707102656 -0.707110763
vn -1.74087938e-06 -0.382671595 -0.923884451
vn 2.08903634e-06 0.382695735 0.923874497
vn 1.9730046e-06 0.707102001 0.707111418
vn 1.97300506e-06 0.707101941 0.707111657
vn 2.08903589e-06 0.382695585 0.923874497
vn -1.74088029e-06 0.38267073 -0.92388463
vn -1.85693318e-06 2.22460628e-07 -0.99999994
vn -1.85693318e-06 2.22460542e-07 -0.99999994
vn -1.74088007e-06 0.382671386 -0.923884571
vn -1.04453102e-06 -0.707102478 -0.707111001
vn -4.64232272e-07 -0.923880339 -0.382681549
vn -4.64232301e-07 -0.923879921 -0.382682383
vn -1.04452999e-06 -0.707102656 -0.707110763
vn 1.9730046e-06 0.707102001 0.707111418
vn 1.04450874e-06 0.923881948 0.382677764
vn 1.04450851e-06 0.923881948 0.382677674
vn 1.97300506e-06 0.707101941 0.707111657
vn -4.64232272e-07 -0.923880339 -0.382681549
vn -1.1605416e-07 -1 1.47985384e-06
vn -1.16053357e-07 -1 1.944117e-06
vn -4.64232301e-07 -0.923879921 -0.382682383
vn 1.04450874e-06 0.923881948 0.382677764
vn 6.51227119e-12 0.99999994 1.04460344e-06
vn 6.51225688e-12 1 1.05427341e-06
vn 1.04450851e-06 0.923881948 0.382677674
vn -1.1605416e-07 -1 1.47985384e-06
vn 9.28446866e-07 -0.923881829 0.382677525
vn 9.28446866e-07 -0.923882008 0.382677525
vn -1.16053357e-07 -1 1.944117e-06
vn 6.51227119e-12 0.99999994 1.04460344e-06
vn -4.64232841e-07 0.923879683 -0.38268277
vn -4.64232897e-07 0.923879445 -0.382683665
vn 6.51225688e-12 1 1.05427341e-06
vn 9.28446866e-07 -0.923881829 0.382677525
vn 2.03103173e-06 -0.707100809 0.707112789
vn 2.03103218e-06 -0.707100749 0.707112908
vn 9.28446866e-07 -0.923882008 0.382677525
vn -4.64232841e-07 0.923879683 -0.38268277
vn -1.04453022e-06 0.707102716 -0.707110882
vn -1.04452909e-06 0.707102895 -0.707110524
vn -4.64232897e-07 0.923879445 -0.382683665
vn -1.85693318e-06 2.22460628e-07 -0.99999994
vn -1.7408795e-06 -0.382671028 -0.923884571
vn -1.74087938e-06 -0.382671595 -0.923884451
vn -1.85693318e-06 2.22460542e-07 -0.99999994
vn 0.999998212 0.00177177042 0.000731725479
vn 0.999998212 0.00135607703 0.00135410577
vn 0.999998212 0.00135608204 0.00135410053
vn 0.999998212 0.00177176797 0.000731731241
vn 0.999998212 -0.00135488017 -0.00135411159
vn 0.999998033 -0.000733513851 -0.00176896458
vn 0.999998152 -0.000733523979 -0.00176896027
vn 0.999998212 -0.00135487865 -0.0013541131
vn 0.999998212 0.00135607703 0.00135410577
vn 0.999998212 0.000733066001 0.00177111663
vn 0.999998212 0.000733063964 0.00177111744
vn 0.999998212 0.00135608204 0.00135410053
vn 0.999998033 -0.000733513851 -0.00176896458
vn 0.999998212 -5.50550217e-10 -0.00191531912
vn 0.999998212 -2.0256623e-09 -0.00191531924
vn 0.999998152 -0.000733523979 -0.00176896027
vn 0.999998212 -6.35235892e-11 0.00191618898
vn 0.999998212 -0.000733065361 0.00177155086
vn 0.999998212 -0.000733065186 0.00177155097
vn 0.999998212 -1.15286773e-10 0.00191618875
vn 0.999998212 0.000733066001 0.00177111663
vn 0.999998212 -6.35235892e-11 0.00191618898
vn 0.999998212 -1.15286773e-10 0.00191618875
vn 0.999998212 0.000733063964 0.00177111744
vn 0.999998212 -5.50550217e-10 -0.00191531912
vn 0.999998093 0.000733513793 -0.00176939077
vn 0.999998212 0.000733522 -0.0017693874
vn 0.999998212 -2.0256623e-09 -0.00191531924
vn 0.999998212 -0.000733065361 0.00177155086
vn 0.999998212 -0.00135607563 0.00135497062
vn 0.999998212 -0.00135608052 0.00135496585
vn 0.999998212 -0.000733065186 0.00177155097
vn 0.999998093 0.000733513793 -0.00176939077
vn 0.999998212 0.00135487993 -0.00135324581
vn 0.999998212 0.00135487842 -0.00135324721
vn 0.999998212 0.000733522 -0.0017693874
vn 0.999998212 -0.00135607563 0.00135497062
vn 0.999998093 -0.0017717689 0.00073248212
vn 0.999998212 -0.00177176669 0.000732487941
vn 0.999998212 -0.00135608052 0.00135496585
vn 0.999998212 0.00135487993 -0.00135324581
vn 0.999998212 0.00177004084 -0.000732489105
vn 0.999998212 0.00177004409 -0.000732480607
vn 0.999998212 0.00135487842 -0.00135324721
vn 0.999998093 -0.0017717689 0.00073248212
vn 0.999998212 -0.00191636221 1.0907236e-07
vn 0.999998212 -0.00191636186 1.09916719e-07
vn 0.999998212 -0.00177176669 0.000732487941
vn 0.999998212 0.00177004084 -0.000732489105
vn 0.999998212 0.00191636186 1.09030012e-07
vn 0.999998212 0.00191636162 1.0985061e-07
vn 0.999998212 0.00177004409 -0.000732480607
vn 0.999998212 -0.00191636221 1.0907236e-07
vn 0.999998212 -0.00177004118 -0.000733247085
vn 0.999998212 -0.00177004491 -0.00073323847
vn 0.999998212 -0.00191636186 1.09916719e-07
vn 0.999998212 0.00191636186 1.09030012e-07
vn 0.999998212 0.00177177042 0.000731725479
vn 0.999998212 0.00177176797 0.000731731241
vn 0.999998212 0.00191636162 1.0985061e-07
vn 0.999998212 -0.00177004118 -0.000733247085
vn 0.999998212 -0.00135488017 -0.00135411159
vn 0.999998212 -0.00135487865 -0.0013541131
vn 0.999998212 -0.00177004491 -0.00073323847
vn -0.999998212 0.00177298393 -0.000730750151
vn -0.999998212 0.0013551967 -0.00135367166
vn -0.999998212 0.00135520147 -0.00135366677
vn -0.999998212 0.00177298149 -0.000730756146
vn -0.999998212 -0.00135668542 0.00135714374
vn -0.999998093 -0.000734250469 0.00177285844
vn -0.999998212 -0.000734260248 0.00177285436
vn -0.999998212 -0.0013566839 0.00135714503
vn -0.999998212 0.0013551967 -0.00135367166
vn -0.999998152 0.000732445973 -0.00176895235
vn -0.999998152 0.000732444401 -0.0017689527
vn -0.999998212 0.00135520147 -0.00135366677
vn -0.999998093 -0.000734250469 0.00177285844
vn -0.999998212 -6.14077067e-10 0.0019179089
vn -0.999998212 -2.07506878e-09 0.00191790913
vn -0.999998212 -0.000734260248 0.00177285436
vn -0.999998212 6.14061413e-10 -0.00191489037
vn -0.999998152 -0.000732445507 -0.00176765351
vn -0.999998212 -0.000732445391 -0.00176765386
vn -0.999998212 -4.28208052e-10 -0.00191489048
vn -0.999998152 0.000732445973 -0.00176895235
vn -0.999998212 6.14061413e-10 -0.00191489037
vn -0.999998212 -4.28208052e-10 -0.00191489048
vn -0.999998152 0.000732444401 -0.0017689527
vn -0.999998212 -6.14077067e-10 0.0019179089
vn -0.999998212 0.000734249828 0.0017715533
vn -0.999998212 0.000734259025 0.00177154934
vn -0.999998212 -2.07506878e-09 0.00191790913
vn -0.999998152 -0.000732445507 -0.00176765351
vn -0.999998212 -0.00135519658 -0.00135237246
vn -0.999998212 -0.00135520147 -0.00135236781
vn -0.999998212 -0.000732445391 -0.00176765386
vn -0.999998212 0.000734249828 0.0017715533
vn -0.999998212 0.00135668658 0.00135627901
vn -0.999998212 0.00135668553 0.00135628006
vn -0.999998212 0.000734259025 0.00177154934
vn -0.999998212 -0.00135519658 -0.00135237246
vn -0.999998212 -0.00177298416 -0.000730641768
vn -0.999998212 -0.00177298172 -0.000730647473
vn -0.999998212 -0.00135520147 -0.00135236781
vn -0.999998212 0.00135668658 0.00135627901
vn -0.999998212 0.00177260546 0.000734330562
vn -0.999998212 0.00177260896 0.000734321889
vn -0.999998212 0.00135668553 0.00135628006
vn -0.999998212 -0.00177298416 -0.000730641768
vn -0.999998212 -0.00191921333 2.27266901e-06
vn -0.999998212 -0.00191921298 2.2718375e-06
vn -0.999998212 -0.00177298172 -0.000730647473
vn -0.999998212 0.00177260546 0.000734330562
vn -0.999998212 0.00191921275 2.27275382e-06
vn -0.999998212 0.00191921263 2.27193141e-06
vn -0.999998212 0.00177260896 0.000734321889
vn -0.999998212 -0.00191921333 2.27266901e-06
vn -0.999998212 -0.00177260453 0.000734221365
vn -0.999998212 -0.00177260826 0.00073421275
vn -0.999998212 -0.00191921298 2.2718375e-06
vn -0.999998212 0.00191921275 2.27275382e-06
vn -0.999998212 0.00177298393 -0.000730750151
vn -0.999998212 0.00177298149 -0.000730756146
vn -0.999998212 0.00191921263 2.27193141e-06
vn -0.999998212 -0.00177260453 0.000734221365
vn -0.999998212 -0.00135668542 0.00135714374
vn -0.999998212 -0.0013566839 0.00135714503
vn -0.999998212 -0.00177260826 0.00073421275
vn -0.998009145 0.0630697608 0
vn -0.998009145 0.0630697608 0
vn -0.998009145 0.0630697608 0
vn -0.998009145 0.0630697608 0
vn 1 -4.37697188e-12 1.14125271e-06
vn 1 -4.37697188e-12 1.14125271e-06
vn 1 -4.37697188e-12 1.14125271e-06
vn 1 -4.37697188e-12 1.14125271e-06
vn -0.995996177 -0.0893957391 -2.19575509e-06
vn -0.995996177 -0.0893957391 -2.19575531e-06
vn -0.995996118 -0.0893957391 -2.19575509e-06
vn -0.995996237 -0.0893957466 -2.19575509e-06
vn -1 0 -2.58164914e-06
vn -0.99999994 0 -2.58164891e-06
vn -1 0 -2.58164914e-06
vn -0.99999994 0 -2.58164891e-06
vn -1 0 0
vn -1 0 0
vn -1 0 0
vn -1 0 0
vn -1 1.75078892e-11 -1.72109537e-06
vn -1 1.75078875e-11 -1.72109537e-06
vn -1 1.75078875e-11 -1.72109537e-06
vn -1 1.75078875e-11 -1.72109537e-06
vn -0.995996296 -0.0893933699 -5.36277902e-08
vn -0.995996296 -0.0893933699 -5.36277902e-08
vn -0.995996416 -0.0893933848 -5.36277938e-08
vn -0.995996296 -0.0893933773 -5.36277902e-08
vn -0.995996594 -0.08938995 -7.67719143e-07
vn -0.995996654 -0.0893899575 -7.677192e-07
vn -0.995996654 -0.0893899575 -7.677192e-07
vn -0.995996594 -0.0893899426 -7.67719143e-07
vn 1 1.31309156e-11 -8.66691323e-07
vn 1 1.31309156e-11 -8.66691323e-07
vn 0.99999994 1.31309156e-11 -8.66691323e-07
vn 1 1.31309156e-11 -8.66691323e-07
vn 1 0 5.67560392e-07
vn 1 0 5.67560392e-07
vn 1 0 5.67560392e-07
vn 1 0 5.67560392e-07
vn 0.995875537 -0.0907300413 1.78676942e-07
vn 0.995875478 -0.0907300338 1.78676956e-07
vn 0.995875537 -0.0907300413 1.78676942e-07
vn 0.995875478 -0.0907300338 1.78676956e-07
vn 0.99999994 0 -3.07087653e-08
vn 1 0 -3.07087653e-08
vn 0.99999994 0 -3.07087653e-08
vn 0.99999994 0 -3.07087618e-08
vn -1 3.50158548e-11 -2.58164891e-06
vn -1 3.50158548e-11 -2.58164891e-06
vn -1 3.50158548e-11 -2.58164891e-06
vn -1 3.50158548e-11 -2.58164891e-06
vn 0.995875478 -0.0907298252 0
vn 0.995875537 -0.0907298401 0
vn 0.995875478 -0.0907298252 0
vn 0.995875537 -0.0907298326 0
vn 1 -9.46416719e-07 -7.82439599e-07
vn 0.99999994 -9.46416719e-07 -7.82439599e-07
vn 1 -9.46416833e-07 -7.82439599e-07
vn 1 -9.46416719e-07 -7.82439599e-07
vn -0.99999994 2.62618295e-11 -2.581643e-06
vn -1 2.62618313e-11 -2.58164323e-06
vn -1 2.62618313e-11 -2.581643e-06
vn -0.99999994 2.62618295e-11 -2.581643e-06
vn -0.99999994 0 -1.7211031e-06
vn -1 0 -1.72110322e-06
vn -1 0 -1.72110322e-06
vn -1 0 -1.72110344e-06
vn 0.995875835 -0.0907261521 1.78673631e-07
vn 0.995875955 -0.0907261595 1.78673631e-07
vn 0.995875835 -0.0907261521 1.78673631e-07
vn 0.995875955 -0.0907261595 1.78673631e-07
vn -0.995996594 -0.0893918052 -1.53543465e-06
vn -0.995996475 -0.0893917978 -1.53543465e-06
vn -0.995996594 -0.0893918052 -1.53543465e-06
vn -0.995996475 -0.0893917978 -1.53543465e-06
vn 0.99999994 3.28272869e-12 -6.04407376e-07
vn 0.99999994 3.28272891e-12 -6.04407376e-07
vn 1 3.28272891e-12 -6.04407376e-07
vn 0.99999994 3.28272869e-12 -6.04407262e-07
vn 0.99999994 0 -3.07087653e-08
vn 1 0 -3.07087653e-08
vn 1 0 -3.07087653e-08
vn 0.99999994 0 -3.07087618e-08
vn -6.26724406e-09 0.0489215627 0.998802662
vn 0.000134455375 0.115579672 0.993298113
vn 2.26360831e-14 0.115254812 0.993335903
vn 9.04992447e-15 0.0489217751 0.998802662
vn 0.447224438 0.157154486 0.880507052
vn 0.382814139 0.275816917 0.881690681
vn 0.0881493092 0.230149776 0.969154596
vn 0.0847647339 0.128649607 0.988060772
vn 0.506958663 0.0215074532 0.861702025
vn 0.482839257 0.0676382408 0.873092771
vn 0.0830239728 0.0530371144 0.995135307
vn 0.084043555 0.0134787234 0.996370912
vn 0 0 1
vn 0 0.0115673412 0.999932945
vn 0 0.0115674119 0.999932945
vn 0 0 1
vn 0.0979890451 0.984042466 0.148521081
vn 0.045570299 0.98500216 0.166414723
vn 0.0443762802 0.961582124 0.270907193
vn 0.106505923 0.953586042 0.281656384
vn 1 0 7.85174237e-08
vn 0.99958384 0.0288451668 -1.19333663e-06
vn 0.981128037 0.0282064844 0.19129023
vn 0.981334805 -3.2614309e-05 0.19230713
vn 0.0829931423 -2.00224076e-06 0.996550143
vn 0.084043555 0.0134787234 0.996370912
vn 0 0.0115675051 0.999932945
vn 0 0 1
vn 0 0 1
vn 0 0.0115675051 0.999932945
vn 0 0.0115673412 0.999932945
vn 0 0 1
vn 0.993384242 -0.101973698 0.0528085828
vn 0.994556487 -0.103234701 0.0141456472
vn 0.972306907 -0.140143156 0.18702732
vn 0.976517856 -0.137296781 0.166019067
vn 0.969076276 0.246746644 -0.00273139938
vn 0.865365267 0.499873996 0.0356193446
vn 0.810234487 0.519785106 0.270820349
vn 0.920945346 0.271645993 0.279406637
vn 0.045570299 0.98500216 0.166414723
vn 0.00736855064 0.983614743 0.180132046
vn 0.00718685659 0.96001792 0.279846519
vn 0.0443762802 0.961582124 0.270907193
vn 0.382814139 0.275816917 0.881690681
vn 0.314731985 0.517717063 0.795558274
vn 0.105780125 0.461453736 0.880835474
vn 0.0881493092 0.230149776 0.969154596
vn 0.0881493092 0.230149776 0.969154596
vn 0.105780125 0.461453736 0.880835474
vn 0.0221800879 0.42998302 0.902564466
vn 0.0069520846 0.199244544 0.979925096
vn 0.0069520846 0.199244544 0.979925096
vn 0.0221800879 0.42998302 0.902564466
vn 0.0027771052 0.415228099 0.90971297
vn 0.000683173595 0.188180178 0.982134163
vn 0.99800235 0.0631771088 0
vn 0.990943015 0.134282872 0
vn 0.954025388 0.148562551 0.26031664
vn 0.974891841 0.0663596913 0.212560892
vn 0.0830239728 0.0530371144 0.995135307
vn 0.0847647339 0.128649607 0.988060772
vn 0.00102188438 0.118328765 0.992973864
vn -2.91652533e-08 0.0489214994 0.998802483
vn -2.91652533e-08 0.0489214994 0.998802483
vn 0.00102188438 0.118328765 0.992973864
vn 0.000134455375 0.115579672 0.993298113
vn -6.26724406e-09 0.0489215627 0.998802662
vn -2.8264983e-06 0.0862460881 0.996273935
vn 2.896636e-08 0.161425114 0.986885011
vn -2.8360634e-07 0.161424085 0.98688519
vn -1.12397709e-06 0.0862371773 0.99627471
vn 0.0943132713 0.0699158236 0.99308455
vn 0.0890147611 0.152446136 0.984294832
vn 2.896636e-08 0.161425114 0.986885011
vn -2.8264983e-06 0.0862460881 0.996273935
vn 0.548196971 0.0956201702 0.830865026
vn 0.507233202 -5.9956732e-05 0.861808896
vn 0.0829931423 -2.00224076e-06 0.996550143
vn 0.0890147611 0.152446136 0.984294832
vn -1.12397709e-06 0.0862371773 0.99627471
vn -2.8360634e-07 0.161424085 0.98688519
vn 4.0335381e-13 0.161421627 0.986885607
vn 7.07494718e-13 0.0862356126 0.99627471
vn 0.994556487 -0.103234701 0.0141456472
vn 0.999038637 -0.0435858741 -0.00470072869
vn 0.984644115 -0.0327098668 0.171482131
vn 0.984628141 -0.0965424553 0.145557687
vn 0 0.0115675051 0.999932945
vn -2.91652533e-08 0.0489214994 0.998802483
vn -6.26724406e-09 0.0489215627 0.998802662
vn 0 0.0115673412 0.999932945
vn 0.084043555 0.0134787234 0.996370912
vn 0.0830239728 0.0530371144 0.995135307
vn -2.91652533e-08 0.0489214994 0.998802483
vn 0 0.0115675051 0.999932945
vn 0.99958384 0.0288451668 -1.19333663e-06
vn 0.99800235 0.0631771088 0
vn 0.974891841 0.0663596913 0.212560892
vn 0.981128037 0.0282064844 0.19129023
vn 0.507233202 -5.9956732e-05 0.861808896
vn 0.506958663 0.0215074532 0.861702025
vn 0.084043555 0.0134787234 0.996370912
vn 0.0829931423 -2.00224076e-06 0.996550143
vn 0 0.0115673412 0.999932945
vn -6.26724406e-09 0.0489215627 0.998802662
vn 9.04992447e-15 0.0489217751 0.998802662
vn 0 0.0115674119 0.999932945
vn 2.896636e-08 0.161425114 0.986885011
vn 0 0 1
vn 0 0 1
vn -2.8360634e-07 0.161424085 0.98688519
vn 0.0890147611 0.152446136 0.984294832
vn 0.0829931423 -2.00224076e-06 0.996550143
vn 0 0 1
vn 2.896636e-08 0.161425114 0.986885011
vn 0.999038637 -0.0435858741 -0.00470072869
vn 1 0 7.85174237e-08
vn 0.981334805 -3.2614309e-05 0.19230713
vn 0.984644115 -0.0327098668 0.171482131
vn -2.8360634e-07 0.161424085 0.98688519
vn 0 0 1
vn 0 0 1
vn 4.0335381e-13 0.161421627 0.986885607
vn 0.548611879 0.00492340559 0.83606261
vn 0.548196971 0.0956201702 0.830865026
vn 0.0890147611 0.152446136 0.984294832
vn 0.0943132713 0.0699158236 0.99308455
vn 0.984628141 -0.0965424553 0.145557687
vn 0.972306907 -0.140143156 0.18702732
vn 0.994556487 -0.103234701 0.0141456472
vn 0.548611879 0.00492340559 0.83606261
vn 0.0943132713 0.0699158236 0.99308455
vn 0.0949737653 -0.378213137 0.920833707
vn 0.495670944 -0.356368363 0.792030275
vn -2.8264983e-06 0.0862460881 0.996273935
vn -1.12397709e-06 0.0862371773 0.99627471
vn 7.33523702e-05 -0.372338802 0.928096831
vn 0.000538917491 -0.376203895 0.926536858
vn 0.0943132713 0.0699158236 0.99308455
vn -2.8264983e-06 0.0862460881 0.996273935
vn 0.000538917491 -0.376203895 0.926536858
vn 0.0949737653 -0.378213137 0.920833707
vn -1.12397709e-06 0.0862371773 0.99627471
vn 7.07494718e-13 0.0862356126 0.99627471
vn -1.48648089e-13 -0.371919453 0.928265035
vn 7.33523702e-05 -0.372338802 0.928096831
vn 0.229235247 0.958790243 0.167846903
vn 0.0979890451 0.984042466 0.148521081
vn 0.106505923 0.953586042 0.281656384
vn 0.246606052 0.910932302 0.330738276
vn 0.00102188438 0.118328765 0.992973864
vn 0.0069520846 0.199244544 0.979925096
vn 0.000683173595 0.188180178 0.982134163
vn 0.000134455375 0.115579672 0.993298113
vn 0.0847647339 0.128649607 0.988060772
vn 0.0881493092 0.230149776 0.969154596
vn 0.0069520846 0.199244544 0.979925096
vn 0.00102188438 0.118328765 0.992973864
vn 0.990943015 0.134282872 0
vn 0.969076276 0.246746644 -0.00273139938
vn 0.920945346 0.271645993 0.279406637
vn 0.954025388 0.148562551 0.26031664
vn 0.000134455375 0.115579672 0.993298113
vn 0.000683173595 0.188180178 0.982134163
vn 9.38596401e-09 0.187378749 0.982287645
vn 2.26360831e-14 0.115254812 0.993335903
vn 0.482839257 0.0676382408 0.873092771
vn 0.447224438 0.157154486 0.880507052
vn 0.0847647339 0.128649607 0.988060772
vn 0.0830239728 0.0530371144 0.995135307
vn 0.00736855064 0.983614743 0.180132046
vn 9.26990751e-08 0.983632505 0.180185929
vn 4.65948879e-08 0.959983766 0.280055314
vn 0.00718685659 0.96001792 0.279846519
vn 0.000683173595 0.188180178 0.982134163
vn 0.0027771052 0.415228099 0.90971297
vn 4.07667606e-08 0.413798422 0.910368562
vn 9.38596401e-09 0.187378749 0.982287645
vn 0.810234487 0.519785106 0.270820349
vn 0.519251287 0.800853133 0.29834938
vn 0.410699666 0.747201741 0.52250874
vn 0.578902304 0.538180232 0.612563372
vn 0.246606052 0.910932302 0.330738276
vn 0.273882627 0.758492947 0.591334641
vn 0.410699666 0.747201741 0.52250874
vn 0.519251287 0.800853133 0.29834938
vn 0.314731985 0.517717063 0.795558274
vn 0.578902304 0.538180232 0.612563372
vn 0.410699666 0.747201741 0.52250874
vn 0.273882627 0.758492947 0.591334641
vn 0.229235247 0.958790243 0.167846903
vn 0.246606052 0.910932302 0.330738276
vn 0.519251287 0.800853133 0.29834938
vn 0.53961575 0.830247402 0.139657125
vn 0.53961575 0.830247402 0.139657125
vn 0.519251287 0.800853133 0.29834938
vn 0.810234487 0.519785106 0.270820349
vn 0.865365267 0.499873996 0.0356193446
vn 0.00718685659 0.96001792 0.279846519
vn 4.65948879e-08 0.959983766 0.280055314
vn 3.17241309e-08 0.788520515 0.615008354
vn 0.00584574323 0.789190412 0.614120722
vn 0.00584574323 0.789190412 0.614120722
vn 3.17241309e-08 0.788520515 0.615008354
vn 4.07667606e-08 0.413798422 0.910368562
vn 0.0027771052 0.415228099 0.90971297
vn 0.382814139 0.275816917 0.881690681
vn 0.447224438 0.157154486 0.880507052
vn 0.774452865 0.161916122 0.611560225
vn 0.700735629 0.288200498 0.652617872
vn 0.700735629 0.288200498 0.652617872
vn 0.774452865 0.161916122 0.611560225
vn 0.954025388 0.148562551 0.26031664
vn 0.920945346 0.271645993 0.279406637
vn 0.507233202 -5.9956732e-05 0.861808896
vn 0.548196971 0.0956201702 0.830865026
vn 0.886250138 0.00698313816 0.463153988
vn 0.862790048 -8.68882125e-05 0.505562484
vn 0.862790048 -8.68882125e-05 0.505562484
vn 0.886250138 0.00698313816 0.463153988
vn 0.984644115 -0.0327098668 0.171482131
vn 0.981334805 -3.2614309e-05 0.19230713
vn 0.482839257 0.0676382408 0.873092771
vn 0.506958663 0.0215074532 0.861702025
vn 0.861306131 0.0260914937 0.507415712
vn 0.836493134 0.0697433129 0.543520927
vn 0.836493134 0.0697433129 0.543520927
vn 0.861306131 0.0260914937 0.507415712
vn 0.981128037 0.0282064844 0.19129023
vn 0.974891841 0.0663596913 0.212560892
vn 0.246606052 0.910932302 0.330738276
vn 0.106505923 0.953586042 0.281656384
vn 0.11550311 0.785321057 0.60821861
vn 0.273882627 0.758492947 0.591334641
vn 0.273882627 0.758492947 0.591334641
vn 0.11550311 0.785321057 0.60821861
vn 0.105780125 0.461453736 0.880835474
vn 0.314731985 0.517717063 0.795558274
vn 0.106505923 0.953586042 0.281656384
vn 0.0443762802 0.961582124 0.270907193
vn 0.0379609093 0.794482589 0.606099308
vn 0.11550311 0.785321057 0.60821861
vn 0.11550311 0.785321057 0.60821861
vn 0.0379609093 0.794482589 0.606099308
vn 0.0221800879 0.42998302 0.902564466
vn 0.105780125 0.461453736 0.880835474
vn 0.0443762802 0.961582124 0.270907193
vn 0.00718685659 0.96001792 0.279846519
vn 0.00584574323 0.789190412 0.614120722
vn 0.0379609093 0.794482589 0.606099308
vn 0.0379609093 0.794482589 0.606099308
vn 0.00584574323 0.789190412 0.614120722
vn 0.0027771052 0.415228099 0.90971297
vn 0.0221800879 0.42998302 0.902564466
vn 0.447224438 0.157154486 0.880507052
vn 0.482839257 0.0676382408 0.873092771
vn 0.836493134 0.0697433129 0.543520927
vn 0.774452865 0.161916122 0.611560225
vn 0.774452865 0.161916122 0.611560225
vn 0.836493134 0.0697433129 0.543520927
vn 0.974891841 0.0663596913 0.212560892
vn 0.954025388 0.148562551 0.26031664
vn 0.506958663 0.0215074532 0.861702025
vn 0.507233202 -5.9956732e-05 0.861808896
vn 0.862790048 -8.68882125e-05 0.505562484
vn 0.861306131 0.0260914937 0.507415712
vn 0.861306131 0.0260914937 0.507415712
vn 0.862790048 -8.68882125e-05 0.505562484
vn 0.981334805 -3.2614309e-05 0.19230713
vn 0.981128037 0.0282064844 0.19129023
vn 0.548611879 0.00492340559 0.83606261
vn 0.495670944 -0.356368363 0.792030275
vn 0.857099771 -0.243789732 0.453813344
vn 0.901951969 -0.0722802803 0.425744116
vn 0.901951969 -0.0722802803 0.425744116
vn 0.857099771 -0.243789732 0.453813344
vn 0.972306907 -0.140143156 0.18702732
vn 0.984628141 -0.0965424553 0.145557687
vn 0.495670944 -0.356368363 0.792030275
vn 0.52898562 -0.47417894 0.70379585
vn 0.850206196 -0.267916411 0.45317778
vn 0.857099771 -0.243789732 0.453813344
vn 0.857099771 -0.243789732 0.453813344
vn 0.850206196 -0.267916411 0.45317778
vn 0.976517856 -0.137296781 0.166019067
vn 0.972306907 -0.140143156 0.18702732
vn 0.984628141 -0.0965424553 0.145557687
vn 0.984644115 -0.0327098668 0.171482131
vn 0.886250138 0.00698313816 0.463153988
vn 0.901951969 -0.0722802803 0.425744116
vn 0.901951969 -0.0722802803 0.425744116
vn 0.886250138 0.00698313816 0.463153988
vn 0.548196971 0.0956201702 0.830865026
vn 0.548611879 0.00492340559 0.83606261
vn 0.314731985 0.517717063 0.795558274
vn 0.382814139 0.275816917 0.881690681
vn 0.700735629 0.288200498 0.652617872
vn 0.578902304 0.538180232 0.612563372
vn 0.578902304 0.538180232 0.612563372
vn 0.700735629 0.288200498 0.652617872
vn 0.920945346 0.271645993 0.279406637
vn 0.810234487 0.519785106 0.270820349
vn 0.52898562 -0.47417894 0.70379585
vn 0.495670944 -0.356368363 0.792030275
vn 0.0949737653 -0.378213137 0.920833707
vn 0.105201498 -0.577509046 0.809577584
vn 0.186799631 -0.565784693 0.803114951
vn 0.0010253092 -0.580670536 0.814137876
vn 0.00177758711 -0.58663249 0.809851289
vn 0.105201498 -0.577509046 0.809577584
vn 0.0949737653 -0.378213137 0.920833707
vn 0.000538917491 -0.376203895 0.926536858
vn -8.67176936e-13 -0.573339283 0.819317997
vn 0.000144586666 -0.574076891 0.818801403
vn 7.33523702e-05 -0.372338802 0.928096831
vn -1.48648089e-13 -0.371919453 0.928265035
vn 0.000144586666 -0.574076891 0.818801403
vn 0.0010253092 -0.580670536 0.814137876
vn 0.000538917491 -0.376203895 0.926536858
vn 7.33523702e-05 -0.372338802 0.928096831
vn 6.26724939e-09 0.0489219986 0.998802662
vn 9.04992447e-15 0.0489217751 0.998802662
vn 2.26360831e-14 0.115254812 0.993335903
vn -0.000134455448 0.115579858 0.993298173
vn -0.4472242 0.157156259 0.880506933
vn -0.0847648531 0.128647655 0.988060892
vn -0.0881492943 0.230146661 0.969155371
vn -0.382814616 0.275816411 0.881690621
vn -0.506959021 0.0215073638 0.861701846
vn -0.0840435028 0.0134790335 0.996370912
vn -0.0830239877 0.0530373231 0.995135307
vn -0.482839376 0.0676383302 0.873092771
vn 0 0 1
vn 0 0 1
vn 0 0.0115674119 0.999932945
vn 0 0.0115676224 0.999932945
vn -0.0979889855 0.984042466 0.14852111
vn -0.106506124 0.953585744 0.281656951
vn -0.0443766676 0.961581826 0.270907938
vn -0.0455704778 0.98500222 0.166414917
vn -1 0 -6.35671256e-07
vn -0.981335104 -3.26143381e-05 0.192305505
vn -0.981128335 0.0282062497 0.191289261
vn -0.99958396 0.0288446862 3.41416348e-12
vn -0.0829931125 -2.00223963e-06 0.996550143
vn 0 0 1
vn 0 0.0115676206 0.999932945
vn -0.0840435028 0.0134790335 0.996370912
vn 0 0 1
vn 0 0 1
vn 0 0.0115676224 0.999932945
vn 0 0.0115676206 0.999932945
vn -0.993384302 -0.101975299 0.0528081432
vn -0.976517856 -0.13729775 0.16601868
vn -0.972306788 -0.140143618 0.187027544
vn -0.994556427 -0.103234068 0.0141466921
vn -0.969075859 0.246747956 -0.00272986549
vn -0.920944512 0.271647543 0.279407948
vn -0.810234308 0.519753516 0.270881265
vn -0.865386605 0.499828398 0.0357432514
vn -0.0455704778 0.98500222 0.166414917
vn -0.0443766676 0.961581826 0.270907938
vn -0.0071868347 0.96001786 0.279846549
vn -0.00736839417 0.983614743 0.180132121
vn -0.382814616 0.275816411 0.881690621
vn -0.0881492943 0.230146661 0.969155371
vn -0.105780028 0.461455554 0.880834579
vn -0.314731568 0.517719924 0.795556426
vn -0.0881492943 0.230146661 0.969155371
vn -0.00695207296 0.19924365 0.979925334
vn -0.0221799221 0.429985613 0.902563274
vn -0.105780028 0.461455554 0.880834579
vn -0.00695207296 0.19924365 0.979925334
vn -0.000683181628 0.188178822 0.982134402
vn -0.00277703442 0.415230274 0.909712017
vn -0.0221799221 0.429985613 0.902563274
vn -0.998002231 0.0631766245 0
vn -0.974892378 0.0663592219 0.212559193
vn -0.954025447 0.1485641 0.260315627
vn -0.990942776 0.134284735 0
vn -0.0830239877 0.0530373231 0.995135307
vn 2.9165248e-08 0.0489218011 0.998802662
vn -0.0010218852 0.118327804 0.992974043
vn -0.0847648531 0.128647655 0.988060892
vn 2.9165248e-08 0.0489218011 0.998802662
vn 6.26724939e-09 0.0489219986 0.998802662
vn -0.000134455448 0.115579858 0.993298173
vn -0.0010218852 0.118327804 0.992974043
vn 2.82596352e-06 0.0862449408 0.996273935
vn 1.12379303e-06 0.0862363502 0.99627465
vn 2.83606653e-07 0.161422893 0.98688525
vn -2.8966344e-08 0.161425456 0.986884892
vn -0.0943133906 0.0699155405 0.99308455
vn 2.82596352e-06 0.0862449408 0.996273935
vn -2.8966344e-08 0.161425456 0.986884892
vn -0.0890146419 0.152446553 0.984294832
vn -0.54819721 0.09562096 0.830865026
vn -0.0890146419 0.152446553 0.984294832
vn -0.0829931125 -2.00223963e-06 0.996550143
vn -0.507233202 -5.99567247e-05 0.861808896
vn 1.12379303e-06 0.0862363502 0.99627465
vn 7.07494718e-13 0.0862356126 0.99627471
vn 4.0335381e-13 0.161421627 0.986885607
vn 2.83606653e-07 0.161422893 0.98688525
vn -0.994556427 -0.103234068 0.0141466921
vn -0.984628141 -0.0965413004 0.145558313
vn -0.984644353 -0.0327089913 0.17148079
vn -0.999038815 -0.0435841568 -0.00470177224
vn 0 0.0115676206 0.999932945
vn 0 0.0115676224 0.999932945
vn 6.26724939e-09 0.0489219986 0.998802662
vn 2.9165248e-08 0.0489218011 0.998802662
vn -0.0840435028 0.0134790335 0.996370912
vn 0 0.0115676206 0.999932945
vn 2.9165248e-08 0.0489218011 0.998802662
vn -0.0830239877 0.0530373231 0.995135307
vn -0.99958396 0.0288446862 3.41416348e-12
vn -0.981128335 0.0282062497 0.191289261
vn -0.974892378 0.0663592219 0.212559193
vn -0.998002231 0.0631766245 0
vn -0.507233202 -5.99567247e-05 0.861808896
vn -0.0829931125 -2.00223963e-06 0.996550143
vn -0.0840435028 0.0134790335 0.996370912
vn -0.506959021 0.0215073638 0.861701846
vn 0 0.0115676224 0.999932945
vn 0 0.0115674119 0.999932945
vn 9.04992447e-15 0.0489217751 0.998802662
vn 6.26724939e-09 0.0489219986 0.998802662
vn -2.8966344e-08 0.161425456 0.986884892
vn 2.83606653e-07 0.161422893 0.98688525
vn 0 0 1
vn 0 0 1
vn -0.0890146419 0.152446553 0.984294832
vn -2.8966344e-08 0.161425456 0.986884892
vn 0 0 1
vn -0.0829931125 -2.00223963e-06 0.996550143
vn -0.999038815 -0.0435841568 -0.00470177224
vn -0.984644353 -0.0327089913 0.17148079
vn -0.981335104 -3.26143381e-05 0.192305505
vn -1 0 -6.35671256e-07
vn 2.83606653e-07 0.161422893 0.98688525
vn 4.0335381e-13 0.161421627 0.986885607
vn 0 0 1
vn 0 0 1
vn -0.548612773 0.00492354576 0.836062074
vn -0.0943133906 0.0699155405 0.99308455
vn -0.0890146419 0.152446553 0.984294832
vn -0.54819721 0.09562096 0.830865026
vn -0.984628141 -0.0965413004 0.145558313
vn -0.994556427 -0.103234068 0.0141466921
vn -0.972306788 -0.140143618 0.187027544
vn -0.548612773 0.00492354576 0.836062074
vn -0.495669812 -0.356367558 0.792031348
vn -0.0949740484 -0.378213316 0.920833707
vn -0.0943133906 0.0699155405 0.99308455
vn 2.82596352e-06 0.0862449408 0.996273935
vn -0.000538944267 -0.376204401 0.92653656
vn -7.33524721e-05 -0.37233749 0.928097248
vn 1.12379303e-06 0.0862363502 0.99627465
vn -0.0943133906 0.0699155405 0.99308455
vn -0.0949740484 -0.378213316 0.920833707
vn -0.000538944267 -0.376204401 0.92653656
vn 2.82596352e-06 0.0862449408 0.996273935
vn 1.12379303e-06 0.0862363502 0.99627465
vn -7.33524721e-05 -0.37233749 0.928097248
vn -1.48648089e-13 -0.371919453 0.928265035
vn 7.07494718e-13 0.0862356126 0.99627471
vn -0.229219422 0.958784699 0.167900041
vn -0.246595547 0.910926342 0.330762953
vn -0.106506124 0.953585744 0.281656951
vn -0.0979889855 0.984042466 0.14852111
vn -0.0010218852 0.118327804 0.992974043
vn -0.000134455448 0.115579858 0.993298173
vn -0.000683181628 0.188178822 0.982134402
vn -0.00695207296 0.19924365 0.979925334
vn -0.0847648531 0.128647655 0.988060892
vn -0.0010218852 0.118327804 0.992974043
vn -0.00695207296 0.19924365 0.979925334
vn -0.0881492943 0.230146661 0.969155371
vn -0.990942776 0.134284735 0
vn -0.954025447 0.1485641 0.260315627
vn -0.920944512 0.271647543 0.279407948
vn -0.969075859 0.246747956 -0.00272986549
vn -0.000134455448 0.115579858 0.993298173
vn 2.26360831e-14 0.115254812 0.993335903
vn 9.38596401e-09 0.187378749 0.982287645
vn -0.000683181628 0.188178822 0.982134402
vn -0.482839376 0.0676383302 0.873092771
vn -0.0830239877 0.0530373231 0.995135307
vn -0.0847648531 0.128647655 0.988060892
vn -0.4472242 0.157156259 0.880506933
vn -0.00736839417 0.983614743 0.180132121
vn -0.0071868347 0.96001786 0.279846549
vn 4.65948879e-08 0.959983766 0.280055314
vn 9.26990751e-08 0.983632505 0.180185929
vn -0.000683181628 0.188178822 0.982134402
vn 9.38596401e-09 0.187378749 0.982287645
vn 4.07667606e-08 0.413798422 0.910368562
vn -0.00277703442 0.415230274 0.909712017
vn -0.810234308 0.519753516 0.270881265
vn -0.578902662 0.538178265 0.6125651
vn -0.410697579 0.747203588 0.522507548
vn -0.519212008 0.800837934 0.298458457
vn -0.246595547 0.910926342 0.330762953
vn -0.519212008 0.800837934 0.298458457
vn -0.410697579 0.747203588 0.522507548
vn -0.273879737 0.758496463 0.591331422
vn -0.314731568 0.517719924 0.795556426
vn -0.273879737 0.758496463 0.591331422
vn -0.410697579 0.747203588 0.522507548
vn -0.578902662 0.538178265 0.6125651
vn -0.229219422 0.958784699 0.167900041
vn -0.539701223 0.830165923 0.139810607
vn -0.519212008 0.800837934 0.298458457
vn -0.246595547 0.910926342 0.330762953
vn -0.539701223 0.830165923 0.139810607
vn -0.865386605 0.499828398 0.0357432514
vn -0.810234308 0.519753516 0.270881265
vn -0.519212008 0.800837934 0.298458457
vn -0.0071868347 0.96001786 0.279846549
vn -0.00584571483 0.789192736 0.614117861
vn 3.17241309e-08 0.788520515 0.615008354
vn 4.65948879e-08 0.959983766 0.280055314
vn -0.00584571483 0.789192736 0.614117861
vn -0.00277703442 0.415230274 0.909712017
vn 4.07667606e-08 0.413798422 0.910368562
vn 3.17241309e-08 0.788520515 0.615008354
vn -0.382814616 0.275816411 0.881690621
vn -0.700735092 0.288202852 0.652617395
vn -0.774453104 0.161919251 0.611559212
vn -0.4472242 0.157156259 0.880506933
vn -0.700735092 0.288202852 0.652617395
vn -0.920944512 0.271647543 0.279407948
vn -0.954025447 0.1485641 0.260315627
vn -0.774453104 0.161919251 0.611559212
vn -0.507233202 -5.99567247e-05 0.861808896
vn -0.862790585 -8.68882562e-05 0.505561352
vn -0.886250913 0.00698353676 0.463152885
vn -0.54819721 0.09562096 0.830865026
vn -0.862790585 -8.68882562e-05 0.505561352
vn -0.981335104 -3.26143381e-05 0.192305505
vn -0.984644353 -0.0327089913 0.17148079
vn -0.886250913 0.00698353676 0.463152885
vn -0.482839376 0.0676383302 0.873092771
vn -0.836494148 0.069743149 0.543519557
vn -0.861307323 0.0260912459 0.507413983
vn -0.506959021 0.0215073638 0.861701846
vn -0.836494148 0.069743149 0.543519557
vn -0.974892378 0.0663592219 0.212559193
vn -0.981128335 0.0282062497 0.191289261
vn -0.861307323 0.0260912459 0.507413983
vn -0.246595547 0.910926342 0.330762953
vn -0.273879737 0.758496463 0.591331422
vn -0.115502693 0.785323083 0.608216047
vn -0.106506124 0.953585744 0.281656951
vn -0.273879737 0.758496463 0.591331422
vn -0.314731568 0.517719924 0.795556426
vn -0.105780028 0.461455554 0.880834579
vn -0.115502693 0.785323083 0.608216047
vn -0.106506124 0.953585744 0.281656951
vn -0.115502693 0.785323083 0.608216047
vn -0.0379611216 0.794483602 0.606097937
vn -0.0443766676 0.961581826 0.270907938
vn -0.115502693 0.785323083 0.608216047
vn -0.105780028 0.461455554 0.880834579
vn -0.0221799221 0.429985613 0.902563274
vn -0.0379611216 0.794483602 0.606097937
vn -0.0443766676 0.961581826 0.270907938
vn -0.0379611216 0.794483602 0.606097937
vn -0.00584571483 0.789192736 0.614117861
vn -0.0071868347 0.96001786 0.279846549
vn -0.0379611216 0.794483602 0.606097937
vn -0.0221799221 0.429985613 0.902563274
vn -0.00277703442 0.415230274 0.909712017
vn -0.00584571483 0.789192736 0.614117861
vn -0.4472242 0.157156259 0.880506933
vn -0.774453104 0.161919251 0.611559212
vn -0.836494148 0.069743149 0.543519557
vn -0.482839376 0.0676383302 0.873092771
vn -0.774453104 0.161919251 0.611559212
vn -0.954025447 0.1485641 0.260315627
vn -0.974892378 0.0663592219 0.212559193
vn -0.836494148 0.069743149 0.543519557
vn -0.506959021 0.0215073638 0.861701846
vn -0.861307323 0.0260912459 0.507413983
vn -0.862790585 -8.68882562e-05 0.505561352
vn -0.507233202 -5.99567247e-05 0.861808896
vn -0.861307323 0.0260912459 0.507413983
vn -0.981128335 0.0282062497 0.191289261
vn -0.981335104 -3.26143381e-05 0.192305505
vn -0.862790585 -8.68882562e-05 0.505561352
vn -0.548612773 0.00492354576 0.836062074
vn -0.901952386 -0.0722800642 0.42574355
vn -0.857099175 -0.243789956 0.453814328
vn -0.495669812 -0.356367558 0.792031348
vn -0.901952386 -0.0722800642 0.42574355
vn -0.984628141 -0.0965413004 0.145558313
vn -0.972306788 -0.140143618 0.187027544
vn -0.857099175 -0.243789956 0.453814328
vn -0.495669812 -0.356367558 0.792031348
vn -0.857099175 -0.243789956 0.453814328
vn -0.8502056 -0.267916411 0.453178853
vn -0.528984249 -0.474177241 0.703797936
vn -0.857099175 -0.243789956 0.453814328
vn -0.972306788 -0.140143618 0.187027544
vn -0.976517856 -0.13729775 0.16601868
vn -0.8502056 -0.267916411 0.453178853
vn -0.984628141 -0.0965413004 0.145558313
vn -0.901952386 -0.0722800642 0.42574355
vn -0.886250913 0.00698353676 0.463152885
vn -0.984644353 -0.0327089913 0.17148079
vn -0.901952386 -0.0722800642 0.42574355
vn -0.548612773 0.00492354576 0.836062074
vn -0.54819721 0.09562096 0.830865026
vn -0.886250913 0.00698353676 0.463152885
vn -0.314731568 0.517719924 0.795556426
vn -0.578902662 0.538178265 0.6125651
vn -0.700735092 0.288202852 0.652617395
vn -0.382814616 0.275816411 0.881690621
vn -0.578902662 0.538178265 0.6125651
vn -0.810234308 0.519753516 0.270881265
vn -0.920944512 0.271647543 0.279407948
vn -0.700735092 0.288202852 0.652617395
vn -0.528984249 -0.474177241 0.703797936
vn -0.186800361 -0.565781057 0.803117394
vn -0.105201736 -0.577507913 0.809578419
vn -0.0949740484 -0.378213316 0.920833707
vn -0.495669812 -0.356367558 0.792031348
vn -0.0010253553 -0.580668867 0.814139247
vn -0.000538944267 -0.376204401 0.92653656
vn -0.0949740484 -0.378213316 0.920833707
vn -0.105201736 -0.577507913 0.809578419
vn -0.00177768455 -0.586634576 0.809849858
vn -8.67176936e-13 -0.573339283 0.819317997
vn -1.48648089e-13 -0.371919453 0.928265035
vn -7.33524721e-05 -0.37233749 0.928097248
vn -0.000144586535 -0.574075162 0.818802655
vn -0.000144586535 -0.574075162 0.818802655
vn -7.33524721e-05 -0.37233749 0.928097248
vn -0.000538944267 -0.376204401 0.92653656
vn -0.0010253553 -0.580668867 0.814139247
vn -0.801737726 -0.594800949 0.0585540719
vn -0.55050534 0.830923378 -0.080684118
vn -0.718160033 0.695062995 -0.0336667709
vn -0.696232796 -0.716952026 0.0352044441
vn 0.696232915 -0.716952085 0.0352044515
vn -0.696232915 -0.716952085 0.0352044404
vn -0.707106709 -0.707106769 4.19133777e-08
vn 0.707106709 -0.707106769 4.19133777e-08
vn 0.696232975 -0.716952026 0.0352044739
vn 0.718160033 0.695062995 -0.0336667411
vn 0.5505054 0.830923557 -0.0806840956
vn 0.801737726 -0.594800949 0.0585541427
vn -0.696232796 -0.716952026 0.0352044441
vn 0.696232975 -0.716952026 0.0352044739
vn 0.801737726 -0.594800949 0.0585541427
vn -0.801737726 -0.594800949 0.0585540719
vn 0.718160033 0.695062995 -0.0336667411
vn -0.718160033 0.695062995 -0.0336667709
vn -0.55050534 0.830923378 -0.080684118
vn 0.5505054 0.830923557 -0.0806840956
vn -0.801735699 -0.594803751 0.0585543029
vn -0.55050844 0.83092159 -0.0806839615
vn -0.718160093 0.695063174 -0.033666797
vn -0.696232915 -0.716952085 0.0352044404
vn 0.718160152 0.695062935 -0.0336667672
vn 0.696232915 -0.716952085 0.0352044515
vn 0.707106709 -0.707106769 4.19133777e-08
vn 0.707106709 0.707106709 -4.19133741e-08
vn 0.696232915 -0.716952085 0.0352044515
vn 0.718160152 0.695062935 -0.0336667672
vn 0.550508022 0.830921769 -0.0806839466
vn 0.801737726 -0.594800949 0.0585540645
vn -0.696232915 -0.716952085 0.0352044404
vn 0.696232915 -0.716952085 0.0352044515
vn 0.801737726 -0.594800949 0.0585540645
vn -0.801735699 -0.594803751 0.0585543029
vn 0.718160152 0.695062935 -0.0336667672
vn -0.718160093 0.695063174 -0.033666797
vn -0.55050844 0.83092159 -0.0806839615
vn 0.550508022 0.830921769 -0.0806839466
vn -0.718160033 0.695062995 -0.0336667709
vn 0.718160033 0.695062995 -0.0336667411
vn 0.707108915 0.707104623 -4.1913264e-08
vn -0.707104623 0.707108915 -4.19135198e-08
vn -0.696232796 -0.716952026 0.0352044441
vn -0.718160033 0.695062995 -0.0336667709
vn -0.707104623 0.707108915 -4.19135198e-08
vn -0.707104504 -0.707108974 4.19135233e-08
vn -0.718160093 0.695063174 -0.033666797
vn 0.718160152 0.695062935 -0.0336667672
vn 0.707106709 0.707106709 -4.19133741e-08
vn -0.707106709 0.707106709 -4.19133741e-08
vn 0.718160033 0.695062995 -0.0336667411
vn 0.696232975 -0.716952026 0.0352044739
vn 0.707108974 -0.707104623 4.1913264e-08
vn 0.707108915 0.707104623 -4.1913264e-08
vn -0.696232915 -0.716952085 0.0352044404
vn -0.718160093 0.695063174 -0.033666797
vn -0.707106709 0.707106709 -4.19133741e-08
vn -0.707106709 -0.707106769 4.19133777e-08
vn 0.696232975 -0.716952026 0.0352044739
vn -0.696232796 -0.716952026 0.0352044441
vn -0.707104504 -0.707108974 4.19135233e-08
vn 0.707108974 -0.707104623 4.1913264e-08
vn -0 -0.424294829 0.905524015
vn -0 -0.424294829 0.905524015
vn -0 -0.424294829 0.905524015
vn -0 -0.424294829 0.905524015
vn -4.33845116e-06 -0.424286425 0.905528009
vn -4.33845162e-06 -0.424286455 0.905528188
vn -4.33845162e-06 -0.424286425 0.905528069
vn -4.33845116e-06 -0.424286425 0.905528009
vn -9.42290535e-06 0 -1
vn -9.42290535e-06 0 -1
vn -9.42290535e-06 0 -1
vn -9.42290535e-06 0 -1
vn 0 0 -1
vn 0 0 -1
vn 0 0 -1
vn 0 0 -1
vn 0.801737726 -0.594800949 0.0585541315
vn 0.696232915 -0.716952145 0.0352044813
vn 0.718160093 0.695062935 -0.0336667672
vn 0.5505054 0.830923498 -0.0806841403
vn -0.696232736 -0.716952205 0.0352044813
vn -0.707106948 -0.70710665 4.72393424e-07
vn 0.707106769 -0.707106769 4.90468928e-08
vn 0.696232975 -0.716951966 0.0352047496
vn -0.696232915 -0.716952145 0.0352044851
vn -0.801737726 -0.594800949 0.0585541315
vn -0.5505054 0.830923498 -0.0806841403
vn -0.718160093 0.695062935 -0.0336667672
vn 0.696232915 -0.716952145 0.0352044813
vn 0.801737726 -0.594800949 0.0585541315
vn -0.801737726 -0.594800949 0.0585541315
vn -0.696232915 -0.716952145 0.0352044851
vn -0.718160093 0.695062935 -0.0336667672
vn -0.5505054 0.830923498 -0.0806841403
vn 0.5505054 0.830923498 -0.0806841403
vn 0.718160093 0.695062935 -0.0336667672
vn 0.801737428 -0.594801128 0.0585548021
vn 0.696232975 -0.716951966 0.0352047496
vn 0.718160272 0.695062876 -0.0336664692
vn 0.55050528 0.830923557 -0.0806837305
vn -0.718160093 0.695063174 -0.0336668268
vn -0.707107008 0.70710665 3.88566662e-07
vn -0.707106948 -0.70710665 4.72393424e-07
vn -0.696232736 -0.716952205 0.0352044813
vn -0.696232736 -0.716952205 0.0352044813
vn -0.801737845 -0.594800651 0.0585535839
vn -0.550505579 0.830923378 -0.0806845352
vn -0.718160093 0.695063174 -0.0336668268
vn 0.696232975 -0.716951966 0.0352047496
vn 0.801737428 -0.594801128 0.0585548021
vn -0.801737845 -0.594800651 0.0585535839
vn -0.696232736 -0.716952205 0.0352044813
vn -0.718160093 0.695063174 -0.0336668268
vn -0.550505579 0.830923378 -0.0806845352
vn 0.55050528 0.830923557 -0.0806837305
vn 0.718160272 0.695062876 -0.0336664692
vn 0.718160093 0.695062935 -0.0336667672
vn 0.707106709 0.707106709 -4.24089208e-08
vn -0.707106709 0.707106709 -3.58079539e-08
vn -0.718160093 0.695062935 -0.0336667672
vn 0.696232915 -0.716952145 0.0352044813
vn 0.707106709 -0.707106769 4.14178807e-08
vn 0.707106709 0.707106709 -4.24089208e-08
vn 0.718160093 0.695062935 -0.0336667672
vn 0.718160272 0.695062876 -0.0336664692
vn 0.707106709 0.707106709 -3.47799052e-08
vn -0.707107008 0.70710665 3.88566662e-07
vn -0.718160093 0.695063174 -0.0336668268
vn -0.718160093 0.695062935 -0.0336667672
vn -0.707106709 0.707106709 -3.58079539e-08
vn -0.707106709 -0.707106769 4.80188547e-08
vn -0.696232915 -0.716952145 0.0352044851
vn 0.696232975 -0.716951966 0.0352047496
vn 0.707106769 -0.707106769 4.90468928e-08
vn 0.707106709 0.707106709 -3.47799052e-08
vn 0.718160272 0.695062876 -0.0336664692
vn -0.696232915 -0.716952145 0.0352044851
vn -0.707106709 -0.707106769 4.80188547e-08
vn 0.707106709 -0.707106769 4.14178807e-08
vn 0.696232915 -0.716952145 0.0352044813
vn -0 -0.424295723 0.905523717
vn -0 -0.424295723 0.905523717
vn -0 -0.424295723 0.905523717
vn -0 -0.424295723 0.905523717
vn -0 -0.424295396 0.905523896
vn -0 -0.424295396 0.905523896
vn -0 -0.424295396 0.905523896
vn -0 -0.424295396 0.905523896
vn 0 0 -1
vn 0 0 -1
vn 0 0 -1
vn 0 0 -1
vn 0 0 -1
vn 0 0 -1
vn 0 0 -1
vn 0 0 -1
vn -0.636371136 -0.742413282 -0.209414393
vn -0.761546254 -0.623770177 -0.175948426
vn 0 -0.962444365 -0.2714791
vn 0 -0.962444365 -0.2714791
vn -0.761546373 0.623770177 0.17594865
vn -0.636371017 0.742413163 0.209414616
vn -0.761546254 -0.623770177 -0.175948426
vn -0.636371136 -0.742413282 -0.209414393
vn 0 0.962444127 0.271479368
vn 0 0.962444127 0.271479368
vn -0.636371017 0.742413163 0.209414616
vn -0.761546373 0.623770177 0.17594865
vn 0 0 -1
vn 0 0 -1
vn 0 0 -1
vn 0 0 -1
vn -0.636370122 -0.742414832 0.209411517
vn -0 -0.962444127 0.271480054
vn -0 -0.962444127 0.271480054
vn -0.761548281 -0.623769224 0.175943881
vn -0.76154387 0.623772442 -0.175951406
vn -0.636370122 -0.742414832 0.209411517
vn -0.761548281 -0.623769224 0.175943881
vn -0.636373222 0.742411315 -0.209414914
vn 0 0.962445438 -0.271475524
vn -0.76154387 0.623772442 -0.175951406
vn -0.636373222 0.742411315 -0.209414914
vn 0 0.962445438 -0.271475524
vn 0 0 1
vn 0 0 1
vn 0 0 1
vn 0 0 1
vn -0.707106948 0.707106471 -6.49803269e-07
vn -0.70710659 -0.707107008 6.63993887e-07
vn -0.707106948 -0.70710659 6.6399349e-07
vn -0.707106471 0.707106948 -6.49803724e-07
vn 0 1 -9.77889272e-07
vn -0.707106948 0.707106471 -6.49803269e-07
vn -0.707106471 0.707106948 -6.49803724e-07
vn 0 1 -9.77889272e-07
vn -0.70710659 -0.707107008 6.63993887e-07
vn -0 -1 8.80100572e-07
vn -0 -1 8.80100572e-07
vn -0.707106948 -0.70710659 6.6399349e-07
vn 1 0 0
vn 1 0 0
vn 1 0 0
vn 1 0 0
vn 0 1 0
vn 0 1 0
vn 0 1 0
vn 0 1 0
vn 5.14020883e-07 -4.67040581e-06 -1
vn 5.14020883e-07 -4.67040581e-06 -1
vn 5.14020883e-07 -4.67040581e-06 -1
vn 5.14020883e-07 -4.67040581e-06 -1
vn -0 -0.99999994 1.28707029e-07
vn -0 -1 1.28707029e-07
vn -0 -1 1.28707029e-07
vn -0 -1 1.28707029e-07
vn 1 0 0
vn 1 0 0
vn 1 0 0
vn 1 0 0
vn -1 0 0
vn -1 0 0
vn -1 0 0
vn -1 0 0
vn 0 0 1
vn 0 0 1
vn 0 0 1
vn 0 0 1
vn -0.636371136 -0.742413282 -0.209414631
vn -0.761546314 -0.623770237 -0.175948724
vn 0 -0.962444365 -0.2714791
vn 0 -0.962444365 -0.2714791
vn -0.761546314 0.623770177 0.175948352
vn -0.636371076 0.742413282 0.209414437
vn -0.761546314 -0.623770237 -0.175948724
vn -0.636371136 -0.742413282 -0.209414631
vn 0 0.962444127 0.271479368
vn 0 0.962444127 0.271479368
vn -0.636371076 0.742413282 0.209414437
vn -0.761546314 0.623770177 0.175948352
vn 0 0 -1
vn 0 0 -1
vn 0 0 -1
vn 0 0 -1
vn -0.636370182 -0.742414653 0.209412217
vn -0 -0.962444127 0.271479875
vn -0 -0.962444127 0.271479875
vn -0.761548042 -0.623769224 0.175944865
vn -0.761544049 0.623772442 -0.175950304
vn -0.636370182 -0.742414653 0.209412217
vn -0.761548042 -0.623769224 0.175944865
vn -0.636373162 0.742411554 -0.209414035
vn 0 0.962445438 -0.271475524
vn -0.761544049 0.623772442 -0.175950304
vn -0.636373162 0.742411554 -0.209414035
vn 0 0.962445438 -0.271475524
vn 0 0 1
vn 0 0 1
vn 0 0 1
vn 0 0 1
vn -0.707106948 0.707106471 -6.914712e-07
vn -0.70710659 -0.707107008 6.22324649e-07
vn -0.707106948 -0.70710659 6.22324251e-07
vn -0.707106471 0.707106948 -6.91471655e-07
vn 0 1 -9.77888362e-07
vn -0.707106948 0.707106471 -6.914712e-07
vn -0.707106471 0.707106948 -6.91471655e-07
vn 0 1 -9.77888362e-07
vn -0.70710659 -0.707107008 6.22324649e-07
vn -0 -1 8.80099662e-07
vn -0 -1 8.80099662e-07
vn -0.707106948 -0.70710659 6.22324251e-07
vn 1 0 0
vn 1 0 0
vn 1 0 0
vn 1 0 0
vn 0 -1 -0
vn 0 -1 -0
vn 0 -1 -0
vn 0 -1 -0
vn 9.15344481e-06 -7.79704806e-06 -1
vn 9.15344481e-06 -7.79704806e-06 -1
vn 9.15344481e-06 -7.79704806e-06 -1
vn 9.15344481e-06 -7.79704806e-06 -1
vn -1 0 -2.82411072e-08
vn -1 0 -2.82411072e-08
vn -1 0 -2.82411072e-08
vn -1 0 -2.82411072e-08
vn -1.3372312e-06 1 -1.21907519e-07
vn -1.3372312e-06 1 -1.21907519e-07
vn -1.3372312e-06 1 -1.21907519e-07
vn -1.3372312e-06 1 -1.21907519e-07
vn 0 0 1
vn 0 0 1
vn 0 0 1
vn 0 0 1
vn 1 0 0
vn 1 0 0
vn 1 0 0
vn 1 0 0
vn 0 -1 -0
vn 0 -1 -0
vn 0 -1 -0
vn 0 -1 -0
vn 1.04610726e-05 -7.79704806e-06 -1
vn 1.04610726e-05 -7.79704806e-06 -1
vn 1.04610726e-05 -7.79704806e-06 -1
vn 1.04610726e-05 -7.79704806e-06 -1
vn -1 0 -2.82411072e-08
vn -1 0 -2.82411072e-08
vn -1 0 -2.82411072e-08
vn -1 0 -2.82411072e-08
vn -1.33723097e-06 1 -1.21907476e-07
vn -1.33723097e-06 1 -1.21907476e-07
vn -1.33723097e-06 1 -1.21907476e-07
vn -1.33723097e-06 1 -1.21907476e-07
vn 0 0 1
vn 0 0 1
vn 0 0 1
vn 0 0 1
vn -0.00615521334 -0.999961495 -0.0062458436
vn -0.00145631994 -0.999986112 -0.00507649081
vn -0.0115483841 -0.999892771 -0.00900353491
vn -0 -0.999002099 0.0446643718
vn -1.35666937e-07 -0.999002099 0.0446643867
vn -0.00101682451 -0.951567471 0.307437867
vn -1.09283951e-08 -0.951084435 0.308930814
vn -1.09283951e-08 -0.951084435 0.308930814
vn -0.00101682451 -0.951567471 0.307437867
vn -0.00195554015 -0.859909654 0.510442495
vn -2.12999769e-08 -0.858335972 0.513088167
vn -0.00641567865 -0.95322305 0.302199632
vn -2.15355911e-07 -0.983037174 0.183406219
vn -0.00160830352 -0.95159781 0.307341605
vn -3.47402749e-12 -0.999996006 -0.00281026587
vn 1.73469084e-09 -0.999982953 -0.00583806681
vn 0.000111796755 -0.999982655 -0.00589891849
vn -3.02068457e-07 -0.99999994 -1.04882773e-07
vn -2.87617809e-07 -0.99999994 1.35002065e-09
vn -1.48692365e-07 -1 -4.58241409e-08
vn -3.47402749e-12 -0.999996006 -0.00281026587
vn -0.00346832513 -0.999990284 -0.00270277355
vn -1.48692365e-07 -1 -4.58241409e-08
vn 0 -1 -2.48729162e-08
vn 0 -1 -5.92744769e-08
vn 0 -1 -0
vn -1.48254216e-07 -1 2.68319535e-08
vn -1.1610414e-07 -1 -1.37071012e-07
vn -0.00346832513 -0.999990284 -0.00270277355
vn -3.47402749e-12 -0.999996006 -0.00281026587
vn 0.000111796755 -0.999982655 -0.00589891849
vn -0.00615521334 -0.999961495 -0.0062458436
vn 0 -1 -0
vn -8.68616457e-10 -0.99999994 -2.04120898e-09
vn -1.48254216e-07 -1 2.68319535e-08
vn -4.74691404e-07 -1 2.31625364e-07
vn -1.48254216e-07 -1 2.68319535e-08
vn -4.24849503e-07 -0.99999994 1.47142359e-07
vn -1.15251559e-07 -1 -2.63520906e-06
vn -2.38686482e-07 -1 -1.39453755e-06
vn -1.1610414e-07 -1 -1.37071012e-07
vn -3.86231562e-07 -1 -1.25640497e-07
vn -3.02068457e-07 -0.99999994 -1.04882773e-07
vn -1.48692365e-07 -1 -4.58241409e-08
vn -5.80833444e-07 -1 1.57004331e-06
vn -0.00346832513 -0.999990284 -0.00270277355
vn -0.00620117877 -0.999979794 -0.00147082214
vn -0.00641567865 -0.95322305 0.302199632
vn -1.35666937e-07 -0.999002099 0.0446643867
vn -2.76779502e-07 -0.998996377 0.0447924733
vn -2.15355911e-07 -0.983037174 0.183406219
vn -0.00641567865 -0.95322305 0.302199632
vn -0.0332615636 -0.849126458 0.527141213
vn -0.028039176 -0.86946398 0.493199736
vn -0.00522477273 -0.862856328 0.505422413
vn -0.00641567865 -0.95322305 0.302199632
vn -0.0349625945 -0.85175544 0.522771776
vn -0.0146527681 -0.912709415 0.408346474
vn -0.0332615636 -0.849126458 0.527141213
vn -0.00641567865 -0.95322305 0.302199632
vn -0.00160830352 -0.95159781 0.307341605
vn -0.0146527681 -0.912709415 0.408346474
vn -0.00641567865 -0.95322305 0.302199632
vn -0.00101682451 -0.951567471 0.307437867
vn -1.35666937e-07 -0.999002099 0.0446643867
vn -0.00641567865 -0.95322305 0.302199632
vn -0.028039176 -0.86946398 0.493199736
vn -0.046306897 -0.846542299 0.530303597
vn -0.00641567865 -0.95322305 0.302199632
vn -0.0349625945 -0.85175544 0.522771776
vn -0.00641567865 -0.95322305 0.302199632
vn -0.046306897 -0.846542299 0.530303597
vn 0.0001597628 -0.999980867 -0.00618369319
vn -0.00145631994 -0.999986112 -0.00507649081
vn -0.00615521334 -0.999961495 -0.0062458436
vn 0.000111796755 -0.999982655 -0.00589891849
vn -0.0167174917 -0.999118626 -0.0385045186
vn -0.00615521334 -0.999961495 -0.0062458436
vn -0.0227954872 -0.996224105 -0.0837732255
vn 0.000111796755 -0.999982655 -0.00589891849
vn 1.73469084e-09 -0.999982953 -0.00583806681
vn 3.47175555e-09 -0.999981463 -0.00608245563
vn 0.0001597628 -0.999980867 -0.00618369319
vn -0.00615521334 -0.999961495 -0.0062458436
vn -0.0191559568 -0.998694122 -0.047361657
vn -0.0227954872 -0.996224105 -0.0837732255
vn -0.00615521334 -0.999961495 -0.0062458436
vn -0.0115483841 -0.999892771 -0.00900353491
vn -0.0191559568 -0.998694122 -0.047361657
vn -2.87617809e-07 -0.99999994 1.35002065e-09
vn -4.24849503e-07 -0.99999994 1.47142359e-07
vn -1.48254216e-07 -1 2.68319535e-08
vn -8.68616457e-10 -0.99999994 -2.04120898e-09
vn -0.00346832513 -0.999990284 -0.00270277355
vn -0.00615521334 -0.999961495 -0.0062458436
vn -0.0167174917 -0.999118626 -0.0385045186
vn -0.00620117877 -0.999979794 -0.00147082214
vn -2.87617809e-07 -0.99999994 1.35002065e-09
vn -8.68616457e-10 -0.99999994 -2.04120898e-09
vn 0 -1 -2.48729162e-08
vn -1.48692365e-07 -1 -4.58241409e-08
vn -1.1610414e-07 -1 -1.37071012e-07
vn -1.35666937e-07 -0.999002099 0.0446643867
vn -0 -0.999002099 0.0446643718
vn 0 -1 -5.92744769e-08
vn -2.38686482e-07 -1 -1.39453755e-06
vn -2.76779502e-07 -0.998996377 0.0447924733
vn -1.35666937e-07 -0.999002099 0.0446643867
vn -1.1610414e-07 -1 -1.37071012e-07
vn -0.00195554015 -0.859909654 0.510442495
vn -0.00101682451 -0.951567471 0.307437867
vn -0.00641567865 -0.95322305 0.302199632
vn -0.00522477273 -0.862856328 0.505422413
vn 0.00615520729 -0.999961495 -0.0062458436
vn 0.0115483012 -0.999892771 -0.00900347438
vn 0.00145632145 -0.999986112 -0.00507648615
vn -0 -0.999002099 0.0446643718
vn -1.09283951e-08 -0.951084435 0.308930814
vn 0.00101681321 -0.951567709 0.30743745
vn 1.35666923e-07 -0.999002099 0.0446643978
vn -1.09283951e-08 -0.951084435 0.308930814
vn -2.12999769e-08 -0.858335972 0.513088167
vn 0.00195551827 -0.859910131 0.51044178
vn 0.00101681321 -0.951567709 0.30743745
vn 0.00641565677 -0.95322305 0.302199364
vn 0.00160830165 -0.95159781 0.307341665
vn 2.15355868e-07 -0.983037174 0.183406219
vn -3.47402749e-12 -0.999996006 -0.00281026587
vn -0.000111794965 -0.999982655 -0.00589891756
vn 1.73469084e-09 -0.999982953 -0.00583806681
vn 3.02067292e-07 -1 -1.04882382e-07
vn 1.48692223e-07 -1 -4.58241054e-08
vn 2.85511504e-07 -0.99999994 1.3500161e-09
vn -3.47402749e-12 -0.999996006 -0.00281026587
vn 0 -1 -2.48729162e-08
vn 1.48692223e-07 -1 -4.58241054e-08
vn 0.00346832629 -0.999990225 -0.00270277401
vn 0 -1 -5.92744769e-08
vn 1.16104125e-07 -1 -1.37071027e-07
vn 1.46726904e-07 -1 2.68319251e-08
vn 0 -1 -0
vn 0.00346832629 -0.999990225 -0.00270277401
vn 0.00615520729 -0.999961495 -0.0062458436
vn -0.000111794965 -0.999982655 -0.00589891756
vn -3.47402749e-12 -0.999996006 -0.00281026587
vn 0 -1 -0
vn 1.46726904e-07 -1 2.68319251e-08
vn -8.68616457e-10 -0.99999994 -2.04120898e-09
vn 4.74691291e-07 -1 2.31624455e-07
vn 4.22830368e-07 -1 1.47141847e-07
vn 1.46726904e-07 -1 2.68319251e-08
vn 1.15251559e-07 -1 -2.63520997e-06
vn 1.16104125e-07 -1 -1.37071027e-07
vn 2.38686511e-07 -1 -1.39453766e-06
vn 3.8622926e-07 -1 -1.25639716e-07
vn 1.48692223e-07 -1 -4.58241054e-08
vn 3.02067292e-07 -1 -1.04882382e-07
vn 5.80837025e-07 -1 1.57005286e-06
vn 0.00620117737 -0.999979556 -0.00147082121
vn 0.00346832629 -0.999990225 -0.00270277401
vn 0.00641565677 -0.95322305 0.302199364
vn 2.15355868e-07 -0.983037174 0.183406219
vn 2.76779474e-07 -0.998996377 0.0447924733
vn 1.35666923e-07 -0.999002099 0.0446643978
vn 0.00641565677 -0.95322305 0.302199364
vn 0.028038973 -0.869465351 0.493197531
vn 0.0332615636 -0.849126518 0.527141213
vn 0.00522477226 -0.862856328 0.505422413
vn 0.0349628814 -0.85175401 0.52277416
vn 0.00641565677 -0.95322305 0.302199364
vn 0.0146527747 -0.912709355 0.408346593
vn 0.00641565677 -0.95322305 0.302199364
vn 0.0332615636 -0.849126518 0.527141213
vn 0.00160830165 -0.95159781 0.307341665
vn 0.00641565677 -0.95322305 0.302199364
vn 0.0146527747 -0.912709355 0.408346593
vn 0.00101681321 -0.951567709 0.30743745
vn 0.00641565677 -0.95322305 0.302199364
vn 1.35666923e-07 -0.999002099 0.0446643978
vn 0.028038973 -0.869465351 0.493197531
vn 0.00641565677 -0.95322305 0.302199364
vn 0.0463063978 -0.846545398 0.530298412
vn 0.0349628814 -0.85175401 0.52277416
vn 0.0463063978 -0.846545398 0.530298412
vn 0.00641565677 -0.95322305 0.302199364
vn -0.000159759147 -0.999980867 -0.00618369086
vn -0.000111794965 -0.999982655 -0.00589891756
vn 0.00615520729 -0.999961495 -0.0062458436
vn 0.00145632145 -0.999986112 -0.00507648615
vn 0.0167174954 -0.999118626 -0.038504485
vn 0.0227954555 -0.996224105 -0.0837730765
vn 0.00615520729 -0.999961495 -0.0062458436
vn -0.000111794965 -0.999982655 -0.00589891756
vn -0.000159759147 -0.999980867 -0.00618369086
vn 3.47175555e-09 -0.999981463 -0.00608245563
vn 1.73469084e-09 -0.999982953 -0.00583806681
vn 0.00615520729 -0.999961495 -0.0062458436
vn 0.0227954555 -0.996224105 -0.0837730765
vn 0.0191558301 -0.998694122 -0.0473613106
vn 0.00615520729 -0.999961495 -0.0062458436
vn 0.0191558301 -0.998694122 -0.0473613106
vn 0.0115483012 -0.999892771 -0.00900347438
vn 2.85511504e-07 -0.99999994 1.3500161e-09
vn -8.68616457e-10 -0.99999994 -2.04120898e-09
vn 1.46726904e-07 -1 2.68319251e-08
vn 4.22830368e-07 -1 1.47141847e-07
vn 0.00346832629 -0.999990225 -0.00270277401
vn 0.00620117737 -0.999979556 -0.00147082121
vn 0.0167174954 -0.999118626 -0.038504485
vn 0.00615520729 -0.999961495 -0.0062458436
vn 2.85511504e-07 -0.99999994 1.3500161e-09
vn 1.48692223e-07 -1 -4.58241054e-08
vn 0 -1 -2.48729162e-08
vn -8.68616457e-10 -0.99999994 -2.04120898e-09
vn 1.16104125e-07 -1 -1.37071027e-07
vn 0 -1 -5.92744769e-08
vn -0 -0.999002099 0.0446643718
vn 1.35666923e-07 -0.999002099 0.0446643978
vn 2.38686511e-07 -1 -1.39453766e-06
vn 1.16104125e-07 -1 -1.37071027e-07
vn 1.35666923e-07 -0.999002099 0.0446643978
vn 2.76779474e-07 -0.998996377 0.0447924733
vn 0.00195551827 -0.859910131 0.51044178
vn 0.00522477226 -0.862856328 0.505422413
vn 0.00641565677 -0.95322305 0.302199364
vn 0.00101681321 -0.951567709 0.30743745
vn 1.16172153e-07 -0.500037134 0.866003871
vn 1.0070336e-07 -0.270501018 0.962719738
vn -0.442804307 -0.260544896 0.857928216
vn -0.393383712 -0.507255554 0.766773164
vn 1.34305068e-07 -0.859943211 0.510389745
vn 1.16172153e-07 -0.500037134 0.866003871
vn -0.393383712 -0.507255554 0.766773164
vn -0.222294286 -0.865000665 0.449843466
vn 8.21156334e-08 -1 -2.28168616e-07
vn 1.34305068e-07 -0.859943211 0.510389745
vn -0.222294286 -0.865000665 0.449843466
vn -0.222294286 -0.865000665 0.449843466
vn -0.393383712 -0.507255554 0.766773164
vn -0.619243801 -0.576329708 0.533274114
vn -0.392207891 -0.876553953 0.278972954
vn 8.21156334e-08 -1 -2.28168616e-07
vn -0.222294286 -0.865000665 0.449843466
vn -0.392207891 -0.876553953 0.278972954
vn -0.393383712 -0.507255554 0.766773164
vn -0.442804307 -0.260544896 0.857928216
vn -0.641874015 -0.241461232 0.727800965
vn -0.619243801 -0.576329708 0.533274114
vn -0.392207891 -0.876553953 0.278972954
vn -0.619243801 -0.576329708 0.533274114
vn -0.612327039 -0.790604472 6.68393554e-08
vn -0.454975605 -0.890503883 -4.27181419e-08
vn 8.21156334e-08 -1 -2.28168616e-07
vn -0.392207891 -0.876553953 0.278972954
vn -0.454975605 -0.890503883 -4.27181419e-08
vn -0.454975605 -0.890503883 -4.27181419e-08
vn -0.612327039 -0.790604472 6.68393554e-08
vn -0.619243801 -0.57632947 -0.533274293
vn -0.392207623 -0.87655443 -0.278972387
vn 8.21156334e-08 -1 -2.28168616e-07
vn -0.454975605 -0.890503883 -4.27181419e-08
vn -0.392207623 -0.87655443 -0.278972387
vn -0.392207623 -0.87655443 -0.278972387
vn -0.619243801 -0.57632947 -0.533274293
vn -0.393383473 -0.507255554 -0.766773343
vn -0.222294003 -0.865000904 -0.449843228
vn 8.21156334e-08 -1 -2.28168616e-07
vn -0.392207623 -0.87655443 -0.278972387
vn -0.222294003 -0.865000904 -0.449843228
vn -0.619243801 -0.57632947 -0.533274293
vn -0.641874492 -0.241460398 -0.727800846
vn -0.442804068 -0.260543346 -0.857928693
vn -0.393383473 -0.507255554 -0.766773343
vn -0.222294003 -0.865000904 -0.449843228
vn -0.393383473 -0.507255554 -0.766773343
vn 1.3424345e-07 -0.500036895 -0.86600405
vn 1.84512487e-07 -0.859943509 -0.510389328
vn 8.21156334e-08 -1 -2.28168616e-07
vn -0.222294003 -0.865000904 -0.449843228
vn 1.84512487e-07 -0.859943509 -0.510389328
vn -0.393383473 -0.507255554 -0.766773343
vn -0.442804068 -0.260543346 -0.857928693
vn 3.02109662e-08 -0.270499796 -0.962719977
vn 1.3424345e-07 -0.500036895 -0.86600405
vn -0.0445837863 -0.999005735 2.25908579e-07
vn -0.0295498893 -0.713089943 0.700449347
vn -0.0286006462 -0.69378227 0.719616652
vn -0.0445837826 -0.999005735 2.2018915e-07
vn -0.0295498893 -0.713089943 0.700449347
vn -0.00285265408 -0.148417577 0.988920748
vn -0.00285265385 -0.148417577 0.988920629
vn -0.0286006462 -0.69378227 0.719616652
vn -0.0295498725 -0.713088036 -0.700451434
vn -0.0445837863 -0.999005735 2.25908579e-07
vn -0.0445837826 -0.999005735 2.2018915e-07
vn -0.0286006276 -0.693780065 -0.719618857
vn -0.00285253627 -0.148411274 -0.988921463
vn -0.0295498725 -0.713088036 -0.700451434
vn -0.0286006276 -0.693780065 -0.719618857
vn -0.00285253627 -0.148411259 -0.988921463
vn 1.16172153e-07 -0.500037134 0.866003871
vn 0.393383801 -0.507255197 0.766773343
vn 0.442804158 -0.260544389 0.857928336
vn 1.0070336e-07 -0.270501018 0.962719738
vn 1.34305068e-07 -0.859943211 0.510389745
vn 0.222294316 -0.865000546 0.449843705
vn 0.393383801 -0.507255197 0.766773343
vn 1.16172153e-07 -0.500037134 0.866003871
vn 8.21156334e-08 -1 -2.28168616e-07
vn 0.222294316 -0.865000546 0.449843705
vn 1.34305068e-07 -0.859943211 0.510389745
vn 0.222294316 -0.865000546 0.449843705
vn 0.392207682 -0.876554072 0.278973073
vn 0.619243622 -0.576329768 0.533274233
vn 0.393383801 -0.507255197 0.766773343
vn 8.21156334e-08 -1 -2.28168616e-07
vn 0.392207682 -0.876554072 0.278973073
vn 0.222294316 -0.865000546 0.449843705
vn 0.393383801 -0.507255197 0.766773343
vn 0.619243622 -0.576329768 0.533274233
vn 0.641873777 -0.241461352 0.727801144
vn 0.442804158 -0.260544389 0.857928336
vn 0.392207682 -0.876554072 0.278973073
vn 0.454975396 -0.890504003 -1.75898236e-07
vn 0.612327039 -0.790604532 -2.86454309e-08
vn 0.619243622 -0.576329768 0.533274233
vn 8.21156334e-08 -1 -2.28168616e-07
vn 0.454975396 -0.890504003 -1.75898236e-07
vn 0.392207682 -0.876554072 0.278973073
vn 0.454975396 -0.890504003 -1.75898236e-07
vn 0.392207563 -0.87655437 -0.278972596
vn 0.619243801 -0.57632935 -0.533274472
vn 0.612327039 -0.790604532 -2.86454309e-08
vn 8.21156334e-08 -1 -2.28168616e-07
vn 0.392207563 -0.87655437 -0.278972596
vn 0.454975396 -0.890504003 -1.75898236e-07
vn 0.392207563 -0.87655437 -0.278972596
vn 0.222294033 -0.865000606 -0.449843764
vn 0.393383324 -0.507255495 -0.766773403
vn 0.619243801 -0.57632935 -0.533274472
vn 8.21156334e-08 -1 -2.28168616e-07
vn 0.222294033 -0.865000606 -0.449843764
vn 0.392207563 -0.87655437 -0.278972596
vn 0.619243801 -0.57632935 -0.533274472
vn 0.393383324 -0.507255495 -0.766773403
vn 0.442804009 -0.260543853 -0.857928574
vn 0.641874433 -0.241460085 -0.727800906
vn 0.222294033 -0.865000606 -0.449843764
vn 1.84512487e-07 -0.859943509 -0.510389328
vn 1.3424345e-07 -0.500036895 -0.86600405
vn 0.393383324 -0.507255495 -0.766773403
vn 8.21156334e-08 -1 -2.28168616e-07
vn 1.84512487e-07 -0.859943509 -0.510389328
vn 0.222294033 -0.865000606 -0.449843764
vn 0.393383324 -0.507255495 -0.766773403
vn 1.3424345e-07 -0.500036895 -0.86600405
vn 3.02109662e-08 -0.270499796 -0.962719977
vn 0.442804009 -0.260543853 -0.857928574
vn 0.044583749 -0.999005735 8.13271228e-08
vn 0.0445837565 -0.999005795 9.57344213e-08
vn 0.0286006164 -0.69378227 0.719616711
vn 0.0295498557 -0.713090062 0.700449467
vn 0.0295498557 -0.713090062 0.700449467
vn 0.0286006164 -0.69378227 0.719616711
vn 0.00285265385 -0.148417532 0.988920629
vn 0.00285265385 -0.148417547 0.988920689
vn 0.02954988 -0.713088095 -0.700451553
vn 0.0286006276 -0.693780065 -0.719618857
vn 0.0445837565 -0.999005795 9.57344213e-08
vn 0.044583749 -0.999005735 8.13271228e-08
vn 0.00285253604 -0.148411274 -0.988921642
vn 0.00285253534 -0.148411259 -0.988921463
vn 0.0286006276 -0.693780065 -0.719618857
vn 0.02954988 -0.713088095 -0.700451553
vn -0.921197653 0.259677351 -0.289762974
vn -0.921298146 0.255703181 -0.292960316
vn -0.91559422 0.353003979 -0.192549989
vn -0.915755451 0.351319343 -0.194850221
vn -0.903551817 -0.0781962946 -0.421283185
vn -0.903551817 -0.0781963095 -0.421283185
vn -0.904417336 -0.0382174365 -0.42493391
vn -0.904419363 -0.0314140469 -0.425486416
vn -0.918196261 0.117389098 -0.378332198
vn -0.916195631 0.0941289514 -0.389519483
vn -0.921298146 0.255703181 -0.292960316
vn -0.921197653 0.259677351 -0.289762974
vn -0.90668577 0.414402694 0.078685455
vn -0.905278802 0.419971436 0.0639873296
vn -0.915766358 0.352703273 0.192281634
vn -0.915938973 0.35091874 0.194709852
vn -0.904419363 -0.0314140469 -0.425486416
vn -0.904417336 -0.0382174365 -0.42493391
vn -0.916195631 0.0941289514 -0.389519483
vn -0.918196261 0.117389098 -0.378332198
vn -0.915938973 0.35091874 0.194709852
vn -0.915766358 0.352703273 0.192281634
vn -0.921549141 0.255372852 0.292458028
vn -0.921449125 0.259232998 0.289360613
vn -0.905902982 -0.030933667 0.422354192
vn -0.906083405 -0.0374280624 0.421440363
vn -0.906344891 -0.07655821 0.415545285
vn -0.906344891 -0.0765582025 0.415545225
vn -0.906598032 0.414604872 -0.0786306411
vn -0.905224562 0.420066625 -0.0641264841
vn -0.905278802 0.419971436 0.0639873296
vn -0.90668577 0.414402694 0.078685455
vn -0.921449125 0.259232998 0.289360613
vn -0.921549141 0.255372852 0.292458028
vn -0.916549981 0.0939065143 0.388738185
vn -0.91852504 0.117010824 0.377650946
vn -0.91852504 0.117010824 0.377650946
vn -0.916549981 0.0939065143 0.388738185
vn -0.906083405 -0.0374280624 0.421440363
vn -0.905902982 -0.030933667 0.422354192
vn -0.915755451 0.351319343 -0.194850221
vn -0.91559422 0.353003979 -0.192549989
vn -0.905224562 0.420066625 -0.0641264841
vn -0.906598032 0.414604872 -0.0786306411
vn -0.921197712 0.259676695 -0.289763302
vn -0.921298087 0.255702436 -0.292960644
vn -0.91559422 0.3530038 -0.192550406
vn -0.915755391 0.351319015 -0.194850847
vn -0.903550744 -0.0781958327 -0.421285689
vn -0.903550744 -0.0781958178 -0.421285659
vn -0.904416382 -0.0382168554 -0.424935639
vn -0.904418647 -0.0314133838 -0.425488085
vn -0.918196023 0.117389016 -0.378332794
vn -0.916195214 0.0941290408 -0.389520139
vn -0.921298087 0.255702436 -0.292960644
vn -0.921197712 0.259676695 -0.289763302
vn -0.906685412 0.414403498 0.078685455
vn -0.905278504 0.419971973 0.0639878809
vn -0.915765762 0.352704495 0.192282796
vn -0.915938199 0.350919932 0.194710791
vn -0.904418647 -0.0314133838 -0.425488085
vn -0.904416382 -0.0382168554 -0.424935639
vn -0.916195214 0.0941290408 -0.389520139
vn -0.918196023 0.117389016 -0.378332794
vn -0.915938199 0.350919932 0.194710791
vn -0.915765762 0.352704495 0.192282796
vn -0.921548843 0.255372971 0.292459279
vn -0.921448767 0.259233505 0.289361566
vn -0.904825628 -0.0315866731 0.424609184
vn -0.904823363 -0.0383482836 0.424056649
vn -0.903959811 -0.0782689899 0.420393258
vn -0.90395987 -0.0782689974 0.420393229
vn -0.906598091 0.414604872 -0.0786309168
vn -0.905224621 0.420066625 -0.0641267002
vn -0.905278504 0.419971973 0.0639878809
vn -0.906685412 0.414403498 0.078685455
vn -0.921448767 0.259233505 0.289361566
vn -0.921548843 0.255372971 0.292459279
vn -0.9165501 0.0939070061 0.388738185
vn -0.918524921 0.117010951 0.377651125
vn -0.918524921 0.117010951 0.377651125
vn -0.9165501 0.0939070061 0.388738185
vn -0.904823363 -0.0383482836 0.424056649
vn -0.904825628 -0.0315866731 0.424609184
vn -0.915755391 0.351319015 -0.194850847
vn -0.91559422 0.3530038 -0.192550406
vn -0.905224621 0.420066625 -0.0641267002
vn -0.906598091 0.414604872 -0.0786309168
vn -0.995680332 -0.0928337649 0.0016047653
vn -0.995448709 -0.0952438787 0.00321154715
vn -0.995388448 -0.0959122404 0.00160549011
vn -0.995649993 -0.0931689814 0.000802893017
vn -0.999602914 0.0281743202 0
vn -0.9995839 0.0288451593 -6.20685503e-10
vn -0.998002291 0.0631762072 -7.65656205e-06
vn -0.998021126 0.0628798306 -1.46361117e-05
vn -1 0 -2.08519046e-09
vn -1 0 -1.82111961e-08
vn -0.99958384 0.0288451444 -4.28495426e-08
vn -0.99958384 0.0288451444 -1.30172273e-08
vn -0.995621979 -0.0934717581 -6.62149978e-05
vn -0.995903432 -0.090424113 -7.78106468e-08
vn -0.998975098 -0.0452585295 2.08000284e-08
vn -0.998975217 -0.0452585071 1.04000319e-08
vn -0.990942776 0.134283364 3.51190299e-09
vn -0.998002231 0.0631770119 -5.37466738e-10
vn -0.998002231 0.0631770119 -3.84227183e-09
vn -0.990942776 0.134283364 0
vn -0.968847871 0.247656569 8.61059046e-09
vn -0.968847692 0.247656837 -7.63980879e-09
vn -0.876663327 0.481104285 -2.94691722e-06
vn -0.876745939 0.480953842 -4.04360571e-06
vn -0.998975277 -0.0452587008 -1.22228937e-06
vn -0.998975217 -0.0452584997 -6.11144458e-07
vn -1 0 -3.49185285e-07
vn -1 0 -7.02779744e-07
vn -0.99958384 0.0288451444 -1.30172273e-08
vn -0.99958384 0.0288451444 -4.28495426e-08
vn -0.998002231 0.0631770119 -3.84227183e-09
vn -0.998002231 0.0631770119 -5.37466738e-10
vn -1 0 -7.02779744e-07
vn -1 0 -3.49185285e-07
vn -0.9995839 0.0288451593 -6.20685503e-10
vn -0.999602914 0.0281743202 0
vn -0.998975217 -0.0452585071 1.04000319e-08
vn -0.998975098 -0.0452585295 2.08000284e-08
vn -1 0 -1.82111961e-08
vn -1 0 -2.08519046e-09
vn -0.995649993 -0.0931689814 0.000802893017
vn -0.998975217 -0.0452584997 -6.11144458e-07
vn -0.998975277 -0.0452587008 -1.22228937e-06
vn -0.995680332 -0.0928337649 0.0016047653
vn -0.999381125 -0.035176035 -0
vn -1 0 0
vn -0.99999994 0 0
vn -1 0 0
vn -1 0 0
vn -1 0 0
vn -1 0 0
vn -0.999381125 -0.035176035 -2.93507485e-09
vn -0.998975217 -0.0452585667 -1.6639838e-08
vn -1 0 7.02040026e-09
vn -1 0 -3.49185285e-07
vn -0.998975217 -0.0452584997 -6.11144458e-07
vn -0.9995839 0.0288451593 -6.20685503e-10
vn -0.99958384 0.0288451463 7.78686182e-09
vn -0.99800235 0.0631769896 7.77926275e-08
vn -0.998002291 0.0631762072 -7.65656205e-06
vn -0.995618939 -0.0935026482 -2.06672492e-08
vn -0.995641291 -0.0932657644 -1.15290621e-08
vn -0.995325208 -0.0965799913 -1.61774292e-08
vn -0.995325208 -0.0965800062 -8.08870393e-09
vn -0.995388448 -0.0959122404 0.00160549011
vn -0.995325208 -0.096580036 6.57856063e-08
vn -0.995641232 -0.0932657719 3.03613596e-08
vn -0.995649993 -0.0931689814 0.000802893017
vn -1 0 -3.49185285e-07
vn -1 0 7.02040026e-09
vn -0.99958384 0.0288451463 7.78686182e-09
vn -0.9995839 0.0288451593 -6.20685503e-10
vn -0.995641232 -0.0932657719 3.03613596e-08
vn -0.999381125 -0.035176035 -0
vn -0.998975217 -0.0452584997 -6.11144458e-07
vn -0.995649993 -0.0931689814 0.000802893017
vn -0.998975217 -0.0452585667 -1.6639838e-08
vn -0.999381125 -0.035176035 -2.93507485e-09
vn -0.995641291 -0.0932657644 -1.15290621e-08
vn -0.995618939 -0.0935026482 -2.06672492e-08
vn -0.99763757 0.068695277 -3.3593602e-05
vn -0.998002291 0.0631762072 -7.65656205e-06
vn -0.99800235 0.0631769896 7.77926275e-08
vn -0.990942776 0.134283409 8.07079275e-08
vn -0.993505418 0.113784663 -3.91045859e-07
vn -0.968842268 0.247678235 -1.71988699e-08
vn -0.96884793 0.247656569 3.83488397e-09
vn -0.877020955 0.480452031 -7.13154668e-06
vn -0.877219141 0.480090201 -9.12200085e-06
vn -0.993505418 0.113784663 -3.91045859e-07
vn -0.990942776 0.134283409 8.07079275e-08
vn -0.96884793 0.247656569 3.83488397e-09
vn -0.968842268 0.247678235 -1.71988699e-08
vn -0.990942776 0.134283364 3.51190299e-09
vn -0.990942776 0.134283364 0
vn -0.968847692 0.247656837 -7.63980879e-09
vn -0.968847871 0.247656569 8.61059046e-09
vn -0.998021126 0.0628798306 -1.46361117e-05
vn -0.998002291 0.0631762072 -7.65656205e-06
vn -0.99763757 0.068695277 -3.3593602e-05
vn -0.997637391 0.0686987564 -5.99676096e-05
vn -0.33777535 0.94122678 -2.81827215e-06
vn -0.569480002 0.822005212 -5.56461328e-06
vn -0.569184482 0.822209716 -3.92293941e-06
vn -0.337418586 0.941354573 -1.82084614e-06
vn -0.569480002 0.822005212 -5.56461328e-06
vn -0.876745939 0.480953842 -4.04360571e-06
vn -0.876663327 0.481104285 -2.94691722e-06
vn -0.569184482 0.822209716 -3.92293941e-06
vn -0.339810371 0.940494001 -6.83907592e-06
vn -0.571171701 0.820830524 -1.27746634e-05
vn -0.570472777 0.82131654 -9.99047188e-06
vn -0.338971287 0.940796793 -5.32738886e-06
vn -0.571171701 0.820830524 -1.27746634e-05
vn -0.877219141 0.480090201 -9.12200085e-06
vn -0.877020955 0.480452031 -7.13154668e-06
vn -0.570472777 0.82131654 -9.99047188e-06
vn -0.99763757 0.068695277 -3.3593602e-05
vn -0.997636735 0.0687078536 -2.13428339e-05
vn -0.997636259 0.0687166378 -4.30343607e-05
vn -0.570472777 0.82131654 -9.99047188e-06
vn -0.877020955 0.480452031 -7.13154668e-06
vn -0.876745939 0.480953842 -4.04360571e-06
vn -0.569480002 0.822005212 -5.56461328e-06
vn -0.338971287 0.940796793 -5.32738886e-06
vn -0.570472777 0.82131654 -9.99047188e-06
vn -0.569480002 0.822005212 -5.56461328e-06
vn -0.33777535 0.94122678 -2.81827215e-06
vn -0.990942776 0.134283409 8.07079275e-08
vn -0.990942776 0.134283364 3.51190299e-09
vn -0.968847871 0.247656569 8.61059046e-09
vn -0.96884793 0.247656569 3.83488397e-09
vn -0.999381125 -0.0351760201 -2.29306742e-08
vn -1 0 0
vn -1 0 0
vn -1 0 0
vn -1 0 0
vn -1 0 0
vn -1 0 0
vn -0.999381125 -0.035175994 -0
vn -0.998975217 -0.0452585071 1.04000319e-08
vn -1 0 -2.08519046e-09
vn -1 0 7.02040026e-09
vn -0.998975217 -0.0452585667 -1.6639838e-08
vn -0.99958384 0.0288451463 7.78686182e-09
vn -0.99958384 0.0288451444 -1.30172273e-08
vn -0.998002231 0.0631770119 -5.37466738e-10
vn -0.99800235 0.0631769896 7.77926275e-08
vn -0.995325208 -0.0965800434 -0
vn -0.995641232 -0.0932657644 -3.17416244e-08
vn -0.995618939 -0.0935026482 -2.06672492e-08
vn -0.995325208 -0.0965800062 -8.08870393e-09
vn -0.995621979 -0.0934717581 -6.62149978e-05
vn -0.995642126 -0.0932561755 -0
vn -0.995325208 -0.0965800658 -0
vn -0.995317101 -0.0966635048 -0.000219186724
vn -1 0 7.02040026e-09
vn -1 0 -2.08519046e-09
vn -0.99958384 0.0288451444 -1.30172273e-08
vn -0.99958384 0.0288451463 7.78686182e-09
vn -0.995641232 -0.0932657644 -3.17416244e-08
vn -0.999381125 -0.0351760201 -2.29306742e-08
vn -0.998975217 -0.0452585667 -1.6639838e-08
vn -0.995618939 -0.0935026482 -2.06672492e-08
vn -0.999381125 -0.035175994 -0
vn -0.995642126 -0.0932561755 -0
vn -0.995621979 -0.0934717581 -6.62149978e-05
vn -0.998975217 -0.0452585071 1.04000319e-08
vn -0.998002231 0.0631770119 -5.37466738e-10
vn -0.990942776 0.134283364 3.51190299e-09
vn -0.990942776 0.134283409 8.07079275e-08
vn -0.99800235 0.0631769896 7.77926275e-08
vn -0.96884793 0.247656569 3.83488397e-09
vn -0.968847871 0.247656569 8.61059046e-09
vn -0.876745939 0.480953842 -4.04360571e-06
vn -0.877020955 0.480452031 -7.13154668e-06
vn -0.99763757 0.068695277 -3.3593602e-05
vn -0.997636259 0.0687166378 -4.30343607e-05
vn -0.997636557 0.068710871 -7.48553284e-05
vn -0.99763757 0.068695277 -3.3593602e-05
vn -0.997636557 0.068710871 -7.48553284e-05
vn -0.997637391 0.0686987564 -5.99676096e-05
vn -0.997636735 0.0687078536 -2.13428339e-05
vn -0.99763757 0.068695277 -3.3593602e-05
vn -0.997637212 0.0687031671 -7.03806609e-06
vn -0.99763757 0.068695277 -3.3593602e-05
vn -0.997637391 0.0687003955 -3.91592357e-06
vn -0.997637212 0.0687031671 -7.03806609e-06
vn -0.997637391 0.0687003955 -3.91592357e-06
vn -0.99763757 0.068695277 -3.3593602e-05
vn -0.993505418 0.113784663 -3.91045859e-07
vn -0.99585259 -0.0909819603 -3.22551168e-05
vn -0.995621979 -0.0934717581 -6.62149978e-05
vn -0.995317101 -0.0966635048 -0.000219186724
vn -0.995621979 -0.0934717581 -6.62149978e-05
vn -0.99585259 -0.0909819603 -3.22551168e-05
vn -0.995903432 -0.090424113 -7.78106468e-08
vn -0.958309352 0.171387181 -0.228625461
vn -0.997638345 0.0686854646 1.84366672e-06
vn -0.997638166 0.0686883107 -5.4562264e-07
vn -0.997638345 0.0686851442 -1.958437e-06
vn -0.969949186 0.0947821438 -0.224086553
vn -0.997638166 0.0686886385 0
vn -0.958309352 0.171387181 -0.228625461
vn -0.997638166 0.0686883107 -5.4562264e-07
vn -0.997638464 0.0686816201 0
vn -0.958309352 0.171387181 -0.228625461
vn -0.997638464 0.0686816201 0
vn -0.981722593 0.190316662 -0.000561864814
vn -0.997638166 0.0686886385 0
vn -0.969949186 0.0947821438 -0.224086553
vn -0.89732188 0.107264936 -0.428144544
vn -0.997638345 0.0686854646 1.84366672e-06
vn -0.958309352 0.171387181 -0.228625461
vn -0.997638345 0.0686851442 -1.958437e-06
vn -0.698737502 0.53649801 -0.473218352
vn -0.358238816 0.58602941 -0.726797283
vn -0.416502059 0.374017507 -0.828635633
vn -0.756552756 0.368504584 -0.540215075
vn -0.0487776063 0.856154084 -0.514413297
vn -0.0591151603 0.611316919 -0.789174676
vn -0.116481476 0.59695673 -0.79377234
vn -0.0981170163 0.853489757 -0.511789262
vn -0.358238816 0.58602941 -0.726797283
vn -0.279095709 0.831825376 -0.479762644
vn -0.0981170163 0.853489757 -0.511789262
vn -0.116481476 0.59695673 -0.79377234
vn -0.0216364134 0.621396005 -0.78319782
vn -0.0156751201 0.862323284 -0.506115496
vn -1.89572926e-08 0.86649251 -0.499189943
vn -2.59216524e-08 0.626297653 -0.779583931
vn -0.0156751201 0.862323284 -0.506115496
vn -0.0216364134 0.621396005 -0.78319782
vn -0.0591151603 0.611316919 -0.789174676
vn -0.0487776063 0.856154084 -0.514413297
vn -0.698737502 0.53649801 -0.473218352
vn -0.590540946 0.728811383 -0.346547574
vn -0.279095709 0.831825376 -0.479762644
vn -0.358238816 0.58602941 -0.726797283
vn -0.698737502 0.53649801 -0.473218352
vn -0.846333504 0.516223073 -0.131275684
vn -0.590540946 0.728811383 -0.346547574
vn -0.828209162 -0.0598942786 -0.557209194
vn -0.890070438 -0.0928600878 -0.446264178
vn -0.877990663 -0.0349209085 -0.4774023
vn -0.780168772 -0.0202967208 -0.625239789
vn -0.57704854 -0.01269056 -0.816611171
vn -0.828209162 -0.0598942786 -0.557209194
vn -0.780168772 -0.0202967208 -0.625239789
vn -0.515434384 0.0155061334 -0.856788814
vn -0.811016679 -0.108013414 -0.574965417
vn -0.555523813 -0.14587228 -0.818605363
vn -0.525968075 -0.152449459 -0.836729646
vn -0.79000628 -0.106072001 -0.603853226
vn -0.890070438 -0.0928600878 -0.446264178
vn -0.811016679 -0.108013414 -0.574965417
vn -0.79000628 -0.106072001 -0.603853226
vn -0.862927616 -0.0907326415 -0.497115195
vn -0.845083356 -0.0992127582 -0.525348365
vn -0.890070438 -0.0928600878 -0.446264178
vn -0.828209162 -0.0598942786 -0.557209194
vn -0.601177156 -0.100376084 -0.792786539
vn -0.845083356 -0.0992127582 -0.525348365
vn -0.828209162 -0.0598942786 -0.557209194
vn -0.57704854 -0.01269056 -0.816611171
vn -0.811016679 -0.108013414 -0.574965417
vn -0.890070438 -0.0928600878 -0.446264178
vn -0.845083356 -0.0992127582 -0.525348365
vn -0.555523813 -0.14587228 -0.818605363
vn -0.811016679 -0.108013414 -0.574965417
vn -0.845083356 -0.0992127582 -0.525348365
vn -0.601177156 -0.100376084 -0.792786539
vn -0.279095709 0.831825376 -0.479762644
vn -0.590540946 0.728811383 -0.346547574
vn -0.544516981 0.82699281 -0.139943898
vn -0.228439361 0.955628335 -0.18598403
vn -0.0156751201 0.862323284 -0.506115496
vn -0.00957951602 0.972485363 -0.232766405
vn -2.11018581e-11 0.973842263 -0.227225408
vn -1.89572926e-08 0.86649251 -0.499189943
vn -0.760893404 0.0438012742 -0.647396743
vn -0.474309653 0.047804717 -0.879059255
vn -0.474129111 0.0098552024 -0.8804003
vn -0.748989105 0.00561265601 -0.662558556
vn -0.871209443 0.0426596217 -0.489054412
vn -0.760893404 0.0438012742 -0.647396743
vn -0.748989105 0.00561265601 -0.662558556
vn -0.867503583 0.00440094993 -0.497411489
vn -0.791358232 0.2122567 -0.573322773
vn -0.4566724 0.23538132 -0.857931137
vn -0.478201181 0.151300237 -0.865119576
vn -0.804151416 0.127883539 -0.580505311
vn -0.958309352 0.171387181 -0.228625461
vn -0.791358232 0.2122567 -0.573322773
vn -0.804151416 0.127883539 -0.580505311
vn -0.969949186 0.0947821438 -0.224086553
vn -0.544516981 0.82699281 -0.139943898
vn -0.846333504 0.516223073 -0.131275684
vn -0.866398692 0.498693347 -0.0256536566
vn -0.558018506 0.827495694 -0.0621787682
vn -0.228439361 0.955628335 -0.18598403
vn -0.544516981 0.82699281 -0.139943898
vn -0.558018506 0.827495694 -0.0621787682
vn -0.229380682 0.970321417 -0.0765556544
vn -0.846333504 0.516223073 -0.131275684
vn -0.698737502 0.53649801 -0.473218352
vn -0.756552756 0.368504584 -0.540215075
vn -0.927306771 0.31938532 -0.195180103
vn -0.131719187 0.361739486 -0.92292738
vn -0.416502059 0.374017507 -0.828635633
vn -0.358238816 0.58602941 -0.726797283
vn -0.116481476 0.59695673 -0.79377234
vn -0.786212981 0.0950745419 -0.610598087
vn -0.486409664 0.0997937545 -0.868013084
vn -0.474309653 0.047804717 -0.879059255
vn -0.760893404 0.0438012742 -0.647396743
vn -0.878012419 0.0927197933 -0.469571233
vn -0.786212981 0.0950745419 -0.610598087
vn -0.760893404 0.0438012742 -0.647396743
vn -0.871209443 0.0426596217 -0.489054412
vn -0.748989105 0.00561265601 -0.662558556
vn -0.474129111 0.0098552024 -0.8804003
vn -0.515434384 0.0155061334 -0.856788814
vn -0.780168772 -0.0202967208 -0.625239789
vn -0.867503583 0.00440094993 -0.497411489
vn -0.748989105 0.00561265601 -0.662558556
vn -0.780168772 -0.0202967208 -0.625239789
vn -0.877990663 -0.0349209085 -0.4774023
vn -0.756552756 0.368504584 -0.540215075
vn -0.416502059 0.374017507 -0.828635633
vn -0.4566724 0.23538132 -0.857931137
vn -0.791358232 0.2122567 -0.573322773
vn -0.927306771 0.31938532 -0.195180103
vn -0.756552756 0.368504584 -0.540215075
vn -0.791358232 0.2122567 -0.573322773
vn -0.958309352 0.171387181 -0.228625461
vn -8.32296099e-09 0.374917954 -0.927058041
vn -0.0230968688 0.37182495 -0.92801553
vn -0.0216364134 0.621396005 -0.78319782
vn -2.59216524e-08 0.626297653 -0.779583931
vn -0.151685283 0.245479226 -0.957460999
vn -0.4566724 0.23538132 -0.857931137
vn -0.416502059 0.374017507 -0.828635633
vn -0.131719187 0.361739486 -0.92292738
vn -0.846333504 0.516223073 -0.131275684
vn -0.544516981 0.82699281 -0.139943898
vn -0.590540946 0.728811383 -0.346547574
vn -4.76388529e-09 -0.10993503 -0.993938684
vn -2.37562325e-09 -0.230117202 -0.973162949
vn -0.0391740501 -0.226005584 -0.973338068
vn -0.0421608351 -0.108621456 -0.993188679
vn -4.15859747e-09 0.0157596171 -0.999875844
vn -4.76388529e-09 -0.10993503 -0.993938684
vn -0.0421608351 -0.108621456 -0.993188679
vn -0.0468348116 0.0243509002 -0.998605847
vn -0.0421608351 -0.108621456 -0.993188679
vn -0.0391740501 -0.226005584 -0.973338068
vn -0.111538664 -0.212816685 -0.970704973
vn -0.119245186 -0.106535271 -0.987132668
vn -0.0468348116 0.0243509002 -0.998605847
vn -0.0421608351 -0.108621456 -0.993188679
vn -0.119245186 -0.106535271 -0.987132668
vn -0.122543506 0.0338039882 -0.991887271
vn -0.119245186 -0.106535271 -0.987132668
vn -0.111538664 -0.212816685 -0.970704973
vn -0.258665651 -0.183859035 -0.948307991
vn -0.278417826 -0.101945773 -0.955034375
vn -0.122543506 0.0338039882 -0.991887271
vn -0.119245186 -0.106535271 -0.987132668
vn -0.278417826 -0.101945773 -0.955034375
vn -0.280622721 0.0231352672 -0.959539354
vn -0.280622721 0.0231352672 -0.959539354
vn -0.278417826 -0.101945773 -0.955034375
vn -0.601177156 -0.100376084 -0.792786539
vn -0.57704854 -0.01269056 -0.816611171
vn -0.278417826 -0.101945773 -0.955034375
vn -0.258665651 -0.183859035 -0.948307991
vn -0.555523813 -0.14587228 -0.818605363
vn -0.601177156 -0.100376084 -0.792786539
vn -0.268307477 0.043496225 -0.962350845
vn -0.515434384 0.0155061334 -0.856788814
vn -0.474129111 0.0098552024 -0.8804003
vn -0.254083782 0.0168991815 -0.967034519
vn -0.958309352 0.171387181 -0.228625461
vn -0.981722593 0.190316662 -0.000561864814
vn -0.968908608 0.247417763 -0.00075557339
vn -0.927306771 0.31938532 -0.195180103
vn -0.234364495 0.0567050651 -0.970493495
vn -0.474309653 0.047804717 -0.879059255
vn -0.486409664 0.0997937545 -0.868013084
vn -0.208239093 0.104342289 -0.972496271
vn -4.74548401e-09 0.04170141 -0.999130011
vn -0.0510045998 0.0459614657 -0.997640312
vn -0.0459810682 0.0326464139 -0.998408735
vn -5.33960076e-09 0.0371402428 -0.999310017
vn -0.0510045998 0.0459614657 -0.997640312
vn -0.123217635 0.051167611 -0.991059601
vn -0.117920093 0.0245082807 -0.992720604
vn -0.0459810682 0.0326464139 -0.998408735
vn -0.123217635 0.051167611 -0.991059601
vn -0.268307477 0.043496225 -0.962350845
vn -0.254083782 0.0168991815 -0.967034519
vn -0.117920093 0.0245082807 -0.992720604
vn -3.55949736e-09 0.0727109388 -0.997353077
vn -0.0390570611 0.0713099316 -0.996689141
vn -0.0355480239 0.113522492 -0.992899239
vn 3.85651511e-09 0.114697531 -0.993400514
vn -0.0390570611 0.0713099316 -0.996689141
vn -0.107572809 0.0664404258 -0.991974652
vn -0.0980841517 0.110732332 -0.988998413
vn -0.0355480239 0.113522492 -0.992899239
vn -0.107572809 0.0664404258 -0.991974652
vn -0.234364495 0.0567050651 -0.970493495
vn -0.208239093 0.104342289 -0.972496271
vn -0.0980841517 0.110732332 -0.988998413
vn -0.0458717272 0.971036732 -0.234485522
vn -0.047791861 0.995828927 -0.0777218938
vn -0.0074177566 0.996908963 -0.0782145187
vn -0.00957951602 0.972485363 -0.232766405
vn -0.094425343 0.97139436 -0.217891634
vn -0.0995202959 0.991978168 -0.0779422596
vn -0.047791861 0.995828927 -0.0777218938
vn -0.0458717272 0.971036732 -0.234485522
vn -0.927306771 0.31938532 -0.195180103
vn -0.968908608 0.247417763 -0.00075557339
vn -0.866398692 0.498693347 -0.0256536566
vn -0.846333504 0.516223073 -0.131275684
vn -0.0487776063 0.856154084 -0.514413297
vn -0.0458717272 0.971036732 -0.234485522
vn -0.00957951602 0.972485363 -0.232766405
vn -0.0156751201 0.862323284 -0.506115496
vn -0.00957951602 0.972485363 -0.232766405
vn -0.0074177566 0.996908963 -0.0782145187
vn 0 0.99692899 -0.0783114433
vn -2.11018581e-11 0.973842263 -0.227225408
vn -0.280622721 0.0231352672 -0.959539354
vn -0.57704854 -0.01269056 -0.816611171
vn -0.515434384 0.0155061334 -0.856788814
vn -0.268307477 0.043496225 -0.962350845
vn -4.15859747e-09 0.0157596171 -0.999875844
vn -0.0468348116 0.0243509002 -0.998605847
vn -0.0510045998 0.0459614657 -0.997640312
vn -4.74548401e-09 0.04170141 -0.999130011
vn -0.0468348116 0.0243509002 -0.998605847
vn -0.122543506 0.0338039882 -0.991887271
vn -0.123217635 0.051167611 -0.991059601
vn -0.0510045998 0.0459614657 -0.997640312
vn -0.122543506 0.0338039882 -0.991887271
vn -0.280622721 0.0231352672 -0.959539354
vn -0.268307477 0.043496225 -0.962350845
vn -0.123217635 0.051167611 -0.991059601
vn -0.0644256249 0.367376 -0.927838445
vn -0.131719187 0.361739486 -0.92292738
vn -0.116481476 0.59695673 -0.79377234
vn -0.0591151603 0.611316919 -0.789174676
vn -0.0355480239 0.113522492 -0.992899239
vn -0.0980841517 0.110732332 -0.988998413
vn -0.0931198895 0.134987116 -0.986461818
vn -0.0339635722 0.13678205 -0.990018666
vn 3.85651511e-09 0.114697531 -0.993400514
vn -0.0355480239 0.113522492 -0.992899239
vn -0.0339635722 0.13678205 -0.990018666
vn 8.87719853e-09 0.138082281 -0.990420759
vn -0.10380064 -0.244958296 -0.963960946
vn -0.240106121 -0.205453694 -0.94875598
vn -0.258665651 -0.183859035 -0.948307991
vn -0.111538664 -0.212816685 -0.970704973
vn -0.0368119664 -0.265221119 -0.963484466
vn -0.10380064 -0.244958296 -0.963960946
vn -0.111538664 -0.212816685 -0.970704973
vn -0.0391740501 -0.226005584 -0.973338068
vn -0.117920093 0.0245082807 -0.992720604
vn -0.254083782 0.0168991815 -0.967034519
vn -0.234364495 0.0567050651 -0.970493495
vn -0.107572809 0.0664404258 -0.991974652
vn -0.0459810682 0.0326464139 -0.998408735
vn -0.117920093 0.0245082807 -0.992720604
vn -0.107572809 0.0664404258 -0.991974652
vn -0.0390570611 0.0713099316 -0.996689141
vn -5.33960076e-09 0.0371402428 -0.999310017
vn -0.0459810682 0.0326464139 -0.998408735
vn -0.0390570611 0.0713099316 -0.996689141
vn -3.55949736e-09 0.0727109388 -0.997353077
vn -0.0981170163 0.853489757 -0.511789262
vn -0.094425343 0.97139436 -0.217891634
vn -0.0458717272 0.971036732 -0.234485522
vn -0.0487776063 0.856154084 -0.514413297
vn -0.254083782 0.0168991815 -0.967034519
vn -0.474129111 0.0098552024 -0.8804003
vn -0.474309653 0.047804717 -0.879059255
vn -0.234364495 0.0567050651 -0.970493495
vn -0.240106121 -0.205453694 -0.94875598
vn -0.525968075 -0.152449459 -0.836729646
vn -0.555523813 -0.14587228 -0.818605363
vn -0.258665651 -0.183859035 -0.948307991
vn -0.208239093 0.104342289 -0.972496271
vn -0.486409664 0.0997937545 -0.868013084
vn -0.478201181 0.151300237 -0.865119576
vn -0.178677619 0.162372604 -0.970417142
vn -0.0230968688 0.37182495 -0.92801553
vn -0.0644256249 0.367376 -0.927838445
vn -0.0591151603 0.611316919 -0.789174676
vn -0.0216364134 0.621396005 -0.78319782
vn -0.279095709 0.831825376 -0.479762644
vn -0.228439361 0.955628335 -0.18598403
vn -0.094425343 0.97139436 -0.217891634
vn -0.0981170163 0.853489757 -0.511789262
vn -0.228439361 0.955628335 -0.18598403
vn -0.229380682 0.970321417 -0.0765556544
vn -0.0995202959 0.991978168 -0.0779422596
vn -0.094425343 0.97139436 -0.217891634
vn 0 -0.272311062 -0.962209344
vn -0.0368119664 -0.265221119 -0.963484466
vn -0.0391740501 -0.226005584 -0.973338068
vn -2.37562325e-09 -0.230117202 -0.973162949
vn -0.151685283 0.245479226 -0.957460999
vn -0.0568207689 0.259253591 -0.964136243
vn -0.0656265542 0.171576187 -0.982982457
vn -0.178677619 0.162372604 -0.970417142
vn -0.969949186 0.0947821438 -0.224086553
vn -0.997638345 0.0686851442 -1.958437e-06
vn -0.958309352 0.171387181 -0.228625461
vn -0.178677619 0.162372604 -0.970417142
vn -0.478201181 0.151300237 -0.865119576
vn -0.4566724 0.23538132 -0.857931137
vn -0.151685283 0.245479226 -0.957460999
vn -0.804151416 0.127883539 -0.580505311
vn -0.786212981 0.0950745419 -0.610598087
vn -0.878012419 0.0927197933 -0.469571233
vn -0.89732188 0.107264936 -0.428144544
vn -0.969949186 0.0947821438 -0.224086553
vn -0.804151416 0.127883539 -0.580505311
vn -0.89732188 0.107264936 -0.428144544
vn -0.804151416 0.127883539 -0.580505311
vn -0.478201181 0.151300237 -0.865119576
vn -0.486409664 0.0997937545 -0.868013084
vn -0.786212981 0.0950745419 -0.610598087
vn -0.178677619 0.162372604 -0.970417142
vn -0.0656265542 0.171576187 -0.982982457
vn -0.0685350522 0.136450171 -0.988273263
vn -0.0931198895 0.134987116 -0.986461818
vn -0.0980841517 0.110732332 -0.988998413
vn -0.208239093 0.104342289 -0.972496271
vn -0.0686952695 0.312623441 -0.947389722
vn -0.0499130115 0.311191767 -0.949035466
vn -0.0568207689 0.259253591 -0.964136243
vn -0.151685283 0.245479226 -0.957460999
vn -0.131719187 0.361739486 -0.92292738
vn -0.0644256249 0.367376 -0.927838445
vn -3.55869445e-09 0.315656394 -0.94887358
vn -0.0237817839 0.316857904 -0.948174715
vn -0.0230968688 0.37182495 -0.92801553
vn -8.32296099e-09 0.374917954 -0.927058041
vn -0.0237817839 0.316857904 -0.948174715
vn -0.0686952695 0.312623441 -0.947389722
vn -0.0644256249 0.367376 -0.927838445
vn -0.0230968688 0.37182495 -0.92801553
vn -4.63413159e-07 0.262304991 -0.964984953
vn -1.90439607e-07 0.314263195 -0.949335873
vn 0 0.314260095 -0.949336767
vn 0 0.262302637 -0.964985669
vn 0 0.262302637 -0.964985669
vn 0 0.314260095 -0.949336767
vn 0 0.314260334 -0.949336767
vn 0 0.26230225 -0.964985788
vn 0 0.173926547 -0.984758437
vn 0 0.262302637 -0.964985669
vn 0 0.26230225 -0.964985788
vn 0 0.173925638 -0.984758675
vn -6.85658904e-07 0.173925981 -0.984758794
vn -4.63413159e-07 0.262304991 -0.964984953
vn 0 0.262302637 -0.964985669
vn 0 0.173926547 -0.984758437
vn -4.63413159e-07 0.262304991 -0.964984953
vn -0.0568207689 0.259253591 -0.964136243
vn -0.0499130115 0.311191767 -0.949035466
vn -1.90439607e-07 0.314263195 -0.949335873
vn 0 0.138050973 -0.990425169
vn -6.45624993e-07 0.138047725 -0.990425587
vn -6.85658904e-07 0.173925981 -0.984758794
vn 0 0.173926547 -0.984758437
vn -0.0656265542 0.171576187 -0.982982457
vn -0.0568207689 0.259253591 -0.964136243
vn -4.63413159e-07 0.262304991 -0.964984953
vn -6.85658904e-07 0.173925981 -0.984758794
vn -6.45624993e-07 0.138047725 -0.990425587
vn -0.0685350522 0.136450171 -0.988273263
vn -0.0656265542 0.171576187 -0.982982457
vn -6.85658904e-07 0.173925981 -0.984758794
vn 0 0.138050124 -0.990425169
vn 0 0.138050973 -0.990425169
vn 0 0.173926547 -0.984758437
vn 0 0.173925638 -0.984758675
vn 0.000118461103 0.999964893 -0.0083794184
vn 0 0.999976575 -0.00685431203
vn 0.000111715606 0.999965489 -0.0082925735
vn 0.000118461103 0.999964893 -0.0083794184
vn 0.000111715606 0.999965489 -0.0082925735
vn 0.000285718561 0.999923468 -0.0123682618
vn 0.000287031464 0.999922574 -0.0124238534
vn 1.12539524e-07 0.999887466 -0.0150056155
vn 1.12547148e-07 0.999887407 -0.0150056155
vn 0.000287031464 0.999922574 -0.0124238534
vn 0.000285718561 0.999923468 -0.0123682618
vn -3.16459783e-08 -0.996705651 -0.0811049268
vn 0.00109893177 -0.99773258 -0.0672943667
vn 0.00110220152 -0.997718275 -0.0675069094
vn -3.16829407e-08 -0.996705472 -0.0811049193
vn 0.000442578545 -0.998935342 -0.0461303852
vn 0.00046115974 -0.998921096 -0.0464378297
vn 0.00110220152 -0.997718275 -0.0675069094
vn 0.00109893177 -0.99773258 -0.0672943667
vn 0.00046115974 -0.998921096 -0.0464378297
vn 0.000442578545 -0.998935342 -0.0461303852
vn -1.12716316e-06 -0.999247372 -0.0387876965
vn 0.958309114 0.171386942 -0.228626758
vn 0.997638345 0.0686856806 -6.25577457e-07
vn 0.997638345 0.0686859116 4.52266903e-07
vn 0.997638464 0.0686846972 2.391527e-06
vn 0.997638345 0.0686857477 1.01771775e-05
vn 0.969949841 0.094781518 -0.22408472
vn 0.958309114 0.171386942 -0.228626758
vn 0.997638643 0.0686811581 -1.4401796e-07
vn 0.997638345 0.0686856806 -6.25577457e-07
vn 0.958309114 0.171386942 -0.228626758
vn 0.981722653 0.190316632 -0.000561760389
vn 0.997638643 0.0686811581 -1.4401796e-07
vn 0.997638345 0.0686857477 1.01771775e-05
vn 0.897322953 0.107264891 -0.42814222
vn 0.969949841 0.094781518 -0.22408472
vn 0.997638345 0.0686859116 4.52266903e-07
vn 0.997638464 0.0686846972 2.391527e-06
vn 0.958309114 0.171386942 -0.228626758
vn 0.698736489 0.53649956 -0.473218292
vn 0.756552398 0.368504047 -0.540215671
vn 0.416502237 0.374016166 -0.828636169
vn 0.358237237 0.586030662 -0.726797283
vn 0.0487777218 0.856154025 -0.514413297
vn 0.0981169268 0.853489995 -0.511789024
vn 0.116481461 0.596956849 -0.793772399
vn 0.0591153465 0.611316681 -0.789175153
vn 0.358237237 0.586030662 -0.726797283
vn 0.116481461 0.596956849 -0.793772399
vn 0.0981169268 0.853489995 -0.511789024
vn 0.279094487 0.831825793 -0.479762286
vn 0.0216363948 0.621395528 -0.783198237
vn -2.59216524e-08 0.626297653 -0.779583931
vn -1.89572926e-08 0.86649251 -0.499189943
vn 0.0156751033 0.862323165 -0.506115615
vn 0.0156751033 0.862323165 -0.506115615
vn 0.0487777218 0.856154025 -0.514413297
vn 0.0591153465 0.611316681 -0.789175153
vn 0.0216363948 0.621395528 -0.783198237
vn 0.698736489 0.53649956 -0.473218292
vn 0.358237237 0.586030662 -0.726797283
vn 0.279094487 0.831825793 -0.479762286
vn 0.590539396 0.728813648 -0.346545726
vn 0.698736489 0.53649956 -0.473218292
vn 0.590539396 0.728813648 -0.346545726
vn 0.84633404 0.516222239 -0.131275877
vn 0.828210354 -0.0598942526 -0.557207644
vn 0.780169666 -0.020296786 -0.625238597
vn 0.877991617 -0.0349206775 -0.477400631
vn 0.890070856 -0.0928594694 -0.446263224
vn 0.577049196 -0.012689542 -0.816610694
vn 0.515434802 0.0155050475 -0.856788576
vn 0.780169666 -0.020296786 -0.625238597
vn 0.828210354 -0.0598942526 -0.557207644
vn 0.811017096 -0.108010158 -0.574965358
vn 0.790007114 -0.106070258 -0.60385251
vn 0.525967836 -0.152447924 -0.836730182
vn 0.555523157 -0.145873085 -0.818605542
vn 0.890070856 -0.0928594694 -0.446263224
vn 0.862929463 -0.0907303616 -0.497112483
vn 0.790007114 -0.106070258 -0.60385251
vn 0.811017096 -0.108010158 -0.574965358
vn 0.845083475 -0.0992113203 -0.525348544
vn 0.828210354 -0.0598942526 -0.557207644
vn 0.890070856 -0.0928594694 -0.446263224
vn 0.601177037 -0.100374892 -0.792786896
vn 0.577049196 -0.012689542 -0.816610694
vn 0.828210354 -0.0598942526 -0.557207644
vn 0.845083475 -0.0992113203 -0.525348544
vn 0.811017096 -0.108010158 -0.574965358
vn 0.845083475 -0.0992113203 -0.525348544
vn 0.890070856 -0.0928594694 -0.446263224
vn 0.555523157 -0.145873085 -0.818605542
vn 0.601177037 -0.100374892 -0.792786896
vn 0.845083475 -0.0992113203 -0.525348544
vn 0.811017096 -0.108010158 -0.574965358
vn 0.279094487 0.831825793 -0.479762286
vn 0.228439689 0.955628335 -0.185983479
vn 0.544517756 0.826992154 -0.139943585
vn 0.590539396 0.728813648 -0.346545726
vn 0.0156751033 0.862323165 -0.506115615
vn -1.89572926e-08 0.86649251 -0.499189943
vn -2.11018581e-11 0.973842263 -0.227225408
vn 0.00957951602 0.972485363 -0.232766405
vn 0.760894239 0.0438012779 -0.647395849
vn 0.748990178 0.00561247114 -0.662557304
vn 0.474129558 0.00985520426 -0.880399823
vn 0.474309504 0.0478047542 -0.879059196
vn 0.871210873 0.0426597074 -0.489052027
vn 0.867504478 0.00440057414 -0.497409791
vn 0.748990178 0.00561247114 -0.662557304
vn 0.760894239 0.0438012779 -0.647395849
vn 0.791357756 0.212255687 -0.573323727
vn 0.80415076 0.127883434 -0.580506086
vn 0.478201747 0.151300877 -0.86511904
vn 0.456672907 0.235379964 -0.857931316
vn 0.958309114 0.171386942 -0.228626758
vn 0.969949841 0.094781518 -0.22408472
vn 0.80415076 0.127883434 -0.580506086
vn 0.791357756 0.212255687 -0.573323727
vn 0.544517756 0.826992154 -0.139943585
vn 0.558018208 0.827495754 -0.0621790551
vn 0.866398454 0.498693854 -0.0256542433
vn 0.84633404 0.516222239 -0.131275877
vn 0.228439689 0.955628335 -0.185983479
vn 0.229380876 0.970321298 -0.0765557811
vn 0.558018208 0.827495754 -0.0621790551
vn 0.544517756 0.826992154 -0.139943585
vn 0.84633404 0.516222239 -0.131275877
vn 0.927307069 0.319384545 -0.195180297
vn 0.756552398 0.368504047 -0.540215671
vn 0.698736489 0.53649956 -0.473218292
vn 0.131719232 0.361738622 -0.922927558
vn 0.116481461 0.596956849 -0.793772399
vn 0.358237237 0.586030662 -0.726797283
vn 0.416502237 0.374016166 -0.828636169
vn 0.786213458 0.0950745791 -0.610597312
vn 0.760894239 0.0438012779 -0.647395849
vn 0.474309504 0.0478047542 -0.879059196
vn 0.486409187 0.0997940078 -0.868013322
vn 0.87801367 0.0927199572 -0.469568759
vn 0.871210873 0.0426597074 -0.489052027
vn 0.760894239 0.0438012779 -0.647395849
vn 0.786213458 0.0950745791 -0.610597312
vn 0.748990178 0.00561247114 -0.662557304
vn 0.780169666 -0.020296786 -0.625238597
vn 0.515434802 0.0155050475 -0.856788576
vn 0.474129558 0.00985520426 -0.880399823
vn 0.867504478 0.00440057414 -0.497409791
vn 0.877991617 -0.0349206775 -0.477400631
vn 0.780169666 -0.020296786 -0.625238597
vn 0.748990178 0.00561247114 -0.662557304
vn 0.756552398 0.368504047 -0.540215671
vn 0.791357756 0.212255687 -0.573323727
vn 0.456672907 0.235379964 -0.857931316
vn 0.416502237 0.374016166 -0.828636169
vn 0.927307069 0.319384545 -0.195180297
vn 0.958309114 0.171386942 -0.228626758
vn 0.791357756 0.212255687 -0.573323727
vn 0.756552398 0.368504047 -0.540215671
vn -8.32296099e-09 0.374917954 -0.927058041
vn -2.59216524e-08 0.626297653 -0.779583931
vn 0.0216363948 0.621395528 -0.783198237
vn 0.0230968762 0.371823341 -0.928016126
vn 0.151685402 0.245477945 -0.957461298
vn 0.131719232 0.361738622 -0.922927558
vn 0.416502237 0.374016166 -0.828636169
vn 0.456672907 0.235379964 -0.857931316
vn 0.84633404 0.516222239 -0.131275877
vn 0.590539396 0.728813648 -0.346545726
vn 0.544517756 0.826992154 -0.139943585
vn -4.76388529e-09 -0.10993503 -0.993938684
vn 0.0421607941 -0.108624354 -0.993188441
vn 0.0391740315 -0.226006299 -0.97333777
vn -2.37562325e-09 -0.230117202 -0.973162949
vn -4.15859747e-09 0.0157596171 -0.999875844
vn 0.0468348041 0.0243499316 -0.998605847
vn 0.0421607941 -0.108624354 -0.993188441
vn -4.76388529e-09 -0.10993503 -0.993938684
vn 0.0421607941 -0.108624354 -0.993188441
vn 0.119245246 -0.106538348 -0.987132251
vn 0.111538664 -0.212818056 -0.970704734
vn 0.0391740315 -0.226006299 -0.97333777
vn 0.0468348041 0.0243499316 -0.998605847
vn 0.122543521 0.0338021033 -0.991887212
vn 0.119245246 -0.106538348 -0.987132251
vn 0.0421607941 -0.108624354 -0.993188441
vn 0.119245246 -0.106538348 -0.987132251
vn 0.278417677 -0.101946726 -0.955034316
vn 0.258665591 -0.183861405 -0.948307514
vn 0.111538664 -0.212818056 -0.970704734
vn 0.122543521 0.0338021033 -0.991887212
vn 0.280622602 0.0231360998 -0.959539235
vn 0.278417677 -0.101946726 -0.955034316
vn 0.119245246 -0.106538348 -0.987132251
vn 0.280622602 0.0231360998 -0.959539235
vn 0.577049196 -0.012689542 -0.816610694
vn 0.601177037 -0.100374892 -0.792786896
vn 0.278417677 -0.101946726 -0.955034316
vn 0.278417677 -0.101946726 -0.955034316
vn 0.601177037 -0.100374892 -0.792786896
vn 0.555523157 -0.145873085 -0.818605542
vn 0.258665591 -0.183861405 -0.948307514
vn 0.268307537 0.0434951745 -0.962350965
vn 0.254083723 0.0168991219 -0.967034519
vn 0.474129558 0.00985520426 -0.880399823
vn 0.515434802 0.0155050475 -0.856788576
vn 0.958309114 0.171386942 -0.228626758
vn 0.927307069 0.319384545 -0.195180297
vn 0.968908727 0.247417763 -0.000755834859
vn 0.981722653 0.190316632 -0.000561760389
vn 0.234364495 0.056705106 -0.970493495
vn 0.208239213 0.104342565 -0.972496152
vn 0.486409187 0.0997940078 -0.868013322
vn 0.474309504 0.0478047542 -0.879059196
vn -4.74548401e-09 0.04170141 -0.999130011
vn -5.33960076e-09 0.0371402428 -0.999310017
vn 0.0459810533 0.0326465741 -0.998408735
vn 0.0510045961 0.0459614173 -0.997640312
vn 0.0510045961 0.0459614173 -0.997640312
vn 0.0459810533 0.0326465741 -0.998408735
vn 0.117920093 0.0245083962 -0.992720604
vn 0.123217613 0.051167421 -0.991059601
vn 0.123217613 0.051167421 -0.991059601
vn 0.117920093 0.0245083962 -0.992720604
vn 0.254083723 0.0168991219 -0.967034519
vn 0.268307537 0.0434951745 -0.962350965
vn -3.55949736e-09 0.0727109388 -0.997353077
vn 3.85651511e-09 0.114697531 -0.993400514
vn 0.0355480276 0.113522351 -0.992899358
vn 0.0390570574 0.0713102296 -0.99668926
vn 0.0390570574 0.0713102296 -0.99668926
vn 0.0355480276 0.113522351 -0.992899358
vn 0.0980841741 0.110732153 -0.988998413
vn 0.107572854 0.0664407015 -0.991974652
vn 0.107572854 0.0664407015 -0.991974652
vn 0.0980841741 0.110732153 -0.988998413
vn 0.208239213 0.104342565 -0.972496152
vn 0.234364495 0.056705106 -0.970493495
vn 0.0458717272 0.971036732 -0.234485447
vn 0.00957951602 0.972485363 -0.232766405
vn 0.0074177566 0.996908963 -0.0782145411
vn 0.0477918349 0.995828927 -0.0777218416
vn 0.0944252312 0.971394479 -0.217891559
vn 0.0458717272 0.971036732 -0.234485447
vn 0.0477918349 0.995828927 -0.0777218416
vn 0.099520281 0.991978168 -0.0779422745
vn 0.927307069 0.319384545 -0.195180297
vn 0.84633404 0.516222239 -0.131275877
vn 0.866398454 0.498693854 -0.0256542433
vn 0.968908727 0.247417763 -0.000755834859
vn 0.0487777218 0.856154025 -0.514413297
vn 0.0156751033 0.862323165 -0.506115615
vn 0.00957951602 0.972485363 -0.232766405
vn 0.0458717272 0.971036732 -0.234485447
vn 0.00957951602 0.972485363 -0.232766405
vn -2.11018581e-11 0.973842263 -0.227225408
vn 0 0.99692899 -0.0783114433
vn 0.0074177566 0.996908963 -0.0782145411
vn 0.280622602 0.0231360998 -0.959539235
vn 0.268307537 0.0434951745 -0.962350965
vn 0.515434802 0.0155050475 -0.856788576
vn 0.577049196 -0.012689542 -0.816610694
vn -4.15859747e-09 0.0157596171 -0.999875844
vn -4.74548401e-09 0.04170141 -0.999130011
vn 0.0510045961 0.0459614173 -0.997640312
vn 0.0468348041 0.0243499316 -0.998605847
vn 0.0468348041 0.0243499316 -0.998605847
vn 0.0510045961 0.0459614173 -0.997640312
vn 0.123217613 0.051167421 -0.991059601
vn 0.122543521 0.0338021033 -0.991887212
vn 0.122543521 0.0338021033 -0.991887212
vn 0.123217613 0.051167421 -0.991059601
vn 0.268307537 0.0434951745 -0.962350965
vn 0.280622602 0.0231360998 -0.959539235
vn 0.0644256398 0.36737442 -0.927839041
vn 0.0591153465 0.611316681 -0.789175153
vn 0.116481461 0.596956849 -0.793772399
vn 0.131719232 0.361738622 -0.922927558
vn 0.0355480276 0.113522351 -0.992899358
vn 0.0339635685 0.136781558 -0.990018845
vn 0.0931199118 0.13498646 -0.986461937
vn 0.0980841741 0.110732153 -0.988998413
vn 3.85651511e-09 0.114697531 -0.993400514
vn 8.87719853e-09 0.138082281 -0.990420759
vn 0.0339635685 0.136781558 -0.990018845
vn 0.0355480276 0.113522351 -0.992899358
vn 0.10380055 -0.244958043 -0.963961124
vn 0.111538664 -0.212818056 -0.970704734
vn 0.258665591 -0.183861405 -0.948307514
vn 0.240106136 -0.205453902 -0.94875592
vn 0.0368119888 -0.265218705 -0.963485181
vn 0.0391740315 -0.226006299 -0.97333777
vn 0.111538664 -0.212818056 -0.970704734
vn 0.10380055 -0.244958043 -0.963961124
vn 0.117920093 0.0245083962 -0.992720604
vn 0.107572854 0.0664407015 -0.991974652
vn 0.234364495 0.056705106 -0.970493495
vn 0.254083723 0.0168991219 -0.967034519
vn 0.0459810533 0.0326465741 -0.998408735
vn 0.0390570574 0.0713102296 -0.99668926
vn 0.107572854 0.0664407015 -0.991974652
vn 0.117920093 0.0245083962 -0.992720604
vn -5.33960076e-09 0.0371402428 -0.999310017
vn -3.55949736e-09 0.0727109388 -0.997353077
vn 0.0390570574 0.0713102296 -0.99668926
vn 0.0459810533 0.0326465741 -0.998408735
vn 0.0981169268 0.853489995 -0.511789024
vn 0.0487777218 0.856154025 -0.514413297
vn 0.0458717272 0.971036732 -0.234485447
vn 0.0944252312 0.971394479 -0.217891559
vn 0.254083723 0.0168991219 -0.967034519
vn 0.234364495 0.056705106 -0.970493495
vn 0.474309504 0.0478047542 -0.879059196
vn 0.474129558 0.00985520426 -0.880399823
vn 0.240106136 -0.205453902 -0.94875592
vn 0.258665591 -0.183861405 -0.948307514
vn 0.555523157 -0.145873085 -0.818605542
vn 0.525967836 -0.152447924 -0.836730182
vn 0.208239213 0.104342565 -0.972496152
vn 0.178677678 0.162372455 -0.970417202
vn 0.478201747 0.151300877 -0.86511904
vn 0.486409187 0.0997940078 -0.868013322
vn 0.0230968762 0.371823341 -0.928016126
vn 0.0216363948 0.621395528 -0.783198237
vn 0.0591153465 0.611316681 -0.789175153
vn 0.0644256398 0.36737442 -0.927839041
vn 0.279094487 0.831825793 -0.479762286
vn 0.0981169268 0.853489995 -0.511789024
vn 0.0944252312 0.971394479 -0.217891559
vn 0.228439689 0.955628335 -0.185983479
vn 0.228439689 0.955628335 -0.185983479
vn 0.0944252312 0.971394479 -0.217891559
vn 0.099520281 0.991978168 -0.0779422745
vn 0.229380876 0.970321298 -0.0765557811
vn 0 -0.272311062 -0.962209344
vn -2.37562325e-09 -0.230117202 -0.973162949
vn 0.0391740315 -0.226006299 -0.97333777
vn 0.0368119888 -0.265218705 -0.963485181
vn 0.151685402 0.245477945 -0.957461298
vn 0.178677678 0.162372455 -0.970417202
vn 0.0656265318 0.171577871 -0.982982218
vn 0.0568207875 0.259253502 -0.964136302
vn 0.969949841 0.094781518 -0.22408472
vn 0.958309114 0.171386942 -0.228626758
vn 0.997638464 0.0686846972 2.391527e-06
vn 0.178677678 0.162372455 -0.970417202
vn 0.151685402 0.245477945 -0.957461298
vn 0.456672907 0.235379964 -0.857931316
vn 0.478201747 0.151300877 -0.86511904
vn 0.80415076 0.127883434 -0.580506086
vn 0.897322953 0.107264891 -0.42814222
vn 0.87801367 0.0927199572 -0.469568759
vn 0.786213458 0.0950745791 -0.610597312
vn 0.969949841 0.094781518 -0.22408472
vn 0.897322953 0.107264891 -0.42814222
vn 0.80415076 0.127883434 -0.580506086
vn 0.80415076 0.127883434 -0.580506086
vn 0.786213458 0.0950745791 -0.610597312
vn 0.486409187 0.0997940078 -0.868013322
vn 0.478201747 0.151300877 -0.86511904
vn 0.178677678 0.162372455 -0.970417202
vn 0.208239213 0.104342565 -0.972496152
vn 0.0980841741 0.110732153 -0.988998413
vn 0.0931199118 0.13498646 -0.986461937
vn 0.0685350969 0.136453703 -0.988272846
vn 0.0656265318 0.171577871 -0.982982218
vn 0.0686951727 0.312621295 -0.947390497
vn 0.0644256398 0.36737442 -0.927839041
vn 0.131719232 0.361738622 -0.922927558
vn 0.151685402 0.245477945 -0.957461298
vn 0.0568207875 0.259253502 -0.964136302
vn 0.0499130078 0.311191648 -0.949035585
vn -3.55869445e-09 0.315656394 -0.94887358
vn -8.32296099e-09 0.374917954 -0.927058041
vn 0.0230968762 0.371823341 -0.928016126
vn 0.0237818342 0.316855639 -0.94817549
vn 0.0237818342 0.316855639 -0.94817549
vn 0.0230968762 0.371823341 -0.928016126
vn 0.0644256398 0.36737442 -0.927839041
vn 0.0686951727 0.312621295 -0.947390497
vn 4.99044006e-07 0.262304902 -0.964985073
vn 0 0.262304187 -0.964985311
vn 0 0.314263701 -0.949335635
vn 2.54717293e-07 0.314262778 -0.949336052
vn 0 0.262304187 -0.964985311
vn 0 0.26230225 -0.964985788
vn 0 0.314260334 -0.949336767
vn 0 0.314263701 -0.949335635
vn 0 0.173923358 -0.984759092
vn 0 0.173925638 -0.984758675
vn 0 0.26230225 -0.964985788
vn 0 0.262304187 -0.964985311
vn 6.78511299e-07 0.173924938 -0.984758973
vn 0 0.173923358 -0.984759092
vn 0 0.262304187 -0.964985311
vn 4.99044006e-07 0.262304902 -0.964985073
vn 4.99044006e-07 0.262304902 -0.964985073
vn 2.54717293e-07 0.314262778 -0.949336052
vn 0.0499130078 0.311191648 -0.949035585
vn 0.0568207875 0.259253502 -0.964136302
vn 0 0.138045058 -0.990425885
vn 0 0.173923358 -0.984759092
vn 6.78511299e-07 0.173924938 -0.984758973
vn 6.30787952e-07 0.138045654 -0.990425885
vn 0.0656265318 0.171577871 -0.982982218
vn 6.78511299e-07 0.173924938 -0.984758973
vn 4.99044006e-07 0.262304902 -0.964985073
vn 0.0568207875 0.259253502 -0.964136302
vn 6.30787952e-07 0.138045654 -0.990425885
vn 6.78511299e-07 0.173924938 -0.984758973
vn 0.0656265318 0.171577871 -0.982982218
vn 0.0685350969 0.136453703 -0.988272846
vn 0 0.138050124 -0.990425169
vn 0 0.173925638 -0.984758675
vn 0 0.173923358 -0.984759092
vn 0 0.138045058 -0.990425885
vn -0.000118459437 0.999964893 -0.00837935135
vn -0.000111714369 0.999965489 -0.00829251483
vn 0 0.999976575 -0.00685431575
vn -0.000118459437 0.999964893 -0.00837935135
vn -0.000286915136 0.999922574 -0.0124237966
vn -0.000285604619 0.999923468 -0.0123682022
vn -0.000111714369 0.999965489 -0.00829251483
vn 1.12539524e-07 0.999887466 -0.0150056155
vn -0.000285604619 0.999923468 -0.0123682022
vn -0.000286915136 0.999922574 -0.0124237966
vn 1.12547148e-07 0.999887407 -0.0150056155
vn -3.16459783e-08 -0.996705651 -0.0811049268
vn -3.16829407e-08 -0.996705472 -0.0811049193
vn -0.00110223179 -0.997718155 -0.0675063655
vn -0.00109896238 -0.99773258 -0.0672938749
vn -0.000442578021 -0.998935282 -0.0461316928
vn -0.00109896238 -0.99773258 -0.0672938749
vn -0.00110223179 -0.997718155 -0.0675063655
vn -0.000461157149 -0.998921037 -0.0464390479
vn -0.000461157149 -0.998921037 -0.0464390479
vn 1.12724365e-06 -0.999247313 -0.0387904793
vn -0.000442578021 -0.998935282 -0.0461316928
vn -0.761805654 0.57965219 -0.289232761
vn -0.591147006 0.585470855 -0.554769456
vn -0.690015614 0.318970889 -0.649719894
vn -0.889087021 0.31117326 -0.335701436
vn -0.295076013 0.926692903 -0.232745573
vn -0.185310706 0.932297289 -0.310614794
vn -0.330704868 0.576362789 -0.747288585
vn -0.591147006 0.585470855 -0.554769456
vn -0.330704868 0.576362789 -0.747288585
vn -0.0980198309 0.581304133 -0.807760775
vn -0.0914827734 0.239070937 -0.96668303
vn -0.363221258 0.292750925 -0.884515226
vn -0.185310706 0.932297289 -0.310614794
vn -0.0724213123 0.944484651 -0.320474535
vn -0.0980198309 0.581304133 -0.807760775
vn -0.330704868 0.576362789 -0.747288585
vn -0.690015614 0.318970889 -0.649719894
vn -0.363221258 0.292750925 -0.884515226
vn -0.346150041 0.269578904 -0.898614109
vn -0.666700304 0.294045717 -0.68487078
vn -0.0724213123 0.944484651 -0.320474535
vn -0.0537599549 0.998494685 -0.010866913
vn -5.932419e-10 0.999915183 -0.0130227171
vn 0 0.951863468 -0.306522399
vn -0.295076013 0.926692903 -0.232745573
vn -0.591147006 0.585470855 -0.554769456
vn -0.761805654 0.57965219 -0.289232761
vn -0.365647048 0.922612965 -0.12283054
vn -0.363221258 0.292750925 -0.884515226
vn -0.0914827734 0.239070937 -0.96668303
vn -0.0853443667 0.191648573 -0.977745831
vn -0.346150041 0.269578904 -0.898614109
vn -0.889087021 0.31117326 -0.335701436
vn -0.690015614 0.318970889 -0.649719894
vn -0.666700304 0.294045717 -0.68487078
vn -0.890843928 0.280648321 -0.357258409
vn -0.0914827734 0.239070937 -0.96668303
vn 1.38240921e-08 0.216797933 -0.976216495
vn 0 0.145635113 -0.989338398
vn -0.0853443667 0.191648573 -0.977745831
vn -0.0980198309 0.581304133 -0.807760775
vn 1.45168357e-08 0.592356622 -0.805675805
vn 1.38240921e-08 0.216797933 -0.976216495
vn -0.0914827734 0.239070937 -0.96668303
vn -0.0724213123 0.944484651 -0.320474535
vn 0 0.951863468 -0.306522399
vn 1.45168357e-08 0.592356622 -0.805675805
vn -0.0980198309 0.581304133 -0.807760775
vn -0.0537599549 0.998494685 -0.010866913
vn -0.365647048 0.922612965 -0.12283054
vn -0.370937914 0.928158402 -0.0304471012
vn -0.365647048 0.922612965 -0.12283054
vn -0.0537599549 0.998494685 -0.010866913
vn -0.295076013 0.926692903 -0.232745573
vn -0.295076013 0.926692903 -0.232745573
vn -0.0537599549 0.998494685 -0.010866913
vn -0.185310706 0.932297289 -0.310614794
vn -0.185310706 0.932297289 -0.310614794
vn -0.0537599549 0.998494685 -0.010866913
vn -0.0724213123 0.944484651 -0.320474535
vn -0.591147006 0.585470855 -0.554769456
vn -0.330704868 0.576362789 -0.747288585
vn -0.363221258 0.292750925 -0.884515226
vn -0.690015614 0.318970889 -0.649719894
vn -0.370937914 0.928158402 -0.0304471012
vn -0.365647048 0.922612965 -0.12283054
vn -0.761805654 0.57965219 -0.289232761
vn -0.809669435 0.58241713 -0.0722909272
vn -0.949658155 0.30168888 -0.0844564959
vn -0.889087021 0.31117326 -0.335701436
vn -0.890843928 0.280648321 -0.357258409
vn -0.957366288 0.274215907 -0.0908594802
vn -0.809669435 0.58241713 -0.0722909272
vn -0.761805654 0.57965219 -0.289232761
vn -0.889087021 0.31117326 -0.335701436
vn -0.949658155 0.30168888 -0.0844564959
vn -5.932419e-10 0.999915183 -0.0130227171
vn -0.0537599549 0.998494685 -0.010866913
vn -0.0552670546 0.998471677 -5.73234509e-08
vn 0 1 -5.82997828e-08
vn -0.370937914 0.928158402 -0.0304471012
vn -0.809669435 0.58241713 -0.0722909272
vn -0.804047704 0.594563663 0.00109612884
vn -0.350716323 0.936481774 0.000489198836
vn -0.809669435 0.58241713 -0.0722909272
vn -0.949658155 0.30168888 -0.0844564959
vn -0.953601062 0.301072687 0.000379426638
vn -0.804047704 0.594563663 0.00109612884
vn -0.0537599549 0.998494685 -0.010866913
vn -0.370937914 0.928158402 -0.0304471012
vn -0.350716323 0.936481774 0.000489198836
vn -0.0552670546 0.998471677 -5.73234509e-08
vn -0.949658155 0.30168888 -0.0844564959
vn -0.957366288 0.274215907 -0.0908594802
vn -0.961901665 0.273395777 -3.51429428e-08
vn -0.953601062 0.301072687 0.000379426638
vn 0.761805296 0.579652488 -0.289232969
vn 0.889086843 0.31117329 -0.335701346
vn 0.690016329 0.31897077 -0.649719298
vn 0.591146946 0.585470915 -0.554769456
vn 0.295075655 0.926692903 -0.232745677
vn 0.591146946 0.585470915 -0.554769456
vn 0.330705047 0.57636255 -0.747288764
vn 0.1853109 0.93229723 -0.310615122
vn 0.330705047 0.57636255 -0.747288764
vn 0.363221705 0.292750448 -0.884515226
vn 0.0914829746 0.239070922 -0.96668303
vn 0.0980200097 0.581304014 -0.807760835
vn 0.1853109 0.93229723 -0.310615122
vn 0.330705047 0.57636255 -0.747288764
vn 0.0980200097 0.581304014 -0.807760835
vn 0.0724214464 0.944484651 -0.320474774
vn 0.690016329 0.31897077 -0.649719298
vn 0.666701376 0.294045329 -0.684869826
vn 0.346151233 0.269578427 -0.898613751
vn 0.363221705 0.292750448 -0.884515226
vn 0.0724214464 0.944484651 -0.320474774
vn 0 0.951863468 -0.306522399
vn -5.932419e-10 0.999915183 -0.0130227171
vn 0.05376013 0.998494744 -0.0108669093
vn 0.295075655 0.926692903 -0.232745677
vn 0.365647078 0.922612965 -0.122830644
vn 0.761805296 0.579652488 -0.289232969
vn 0.591146946 0.585470915 -0.554769456
vn 0.363221705 0.292750448 -0.884515226
vn 0.346151233 0.269578427 -0.898613751
vn 0.0853446051 0.191648543 -0.977745831
vn 0.0914829746 0.239070922 -0.96668303
vn 0.889086843 0.31117329 -0.335701346
vn 0.890844285 0.280648112 -0.357257724
vn 0.666701376 0.294045329 -0.684869826
vn 0.690016329 0.31897077 -0.649719298
vn 0.0914829746 0.239070922 -0.96668303
vn 0.0853446051 0.191648543 -0.977745831
vn 0 0.145635113 -0.989338398
vn 1.38240921e-08 0.216797933 -0.976216495
vn 0.0980200097 0.581304014 -0.807760835
vn 0.0914829746 0.239070922 -0.96668303
vn 1.38240921e-08 0.216797933 -0.976216495
vn 1.45168357e-08 0.592356622 -0.805675805
vn 0.0724214464 0.944484651 -0.320474774
vn 0.0980200097 0.581304014 -0.807760835
vn 1.45168357e-08 0.592356622 -0.805675805
vn 0 0.951863468 -0.306522399
vn 0.05376013 0.998494744 -0.0108669093
vn 0.370937616 0.928158402 -0.0304470435
vn 0.365647078 0.922612965 -0.122830644
vn 0.365647078 0.922612965 -0.122830644
vn 0.295075655 0.926692903 -0.232745677
vn 0.05376013 0.998494744 -0.0108669093
vn 0.295075655 0.926692903 -0.232745677
vn 0.1853109 0.93229723 -0.310615122
vn 0.05376013 0.998494744 -0.0108669093
vn 0.1853109 0.93229723 -0.310615122
vn 0.0724214464 0.944484651 -0.320474774
vn 0.05376013 0.998494744 -0.0108669093
vn 0.591146946 0.585470915 -0.554769456
vn 0.690016329 0.31897077 -0.649719298
vn 0.363221705 0.292750448 -0.884515226
vn 0.330705047 0.57636255 -0.747288764
vn 0.370937616 0.928158402 -0.0304470435
vn 0.809669077 0.58241719 -0.0722913072
vn 0.761805296 0.579652488 -0.289232969
vn 0.365647078 0.922612965 -0.122830644
vn 0.949658215 0.301688671 -0.0844569132
vn 0.957366407 0.27421543 -0.0908597335
vn 0.890844285 0.280648112 -0.357257724
vn 0.889086843 0.31117329 -0.335701346
vn 0.809669077 0.58241719 -0.0722913072
vn 0.949658215 0.301688671 -0.0844569132
vn 0.889086843 0.31117329 -0.335701346
vn 0.761805296 0.579652488 -0.289232969
vn -5.932419e-10 0.999915183 -0.0130227171
vn 0 1 -5.82997828e-08
vn 0.0552671552 0.998471677 -5.91373635e-08
vn 0.05376013 0.998494744 -0.0108669093
vn 0.370937616 0.928158402 -0.0304470435
vn 0.350715965 0.936481595 0.000489195692
vn 0.804047525 0.594563842 0.00109622895
vn 0.809669077 0.58241719 -0.0722913072
vn 0.809669077 0.58241719 -0.0722913072
vn 0.804047525 0.594563842 0.00109622895
vn 0.953601062 0.301072478 0.000379561097
vn 0.949658215 0.301688671 -0.0844569132
vn 0.05376013 0.998494744 -0.0108669093
vn 0.0552671552 0.998471677 -5.91373635e-08
vn 0.350715965 0.936481595 0.000489195692
vn 0.370937616 0.928158402 -0.0304470435
vn 0.949658215 0.301688671 -0.0844569132
vn 0.953601062 0.301072478 0.000379561097
vn 0.961901784 0.273395509 -3.4776491e-08
vn 0.957366407 0.27421543 -0.0908597335
vn -0.761805654 0.579652309 0.289232135
vn -0.889086187 0.311174154 0.335702628
vn -0.69001466 0.318970412 0.649721205
vn -0.591146886 0.585471094 0.554769218
vn -0.295078158 0.926692128 0.232745796
vn -0.591146886 0.585471094 0.554769218
vn -0.330704927 0.576363325 0.747288167
vn -0.185311615 0.932297349 0.310614318
vn -0.330704927 0.576363325 0.747288167
vn -0.363221288 0.292749196 0.884515822
vn -0.0914828107 0.239069358 0.966683209
vn -0.0980202034 0.581304014 0.807761014
vn -0.185311615 0.932297349 0.310614318
vn -0.330704927 0.576363325 0.747288167
vn -0.0980202034 0.581304014 0.807761014
vn -0.0724213719 0.94448489 0.320473492
vn -0.69001466 0.318970412 0.649721205
vn -0.666698933 0.294043601 0.684872925
vn -0.346149534 0.269576639 0.898614943
vn -0.363221288 0.292749196 0.884515822
vn -0.0724213719 0.94448489 0.320473492
vn 6.20880014e-10 0.951863706 0.306521058
vn 5.932419e-10 0.999915183 0.0130223893
vn -0.0537605993 0.998494744 0.0108665498
vn -0.295078158 0.926692128 0.232745796
vn -0.365647912 0.922612846 0.122830093
vn -0.761805654 0.579652309 0.289232135
vn -0.591146886 0.585471094 0.554769218
vn -0.363221288 0.292749196 0.884515822
vn -0.346149534 0.269576639 0.898614943
vn -0.0853441432 0.191647321 0.977746129
vn -0.0914828107 0.239069358 0.966683209
vn -0.889086187 0.311174154 0.335702628
vn -0.890842557 0.280649155 0.35726127
vn -0.666698933 0.294043601 0.684872925
vn -0.69001466 0.318970412 0.649721205
vn -0.0914828107 0.239069358 0.966683209
vn -0.0853441432 0.191647321 0.977746129
vn 0 0.145633057 0.989338696
vn 1.4864614e-09 0.21679619 0.976216733
vn -0.0980202034 0.581304014 0.807761014
vn -0.0914828107 0.239069358 0.966683209
vn 1.4864614e-09 0.21679619 0.976216733
vn 1.26233457e-09 0.592357099 0.805675626
vn -0.0724213719 0.94448489 0.320473492
vn -0.0980202034 0.581304014 0.807761014
vn 1.26233457e-09 0.592357099 0.805675626
vn 6.20880014e-10 0.951863706 0.306521058
vn -0.0537605993 0.998494744 0.0108665498
vn -0.370937139 0.9281587 0.0304462109
vn -0.365647912 0.922612846 0.122830093
vn -0.365647912 0.922612846 0.122830093
vn -0.295078158 0.926692128 0.232745796
vn -0.0537605993 0.998494744 0.0108665498
vn -0.295078158 0.926692128 0.232745796
vn -0.185311615 0.932297349 0.310614318
vn -0.0537605993 0.998494744 0.0108665498
vn -0.185311615 0.932297349 0.310614318
vn -0.0724213719 0.94448489 0.320473492
vn -0.0537605993 0.998494744 0.0108665498
vn -0.591146886 0.585471094 0.554769218
vn -0.69001466 0.318970412 0.649721205
vn -0.363221288 0.292749196 0.884515822
vn -0.330704927 0.576363325 0.747288167
vn -0.370937139 0.9281587 0.0304462109
vn -0.809669316 0.582417011 0.0722904801
vn -0.761805654 0.579652309 0.289232135
vn -0.365647912 0.922612846 0.122830093
vn -0.949658573 0.301688045 0.0844567046
vn -0.957366526 0.274214834 0.090860337
vn -0.890842557 0.280649155 0.35726127
vn -0.889086187 0.311174154 0.335702628
vn -0.809669316 0.582417011 0.0722904801
vn -0.949658573 0.301688045 0.0844567046
vn -0.889086187 0.311174154 0.335702628
vn -0.761805654 0.579652309 0.289232135
vn 5.932419e-10 0.999915183 0.0130223893
vn 0 1 -5.82997828e-08
vn -0.0552670546 0.998471677 -5.73234509e-08
vn -0.0537605993 0.998494744 0.0108665498
vn -0.370937139 0.9281587 0.0304462109
vn -0.350715607 0.936481893 -0.000489258673
vn -0.804047465 0.594564021 -0.00109617354
vn -0.809669316 0.582417011 0.0722904801
vn -0.809669316 0.582417011 0.0722904801
vn -0.804047465 0.594564021 -0.00109617354
vn -0.953601658 0.301070541 -0.000379502773
vn -0.949658573 0.301688045 0.0844567046
vn -0.0537605993 0.998494744 0.0108665498
vn -0.0552670546 0.998471677 -5.73234509e-08
vn -0.350715607 0.936481893 -0.000489258673
vn -0.370937139 0.9281587 0.0304462109
vn -0.949658573 0.301688045 0.0844567046
vn -0.953601658 0.301070541 -0.000379502773
vn -0.961901665 0.273395777 -3.51429428e-08
vn -0.957366526 0.274214834 0.090860337
vn 0.761805654 0.579652011 0.289232492
vn 0.591147184 0.585470974 0.554769158
vn 0.690015078 0.318970442 0.649720788
vn 0.889086366 0.311173826 0.335702538
vn 0.295078605 0.926691949 0.232745931
vn 0.185311675 0.932297349 0.310614377
vn 0.330705017 0.576363385 0.747288167
vn 0.591147184 0.585470974 0.554769158
vn 0.330705017 0.576363385 0.747288167
vn 0.0980200395 0.581303954 0.807761073
vn 0.0914827138 0.239070103 0.966683209
vn 0.36322102 0.292749822 0.884515643
vn 0.185311675 0.932297349 0.310614377
vn 0.0724210963 0.944485009 0.320473403
vn 0.0980200395 0.581303954 0.807761073
vn 0.330705017 0.576363385 0.747288167
vn 0.690015078 0.318970442 0.649720788
vn 0.36322102 0.292749822 0.884515643
vn 0.346149653 0.269577503 0.898614645
vn 0.666699827 0.294043034 0.68487227
vn 0.0724210963 0.944485009 0.320473403
vn 0.0537605621 0.998494685 0.0108665451
vn 5.932419e-10 0.999915183 0.0130223893
vn 6.20880014e-10 0.951863706 0.306521058
vn 0.295078605 0.926691949 0.232745931
vn 0.591147184 0.585470974 0.554769158
vn 0.761805654 0.579652011 0.289232492
vn 0.36564824 0.922612488 0.122830182
vn 0.36322102 0.292749822 0.884515643
vn 0.0914827138 0.239070103 0.966683209
vn 0.0853437409 0.191649005 0.977745831
vn 0.346149653 0.269577503 0.898614645
vn 0.889086366 0.311173826 0.335702538
vn 0.690015078 0.318970442 0.649720788
vn 0.666699827 0.294043034 0.68487227
vn 0.890843034 0.280648798 0.357260168
vn 0.0914827138 0.239070103 0.966683209
vn 1.4864614e-09 0.21679619 0.976216733
vn 0 0.145633057 0.989338696
vn 0.0853437409 0.191649005 0.977745831
vn 0.0980200395 0.581303954 0.807761073
vn 1.26233457e-09 0.592357099 0.805675626
vn 1.4864614e-09 0.21679619 0.976216733
vn 0.0914827138 0.239070103 0.966683209
vn 0.0724210963 0.944485009 0.320473403
vn 6.20880014e-10 0.951863706 0.306521058
vn 1.26233457e-09 0.592357099 0.805675626
vn 0.0980200395 0.581303954 0.807761073
vn 0.0537605621 0.998494685 0.0108665451
vn 0.36564824 0.922612488 0.122830182
vn 0.370937139 0.9281587 0.0304461755
vn 0.36564824 0.922612488 0.122830182
vn 0.0537605621 0.998494685 0.0108665451
vn 0.295078605 0.926691949 0.232745931
vn 0.295078605 0.926691949 0.232745931
vn 0.0537605621 0.998494685 0.0108665451
vn 0.185311675 0.932297349 0.310614377
vn 0.185311675 0.932297349 0.310614377
vn 0.0537605621 0.998494685 0.0108665451
vn 0.0724210963 0.944485009 0.320473403
vn 0.591147184 0.585470974 0.554769158
vn 0.330705017 0.576363385 0.747288167
vn 0.36322102 0.292749822 0.884515643
vn 0.690015078 0.318970442 0.649720788
vn 0.370937139 0.9281587 0.0304461755
vn 0.36564824 0.922612488 0.122830182
vn 0.761805654 0.579652011 0.289232492
vn 0.809669435 0.582416952 0.0722908899
vn 0.949658573 0.301687539 0.0844570324
vn 0.889086366 0.311173826 0.335702538
vn 0.890843034 0.280648798 0.357260168
vn 0.957366884 0.27421385 0.0908603445
vn 0.809669435 0.582416952 0.0722908899
vn 0.761805654 0.579652011 0.289232492
vn 0.889086366 0.311173826 0.335702538
vn 0.949658573 0.301687539 0.0844570324
vn 5.932419e-10 0.999915183 0.0130223893
vn 0.0537605621 0.998494685 0.0108665451
vn 0.0552671552 0.998471677 -5.91373635e-08
vn 0 1 -5.82997828e-08
vn 0.370937139 0.9281587 0.0304461755
vn 0.809669435 0.582416952 0.0722908899
vn 0.804047644 0.594563901 -0.00109625282
vn 0.350715458 0.936481893 -0.000489258731
vn 0.809669435 0.582416952 0.0722908899
vn 0.949658573 0.301687539 0.0844570324
vn 0.953601956 0.301070094 -0.000379617792
vn 0.804047644 0.594563901 -0.00109625282
vn 0.0537605621 0.998494685 0.0108665451
vn 0.370937139 0.9281587 0.0304461755
vn 0.350715458 0.936481893 -0.000489258731
vn 0.0552671552 0.998471677 -5.91373635e-08
vn 0.949658573 0.301687539 0.0844570324
vn 0.957366884 0.27421385 0.0908603445
vn 0.961901784 0.273395509 -3.4776491e-08
vn 0.953601956 0.301070094 -0.000379617792
vn -0.315402865 0.580147445 0.750966072
vn -0.0724425241 0.577523172 0.813153803
vn -0.0501059107 0.5793401 0.813544393
vn -0.294154018 0.580466032 0.75929749
vn 0.311961114 0.573818564 -0.757240057
vn 0.0724394098 0.57754612 -0.813137829
vn 0.0500522032 0.57936126 -0.81353265
vn 0.289955527 0.5748294 -0.765177786
vn 0.311961114 0.573818564 -0.757240057
vn 0.289955527 0.5748294 -0.765177786
vn 0.677553654 0.565114915 -0.470708281
vn 0.647184074 0.567262828 -0.50927943
vn 0.647155821 0.567304552 0.509268939
vn 0.831279516 0.536076486 0.146957204
vn 0.837172687 0.535620868 0.11068958
vn 0.677541018 0.565152705 0.470681012
vn 0 1 0
vn 0 1 0
vn 0 1 0
vn 0 1 0
vn -0.294131547 0.580422044 -0.75933975
vn -0.315399498 0.580102861 -0.751001894
vn -0.64147222 0.588992476 -0.491529375
vn -0.663036048 0.589121759 -0.461864442
vn 0.831279516 0.536076486 0.146957204
vn 0.831288755 0.536063373 -0.146952882
vn 0.837177277 0.535611272 -0.110701494
vn 0.837172687 0.535620868 0.11068958
vn 0.831288755 0.536063373 -0.146952882
vn 0.647184074 0.567262828 -0.50927943
vn 0.677553654 0.565114915 -0.470708281
vn 0.837177277 0.535611272 -0.110701494
vn -0.0724136233 0.577498853 -0.813173592
vn -0.315399498 0.580102861 -0.751001894
vn -0.294131547 0.580422044 -0.75933975
vn -0.0500843562 0.579324484 -0.813556731
vn -0.806654871 0.573853314 0.141422734
vn -0.641446352 0.589031637 0.491516024
vn -0.663023114 0.589159191 0.461835206
vn -0.811857164 0.573690832 0.108474307
vn 0.0724688098 0.577571094 0.813117445
vn 0.311965108 0.573865712 0.757202625
vn 0.289976388 0.574875414 0.765135229
vn 0.0500740744 0.579377055 0.813519895
vn -0.315402865 0.580147445 0.750966072
vn -0.294154018 0.580466032 0.75929749
vn -0.663023114 0.589159191 0.461835206
vn -0.641446352 0.589031637 0.491516024
vn -0.806654871 0.573853314 0.141422734
vn -0.811857164 0.573690832 0.108474307
vn -0.811862469 0.573680639 -0.108488284
vn -0.806664526 0.573839843 -0.141421676
vn -0.0724425241 0.577523172 0.813153803
vn 0.0724688098 0.577571094 0.813117445
vn 0.0500740744 0.579377055 0.813519895
vn -0.0501059107 0.5793401 0.813544393
vn -0.0500843562 0.579324484 -0.813556731
vn 0.0500522032 0.57936126 -0.81353265
vn 0.0724394098 0.57754612 -0.813137829
vn -0.0724136233 0.577498853 -0.813173592
vn -0.804332495 0.572137237 -0.160337374
vn -0.806709468 0.57409811 -0.140111431
vn -0.813873827 0.581041515 0
vn -0.813873947 0.581041515 0
vn 0.289976388 0.574875414 0.765135229
vn 0.311965108 0.573865712 0.757202625
vn 0.647155821 0.567304552 0.509268939
vn 0.677541018 0.565152705 0.470681012
vn -0.64147222 0.588992476 -0.491529375
vn -0.806664526 0.573839843 -0.141421676
vn -0.811862469 0.573680639 -0.108488284
vn -0.663036048 0.589121759 -0.461864442
vn 0.675823689 0.575180888 -0.460900337
vn 0.66687274 0.57608813 -0.472655326
vn 0.384276122 0.56673938 -0.728792429
vn 0.333531618 0.559482813 -0.758772492
vn 0.000303876906 0.528168142 -0.849139631
vn -0.384261101 0.566812515 -0.728743255
vn -0.333375305 0.55954361 -0.758796334
vn 0.000346341694 0.528168142 -0.84913981
vn 0.384276122 0.56673938 -0.728792429
vn 0.000303876906 0.528168142 -0.849139631
vn 0.000346341694 0.528168142 -0.84913981
vn 0.333531618 0.559482813 -0.758772492
vn 0 1 0
vn 0 1 0
vn 0 1 0
vn 0 1 0
vn 0 1 0
vn 0 1 0
vn 0 1 0
vn 0 1 0
vn 0 1 0
vn 0 1 0
vn 0 1 0
vn 0 1 0
vn 0 1 0
vn 0 1 0
vn 0 1 0
vn 0 0.194144726 0.980972886
vn 0 0.194144726 0.980972886
vn 0 0.194144741 0.980972886
vn 0 0.194144741 0.980972886
vn 0.0163457617 0.999797463 0.0117333978
vn 0.0234277509 0.999719739 0.00340236444
vn -9.72700873e-05 0.999999583 -0.000891580305
vn 0.00134785438 0.999685109 0.0250572655
vn 0.00799183641 0.999769211 0.0199398119
vn -9.72700873e-05 0.999999583 -0.000891580305
vn 0.00799183641 0.999769211 0.0199398119
vn 0.0163457617 0.999797463 0.0117333978
vn -9.72700873e-05 0.999999583 -0.000891580305
vn -9.72700873e-05 0.999999583 -0.000891580305
vn 0.0237143729 0.999713063 -0.00336083327
vn 0.0170333553 0.999782681 -0.0120218806
vn -9.72700873e-05 0.999999583 -0.000891580305
vn 0.00858006999 0.99974066 -0.0210973974
vn 0.00147760287 0.999633431 -0.0270295516
vn -9.72700873e-05 0.999999583 -0.000891580305
vn 0.0170333553 0.999782681 -0.0120218806
vn 0.00858006999 0.99974066 -0.0210973974
vn -9.72700873e-05 0.999999583 -0.000891580305
vn 0.0234277509 0.999719739 0.00340236444
vn 0.0237143729 0.999713063 -0.00336083327
vn -9.72700873e-05 0.999999583 -0.000891580305
vn -0.0236307066 0.999714851 0.00343911885
vn -0.0166228134 0.999794424 0.011611131
vn -9.72700873e-05 0.999999583 -0.000891580305
vn -0.00826386362 0.999771714 0.01970613
vn -0.00134974753 0.999685287 0.0250534397
vn -9.72700873e-05 0.999999583 -0.000891580305
vn -0.0166228134 0.999794424 0.011611131
vn -0.00826386362 0.999771714 0.01970613
vn -0.0173102897 0.999779344 -0.0118938386
vn -0.0239221789 0.999708116 -0.00339742377
vn -9.72700873e-05 0.999999583 -0.000891580305
vn -0.00147938344 0.999633729 -0.0270249732
vn -0.00886407029 0.99974376 -0.0208308138
vn -9.72700873e-05 0.999999583 -0.000891580305
vn -0.00886407029 0.99974376 -0.0208308138
vn -0.0173102897 0.999779344 -0.0118938386
vn -9.72700873e-05 0.999999583 -0.000891580305
vn -0.0239221789 0.999708116 -0.00339742377
vn -0.0236307066 0.999714851 0.00343911885
vn -9.72700873e-05 0.999999583 -0.000891580305
vn -9.72700873e-05 0.999999583 -0.000891580305
vn -0.00134974753 0.999685287 0.0250534397
vn 0.00134785438 0.999685109 0.0250572655
vn 0.00147760287 0.999633431 -0.0270295516
vn -0.00147938344 0.999633729 -0.0270249732
vn -9.72700873e-05 0.999999583 -0.000891580305
vn 0.80660069 0.574144483 -0.140547276
vn 0.804190218 0.572176695 -0.160909459
vn 0.813873947 0.581041515 0
vn 0.813873827 0.581041515 0
vn -0.333375305 0.55954361 -0.758796334
vn -0.384261101 0.566812515 -0.728743255
vn -0.667242765 0.57614249 -0.472066671
vn -0.676278234 0.575225294 -0.460177809
vn -0.667242765 0.57614249 -0.472066671
vn -0.806709468 0.57409811 -0.140111431
vn -0.804332495 0.572137237 -0.160337374
vn -0.676278234 0.575225294 -0.460177809
vn 0.80660069 0.574144483 -0.140547276
vn 0.66687274 0.57608813 -0.472655326
vn 0.675823689 0.575180888 -0.460900337
vn 0.804190218 0.572176695 -0.160909459
vn 0 1 0
vn 0 1 0
vn 0 1 0
vn 0 1 0
vn 0 1 0
vn 0 1 0
vn -5.56746926e-10 1 0
vn 0 1 0
vn 0 1 0
vn 0 1 0
vn -0.804331422 0.572138727 -0.160337433
vn -0.806708515 0.574099481 -0.140111461
vn -0.813873887 0.581041634 0
vn -0.813873887 0.581041634 0
vn 0.675823212 0.575177193 -0.46090585
vn 0.666873932 0.576083839 -0.472658694
vn 0.384278744 0.566731572 -0.728797078
vn 0.333534688 0.559476018 -0.758776188
vn 0.000309081079 0.52816385 -0.849142492
vn -0.384260505 0.566811383 -0.728744566
vn -0.333374709 0.559541881 -0.758797824
vn 0.000352300267 0.528163791 -0.849142313
vn 0.384278744 0.566731572 -0.728797078
vn 0.000309081079 0.52816385 -0.849142492
vn 0.000352300267 0.528163791 -0.849142313
vn 0.333534688 0.559476018 -0.758776188
vn -5.56746926e-10 1 0
vn 0 1 0
vn 0 1 0
vn -5.56746926e-10 1 0
vn 0 1 0
vn -2.28489307e-06 1 0
vn -5.56746926e-10 1 0
vn 2.26987936e-06 1 0
vn 0 1 0
vn -5.56746926e-10 1 0
vn 0 1 0
vn 0 1 0
vn -5.56746926e-10 1 0
vn 0 1 0
vn 0 1 0
vn 0 0.194135666 0.980974734
vn 0 0.194135666 0.980974734
vn 0 0.194135666 0.980974734
vn 0 0.194135666 0.980974734
vn 0.806599915 0.574145436 -0.140547395
vn 0.804189503 0.572177827 -0.160909608
vn 0.813873887 0.581041634 0
vn 0.813873887 0.581041634 0
vn -0.333374709 0.559541881 -0.758797824
vn -0.384260505 0.566811383 -0.728744566
vn -0.667243898 0.576143503 -0.472063571
vn -0.676278055 0.575226605 -0.460176378
vn -0.667243898 0.576143503 -0.472063571
vn -0.806708515 0.574099481 -0.140111461
vn -0.804331422 0.572138727 -0.160337433
vn -0.676278055 0.575226605 -0.460176378
vn 0.806599915 0.574145436 -0.140547395
vn 0.666873932 0.576083839 -0.472658694
vn 0.675823212 0.575177193 -0.46090585
vn 0.804189503 0.572177827 -0.160909608
vn 2.26987936e-06 1 0
vn -5.56746926e-10 1 0
vn -1.03694964e-08 1 0
vn -2.28489307e-06 1 0
vn -1.03694964e-08 1 0
vn -5.56746926e-10 1 0
vn -0.315402836 0.580150068 0.750964105
vn -0.0724421367 0.577526033 0.813151717
vn -0.0501056835 0.579342544 0.813542485
vn -0.29415369 0.580468655 0.759295344
vn 0.311959773 0.57381916 -0.757240117
vn 0.0724379644 0.577560008 -0.813127995
vn 0.0500513911 0.5793764 -0.813521862
vn 0.289953202 0.574831426 -0.76517719
vn 0.311959773 0.57381916 -0.757240117
vn 0.289953202 0.574831426 -0.76517719
vn 0.677553713 0.565110743 -0.470713198
vn 0.647187233 0.567257941 -0.50928098
vn 0.647156775 0.567303598 0.509268761
vn 0.831279516 0.536076009 0.146958634
vn 0.837173104 0.535619974 0.110689983
vn 0.677541673 0.56515193 0.470681161
vn -0.294129103 0.580424249 -0.759339035
vn -0.315398067 0.580103815 -0.751001596
vn -0.641475141 0.588987768 -0.491531402
vn -0.663036048 0.589117348 -0.461870104
vn 0.831279516 0.536076009 0.146958634
vn 0.831290007 0.536061287 -0.146953329
vn 0.837178826 0.535609245 -0.110699452
vn 0.837173104 0.535619974 0.110689983
vn 0.831290007 0.536061287 -0.146953329
vn 0.647187233 0.567257941 -0.50928098
vn 0.677553713 0.565110743 -0.470713198
vn 0.837178826 0.535609245 -0.110699452
vn -0.0724121705 0.577512681 -0.813163877
vn -0.315398067 0.580103815 -0.751001596
vn -0.294129103 0.580424249 -0.759339035
vn -0.0500835441 0.579339743 -0.813546002
vn -0.806655049 0.573852837 0.141423836
vn -0.641445816 0.589032829 0.491515309
vn -0.663022339 0.589160383 0.461834818
vn -0.811857939 0.573689878 0.108474508
vn 0.0724686831 0.57757175 0.813116908
vn 0.311966926 0.573864937 0.757202446
vn 0.289977789 0.574874818 0.765135229
vn 0.0500740446 0.579378068 0.81351912
vn -0.315402836 0.580150068 0.750964105
vn -0.29415369 0.580468655 0.759295344
vn -0.663022339 0.589160383 0.461834818
vn -0.641445816 0.589032829 0.491515309
vn -0.806655049 0.573852837 0.141423836
vn -0.811857939 0.573689878 0.108474508
vn -0.811864614 0.573677957 -0.108487099
vn -0.806666255 0.573837221 -0.141423121
vn -0.0724421367 0.577526033 0.813151717
vn 0.0724686831 0.57757175 0.813116908
vn 0.0500740446 0.579378068 0.81351912
vn -0.0501056835 0.579342544 0.813542485
vn -0.0500835441 0.579339743 -0.813546002
vn 0.0500513911 0.5793764 -0.813521862
vn 0.0724379644 0.577560008 -0.813127995
vn -0.0724121705 0.577512681 -0.813163877
vn 0.289977789 0.574874818 0.765135229
vn 0.311966926 0.573864937 0.757202446
vn 0.647156775 0.567303598 0.509268761
vn 0.677541673 0.56515193 0.470681161
vn -0.641475141 0.588987768 -0.491531402
vn -0.806666255 0.573837221 -0.141423121
vn -0.811864614 0.573677957 -0.108487099
vn -0.663036048 0.589117348 -0.461870104
vn 0.0163498744 0.999797463 0.0117334127
vn 0.0234335177 0.999719381 0.00340236607
vn -9.7131604e-05 0.999999642 -0.000891662843
vn 0.00134786067 0.999685049 0.0250573028
vn 0.0079918392 0.999769211 0.0199398547
vn -9.7131604e-05 0.999999642 -0.000891662843
vn 0.0079918392 0.999769211 0.0199398547
vn 0.0163498744 0.999797463 0.0117334127
vn -9.7131604e-05 0.999999642 -0.000891662843
vn -9.7131604e-05 0.999999642 -0.000891662843
vn 0.0237121079 0.999713004 -0.00336076226
vn 0.017033726 0.999782681 -0.0120218256
vn -9.7131604e-05 0.999999642 -0.000891662843
vn 0.0085818693 0.999740541 -0.0210975278
vn 0.00147711288 0.999633551 -0.0270299427
vn -9.7131604e-05 0.999999642 -0.000891662843
vn 0.017033726 0.999782681 -0.0120218256
vn 0.0085818693 0.999740541 -0.0210975278
vn -9.7131604e-05 0.999999642 -0.000891662843
vn 0.0234335177 0.999719381 0.00340236607
vn 0.0237121079 0.999713004 -0.00336076226
vn -9.7131604e-05 0.999999642 -0.000891662843
vn -0.0236344319 0.999714851 0.0034391277
vn -0.0166240353 0.999794424 0.011611104
vn -9.7131604e-05 0.999999642 -0.000891662843
vn -0.00826064125 0.999771655 0.0197060984
vn -0.00134669885 0.999685228 0.0250534378
vn -9.7131604e-05 0.999999642 -0.000891662843
vn -0.0166240353 0.999794424 0.011611104
vn -0.00826064125 0.999771655 0.0197060984
vn -0.0173097271 0.999779344 -0.0118938191
vn -0.0239185914 0.999707997 -0.00339735905
vn -9.7131604e-05 0.999999642 -0.000891662843
vn -0.00147941743 0.999633551 -0.0270253755
vn -0.00886624865 0.999743581 -0.0208309945
vn -9.7131604e-05 0.999999642 -0.000891662843
vn -0.00886624865 0.999743581 -0.0208309945
vn -0.0173097271 0.999779344 -0.0118938191
vn -9.7131604e-05 0.999999642 -0.000891662843
vn -0.0239185914 0.999707997 -0.00339735905
vn -0.0236344319 0.999714851 0.0034391277
vn -9.7131604e-05 0.999999642 -0.000891662843
vn -9.7131604e-05 0.999999642 -0.000891662843
vn -0.00134669885 0.999685228 0.0250534378
vn 0.00134786067 0.999685049 0.0250573028
vn 0.00147711288 0.999633551 -0.0270299427
vn -0.00147941743 0.999633551 -0.0270253755
vn -9.7131604e-05 0.999999642 -0.000891662843
vn 0.00750370463 0.999971867 3.00681471e-08
vn 0 1 2.3994998e-08
vn 0 1 0
vn 0.00750363385 0.999971867 0
vn 0.0989560485 0.995091856 3.8622656e-07
vn 0.0482142083 0.998837054 3.09113055e-08
vn 0.0482137725 0.998837054 1.991874e-09
vn 0.0989640281 0.995091081 3.65812724e-07
vn 0.0482142083 0.998837054 3.09113055e-08
vn 0.00750370463 0.999971867 3.00681471e-08
vn 0.00750363385 0.999971867 0
vn 0.0482137725 0.998837054 1.991874e-09
vn 0.116407685 0.993201435 7.0015318e-07
vn 0.0989040807 0.995096982 3.5013079e-07
vn 0.0989311561 0.99509424 5.53451173e-07
vn 0.116462208 0.993195176 1.08307177e-06
vn 0.116512336 0.993189156 7.46683725e-07
vn 0.0989560485 0.995091856 3.8622656e-07
vn 0.0989640281 0.995091081 3.65812724e-07
vn 0.116528325 0.993187368 7.27529766e-07
vn 0.00750330789 0.999971867 0
vn 0 1 0
vn 0 1 2.3994998e-08
vn 0.00750352908 0.999971867 3.00681471e-08
vn 0.0989040807 0.995096982 3.5013079e-07
vn 0.0482146218 0.998837054 0
vn 0.0482146069 0.998837054 2.99153662e-08
vn 0.0989311561 0.99509424 5.53451173e-07
vn 0.0482146218 0.998837054 0
vn 0.00750330789 0.999971867 0
vn 0.00750352908 0.999971867 3.00681471e-08
vn 0.0482146069 0.998837054 2.99153662e-08
vn 0.00750352908 0.999971867 3.00681471e-08
vn 0 1 2.3994998e-08
vn 0 1 2.3994998e-08
vn 0.00750370463 0.999971867 3.00681471e-08
vn 0.116462208 0.993195176 1.08307177e-06
vn 0.0989311561 0.99509424 5.53451173e-07
vn 0.0989560485 0.995091856 3.8622656e-07
vn 0.116512336 0.993189156 7.46683725e-07
vn 0.0989311561 0.99509424 5.53451173e-07
vn 0.0482146069 0.998837054 2.99153662e-08
vn 0.0482142083 0.998837054 3.09113055e-08
vn 0.0989560485 0.995091856 3.8622656e-07
vn 0.0482146069 0.998837054 2.99153662e-08
vn 0.00750352908 0.999971867 3.00681471e-08
vn 0.00750370463 0.999971867 3.00681471e-08
vn 0.0482142083 0.998837054 3.09113055e-08
vn -0.00750370417 0.999971867 2.99444416e-08
vn -0.00750363106 0.999971867 -1.17098942e-10
vn 0 1 0
vn 0 1 2.3994998e-08
vn -0.0989559963 0.995091736 3.84286949e-07
vn -0.0989639983 0.995091081 3.61874612e-07
vn -0.0482137874 0.998837054 7.96227917e-10
vn -0.0482142232 0.998837054 3.02780165e-08
vn -0.0482142232 0.998837054 3.02780165e-08
vn -0.0482137874 0.998837054 7.96227917e-10
vn -0.00750363106 0.999971867 -1.17098942e-10
vn -0.00750370417 0.999971867 2.99444416e-08
vn -0.116407245 0.993201375 7.00152214e-07
vn -0.116461791 0.993195176 1.08307052e-06
vn -0.0989309475 0.995094299 5.5348022e-07
vn -0.0989038795 0.995096982 3.50130392e-07
vn -0.116512217 0.993189275 7.43823762e-07
vn -0.116528235 0.993187428 7.21810579e-07
vn -0.0989639983 0.995091081 3.61874612e-07
vn -0.0989559963 0.995091736 3.84286949e-07
vn -0.00750330789 0.999971867 0
vn -0.00750352908 0.999971867 3.00029903e-08
vn 0 1 2.3994998e-08
vn 0 1 0
vn -0.0989038795 0.995096982 3.50130392e-07
vn -0.0989309475 0.995094299 5.5348022e-07
vn -0.0482146181 0.998837054 2.98798994e-08
vn -0.0482146367 0.998837054 0
vn -0.0482146367 0.998837054 0
vn -0.0482146181 0.998837054 2.98798994e-08
vn -0.00750352908 0.999971867 3.00029903e-08
vn -0.00750330789 0.999971867 0
vn -0.00750352908 0.999971867 3.00029903e-08
vn -0.00750370417 0.999971867 2.99444416e-08
vn 0 1 2.3994998e-08
vn 0 1 2.3994998e-08
vn -0.116461791 0.993195176 1.08307052e-06
vn -0.116512217 0.993189275 7.43823762e-07
vn -0.0989559963 0.995091736 3.84286949e-07
vn -0.0989309475 0.995094299 5.5348022e-07
vn -0.0989309475 0.995094299 5.5348022e-07
vn -0.0989559963 0.995091736 3.84286949e-07
vn -0.0482142232 0.998837054 3.02780165e-08
vn -0.0482146181 0.998837054 2.98798994e-08
vn -0.0482146181 0.998837054 2.98798994e-08
vn -0.0482142232 0.998837054 3.02780165e-08
vn -0.00750370417 0.999971867 2.99444416e-08
vn -0.00750352908 0.999971867 3.00029903e-08
vn 0.0989040807 0.995096982 3.5013079e-07
vn 0.116407685 0.993201435 7.0015318e-07
vn 0.116387345 0.993203938 0
vn 0.0988939106 0.995098054 0
vn -0.0482146367 0.998837054 0
vn -0.00750330789 0.999971867 0
vn -0.00750333443 0.999971867 0
vn -0.0482147001 0.998837054 0
vn -0.116407245 0.993201375 7.00152214e-07
vn -0.0989038795 0.995096982 3.50130392e-07
vn -0.098893851 0.995098054 0
vn -0.116387166 0.993203938 0
vn 0.0482146218 0.998837054 0
vn 0.0989040807 0.995096982 3.5013079e-07
vn 0.0988939106 0.995098054 0
vn 0.0482146703 0.998837054 0
vn -0.0989038795 0.995096982 3.50130392e-07
vn -0.0482146367 0.998837054 0
vn -0.0482147001 0.998837054 0
vn -0.098893851 0.995098054 0
vn 0 1 0
vn 0.00750330789 0.999971867 0
vn 0.00750333443 0.999971867 0
vn 0 1 0
vn -0.00750330789 0.999971867 0
vn 0 1 0
vn 0 1 0
vn -0.00750333443 0.999971867 0
vn 0.00750330789 0.999971867 0
vn 0.0482146218 0.998837054 0
vn 0.0482146703 0.998837054 0
vn 0.00750333443 0.999971867 0
g 
usemtl busMaterial
f 28/1/1 24/2/2 15/2/3 18/1/4
f 20/3/5 22/4/6 13/4/7 11/3/8
f 4/5/9 17/6/10 26/7/11 9/5/12
f 24/2/13 26/7/14 17/6/15 15/2/16
f 1/8/17 27/8/18 25/9/19 16/9/20
f 2/10/21 8/10/22 27/8/23 1/8/24
f 19/11/25 23/12/26 14/12/27 10/11/28
f 23/12/29 20/3/30 11/3/31 14/12/32
f 22/4/33 6/13/34 3/13/35 13/4/36
f 21/14/37 12/15/38 5/16/39 7/16/40
f 19/11/41 10/11/42 12/15/43 21/14/44
f 25/9/45 28/1/46 18/1/47 16/9/48
f 36/17/49 40/18/50 52/19/51 48/20/52
f 38/21/53 39/22/54 51/23/55 50/24/56
f 35/25/57 36/17/58 48/20/59 47/26/60
f 31/27/61 34/28/62 46/29/63 43/30/64
f 39/22/65 35/25/66 47/26/67 51/23/68
f 34/28/69 30/31/70 42/32/71 46/29/72
f 33/33/73 32/34/74 44/35/75 45/36/76
f 37/37/77 31/27/78 43/30/79 49/38/80
f 30/31/81 29/39/82 41/40/83 42/32/84
f 29/39/85 33/33/86 45/36/87 41/40/88
f 40/18/89 37/37/90 49/38/91 52/19/92
f 62/13/93 66/10/94 65/8/95 60/4/96
f 61/12/97 55/1/98 64/2/99 57/11/100
f 60/4/101 65/8/102 56/9/103 58/3/104
f 57/11/105 64/2/106 54/7/107 59/14/108
f 59/14/109 54/7/110 53/5/111 63/16/112
f 58/3/113 56/9/114 55/1/115 61/12/116
f 68/13/117 71/13/118 73/10/119 67/10/120
f 69/5/121 74/5/122 72/16/123 70/16/124
f 82/41/125 86/42/126 98/43/127 94/44/128
f 84/45/129 85/46/130 97/47/131 96/48/132
f 81/49/133 82/41/134 94/44/135 93/50/136
f 77/51/137 80/52/138 92/53/139 89/54/140
f 85/46/141 81/49/142 93/50/143 97/47/144
f 80/52/145 76/55/146 88/56/147 92/53/148
f 79/57/149 78/58/150 90/59/151 91/60/152
f 83/61/153 77/51/154 89/54/155 95/62/156
f 76/55/157 75/63/158 87/64/159 88/56/160
f 75/63/161 79/57/162 91/60/163 87/64/164
f 86/42/165 83/61/166 95/62/167 98/43/168
f 116/65/169 113/66/170 120/66/171 105/65/172
f 107/67/173 119/68/174 108/68/175 110/67/176
f 123/69/177 125/70/178 115/70/179 102/71/180
f 113/66/181 115/70/182 125/70/183 120/66/184
f 122/72/185 121/73/186 117/73/187 114/72/188
f 121/73/189 126/74/190 101/74/191 117/73/192
f 106/75/193 112/76/194 111/76/195 103/75/196
f 119/68/197 111/76/198 112/76/199 108/68/200
f 118/77/201 107/67/202 110/67/203 99/77/204
f 109/78/205 104/78/206 124/79/207 100/80/208
f 106/75/209 103/75/210 104/78/211 109/78/212
f 114/72/213 116/65/214 105/65/215 122/72/216
f 127/77/217 134/67/218 140/73/219 129/74/220
f 135/76/221 131/75/222 136/66/223 139/65/224
f 134/67/225 132/68/226 137/72/227 140/73/228
f 131/75/229 133/78/230 138/70/231 136/66/232
f 132/68/233 135/76/234 139/65/235 137/72/236
f 138/70/237 133/78/238 128/80/239 130/71/240
f 142/74/241 144/74/242 143/77/243 141/77/244
f 162/81/245 159/82/246 166/82/247 151/81/248
f 153/83/249 165/84/250 154/84/251 156/83/252
f 169/85/253 171/86/254 161/86/255 148/87/256
f 159/82/257 161/86/258 171/86/259 166/82/260
f 168/88/261 167/89/262 163/89/263 160/88/264
f 167/89/265 172/90/266 147/90/267 163/89/268
f 152/91/269 158/92/270 157/92/271 149/91/272
f 165/84/273 157/92/274 158/92/275 154/84/276
f 164/93/277 153/83/278 156/83/279 145/93/280
f 155/94/281 150/94/282 170/95/283 146/96/284
f 152/91/285 149/91/286 150/94/287 155/94/288
f 160/88/289 162/81/290 151/81/291 168/88/292
f 173/93/293 180/83/294 186/89/295 175/90/296
f 181/92/297 177/91/298 182/82/299 185/81/300
f 180/83/301 178/84/302 183/88/303 186/89/304
f 177/91/305 179/94/306 184/86/307 182/82/308
f 178/84/309 181/92/310 185/81/311 183/88/312
f 184/86/313 179/94/314 174/96/315 176/87/316
f 188/90/317 190/90/318 189/93/319 187/93/320
f 191/80/321 194/79/322 193/69/323 192/71/324
f 195/96/325 198/95/326 197/85/327 196/87/328
f 205/97/329 217/97/330 218/98/331 206/98/332
f 204/99/333 216/99/334 212/100/335 200/100/336
f 209/101/337 221/101/338 217/97/339 205/97/340
f 200/100/341 212/100/342 211/102/343 199/102/344
f 207/103/345 219/103/346 213/104/347 201/104/348
f 199/102/349 211/102/350 215/105/351 203/105/352
f 210/106/353 222/106/354 219/103/355 207/103/356
f 208/107/357 220/107/358 221/101/359 209/101/360
f 201/104/361 213/104/362 216/99/363 204/99/364
f 203/105/365 215/105/366 214/108/367 202/108/368
f 206/98/369 218/98/370 222/106/371 210/106/372
f 229/109/373 241/109/374 242/110/375 230/110/376
f 228/111/377 240/111/378 236/112/379 224/112/380
f 233/113/381 245/113/382 241/109/383 229/109/384
f 224/112/385 236/112/386 235/114/387 223/114/388
f 231/115/389 243/115/390 237/116/391 225/116/392
f 223/114/393 235/114/394 239/117/395 227/117/396
f 234/118/397 246/118/398 243/115/399 231/115/400
f 232/119/401 244/119/402 245/113/403 233/113/404
f 225/116/405 237/116/406 240/111/407 228/111/408
f 227/117/409 239/117/410 238/120/411 226/120/412
f 230/110/413 242/110/414 246/118/415 234/118/416
f 253/121/417 254/122/418 266/123/419 265/124/420
f 252/125/421 248/122/422 260/123/423 264/126/424
f 257/127/425 253/121/426 265/124/427 269/128/428
f 248/122/429 247/121/430 259/124/431 260/123/432
f 255/129/433 249/129/434 261/130/435 267/130/436
f 247/121/437 251/127/438 263/128/439 259/124/440
f 258/125/441 255/129/442 267/130/443 270/126/444
f 256/131/445 257/127/446 269/128/447 268/132/448
f 249/129/449 252/125/450 264/126/451 261/130/452
f 251/127/453 250/131/454 262/132/455 263/128/456
f 254/122/457 258/125/458 270/126/459 266/123/460
f 277/121/461 278/133/462 290/134/463 289/135/464
f 276/125/465 272/133/466 284/134/467 288/136/468
f 281/127/469 277/121/470 289/135/471 293/137/472
f 272/133/473 271/121/474 283/135/475 284/134/476
f 279/138/477 273/138/478 285/139/479 291/139/480
f 271/121/481 275/127/482 287/137/483 283/135/484
f 282/125/485 279/138/486 291/139/487 294/136/488
f 280/140/489 281/127/490 293/137/491 292/141/492
f 273/138/493 276/125/494 288/136/495 285/139/496
f 275/127/497 274/140/498 286/141/499 287/137/500
f 278/133/501 282/125/502 294/136/503 290/134/504
f 295/142/505 325/143/506 298/7/507
f 298/7/508 334/144/509 295/142/510
f 316/145/511 320/146/512 305/8/513 297/147/514
f 315/148/515 321/149/516 307/150/517 296/151/518
f 295/142/519 334/144/520 314/152/521 299/153/522
f 321/149/523 316/145/524 297/147/525 307/150/526
f 298/7/527 325/143/528 315/148/529 296/151/530
f 339/154/531 342/155/532 302/11/533 308/12/534 311/81/535 346/156/536 341/39/537 335/157/538 337/158/539 336/159/540 340/160/541 338/161/542
f 303/3/543 306/162/544 310/89/545 300/163/546
f 308/12/547 303/3/548 300/163/549 311/81/550
f 345/164/551 304/165/552 302/11/553 342/155/554
f 344/166/555 341/39/556 346/156/557 347/167/558
f 333/13/559 399/90/560 310/89/561 306/162/562
f 312/168/563 318/169/564 404/170/565 407/171/566
f 301/172/567 312/168/568 407/171/569 406/173/570
f 320/146/571 327/174/572 332/175/573 305/8/574
f 317/176/575 405/177/576 403/178/577 319/179/578
f 319/179/579 403/178/580 404/170/581 318/169/582
f 333/13/583 331/180/584 330/181/585
f 332/175/586 326/182/587 331/180/588
f 332/175/589 327/174/590 326/182/591
f 331/180/592 333/13/593 332/175/594
f 330/181/595 329/183/596 333/13/597
f 333/13/598 329/183/599 328/184/600
f 328/184/601 301/172/602 333/13/603
f 299/153/604 314/152/605 348/185/606
f 358/76/607 355/68/608 352/186/609 363/187/610
f 359/78/611 354/75/612 351/188/613 357/189/614
f 390/77/615 353/190/616 350/191/617 361/192/618 362/67/619
f 369/193/620 373/194/621 370/195/622 368/196/623
f 355/68/624 362/67/625 361/192/626 352/186/627
f 354/75/628 358/76/629 363/187/630 351/188/631
f 353/190/632 369/193/633 368/196/634 350/191/635
f 374/197/636 371/198/637 372/199/638 375/200/639
f 375/200/640 372/199/641 370/195/642 373/194/643
f 324/201/644 375/200/645 373/194/646 322/202/647
f 323/203/648 374/197/649 375/200/650 324/201/651
f 364/204/652 313/205/653 369/193/654 353/190/655
f 391/66/656 386/63/657 377/206/658 376/52/659 378/51/660 380/61/661 381/42/662 379/207/663 387/49/664 388/208/665 367/92/666 392/65/667
f 394/72/668 360/84/669 366/83/670 393/73/671
f 344/166/672 347/167/673 401/87/674 343/34/675
f 395/71/676 356/209/677 382/58/678
f 392/65/679 367/92/680 360/84/681 394/72/682
f 388/208/683 387/49/684 385/46/685 389/94/686
f 384/57/687 386/63/688 391/66/689 397/210/690
f 393/73/691 366/83/692 400/93/693 398/74/694
f 313/205/695 322/202/696 373/194/697 369/193/698
f 357/189/699 349/211/700 356/209/701 396/80/702 359/78/703
f 395/71/704 396/80/705 356/209/706
f 384/57/707 397/210/708 395/71/709 382/58/710
f 400/93/711 399/90/712 364/204/713
f 399/90/714 333/13/715 406/173/716 364/204/717
f 398/74/718 400/93/719 364/204/720 353/190/721 390/77/722
f 385/46/723 383/45/724 402/96/725 389/94/726
f 343/34/727 401/87/728 309/212/729
f 401/87/730 402/96/731 365/213/732 309/212/733
f 402/96/734 383/45/735 365/213/736
f 314/152/737 304/165/738 345/164/739
f 348/185/740 314/152/741 345/164/742
f 407/171/743 404/170/744 322/202/745 313/205/746
f 404/170/747 403/178/748 324/201/749 322/202/750
f 406/173/751 407/171/752 313/205/753 364/204/754
f 406/173/755 333/13/756 301/172/757
f 403/178/758 405/177/759 323/203/760 324/201/761
f 408/214/762 409/215/763 410/216/764 411/217/765
f 409/215/766 412/218/767 413/219/768 410/216/769
f 412/218/770 414/220/771 415/221/772 413/219/773
f 414/220/774 416/222/775 417/223/776 415/221/777
f 416/222/778 418/224/779 419/225/780 417/223/781
f 418/224/782 420/226/783 421/227/784 419/225/785
f 420/226/786 422/228/787 423/229/788 421/227/789
f 422/228/790 408/214/791 411/217/792 423/229/793
f 460/230/794 462/231/795 461/232/796 459/233/797
f 426/215/798 425/234/799 427/218/800
f 427/218/801 425/234/802 428/220/803
f 432/228/804 425/234/805 426/215/806 424/214/807
f 430/224/808 425/234/809 431/226/810
f 431/226/811 425/234/812 432/228/813
f 433/216/814 434/217/815 411/217/816 410/216/817
f 435/219/818 433/216/819 410/216/820 413/219/821
f 436/221/822 435/219/823 413/219/824 415/221/825
f 437/223/826 436/221/827 415/221/828 417/223/829
f 438/225/830 437/223/831 417/223/832 419/225/833
f 439/227/834 438/225/835 419/225/836 421/227/837
f 440/229/838 439/227/839 421/227/840 423/229/841
f 434/217/842 440/229/843 423/229/844 411/217/845
f 467/235/846 453/236/847 450/237/848 466/238/849
f 464/239/850 460/230/851 459/233/852 463/240/853
f 441/241/854 444/242/855 451/243/856
f 425/234/857 430/224/858 429/222/859 428/220/860
f 454/244/861 455/245/862 446/246/863 445/247/864
f 456/248/865 457/249/866 444/242/867 443/250/868
f 457/249/869 458/251/870 451/243/871 444/242/872
f 448/252/873 447/253/874 457/249/875 456/248/876
f 447/253/877 452/254/878 458/251/879 457/249/880
f 443/250/881 444/242/882 441/241/883 442/255/884
f 442/255/885 441/241/886 445/247/887 446/246/888
f 449/256/889 450/237/890 447/253/891 448/252/892
f 450/237/893 453/236/894 452/254/895 447/253/896
f 463/240/897 455/245/898 454/244/899 464/239/900
f 462/231/901 468/257/902 469/258/903 461/232/904
f 462/231/905 470/259/906 468/257/907
f 468/257/908 466/238/909 465/260/910 469/258/911
f 470/259/912 467/235/913 466/238/914 468/257/915
f 471/261/916 472/262/917 441/241/918 451/243/919
f 472/262/920 473/263/921 445/247/922 441/241/923
f 474/264/924 475/265/925 452/254/926 453/236/927
f 473/263/928 476/266/929 454/244/930 445/247/931
f 477/267/932 471/261/933 451/243/934 458/251/935
f 475/265/936 477/267/937 458/251/938 452/254/939
f 478/268/940 479/269/941 462/231/942 460/230/943
f 480/270/944 478/268/945 460/230/946 464/239/947
f 481/271/948 474/264/949 453/236/950 467/235/951
f 476/266/952 480/270/953 464/239/954 454/244/955
f 479/269/956 482/272/957 470/259/958 462/231/959
f 482/272/960 481/271/961 467/235/962 470/259/963
f 483/261/964 484/273/965 485/262/966
f 485/262/967 484/273/968 486/263/969
f 487/264/970 484/273/971 488/265/972
f 486/263/973 484/273/974 489/266/975
f 490/267/976 484/273/977 483/261/978
f 488/265/979 484/273/980 490/267/981
f 491/268/982 484/273/983 492/269/984
f 493/270/985 484/273/986 491/268/987
f 494/271/988 484/273/989 487/264/990
f 489/266/991 484/273/992 493/270/993
f 492/269/994 484/273/995 495/272/996
f 495/272/997 484/273/998 494/271/999
f 466/238/1000 450/237/1001 449/256/1002 465/260/1003
f 498/274/1004 501/275/1005 497/276/1006 496/277/1007 500/278/1008 499/279/1009 505/280/1010 506/281/1011 502/282/1012 503/283/1013 507/284/1014 504/285/1015
f 510/286/1016 513/287/1017 509/288/1018 508/289/1019 512/290/1020 511/291/1021 517/292/1022 518/293/1023 514/294/1024 515/295/1025 519/296/1026 516/297/1027
f 522/274/1028 528/285/1029 531/284/1030 527/283/1031 526/282/1032 530/281/1033 529/280/1034 523/279/1035 524/278/1036 520/277/1037 521/276/1038 525/275/1039
f 534/286/1040 540/297/1041 543/296/1042 539/295/1043 538/294/1044 542/293/1045 541/292/1046 535/291/1047 536/290/1048 532/289/1049 533/288/1050 537/287/1051
f 648/298/1052 642/299/1053 641/300/1054 658/301/1055
f 552/302/1056 565/303/1057 589/304/1058 567/305/1059
f 544/306/1060 545/307/1061 546/308/1062
f 547/306/1063 548/307/1064 549/308/1065
f 722/309/1066 643/310/1067 644/311/1068 651/312/1069
f 720/313/1070 641/300/1071 642/299/1072 723/314/1073
f 736/315/1074 579/316/1075 551/317/1076 550/318/1077
f 721/319/1078 646/320/1079 652/321/1080 713/303/1081
f 801/322/1082 810/323/1083 821/324/1084 800/325/1085
f 806/326/1086 809/327/1087 807/328/1088 808/329/1089
f 744/330/1090 745/331/1091 819/332/1092 817/333/1093
f 553/334/1094 570/335/1095 572/336/1096 556/310/1097
f 729/315/1098 726/316/1099 705/317/1100 638/318/1101
f 557/311/1102 558/337/1103 550/318/1104 578/312/1105
f 731/338/1106 734/339/1107 730/340/1108 733/341/1109
f 722/309/1110 651/312/1111 732/342/1112 707/343/1113
f 657/344/1114 658/301/1115 641/300/1116 725/345/1117
f 563/346/1118 581/347/1119 558/337/1120 557/311/1121
f 705/317/1122 726/316/1123 734/339/1124 731/338/1125
f 733/341/1126 730/340/1127 707/343/1128 732/342/1129
f 580/321/1130 562/320/1131 574/348/1132 583/349/1133
f 714/350/1134 655/349/1135 727/351/1136 715/352/1137
f 567/305/1138 589/304/1139 577/353/1140 587/354/1141
f 570/335/1142 569/352/1143 564/355/1144 572/336/1145
f 566/350/1146 580/321/1147 583/349/1148 588/351/1149
f 584/314/1150 576/319/1151 573/356/1152
f 562/320/1153 575/313/1154 574/348/1155
f 642/299/1156 724/357/1157 717/358/1158 723/314/1159
f 585/357/1160 586/345/1161 561/359/1162 571/358/1163
f 709/360/1164 724/357/1165 642/299/1166 648/298/1167
f 555/299/1168 568/298/1169 559/360/1170 585/357/1171
f 581/347/1172 577/353/1173 569/352/1174 570/335/1175
f 565/303/1176 580/321/1177 566/350/1178 589/304/1179
f 712/355/1180 656/354/1181 711/346/1182 649/336/1183
f 603/361/1184 635/362/1185 623/363/1186 602/364/1187
f 577/353/1188 589/304/1189 566/350/1190 569/352/1191
f 641/300/1192 720/313/1193 710/359/1194 725/345/1195
f 718/356/1196 706/302/1197 655/349/1198 719/348/1199
f 558/337/1200 553/334/1201 736/315/1202 550/318/1203
f 588/351/1204 567/305/1205 587/354/1206 564/355/1207
f 725/345/1208 724/357/1209 709/360/1210 657/344/1211
f 564/355/1212 587/354/1213 563/346/1214 572/336/1215
f 572/336/1216 563/346/1217 557/311/1218 556/310/1219
f 576/319/1220 562/320/1221 580/321/1222 565/303/1223
f 717/358/1224 710/359/1225 646/320/1226 721/319/1227
f 728/304/1228 714/350/1229 715/352/1230 650/353/1231
f 723/314/1232 718/356/1233 719/348/1234 720/313/1235
f 610/365/1236 611/366/1237 601/367/1238 631/368/1239
f 737/339/1240 579/316/1241 736/315/1242
f 654/343/1243 645/340/1244 560/309/1245
f 571/358/1246 561/359/1247 562/320/1248 576/319/1249
f 700/369/1250 689/370/1251 676/371/1252 701/372/1253
f 709/360/1254 648/298/1255 658/301/1256 657/344/1257
f 601/367/1258 611/366/1259 602/373/1260
f 598/374/1261 608/375/1262 597/376/1263
f 632/377/1264 610/365/1265 600/378/1266
f 665/367/1267 673/366/1268 672/365/1269 663/368/1270
f 729/315/1271 722/309/1272 730/340/1273 734/339/1274
f 596/379/1275 608/375/1276 595/380/1277
f 592/381/1278 606/382/1279 593/383/1280
f 602/373/1281 611/366/1282 603/384/1283
f 597/376/1284 608/375/1285 596/379/1286
f 600/378/1287 610/365/1288 631/368/1289
f 594/385/1290 606/382/1291 625/386/1292
f 604/387/1293 611/366/1294 605/388/1295
f 606/382/1296 626/389/1297 625/386/1298
f 630/390/1299 608/375/1300 598/374/1301
f 633/391/1302 610/365/1303 632/377/1304
f 662/392/1305 661/390/1306 670/375/1307 671/393/1308
f 593/383/1309 606/382/1310 594/385/1311
f 626/389/1312 610/365/1313 633/391/1314
f 615/394/1315 618/395/1316 627/396/1317 614/397/1318
f 603/384/1319 611/366/1320 604/387/1321
f 668/382/1322 669/398/1323 671/393/1324 670/375/1325
f 673/366/1326 671/393/1327 669/398/1328 672/365/1329
f 624/399/1330 614/397/1331 627/396/1332
f 612/400/1333 614/397/1334 624/399/1335
f 613/401/1336 614/397/1337 612/400/1338
f 677/396/1339 695/395/1340 676/394/1341 675/397/1342
f 627/396/1343 617/402/1344 616/403/1345
f 616/403/1346 617/402/1347 628/404/1348
f 628/404/1349 617/402/1350 629/405/1351
f 617/402/1352 627/396/1353 618/395/1354
f 618/395/1355 622/406/1356 637/407/1357
f 637/407/1358 635/408/1359 636/409/1360
f 623/410/1361 635/408/1362 637/407/1363
f 623/410/1364 637/407/1365 622/406/1366
f 622/406/1367 634/411/1368 619/412/1369
f 619/412/1370 634/411/1371 620/413/1372
f 620/413/1373 634/411/1374 621/414/1375
f 664/415/1376 697/416/1377 696/417/1378 663/418/1379
f 620/416/1380 621/419/1381 632/420/1382 600/415/1383
f 702/421/1384 683/422/1385 704/423/1386 703/424/1387
f 661/425/1388 662/426/1389 695/427/1390 694/428/1391
f 684/429/1392 690/430/1393 677/431/1394 685/432/1395
f 681/363/1396 682/362/1397 667/361/1398 666/364/1399
f 644/311/1400 708/337/1401 638/318/1402 651/312/1403
f 693/433/1404 661/425/1405 694/428/1406 679/434/1407
f 703/424/1408 704/423/1409 695/427/1410 662/426/1411
f 677/431/1412 690/430/1413 660/435/1414 678/436/1415
f 685/432/1416 674/437/1417 659/438/1418 684/429/1419
f 674/437/1420 687/439/1421 686/440/1422 659/438/1423
f 686/440/1424 687/439/1425 675/441/1426 688/442/1427
f 688/442/1428 675/441/1429 676/371/1430 689/370/1431
f 575/313/1432 554/300/1433 555/299/1434 584/314/1435
f 691/443/1436 692/444/1437 678/436/1438 660/435/1439
f 682/362/1440 683/422/1441 702/421/1442 667/361/1443
f 690/380/1444 684/381/1445 668/382/1446 670/375/1447
f 569/352/1448 566/350/1449 588/351/1450 564/355/1451
f 596/435/1452 595/430/1453 627/431/1454 616/436/1455
f 653/347/1456 650/353/1457 715/352/1458 716/335/1459
f 649/336/1460 643/310/1461 640/334/1462 716/335/1463
f 643/310/1464 722/309/1465 729/315/1466 640/334/1467
f 771/445/1468 773/446/1469 772/447/1470 769/308/1471
f 652/321/1472 646/320/1473 719/348/1474
f 713/303/1475 706/302/1476 718/356/1477
f 714/350/1478 652/321/1479 655/349/1480
f 754/448/1481 759/449/1482 758/450/1483 757/451/1484
f 712/355/1485 649/336/1486 716/335/1487 715/352/1488
f 662/392/1489 671/393/1490 673/366/1491 703/388/1492
f 721/319/1493 718/356/1494 723/314/1495
f 646/320/1496 710/359/1497 720/313/1498
f 666/364/1499 665/452/1500 680/453/1501 681/363/1502
f 561/359/1503 586/345/1504 554/300/1505 575/313/1506
f 649/336/1507 711/346/1508 644/311/1509 643/310/1510
f 590/344/1511 591/301/1512 554/300/1513 586/345/1514
f 639/338/1515 737/339/1516 645/340/1517 735/341/1518
f 551/317/1519 579/316/1520 737/339/1521 639/338/1522
f 735/341/1523 645/340/1524 654/343/1525 582/342/1526
f 650/353/1527 647/305/1528 706/302/1529 728/304/1530
f 650/353/1531 656/354/1532 647/305/1533
f 583/349/1534 574/348/1535 573/356/1536 552/302/1537
f 665/367/1538 666/373/1539 673/366/1540
f 693/374/1541 691/376/1542 670/375/1543
f 698/377/1544 664/378/1545 672/365/1546
f 729/315/1547 638/318/1548 708/337/1549 640/334/1550
f 595/380/1551 608/375/1552 606/382/1553 592/381/1554
f 660/379/1555 690/380/1556 670/375/1557
f 684/381/1558 659/383/1559 668/382/1560
f 666/373/1561 667/384/1562 673/366/1563
f 691/376/1564 660/379/1565 670/375/1566
f 664/378/1567 663/368/1568 672/365/1569
f 686/385/1570 688/386/1571 668/382/1572
f 702/387/1573 703/388/1574 673/366/1575
f 689/389/1576 668/382/1577 688/386/1578
f 661/390/1579 693/374/1580 670/375/1581
f 700/391/1582 698/377/1583 672/365/1584
f 754/448/1585 761/454/1586 760/455/1587 759/449/1588
f 659/383/1589 686/385/1590 668/382/1591
f 689/389/1592 672/365/1593 669/398/1594
f 611/366/1595 609/393/1596 599/392/1597 605/388/1598
f 667/384/1599 702/387/1600 673/366/1601
f 610/365/1602 607/398/1603 609/393/1604 611/366/1605
f 801/322/1606 800/325/1607 822/456/1608 825/457/1609
f 685/399/1610 677/396/1611 675/397/1612
f 674/400/1613 685/399/1614 675/397/1615
f 687/401/1616 674/400/1617 675/397/1618
f 599/392/1619 609/393/1620 608/375/1621 630/390/1622
f 677/396/1623 678/403/1624 694/402/1625
f 678/403/1626 692/404/1627 694/402/1628
f 692/404/1629 679/405/1630 694/402/1631
f 694/402/1632 695/395/1633 677/396/1634
f 622/406/1635 618/395/1636 615/394/1637 634/411/1638
f 704/407/1639 683/409/1640 682/408/1641
f 681/410/1642 704/407/1643 682/408/1644
f 681/410/1645 680/406/1646 704/407/1647
f 680/406/1648 696/412/1649 701/411/1650
f 696/412/1651 697/413/1652 701/411/1653
f 697/413/1654 699/414/1655 701/411/1656
f 701/411/1657 676/394/1658 680/406/1659
f 593/438/1660 612/437/1661 624/432/1662 592/429/1663
f 693/433/1664 679/434/1665 692/444/1666 691/443/1667
f 594/440/1668 625/442/1669 614/441/1670 613/439/1671
f 625/442/1672 626/370/1673 615/371/1674 614/441/1675
f 680/453/1676 665/452/1677 663/418/1678 696/417/1679
f 616/436/1680 628/444/1681 597/443/1682 596/435/1683
f 604/421/1684 636/422/1685 635/362/1686 603/361/1687
f 604/421/1688 605/424/1689 637/423/1690 636/422/1691
f 630/425/1692 617/428/1693 618/427/1694 599/426/1695
f 724/357/1696 725/345/1697 710/359/1698 717/358/1699
f 698/420/1700 700/369/1701 701/372/1702 699/419/1703
f 594/440/1704 613/439/1705 612/437/1706 593/438/1707
f 632/420/1708 621/419/1709 634/372/1710 633/369/1711
f 633/369/1712 634/372/1713 615/371/1714 626/370/1715
f 631/418/1716 601/452/1717 622/453/1718 619/417/1719
f 619/417/1720 620/416/1721 600/415/1722 631/418/1723
f 628/444/1724 629/434/1725 598/433/1726 597/443/1727
f 598/433/1728 629/434/1729 617/428/1730 630/425/1731
f 605/424/1732 599/426/1733 618/427/1734 637/423/1735
f 622/453/1736 601/452/1737 602/364/1738 623/363/1739
f 558/337/1740 581/347/1741 570/335/1742 553/334/1743
f 647/305/1744 656/354/1745 712/355/1746 727/351/1747
f 582/342/1748 654/343/1749 560/309/1750 578/312/1751
f 574/348/1752 575/313/1753 584/314/1754 573/356/1755
f 713/303/1756 652/321/1757 714/350/1758 728/304/1759
f 554/300/1760 591/301/1761 568/298/1762 555/299/1763
f 627/431/1764 595/430/1765 592/429/1766 624/432/1767
f 559/360/1768 568/298/1769 591/301/1770 590/344/1771
f 587/354/1772 577/353/1773 581/347/1774 563/346/1775
f 555/299/1776 585/357/1777 571/358/1778 584/314/1779
f 559/360/1780 590/344/1781 586/345/1782 585/357/1783
f 716/335/1784 640/334/1785 708/337/1786 653/347/1787
f 711/346/1788 653/347/1789 708/337/1790 644/311/1791
f 560/309/1792 556/310/1793 557/311/1794 578/312/1795
f 707/343/1796 730/340/1797 722/309/1798
f 734/339/1799 726/316/1800 729/315/1801
f 645/340/1802 737/339/1803 736/315/1804 560/309/1805
f 740/447/1806 741/446/1807 739/445/1808 546/308/1809
f 626/389/1810 607/398/1811 610/365/1812
f 812/458/1813 813/459/1814 778/331/1815 777/330/1816
f 584/314/1817 571/358/1818 576/319/1819
f 562/320/1820 561/359/1821 575/313/1822
f 715/352/1823 727/351/1824 712/355/1825
f 573/356/1826 576/319/1827 565/303/1828 552/302/1829
f 781/445/1830 783/446/1831 782/447/1832 779/308/1833
f 738/460/1834 739/445/1835 742/461/1836
f 544/306/1837 738/460/1838 743/462/1839
f 752/330/1840 753/331/1841 815/463/1842 814/464/1843
f 547/306/1844 549/308/1845 747/445/1846 746/460/1847
f 588/351/1848 583/349/1849 552/302/1850 567/305/1851
f 746/460/1852 747/445/1853 750/461/1854
f 547/306/1855 746/460/1856 751/462/1857
f 790/465/1858 792/451/1859 789/448/1860 791/466/1861
f 785/306/1862 780/460/1863 781/445/1864 779/308/1865
f 656/354/1866 650/353/1867 653/347/1868 711/346/1869
f 754/448/1870 756/466/1871 762/467/1872 761/454/1873
f 764/468/1874 824/456/1875 823/457/1876 763/469/1877
f 767/468/1878 768/469/1879 816/470/1880 818/471/1881
f 748/447/1882 749/446/1883 747/445/1884 549/308/1885
f 770/460/1886 774/461/1887 771/445/1888
f 775/306/1889 776/462/1890 770/460/1891
f 706/302/1892 647/305/1893 727/351/1894 655/349/1895
f 775/306/1896 770/460/1897 771/445/1898 769/308/1899
f 780/460/1900 784/461/1901 781/445/1902
f 785/306/1903 786/462/1904 780/460/1905
f 783/446/1906 820/472/1907 811/473/1908 782/447/1909
f 793/450/1910 794/449/1911 789/448/1912 792/451/1913
f 795/455/1914 796/454/1915 789/448/1916 794/449/1917
f 736/315/1918 553/334/1919 556/310/1920 560/309/1921
f 652/321/1922 719/348/1923 655/349/1924
f 713/303/1925 718/356/1926 721/319/1927
f 689/389/1928 700/391/1929 672/365/1930
f 728/304/1931 706/302/1932 713/303/1933
f 680/406/1934 676/394/1935 695/395/1936 704/407/1937
f 821/324/1938 810/323/1939 803/469/1940 802/468/1941
f 606/382/1942 607/398/1943 626/389/1944
f 721/319/1945 723/314/1946 717/358/1947
f 754/448/1948 757/451/1949 755/465/1950 756/466/1951
f 689/389/1952 669/398/1953 668/382/1954
f 797/467/1955 791/466/1956 789/448/1957 796/454/1958
f 544/306/1959 546/308/1960 739/445/1961 738/460/1962
f 646/320/1963 720/313/1964 719/348/1965
f 773/446/1966 813/459/1967 812/458/1968 772/447/1969
f 818/471/1970 816/470/1971 766/322/1972 765/325/1973
f 817/333/1974 819/332/1975 741/446/1976 740/447/1977
f 814/464/1978 815/463/1979 749/446/1980 748/447/1981
f 811/473/1982 820/472/1983 788/331/1984 787/330/1985
f 698/420/1986 699/419/1987 697/416/1988 664/415/1989
f 806/326/1990 808/329/1991 804/474/1992 805/475/1993
f 609/393/1994 607/398/1995 606/382/1996 608/375/1997
f 823/457/1998 824/456/1999 765/325/2000 766/322/2001
f 825/457/2002 822/456/2003 799/468/2004 798/469/2005
f 848/476/2006 831/477/2007 841/478/2008 870/479/2009
f 853/480/2010 852/481/2011 868/482/2012 867/483/2013
f 860/484/2014 836/485/2015 843/486/2016 873/487/2017
f 850/488/2018 829/489/2019 869/490/2020 840/491/2021
f 832/492/2022 834/493/2023 872/494/2024 871/495/2025
f 864/496/2026 837/497/2027 874/498/2028 845/499/2029
f 852/481/2030 851/500/2031 839/501/2032 868/482/2033
f 831/477/2034 857/502/2035 842/503/2036 841/478/2037
f 836/485/2038 862/504/2039 844/505/2040 843/486/2041
f 855/506/2042 853/480/2043 867/483/2044 866/507/2045
f 829/489/2046 848/476/2047 870/479/2048 869/490/2049
f 834/493/2050 860/484/2051 873/487/2052 872/494/2053
f 837/497/2054 855/506/2055 866/507/2056 874/498/2057
f 851/500/2058 850/488/2059 840/491/2060 839/501/2061
f 857/502/2062 832/492/2063 871/495/2064 842/503/2065
f 862/504/2066 864/496/2067 845/499/2068 844/505/2069
f 854/506/2070 838/497/2071 846/508/2072
f 849/488/2073 828/500/2074 846/508/2075
f 833/492/2076 858/502/2077 846/508/2078
f 865/496/2079 863/504/2080 846/508/2081
f 827/481/2082 826/480/2083 846/508/2084
f 856/477/2085 847/476/2086 846/508/2087
f 861/485/2088 835/484/2089 846/508/2090
f 830/489/2091 849/488/2092 846/508/2093
f 859/493/2094 833/492/2095 846/508/2096
f 838/497/2097 865/496/2098 846/508/2099
f 828/500/2100 827/481/2101 846/508/2102
f 858/502/2103 856/477/2104 846/508/2105
f 826/480/2106 854/506/2107 846/508/2108
f 863/504/2109 861/485/2110 846/508/2111
f 847/476/2112 830/489/2113 846/508/2114
f 835/484/2115 859/493/2116 846/508/2117
f 855/509/2118 854/510/2119 826/511/2120 853/512/2121
f 853/509/2122 826/510/2123 827/511/2124 852/512/2125
f 852/509/2126 827/510/2127 828/511/2128 851/512/2129
f 851/509/2130 828/510/2131 849/511/2132 850/512/2133
f 850/509/2134 849/510/2135 830/511/2136 829/512/2137
f 829/509/2138 830/510/2139 847/511/2140 848/512/2141
f 848/509/2142 847/510/2143 856/511/2144 831/512/2145
f 831/509/2146 856/510/2147 858/511/2148 857/512/2149
f 857/509/2150 858/510/2151 833/511/2152 832/512/2153
f 832/509/2154 833/510/2155 859/511/2156 834/512/2157
f 834/509/2158 859/510/2159 835/511/2160 860/512/2161
f 860/509/2162 835/510/2163 861/511/2164 836/512/2165
f 836/509/2166 861/510/2167 863/511/2168 862/512/2169
f 862/509/2170 863/510/2171 865/511/2172 864/512/2173
f 864/509/2174 865/510/2175 838/511/2176 837/512/2177
f 837/509/2178 838/510/2179 854/511/2180 855/512/2181
f 896/476/2182 877/477/2183 921/478/2184 920/479/2185
f 905/480/2186 903/481/2187 917/482/2188 886/483/2189
f 882/484/2190 883/485/2191 891/486/2192 890/487/2193
f 900/488/2194 898/489/2195 919/490/2196 887/491/2197
f 880/492/2198 908/493/2199 922/494/2200 889/495/2201
f 913/496/2202 915/497/2203 893/498/2204 923/499/2205
f 903/481/2206 876/500/2207 918/501/2208 917/482/2209
f 877/477/2210 878/502/2211 888/503/2212 921/478/2213
f 883/485/2214 912/504/2215 892/505/2216 891/486/2217
f 906/506/2218 905/480/2219 886/483/2220 916/507/2221
f 898/489/2222 896/476/2223 920/479/2224 919/490/2225
f 908/493/2226 882/484/2227 890/487/2228 922/494/2229
f 915/497/2230 906/506/2231 916/507/2232 893/498/2233
f 876/500/2234 900/488/2235 887/491/2236 918/501/2237
f 878/502/2238 880/492/2239 889/495/2240 888/503/2241
f 912/504/2242 913/496/2243 923/499/2244 892/505/2245
f 875/506/2246 885/497/2247 894/508/2248
f 899/488/2249 901/500/2250 894/508/2251
f 881/492/2252 879/502/2253 894/508/2254
f 914/496/2255 884/504/2256 894/508/2257
f 902/481/2258 904/480/2259 894/508/2260
f 907/477/2261 895/476/2262 894/508/2263
f 911/485/2264 910/484/2265 894/508/2266
f 897/489/2267 899/488/2268 894/508/2269
f 909/493/2270 881/492/2271 894/508/2272
f 885/497/2273 914/496/2274 894/508/2275
f 901/500/2276 902/481/2277 894/508/2278
f 879/502/2279 907/477/2280 894/508/2281
f 904/480/2282 875/506/2283 894/508/2284
f 884/504/2285 911/485/2286 894/508/2287
f 895/476/2288 897/489/2289 894/508/2290
f 910/484/2291 909/493/2292 894/508/2293
f 906/509/2294 875/510/2295 904/511/2296 905/512/2297
f 905/509/2298 904/510/2299 902/511/2300 903/512/2301
f 903/509/2302 902/510/2303 901/511/2304 876/512/2305
f 876/509/2306 901/510/2307 899/511/2308 900/512/2309
f 900/509/2310 899/510/2311 897/511/2312 898/512/2313
f 898/509/2314 897/510/2315 895/511/2316 896/512/2317
f 896/509/2318 895/510/2319 907/511/2320 877/512/2321
f 877/509/2322 907/510/2323 879/511/2324 878/512/2325
f 878/509/2326 879/510/2327 881/511/2328 880/512/2329
f 880/509/2330 881/510/2331 909/511/2332 908/512/2333
f 908/509/2334 909/510/2335 910/511/2336 882/512/2337
f 882/509/2338 910/510/2339 911/511/2340 883/512/2341
f 883/509/2342 911/510/2343 884/511/2344 912/512/2345
f 912/509/2346 884/510/2347 914/511/2348 913/512/2349
f 913/509/2350 914/510/2351 885/511/2352 915/512/2353
f 915/509/2354 885/510/2355 875/511/2356 906/512/2357
f 947/476/2358 946/477/2359 968/478/2360 967/479/2361
f 925/480/2362 926/481/2363 939/482/2364 938/483/2365
f 960/484/2366 932/485/2367 971/486/2368 942/487/2369
f 950/488/2370 948/489/2371 966/490/2372 940/491/2373
f 931/492/2374 958/493/2375 970/494/2376 969/495/2377
f 964/496/2378 935/497/2379 972/498/2380 944/499/2381
f 926/481/2382 952/500/2383 965/501/2384 939/482/2385
f 946/477/2386 930/502/2387 941/503/2388 968/478/2389
f 932/485/2390 933/504/2391 943/505/2392 971/486/2393
f 955/506/2394 925/480/2395 938/483/2396 937/507/2397
f 948/489/2398 947/476/2399 967/479/2400 966/490/2401
f 958/493/2402 960/484/2403 942/487/2404 970/494/2405
f 935/497/2406 955/506/2407 937/507/2408 972/498/2409
f 952/500/2410 950/488/2411 940/491/2412 965/501/2413
f 930/502/2414 931/492/2415 969/495/2416 941/503/2417
f 933/504/2418 964/496/2419 944/499/2420 943/505/2421
f 924/506/2422 936/497/2423 945/508/2424
f 949/488/2425 951/500/2426 945/508/2427
f 957/492/2428 956/502/2429 945/508/2430
f 934/496/2431 963/504/2432 945/508/2433
f 953/481/2434 954/480/2435 945/508/2436
f 929/477/2437 928/476/2438 945/508/2439
f 962/485/2440 961/484/2441 945/508/2442
f 927/489/2443 949/488/2444 945/508/2445
f 959/493/2446 957/492/2447 945/508/2448
f 936/497/2449 934/496/2450 945/508/2451
f 951/500/2452 953/481/2453 945/508/2454
f 956/502/2455 929/477/2456 945/508/2457
f 954/480/2458 924/506/2459 945/508/2460
f 963/504/2461 962/485/2462 945/508/2463
f 928/476/2464 927/489/2465 945/508/2466
f 961/484/2467 959/493/2468 945/508/2469
f 955/509/2470 924/510/2471 954/511/2472 925/512/2473
f 925/509/2474 954/510/2475 953/511/2476 926/512/2477
f 926/509/2478 953/510/2479 951/511/2480 952/512/2481
f 952/509/2482 951/510/2483 949/511/2484 950/512/2485
f 950/509/2486 949/510/2487 927/511/2488 948/512/2489
f 948/509/2490 927/510/2491 928/511/2492 947/512/2493
f 947/509/2494 928/510/2495 929/511/2496 946/512/2497
f 946/509/2498 929/510/2499 956/511/2500 930/512/2501
f 930/509/2502 956/510/2503 957/511/2504 931/512/2505
f 931/509/2506 957/510/2507 959/511/2508 958/512/2509
f 958/509/2510 959/510/2511 961/511/2512 960/512/2513
f 960/509/2514 961/510/2515 962/511/2516 932/512/2517
f 932/509/2518 962/510/2519 963/511/2520 933/512/2521
f 933/509/2522 963/510/2523 934/511/2524 964/512/2525
f 964/509/2526 934/510/2527 936/511/2528 935/512/2529
f 935/509/2530 936/510/2531 924/511/2532 955/512/2533
f 995/513/2534 1004/514/2535 1003/515/2536 994/516/2537
f 988/517/2538 1000/518/2539 999/519/2540 987/520/2541
f 996/521/2542 980/522/2543 1004/514/2544 995/513/2545
f 989/523/2546 1001/524/2547 1000/518/2548 988/517/2549
f 982/525/2550 998/526/2551 981/527/2552 997/528/2553
f 997/528/2554 981/527/2555 980/522/2556 996/521/2557
f 990/529/2558 1002/530/2559 1001/524/2560 989/523/2561
f 983/531/2562 973/532/2563 998/526/2564 982/525/2565
f 991/533/2566 977/534/2567 1002/530/2568 990/529/2569
f 984/535/2570 974/536/2571 973/532/2572 983/531/2573
f 992/537/2574 978/538/2575 977/534/2576 991/533/2577
f 985/539/2578 975/540/2579 974/536/2580 984/535/2581
f 993/541/2582 979/542/2583 978/538/2584 992/537/2585
f 986/543/2586 976/544/2587 975/540/2588 985/539/2589
f 994/516/2590 1003/515/2591 979/542/2592 993/541/2593
f 987/520/2594 999/519/2595 976/544/2596 986/543/2597
f 1020/513/2598 1015/516/2599 1003/515/2600 1004/514/2601
f 1047/476/2602 1027/477/2603 1039/478/2604 1038/479/2605
f 1053/480/2606 1024/481/2607 1036/482/2608 1122/483/2609
f 1058/484/2610 1059/485/2611 1127/486/2612 1041/487/2613
f 1050/488/2614 1048/489/2615 1124/490/2616 1123/491/2617
f 1055/492/2618 1056/493/2619 1040/494/2620 1126/495/2621
f 1061/496/2622 1062/497/2623 1044/498/2624 1043/499/2625
f 1024/481/2626 1025/500/2627 1037/501/2628 1036/482/2629
f 1027/477/2630 1029/502/2631 1125/503/2632 1039/478/2633
f 1059/485/2634 1033/504/2635 1042/505/2636 1127/486/2637
f 1021/506/2638 1053/480/2639 1122/483/2640 1121/507/2641
f 1048/489/2642 1047/476/2643 1038/479/2644 1124/490/2645
f 1056/493/2646 1058/484/2647 1041/487/2648 1040/494/2649
f 1062/497/2650 1021/506/2651 1121/507/2652 1044/498/2653
f 1025/500/2654 1050/488/2655 1123/491/2656 1037/501/2657
f 1029/502/2658 1055/492/2659 1126/495/2660 1125/503/2661
f 1033/504/2662 1061/496/2663 1043/499/2664 1042/505/2665
f 1022/506/2666 1035/497/2667 1045/508/2668
f 1049/488/2669 1051/500/2670 1045/508/2671
f 1030/492/2672 1054/502/2673 1045/508/2674
f 1034/496/2675 1060/504/2676 1045/508/2677
f 1052/481/2678 1023/480/2679 1045/508/2680
f 1028/477/2681 1046/476/2682 1045/508/2683
f 1032/485/2684 1031/484/2685 1045/508/2686
f 1026/489/2687 1049/488/2688 1045/508/2689
f 1057/493/2690 1030/492/2691 1045/508/2692
f 1035/497/2693 1034/496/2694 1045/508/2695
f 1051/500/2696 1052/481/2697 1045/508/2698
f 1054/502/2699 1028/477/2700 1045/508/2701
f 1023/480/2702 1022/506/2703 1045/508/2704
f 1060/504/2705 1032/485/2706 1045/508/2707
f 1046/476/2708 1026/489/2709 1045/508/2710
f 1031/484/2711 1057/493/2712 1045/508/2713
f 1021/509/2714 1022/510/2715 1023/511/2716 1053/512/2717
f 1053/509/2718 1023/510/2719 1052/511/2720 1024/512/2721
f 1024/509/2722 1052/510/2723 1051/511/2724 1025/512/2725
f 1025/509/2726 1051/510/2727 1049/511/2728 1050/512/2729
f 1050/509/2730 1049/510/2731 1026/511/2732 1048/512/2733
f 1048/509/2734 1026/510/2735 1046/511/2736 1047/512/2737
f 1047/509/2738 1046/510/2739 1028/511/2740 1027/512/2741
f 1027/509/2742 1028/510/2743 1054/511/2744 1029/512/2745
f 1029/509/2746 1054/510/2747 1030/511/2748 1055/512/2749
f 1055/509/2750 1030/510/2751 1057/511/2752 1056/512/2753
f 1056/509/2754 1057/510/2755 1031/511/2756 1058/512/2757
f 1058/509/2758 1031/510/2759 1032/511/2760 1059/512/2761
f 1059/509/2762 1032/510/2763 1060/511/2764 1033/512/2765
f 1033/509/2766 1060/510/2767 1034/511/2768 1061/512/2769
f 1061/509/2770 1034/510/2771 1035/511/2772 1062/512/2773
f 1062/509/2774 1035/510/2775 1022/511/2776 1021/512/2777
f 1010/517/2778 1009/520/2779 999/519/2780 1000/518/2781
f 1016/521/2782 1020/513/2783 1004/514/2784 980/522/2785
f 1011/523/2786 1010/517/2787 1000/518/2788 1001/524/2789
f 1005/525/2790 1017/528/2791 981/527/2792 998/526/2793
f 1017/528/2794 1016/521/2795 980/522/2796 981/527/2797
f 1012/529/2798 1011/523/2799 1001/524/2800 1002/530/2801
f 1006/531/2802 1005/525/2803 998/526/2804 973/532/2805
f 1013/533/2806 1012/529/2807 1002/530/2808 977/534/2809
f 1018/535/2810 1006/531/2811 973/532/2812 974/536/2813
f 1014/537/2814 1013/533/2815 977/534/2816 978/538/2817
f 1007/539/2818 1018/535/2819 974/536/2820 975/540/2821
f 1019/541/2822 1014/537/2823 978/538/2824 979/542/2825
f 1008/543/2826 1007/539/2827 975/540/2828 976/544/2829
f 1015/516/2830 1019/541/2831 979/542/2832 1003/515/2833
f 1009/520/2834 1008/543/2835 976/544/2836 999/519/2837
f 1066/533/2838 1064/529/2839 1096/530/2840 1111/534/2841
f 1085/528/2842 1086/521/2843 1107/522/2844 1106/527/2845
f 1092/520/2846 1068/543/2847 1099/544/2848 1112/519/2849
f 1088/516/2850 1089/541/2851 1095/542/2852 1109/515/2853
f 1063/517/2854 1092/520/2855 1112/519/2856 1098/518/2857
f 1086/521/2858 1087/513/2859 1108/514/2860 1107/522/2861
f 1068/543/2862 1067/539/2863 1113/540/2864 1099/544/2865
f 1089/541/2866 1090/537/2867 1110/538/2868 1095/542/2869
f 1067/539/2870 1093/535/2871 1100/536/2872 1113/540/2873
f 1090/537/2874 1066/533/2875 1111/534/2876 1110/538/2877
f 1093/535/2878 1065/531/2879 1114/532/2880 1100/536/2881
f 1064/529/2882 1091/523/2883 1097/524/2884 1096/530/2885
f 1091/523/2886 1063/517/2887 1098/518/2888 1097/524/2889
f 1065/531/2890 1094/525/2891 1101/526/2892 1114/532/2893
f 1094/525/2894 1085/528/2895 1106/527/2896 1101/526/2897
f 1087/513/2898 1088/516/2899 1109/515/2900 1108/514/2901
f 1106/527/2902 1107/522/2903 1116/545/2904 1115/546/2905
f 1096/530/2906 1097/524/2907 1128/547/2908 1120/548/2909
f 1114/532/2910 1101/526/2911 1133/549/2912 1132/550/2913
f 1111/534/2914 1096/530/2915 1120/548/2916 1119/551/2917
f 1100/536/2918 1114/532/2919 1132/550/2920 1131/552/2921
f 1110/538/2922 1111/534/2923 1119/551/2924 1103/553/2925
f 1113/540/2926 1100/536/2927 1131/552/2928 1105/554/2929
f 1095/542/2930 1110/538/2931 1103/553/2932 1102/555/2933
f 1099/544/2934 1113/540/2935 1105/554/2936 1130/556/2937
f 1109/515/2938 1095/542/2939 1102/555/2940 1118/557/2941
f 1112/519/2942 1099/544/2943 1130/556/2944 1129/558/2945
f 1108/514/2946 1109/515/2947 1118/557/2948 1117/559/2949
f 1098/518/2950 1112/519/2951 1129/558/2952 1104/560/2953
f 1107/522/2954 1108/514/2955 1117/559/2956 1116/545/2957
f 1097/524/2958 1098/518/2959 1104/560/2960 1128/547/2961
f 1101/526/2962 1106/527/2963 1115/546/2964 1133/549/2965
f 1201/513/2966 1213/514/2967 1212/515/2968 1200/516/2969
f 1145/517/2970 1207/518/2971 1136/519/2972 1144/520/2973
f 1202/521/2974 1214/522/2975 1213/514/2976 1201/513/2977
f 1146/523/2978 1208/524/2979 1207/518/2980 1145/517/2981
f 1139/525/2982 1204/526/2983 1138/527/2984 1203/528/2985
f 1203/528/2986 1138/527/2987 1214/522/2988 1202/521/2989
f 1147/529/2990 1209/530/2991 1208/524/2992 1146/523/2993
f 1140/531/2994 1205/532/2995 1204/526/2996 1139/525/2997
f 1148/533/2998 1210/534/2999 1209/530/3000 1147/529/3001
f 1141/535/3002 1134/536/3003 1205/532/3004 1140/531/3005
f 1149/537/3006 1137/538/3007 1210/534/3008 1148/533/3009
f 1142/539/3010 1206/540/3011 1134/536/3012 1141/535/3013
f 1199/541/3014 1211/542/3015 1137/538/3016 1149/537/3017
f 1143/543/3018 1135/544/3019 1206/540/3020 1142/539/3021
f 1200/516/3022 1212/515/3023 1211/542/3024 1199/541/3025
f 1144/520/3026 1136/519/3027 1135/544/3028 1143/543/3029
f 1228/513/3030 1227/516/3031 1212/515/3032 1213/514/3033
f 1157/476/3034 1176/477/3035 1195/478/3036 1194/479/3037
f 1151/480/3038 1153/481/3039 1191/482/3040 1190/483/3041
f 1162/484/3042 1163/485/3043 1172/486/3044 1171/487/3045
f 1178/488/3046 1155/489/3047 1169/490/3048 1193/491/3049
f 1159/492/3050 1160/493/3051 1197/494/3052 1170/495/3053
f 1166/496/3054 1188/497/3055 1198/498/3056 1174/499/3057
f 1153/481/3058 1180/500/3059 1192/501/3060 1191/482/3061
f 1176/477/3062 1184/502/3063 1196/503/3064 1195/478/3065
f 1163/485/3066 1164/504/3067 1173/505/3068 1172/486/3069
f 1150/506/3070 1151/480/3071 1190/483/3072 1168/507/3073
f 1155/489/3074 1157/476/3075 1194/479/3076 1169/490/3077
f 1160/493/3078 1162/484/3079 1171/487/3080 1197/494/3081
f 1188/497/3082 1150/506/3083 1168/507/3084 1198/498/3085
f 1180/500/3086 1178/488/3087 1193/491/3088 1192/501/3089
f 1184/502/3090 1159/492/3091 1170/495/3092 1196/503/3093
f 1164/504/3094 1166/496/3095 1174/499/3096 1173/505/3097
f 1182/506/3098 1189/497/3099 1175/508/3100
f 1154/488/3101 1179/500/3102 1175/508/3103
f 1185/492/3104 1158/502/3105 1175/508/3106
f 1167/496/3107 1165/504/3108 1175/508/3109
f 1181/481/3110 1152/480/3111 1175/508/3112
f 1183/477/3113 1177/476/3114 1175/508/3115
f 1187/485/3116 1186/484/3117 1175/508/3118
f 1156/489/3119 1154/488/3120 1175/508/3121
f 1161/493/3122 1185/492/3123 1175/508/3124
f 1189/497/3125 1167/496/3126 1175/508/3127
f 1179/500/3128 1181/481/3129 1175/508/3130
f 1158/502/3131 1183/477/3132 1175/508/3133
f 1152/480/3134 1182/506/3135 1175/508/3136
f 1165/504/3137 1187/485/3138 1175/508/3139
f 1177/476/3140 1156/489/3141 1175/508/3142
f 1186/484/3143 1161/493/3144 1175/508/3145
f 1150/509/3146 1182/510/3147 1152/511/3148 1151/512/3149
f 1151/509/3150 1152/510/3151 1181/511/3152 1153/512/3153
f 1153/509/3154 1181/510/3155 1179/511/3156 1180/512/3157
f 1180/509/3158 1179/510/3159 1154/511/3160 1178/512/3161
f 1178/509/3162 1154/510/3163 1156/511/3164 1155/512/3165
f 1155/509/3166 1156/510/3167 1177/511/3168 1157/512/3169
f 1157/509/3170 1177/510/3171 1183/511/3172 1176/512/3173
f 1176/509/3174 1183/510/3175 1158/511/3176 1184/512/3177
f 1184/509/3178 1158/510/3179 1185/511/3180 1159/512/3181
f 1159/509/3182 1185/510/3183 1161/511/3184 1160/512/3185
f 1160/509/3186 1161/510/3187 1186/511/3188 1162/512/3189
f 1162/509/3190 1186/510/3191 1187/511/3192 1163/512/3193
f 1163/509/3194 1187/510/3195 1165/511/3196 1164/512/3197
f 1164/509/3198 1165/510/3199 1167/511/3200 1166/512/3201
f 1166/509/3202 1167/510/3203 1189/511/3204 1188/512/3205
f 1188/509/3206 1189/510/3207 1182/511/3208 1150/512/3209
f 1224/517/3210 1223/520/3211 1136/519/3212 1207/518/3213
f 1229/521/3214 1228/513/3215 1213/514/3216 1214/522/3217
f 1219/523/3218 1224/517/3219 1207/518/3220 1208/524/3221
f 1215/525/3222 1230/528/3223 1138/527/3224 1204/526/3225
f 1230/528/3226 1229/521/3227 1214/522/3228 1138/527/3229
f 1225/529/3230 1219/523/3231 1208/524/3232 1209/530/3233
f 1216/531/3234 1215/525/3235 1204/526/3236 1205/532/3237
f 1220/533/3238 1225/529/3239 1209/530/3240 1210/534/3241
f 1217/535/3242 1216/531/3243 1205/532/3244 1134/536/3245
f 1221/537/3246 1220/533/3247 1210/534/3248 1137/538/3249
f 1222/539/3250 1217/535/3251 1134/536/3252 1206/540/3253
f 1226/541/3254 1221/537/3255 1137/538/3256 1211/542/3257
f 1218/543/3258 1222/539/3259 1206/540/3260 1135/544/3261
f 1227/516/3262 1226/541/3263 1211/542/3264 1212/515/3265
f 1223/520/3266 1218/543/3267 1135/544/3268 1136/519/3269
f 1079/561/3270 1078/562/3271 1077/563/3272 1074/564/3273 1083/565/3274 1076/566/3275 1073/567/3276 1082/568/3277 1072/569/3278 1071/570/3279 1070/571/3280 1069/572/3281 1075/573/3282 1081/574/3283 1080/575/3284 1084/576/3285
f 1502/533/3286 1503/529/3287 1523/530/3288 1511/534/3289
f 1500/528/3290 1233/521/3291 1506/522/3292 1522/527/3293
f 1246/561/3294 1498/562/3295 1245/563/3296 1494/564/3297 1493/565/3298 1244/566/3299 1243/567/3300 1242/568/3301 1497/569/3302 1496/570/3303 1492/571/3304 1491/572/3305 1241/573/3306 1499/574/3307 1495/575/3308 1490/576/3309
f 1239/520/3310 1240/543/3311 1514/544/3312 1513/519/3313
f 1238/516/3314 1501/541/3315 1509/542/3316 1508/515/3317
f 1232/517/3318 1239/520/3319 1513/519/3320 1524/518/3321
f 1233/521/3322 1231/513/3323 1507/514/3324 1506/522/3325
f 1240/543/3326 1237/539/3327 1525/540/3328 1514/544/3329
f 1501/541/3330 1236/537/3331 1510/538/3332 1509/542/3333
f 1237/539/3334 1235/535/3335 1526/536/3336 1525/540/3337
f 1236/537/3338 1502/533/3339 1511/534/3340 1510/538/3341
f 1235/535/3342 1234/531/3343 1527/532/3344 1526/536/3345
f 1503/529/3346 1504/523/3347 1512/524/3348 1523/530/3349
f 1504/523/3350 1232/517/3351 1524/518/3352 1512/524/3353
f 1234/531/3354 1505/525/3355 1515/526/3356 1527/532/3357
f 1505/525/3358 1500/528/3359 1522/527/3360 1515/526/3361
f 1231/513/3362 1238/516/3363 1508/515/3364 1507/514/3365
f 1253/476/3366 1269/477/3367 1292/478/3368 1291/479/3369
f 1248/480/3370 1249/481/3371 1262/482/3372 1287/483/3373
f 1257/484/3374 1281/485/3375 1294/486/3376 1265/487/3377
f 1252/488/3378 1272/489/3379 1290/490/3380 1289/491/3381
f 1254/492/3382 1280/493/3383 1293/494/3384 1264/495/3385
f 1283/496/3386 1285/497/3387 1295/498/3388 1267/499/3389
f 1249/481/3390 1250/500/3391 1288/501/3392 1262/482/3393
f 1269/477/3394 1278/502/3395 1263/503/3396 1292/478/3397
f 1281/485/3398 1260/504/3399 1266/505/3400 1294/486/3401
f 1247/506/3402 1248/480/3403 1287/483/3404 1261/507/3405
f 1272/489/3406 1253/476/3407 1291/479/3408 1290/490/3409
f 1280/493/3410 1257/484/3411 1265/487/3412 1293/494/3413
f 1285/497/3414 1247/506/3415 1261/507/3416 1295/498/3417
f 1250/500/3418 1252/488/3419 1289/491/3420 1288/501/3421
f 1278/502/3422 1254/492/3423 1264/495/3424 1263/503/3425
f 1260/504/3426 1283/496/3427 1267/499/3428 1266/505/3429
f 1276/506/3430 1286/497/3431 1268/508/3432
f 1273/488/3433 1251/500/3434 1268/508/3435
f 1255/492/3436 1279/502/3437 1268/508/3438
f 1284/496/3439 1282/504/3440 1268/508/3441
f 1274/481/3442 1275/480/3443 1268/508/3444
f 1277/477/3445 1270/476/3446 1268/508/3447
f 1259/485/3448 1258/484/3449 1268/508/3450
f 1271/489/3451 1273/488/3452 1268/508/3453
f 1256/493/3454 1255/492/3455 1268/508/3456
f 1286/497/3457 1284/496/3458 1268/508/3459
f 1251/500/3460 1274/481/3461 1268/508/3462
f 1279/502/3463 1277/477/3464 1268/508/3465
f 1275/480/3466 1276/506/3467 1268/508/3468
f 1282/504/3469 1259/485/3470 1268/508/3471
f 1270/476/3472 1271/489/3473 1268/508/3474
f 1258/484/3475 1256/493/3476 1268/508/3477
f 1247/509/3478 1276/510/3479 1275/511/3480 1248/512/3481
f 1248/509/3482 1275/510/3483 1274/511/3484 1249/512/3485
f 1249/509/3486 1274/510/3487 1251/511/3488 1250/512/3489
f 1250/509/3490 1251/510/3491 1273/511/3492 1252/512/3493
f 1252/509/3494 1273/510/3495 1271/511/3496 1272/512/3497
f 1272/509/3498 1271/510/3499 1270/511/3500 1253/512/3501
f 1253/509/3502 1270/510/3503 1277/511/3504 1269/512/3505
f 1269/509/3506 1277/510/3507 1279/511/3508 1278/512/3509
f 1278/509/3510 1279/510/3511 1255/511/3512 1254/512/3513
f 1254/509/3514 1255/510/3515 1256/511/3516 1280/512/3517
f 1280/509/3518 1256/510/3519 1258/511/3520 1257/512/3521
f 1257/509/3522 1258/510/3523 1259/511/3524 1281/512/3525
f 1281/509/3526 1259/510/3527 1282/511/3528 1260/512/3529
f 1260/509/3530 1282/510/3531 1284/511/3532 1283/512/3533
f 1283/509/3534 1284/510/3535 1286/511/3536 1285/512/3537
f 1285/509/3538 1286/510/3539 1276/511/3540 1247/512/3541
f 1302/520/3542 1358/543/3543 1343/544/3544 1342/519/3545
f 1296/516/3546 1297/541/3547 1339/542/3548 1338/515/3549
f 1358/543/3550 1359/539/3551 1344/540/3552 1343/544/3553
f 1297/541/3554 1298/537/3555 1306/538/3556 1339/542/3557
f 1359/539/3558 1303/535/3559 1345/536/3560 1344/540/3561
f 1298/537/3562 1357/533/3563 1307/534/3564 1306/538/3565
f 1303/535/3566 1360/531/3567 1346/532/3568 1345/536/3569
f 1357/533/3570 1299/529/3571 1308/530/3572 1307/534/3573
f 1360/531/3574 1304/525/3575 1347/526/3576 1346/532/3577
f 1299/529/3578 1300/523/3579 1340/524/3580 1308/530/3581
f 1354/528/3582 1355/521/3583 1336/522/3584 1305/527/3585
f 1304/525/3586 1354/528/3587 1305/527/3588 1347/526/3589
f 1300/523/3590 1301/517/3591 1341/518/3592 1340/524/3593
f 1355/521/3594 1356/513/3595 1337/514/3596 1336/522/3597
f 1301/517/3598 1302/520/3599 1342/519/3600 1341/518/3601
f 1356/513/3602 1296/516/3603 1338/515/3604 1337/514/3605
f 1305/527/3606 1336/522/3607 1310/545/3608 1309/546/3609
f 1308/530/3610 1340/524/3611 1351/547/3612 1313/548/3613
f 1346/532/3614 1347/526/3615 1318/549/3616 1317/550/3617
f 1307/534/3618 1308/530/3619 1313/548/3620 1350/551/3621
f 1345/536/3622 1346/532/3623 1317/550/3624 1316/552/3625
f 1306/538/3626 1307/534/3627 1350/551/3628 1349/553/3629
f 1344/540/3630 1345/536/3631 1316/552/3632 1315/554/3633
f 1339/542/3634 1306/538/3635 1349/553/3636 1348/555/3637
f 1343/544/3638 1344/540/3639 1315/554/3640 1353/556/3641
f 1338/515/3642 1339/542/3643 1348/555/3644 1312/557/3645
f 1342/519/3646 1343/544/3647 1353/556/3648 1314/558/3649
f 1337/514/3650 1338/515/3651 1312/557/3652 1311/559/3653
f 1341/518/3654 1342/519/3655 1314/558/3656 1352/560/3657
f 1336/522/3658 1337/514/3659 1311/559/3660 1310/545/3661
f 1340/524/3662 1341/518/3663 1352/560/3664 1351/547/3665
f 1347/526/3666 1305/527/3667 1309/546/3668 1318/549/3669
f 1423/520/3670 1367/543/3671 1405/544/3672 1404/519/3673
f 1421/516/3674 1362/541/3675 1398/542/3676 1397/515/3677
f 1367/543/3678 1368/539/3679 1406/540/3680 1405/544/3681
f 1362/541/3682 1363/537/3683 1399/538/3684 1398/542/3685
f 1368/539/3686 1424/535/3687 1407/536/3688 1406/540/3689
f 1363/537/3690 1364/533/3691 1400/534/3692 1399/538/3693
f 1424/535/3694 1425/531/3695 1408/532/3696 1407/536/3697
f 1364/533/3698 1422/529/3699 1401/530/3700 1400/534/3701
f 1425/531/3702 1369/525/3703 1409/526/3704 1408/532/3705
f 1422/529/3706 1365/523/3707 1402/524/3708 1401/530/3709
f 1419/528/3710 1361/521/3711 1395/522/3712 1387/527/3713
f 1369/525/3714 1419/528/3715 1387/527/3716 1409/526/3717
f 1365/523/3718 1366/517/3719 1403/518/3720 1402/524/3721
f 1361/521/3722 1420/513/3723 1396/514/3724 1395/522/3725
f 1366/517/3726 1423/520/3727 1404/519/3728 1403/518/3729
f 1420/513/3730 1421/516/3731 1397/515/3732 1396/514/3733
f 1329/577/3734 1328/578/3735 1319/579/3736
f 1325/580/3737 1333/581/3738 1319/579/3739
f 1322/582/3740 1329/577/3741 1319/579/3742
f 1334/583/3743 1325/580/3744 1319/579/3745
f 1323/584/3746 1322/582/3747 1319/579/3748
f 1320/585/3749 1335/586/3750 1319/579/3751
f 1335/586/3752 1334/583/3753 1319/579/3754
f 1330/587/3755 1323/584/3756 1319/579/3757
f 1326/588/3758 1320/585/3759 1319/579/3760
f 1331/589/3761 1330/587/3762 1319/579/3763
f 1321/590/3764 1326/588/3765 1319/579/3766
f 1324/591/3767 1331/589/3768 1319/579/3769
f 1327/592/3770 1321/590/3771 1319/579/3772
f 1332/593/3773 1324/591/3774 1319/579/3775
f 1328/578/3776 1327/592/3777 1319/579/3778
f 1333/581/3779 1332/593/3780 1319/579/3781
f 1387/527/3782 1395/522/3783 1370/545/3784 1410/546/3785
f 1401/530/3786 1402/524/3787 1415/547/3788 1414/548/3789
f 1408/532/3790 1409/526/3791 1418/549/3792 1376/550/3793
f 1400/534/3794 1401/530/3795 1414/548/3796 1372/551/3797
f 1407/536/3798 1408/532/3799 1376/550/3800 1417/552/3801
f 1399/538/3802 1400/534/3803 1372/551/3804 1413/553/3805
f 1406/540/3806 1407/536/3807 1417/552/3808 1375/554/3809
f 1398/542/3810 1399/538/3811 1413/553/3812 1412/555/3813
f 1405/544/3814 1406/540/3815 1375/554/3816 1416/556/3817
f 1397/515/3818 1398/542/3819 1412/555/3820 1371/557/3821
f 1404/519/3822 1405/544/3823 1416/556/3824 1374/558/3825
f 1396/514/3826 1397/515/3827 1371/557/3828 1411/559/3829
f 1403/518/3830 1404/519/3831 1374/558/3832 1373/560/3833
f 1395/522/3834 1396/514/3835 1411/559/3836 1370/545/3837
f 1402/524/3838 1403/518/3839 1373/560/3840 1415/547/3841
f 1409/526/3842 1387/527/3843 1410/546/3844 1418/549/3845
f 1391/577/3846 1390/578/3847 1377/579/3848
f 1384/580/3849 1394/581/3850 1377/579/3851
f 1392/582/3852 1391/577/3853 1377/579/3854
f 1385/583/3855 1384/580/3856 1377/579/3857
f 1380/584/3858 1392/582/3859 1377/579/3860
f 1378/585/3861 1386/586/3862 1377/579/3863
f 1386/586/3864 1385/583/3865 1377/579/3866
f 1393/587/3867 1380/584/3868 1377/579/3869
f 1388/588/3870 1378/585/3871 1377/579/3872
f 1381/589/3873 1393/587/3874 1377/579/3875
f 1389/590/3876 1388/588/3877 1377/579/3878
f 1382/591/3879 1381/589/3880 1377/579/3881
f 1379/592/3882 1389/590/3883 1377/579/3884
f 1383/593/3885 1382/591/3886 1377/579/3887
f 1390/578/3888 1379/592/3889 1377/579/3890
f 1394/581/3891 1383/593/3892 1377/579/3893
f 1433/552/3894 1434/550/3895 1442/588/3896 1441/590/3897
f 1454/551/3898 1430/548/3899 1437/587/3900 1448/589/3901
f 1434/550/3902 1435/549/3903 1451/585/3904 1442/588/3905
f 1430/548/3906 1455/547/3907 1449/584/3908 1437/587/3909
f 1426/546/3910 1427/545/3911 1444/583/3912 1443/586/3913
f 1435/549/3914 1426/546/3915 1443/586/3916 1451/585/3917
f 1455/547/3918 1456/560/3919 1438/582/3920 1449/584/3921
f 1427/545/3922 1428/559/3923 1445/580/3924 1444/583/3925
f 1456/560/3926 1431/558/3927 1439/577/3928 1438/582/3929
f 1428/559/3930 1429/557/3931 1436/581/3932 1445/580/3933
f 1431/558/3934 1457/556/3935 1440/578/3936 1439/577/3937
f 1429/557/3938 1452/555/3939 1446/593/3940 1436/581/3941
f 1457/556/3942 1432/554/3943 1450/592/3944 1440/578/3945
f 1452/555/3946 1453/553/3947 1447/591/3948 1446/593/3949
f 1432/554/3950 1433/552/3951 1441/590/3952 1450/592/3953
f 1453/553/3954 1454/551/3955 1448/589/3956 1447/591/3957
f 1488/552/3958 1464/550/3959 1474/588/3960 1479/590/3961
f 1460/551/3962 1485/548/3963 1470/587/3964 1469/589/3965
f 1464/550/3966 1489/549/3967 1480/585/3968 1474/588/3969
f 1485/548/3970 1486/547/3971 1477/584/3972 1470/587/3973
f 1481/546/3974 1458/545/3975 1466/583/3976 1465/586/3977
f 1489/549/3978 1481/546/3979 1465/586/3980 1480/585/3981
f 1486/547/3982 1461/560/3983 1478/582/3984 1477/584/3985
f 1458/545/3986 1482/559/3987 1475/580/3988 1466/583/3989
f 1461/560/3990 1462/558/3991 1471/577/3992 1478/582/3993
f 1482/559/3994 1459/557/3995 1467/581/3996 1475/580/3997
f 1462/558/3998 1487/556/3999 1472/578/4000 1471/577/4001
f 1459/557/4002 1483/555/4003 1468/593/4004 1467/581/4005
f 1487/556/4006 1463/554/4007 1473/592/4008 1472/578/4009
f 1483/555/4010 1484/553/4011 1476/591/4012 1468/593/4013
f 1463/554/4014 1488/552/4015 1479/590/4016 1473/592/4017
f 1484/553/4018 1460/551/4019 1469/589/4020 1476/591/4021
f 1522/527/4022 1506/522/4023 1529/545/4024 1528/546/4025
f 1523/530/4026 1512/524/4027 1533/547/4028 1532/548/4029
f 1527/532/4030 1515/526/4031 1537/549/4032 1521/550/4033
f 1511/534/4034 1523/530/4035 1532/548/4036 1531/551/4037
f 1526/536/4038 1527/532/4039 1521/550/4040 1520/552/4041
f 1510/538/4042 1511/534/4043 1531/551/4044 1518/553/4045
f 1525/540/4046 1526/536/4047 1520/552/4048 1536/554/4049
f 1509/542/4050 1510/538/4051 1518/553/4052 1517/555/4053
f 1514/544/4054 1525/540/4055 1536/554/4056 1535/556/4057
f 1508/515/4058 1509/542/4059 1517/555/4060 1530/557/4061
f 1513/519/4062 1514/544/4063 1535/556/4064 1534/558/4065
f 1507/514/4066 1508/515/4067 1530/557/4068 1516/559/4069
f 1524/518/4070 1513/519/4071 1534/558/4072 1519/560/4073
f 1506/522/4074 1507/514/4075 1516/559/4076 1529/545/4077
f 1512/524/4078 1524/518/4079 1519/560/4080 1533/547/4081
f 1515/526/4082 1522/527/4083 1528/546/4084 1537/549/4085
f 1543/594/4086 1544/595/4087 1573/596/4088 1572/597/4089
f 1539/598/4090 1555/599/4091 1565/600/4092 1564/601/4093
f 1542/602/4094 1543/594/4095 1572/597/4096 1571/603/4097
f 1554/604/4098 1539/598/4099 1564/601/4100 1563/605/4101
f 1558/606/4102 1542/602/4103 1571/603/4104 1570/607/4105
f 1553/608/4106 1554/604/4107 1563/605/4108 1562/609/4109
f 1541/610/4110 1558/606/4111 1570/607/4112 1569/611/4113
f 1538/612/4114 1553/608/4115 1562/609/4116 1561/613/4117
f 1540/614/4118 1541/610/4119 1569/611/4120 1568/615/4121
f 1545/616/4122 1552/617/4123 1560/618/4124 1575/619/4125
f 1552/617/4126 1538/612/4127 1561/613/4128 1560/618/4129
f 1557/620/4130 1540/614/4131 1568/615/4132 1567/621/4133
f 1559/622/4134 1545/616/4135 1575/619/4136 1574/623/4137
f 1556/624/4138 1557/620/4139 1567/621/4140 1566/625/4141
f 1544/595/4142 1559/622/4143 1574/623/4144 1573/596/4145
f 1555/599/4146 1556/624/4147 1566/625/4148 1565/600/4149
f 1571/603/4150 1572/597/4151 1579/626/4152 1576/627/4153
f 1564/601/4154 1565/600/4155 1580/628/4156 1550/629/4157
f 1569/611/4158 1570/607/4159 1577/630/4160 1584/631/4161
f 1562/609/4162 1563/605/4163 1578/632/4164 1585/633/4165
f 1565/600/4166 1566/625/4167 1549/634/4168 1580/628/4169
f 1573/596/4170 1574/623/4171 1582/635/4172 1581/636/4173
f 1566/625/4174 1567/621/4175 1548/637/4176 1549/634/4177
f 1574/623/4178 1575/619/4179 1546/638/4180 1582/635/4181
f 1567/621/4182 1568/615/4183 1547/639/4184 1548/637/4185
f 1575/619/4186 1560/618/4187 1551/640/4188 1546/638/4189
f 1561/613/4190 1562/609/4191 1585/633/4192 1583/641/4193
f 1568/615/4194 1569/611/4195 1584/631/4196 1547/639/4197
f 1560/618/4198 1561/613/4199 1583/641/4200 1551/640/4201
f 1563/605/4202 1564/601/4203 1550/629/4204 1578/632/4205
f 1572/597/4206 1573/596/4207 1581/636/4208 1579/626/4209
f 1570/607/4210 1571/603/4211 1576/627/4212 1577/630/4213
f 1600/642/4214 1592/643/4215 1615/535/4216 1610/539/4217
f 1589/644/4218 1595/645/4219 1611/537/4220 1606/541/4221
f 1591/646/4222 1600/642/4223 1610/539/4224 1614/543/4225
f 1594/647/4226 1589/644/4227 1606/541/4228 1605/516/4229
f 1599/648/4230 1591/646/4231 1614/543/4232 1609/520/4233
f 1588/649/4234 1594/647/4235 1605/516/4236 1604/513/4237
f 1598/650/4238 1599/648/4239 1609/520/4240 1608/517/4241
f 1587/651/4242 1588/649/4243 1604/513/4244 1603/521/4245
f 1590/652/4246 1598/650/4247 1608/517/4248 1613/523/4249
f 1601/653/4250 1586/654/4251 1602/528/4252 1617/525/4253
f 1586/654/4254 1587/651/4255 1603/521/4256 1602/528/4257
f 1597/655/4258 1590/652/4259 1613/523/4260 1607/529/4261
f 1593/656/4262 1601/653/4263 1617/525/4264 1616/531/4265
f 1596/657/4266 1597/655/4267 1607/529/4268 1612/533/4269
f 1592/643/4270 1593/656/4271 1616/531/4272 1615/535/4273
f 1595/645/4274 1596/657/4275 1612/533/4276 1611/537/4277
f 1643/594/4278 1624/595/4279 1657/596/4280 1656/597/4281
f 1639/598/4282 1640/599/4283 1649/600/4284 1648/601/4285
f 1623/602/4286 1643/594/4287 1656/597/4288 1655/603/4289
f 1619/604/4290 1639/598/4291 1648/601/4292 1647/605/4293
f 1622/606/4294 1623/602/4295 1655/603/4296 1654/607/4297
f 1618/608/4298 1619/604/4299 1647/605/4300 1646/609/4301
f 1642/610/4302 1622/606/4303 1654/607/4304 1653/611/4305
f 1638/612/4306 1618/608/4307 1646/609/4308 1645/613/4309
f 1641/614/4310 1642/610/4311 1653/611/4312 1652/615/4313
f 1626/616/4314 1637/617/4315 1644/618/4316 1659/619/4317
f 1637/617/4318 1638/612/4319 1645/613/4320 1644/618/4321
f 1621/620/4322 1641/614/4323 1652/615/4324 1651/621/4325
f 1625/622/4326 1626/616/4327 1659/619/4328 1658/623/4329
f 1620/624/4330 1621/620/4331 1651/621/4332 1650/625/4333
f 1624/595/4334 1625/622/4335 1658/623/4336 1657/596/4337
f 1640/599/4338 1620/624/4339 1650/625/4340 1649/600/4341
f 1655/603/4342 1656/597/4343 1661/626/4344 1660/627/4345
f 1648/601/4346 1649/600/4347 1631/628/4348 1632/629/4349
f 1653/611/4350 1654/607/4351 1629/630/4352 1665/631/4353
f 1646/609/4354 1647/605/4355 1633/632/4356 1634/633/4357
f 1649/600/4358 1650/625/4359 1662/634/4360 1631/628/4361
f 1657/596/4362 1658/623/4363 1663/635/4364 1628/636/4365
f 1650/625/4366 1651/621/4367 1664/637/4368 1662/634/4369
f 1658/623/4370 1659/619/4371 1627/638/4372 1663/635/4373
f 1651/621/4374 1652/615/4375 1630/639/4376 1664/637/4377
f 1659/619/4378 1644/618/4379 1636/640/4380 1627/638/4381
f 1645/613/4382 1646/609/4383 1634/633/4384 1635/641/4385
f 1652/615/4386 1653/611/4387 1665/631/4388 1630/639/4389
f 1644/618/4390 1645/613/4391 1635/641/4392 1636/640/4393
f 1647/605/4394 1648/601/4395 1632/629/4396 1633/632/4397
f 1656/597/4398 1657/596/4399 1628/636/4400 1661/626/4401
f 1654/607/4402 1655/603/4403 1660/627/4404 1629/630/4405
f 1670/642/4406 1695/539/4407 1684/535/4408 1671/643/4409
f 1676/644/4410 1683/541/4411 1688/537/4412 1667/645/4413
f 1669/646/4414 1694/543/4415 1695/539/4416 1670/642/4417
f 1675/647/4418 1687/516/4419 1683/541/4420 1676/644/4421
f 1680/648/4422 1693/520/4423 1694/543/4424 1669/646/4425
f 1674/649/4426 1682/513/4427 1687/516/4428 1675/647/4429
f 1668/650/4430 1692/517/4431 1693/520/4432 1680/648/4433
f 1673/651/4434 1686/521/4435 1682/513/4436 1674/649/4437
f 1679/652/4438 1691/523/4439 1692/517/4440 1668/650/4441
f 1681/653/4442 1697/525/4443 1685/528/4444 1666/654/4445
f 1666/654/4446 1685/528/4447 1686/521/4448 1673/651/4449
f 1678/655/4450 1690/529/4451 1691/523/4452 1679/652/4453
f 1672/656/4454 1696/531/4455 1697/525/4456 1681/653/4457
f 1677/657/4458 1689/533/4459 1690/529/4460 1678/655/4461
f 1671/643/4462 1684/535/4463 1696/531/4464 1672/656/4465
f 1667/645/4466 1688/537/4467 1689/533/4468 1677/657/4469
f 1702/642/4470 1703/643/4471 1712/535/4472 1728/539/4473
f 1699/644/4474 1717/645/4475 1707/537/4476 1706/541/4477
f 1721/646/4478 1702/642/4479 1728/539/4480 1727/543/4481
f 1698/647/4482 1699/644/4483 1706/541/4484 1705/516/4485
f 1720/648/4486 1721/646/4487 1727/543/4488 1711/520/4489
f 1716/649/4490 1698/647/4491 1705/516/4492 1725/513/4493
f 1719/650/4494 1720/648/4495 1711/520/4496 1710/517/4497
f 1715/651/4498 1716/649/4499 1725/513/4500 1724/521/4501
f 1701/652/4502 1719/650/4503 1710/517/4504 1709/523/4505
f 1722/653/4506 1714/654/4507 1723/528/4508 1713/525/4509
f 1714/654/4510 1715/651/4511 1724/521/4512 1723/528/4513
f 1700/655/4514 1701/652/4515 1709/523/4516 1708/529/4517
f 1704/656/4518 1722/653/4519 1713/525/4520 1729/531/4521
f 1718/657/4522 1700/655/4523 1708/529/4524 1726/533/4525
f 1703/643/4526 1704/656/4527 1729/531/4528 1712/535/4529
f 1717/645/4530 1718/657/4531 1726/533/4532 1707/537/4533
f 1753/642/4534 1735/643/4535 1760/535/4536 1744/539/4537
f 1748/644/4538 1749/645/4539 1739/537/4540 1738/541/4541
f 1734/646/4542 1753/642/4543 1744/539/4544 1743/543/4545
f 1747/647/4546 1748/644/4547 1738/541/4548 1757/516/4549
f 1752/648/4550 1734/646/4551 1743/543/4552 1759/520/4553
f 1731/649/4554 1747/647/4555 1757/516/4556 1756/513/4557
f 1733/650/4558 1752/648/4559 1759/520/4560 1742/517/4561
f 1746/651/4562 1731/649/4563 1756/513/4564 1737/521/4565
f 1732/652/4566 1733/650/4567 1742/517/4568 1741/523/4569
f 1754/653/4570 1730/654/4571 1755/528/4572 1745/525/4573
f 1730/654/4574 1746/651/4575 1737/521/4576 1755/528/4577
f 1751/655/4578 1732/652/4579 1741/523/4580 1758/529/4581
f 1736/656/4582 1754/653/4583 1745/525/4584 1761/531/4585
f 1750/657/4586 1751/655/4587 1758/529/4588 1740/533/4589
f 1735/643/4590 1736/656/4591 1761/531/4592 1760/535/4593
f 1749/645/4594 1750/657/4595 1740/533/4596 1739/537/4597
f 1781/658/4598 1789/659/4599 1768/660/4600 1767/661/4601
f 1789/659/4602 1790/662/4603 1774/663/4604 1768/660/4605
f 1790/662/4606 1782/664/4607 1775/665/4608 1774/663/4609
f 1785/666/4610 1793/667/4611 1777/668/4612 1770/669/4613
f 1778/670/4614 1787/671/4615 1771/672/4616 1766/673/4617
f 1782/664/4618 1783/674/4619 1776/675/4620 1775/665/4621
f 1793/667/4622 1786/676/4623 1762/677/4624 1777/668/4625
f 1787/671/4626 1779/678/4627 1772/679/4628 1771/672/4629
f 1783/674/4630 1791/680/4631 1764/681/4632 1776/675/4633
f 1779/678/4634 1780/682/4635 1763/683/4636 1772/679/4637
f 1791/680/4638 1784/684/4639 1765/685/4640 1764/681/4641
f 1780/682/4642 1788/686/4643 1773/687/4644 1763/683/4645
f 1784/684/4646 1792/688/4647 1769/689/4648 1765/685/4649
f 1788/686/4650 1781/658/4651 1767/661/4652 1773/687/4653
f 1792/688/4654 1785/666/4655 1770/669/4656 1769/689/4657
f 1786/676/4658 1778/670/4659 1766/673/4660 1762/677/4661
f 1820/564/4662 1821/565/4663 1795/565/4664 1804/564/4665
f 1821/565/4666 1811/566/4667 1802/566/4668 1795/565/4669
f 1811/566/4670 1822/567/4671 1805/567/4672 1802/566/4673
f 1824/572/4674 1825/573/4675 1803/573/4676 1809/572/4677
f 1816/575/4678 1810/576/4679 1794/576/4680 1798/575/4681
f 1822/567/4682 1812/568/4683 1796/568/4684 1805/567/4685
f 1825/573/4686 1815/574/4687 1797/574/4688 1803/573/4689
f 1810/576/4690 1817/561/4691 1799/561/4692 1794/576/4693
f 1812/568/4694 1823/569/4695 1806/569/4696 1796/568/4697
f 1817/561/4698 1818/562/4699 1800/562/4700 1799/561/4701
f 1823/569/4702 1813/570/4703 1807/570/4704 1806/569/4705
f 1818/562/4706 1819/563/4707 1801/563/4708 1800/562/4709
f 1813/570/4710 1814/571/4711 1808/571/4712 1807/570/4713
f 1819/563/4714 1820/564/4715 1804/564/4716 1801/563/4717
f 1814/571/4718 1824/572/4719 1809/572/4720 1808/571/4721
f 1815/574/4722 1816/575/4723 1798/575/4724 1797/574/4725
f 1855/690/4726 1856/691/4727 1837/572/4728 1844/571/4729
f 1850/692/4730 1851/693/4731 1841/565/4732 1833/564/4733
f 1856/691/4734 1857/694/4735 1845/573/4736 1837/572/4737
f 1851/693/4738 1852/695/4739 1842/566/4740 1841/565/4741
f 1846/696/4742 1847/697/4743 1830/575/4744 1838/574/4745
f 1857/694/4746 1846/696/4747 1838/574/4748 1845/573/4749
f 1852/695/4750 1828/698/4751 1834/567/4752 1842/566/4753
f 1847/697/4754 1848/699/4755 1839/576/4756 1830/575/4757
f 1828/698/4758 1853/700/4759 1835/568/4760 1834/567/4761
f 1848/699/4762 1849/701/4763 1831/561/4764 1839/576/4765
f 1853/700/4766 1854/702/4767 1843/569/4768 1835/568/4769
f 1849/701/4770 1826/703/4771 1832/562/4772 1831/561/4773
f 1854/702/4774 1829/704/4775 1836/570/4776 1843/569/4777
f 1826/703/4778 1827/705/4779 1840/563/4780 1832/562/4781
f 1829/704/4782 1855/690/4783 1844/571/4784 1836/570/4785
f 1827/705/4786 1850/692/4787 1833/564/4788 1840/563/4789
f 1862/690/4790 1863/691/4791 1878/572/4792 1868/571/4793
f 1883/692/4794 1884/693/4795 1875/565/4796 1874/564/4797
f 1863/691/4798 1889/694/4799 1879/573/4800 1878/572/4801
f 1884/693/4802 1885/695/4803 1865/566/4804 1875/565/4805
f 1880/696/4806 1881/697/4807 1870/575/4808 1869/574/4809
f 1889/694/4810 1880/696/4811 1869/574/4812 1879/573/4813
f 1885/695/4814 1861/698/4815 1876/567/4816 1865/566/4817
f 1881/697/4818 1858/699/4819 1864/576/4820 1870/575/4821
f 1861/698/4822 1886/700/4823 1866/568/4824 1876/567/4825
f 1858/699/4826 1882/701/4827 1871/561/4828 1864/576/4829
f 1886/700/4830 1887/702/4831 1877/569/4832 1866/568/4833
f 1882/701/4834 1859/703/4835 1872/562/4836 1871/561/4837
f 1887/702/4838 1888/704/4839 1867/570/4840 1877/569/4841
f 1859/703/4842 1860/705/4843 1873/563/4844 1872/562/4845
f 1888/704/4846 1862/690/4847 1868/571/4848 1867/570/4849
f 1860/705/4850 1883/692/4851 1874/564/4852 1873/563/4853
f 1890/706/4854 1892/707/4855 1893/708/4856 1891/709/4857
f 1908/710/4858 1910/711/4859 1907/712/4860 1909/713/4861
f 1925/714/4862 1923/715/4863 1922/716/4864 1924/717/4865
f 1931/712/4866 1934/711/4867 1932/710/4868 1933/713/4869
f 1939/712/4870 1942/711/4871 1940/710/4872 1941/713/4873
f 1945/712/4874 1927/711/4875 1944/710/4876 1943/713/4877
f 1946/718/4878 1948/719/4879 1949/720/4880 1947/721/4881
f 1951/718/4882 1950/721/4883 1952/720/4884 1953/719/4885
f 1912/710/4886 1899/711/4887 1913/712/4888 1911/713/4889
f 1901/710/4890 1898/711/4891 1902/712/4892 1900/713/4893
f 1920/720/4894 1918/721/4895 1919/718/4896 1921/719/4897
f 1905/710/4898 1903/711/4899 1906/712/4900 1904/713/4901
f 1957/712/4902 1954/711/4903 1956/710/4904 1955/713/4905
f 1914/718/4906 1915/721/4907 1917/720/4908 1916/719/4909
f 1897/714/4910 1896/717/4911 1894/716/4912 1895/715/4913
f 1938/712/4914 1935/711/4915 1937/710/4916 1936/713/4917
f 1930/712/4918 1926/711/4919 1929/710/4920 1928/713/4921
f 1960/720/4922 1958/721/4923 1959/718/4924 1961/719/4925
f 1963/718/4926 1962/721/4927 1964/720/4928 1965/719/4929
f 1968/710/4930 1966/711/4931 1969/712/4932 1967/713/4933
f 1972/710/4934 1970/711/4935 1973/712/4936 1971/713/4937
f 2004/722/4938 1994/723/4939 1976/724/4940 2001/725/4941
f 2034/726/4942 2065/727/4943 2018/728/4944 1992/729/4945
f 2040/730/4946 2053/731/4947 2002/732/4948 1998/733/4949
f 2008/734/4950 2000/735/4951 1974/736/4952 2005/737/4953
f 1984/738/4954 1985/739/4955 2046/740/4956 2043/741/4957
f 1981/742/4958 1987/743/4959 2041/744/4960 2055/745/4961
f 2006/746/4962 1998/733/4963 1999/747/4964 2007/748/4965
f 2007/748/4966 1999/747/4967 2000/735/4968 2008/734/4969
f 1991/749/4970 1983/750/4971 2062/751/4972 2021/752/4973
f 1980/753/4974 1979/754/4975 2024/755/4976 2064/756/4977
f 1985/739/4978 1986/757/4979 2050/758/4980 2046/740/4981
f 2065/727/4982 2026/759/4983 2044/760/4984 2018/728/4985
f 2018/728/4986 2044/760/4987 2047/761/4988 2019/762/4989
f 2019/762/4990 2047/761/4991 2049/763/4992 2020/764/4993
f 1982/765/4994 1989/766/4995 2035/767/4996 2052/768/4997
f 2002/732/4998 1992/729/4999 1993/769/5000 2003/770/5001
f 2003/770/5002 1993/769/5003 1994/723/5004 2004/722/5005
f 2014/771/5006 1996/772/5007 1997/773/5008 2015/774/5009
f 2012/775/5010 1995/776/5011 1996/772/5012 2014/771/5013
f 2037/777/5014 2056/778/5015 2006/746/5016 1995/776/5017
f 2015/774/5018 1997/773/5019 1975/779/5020 2010/780/5021
f 1983/750/5022 1988/781/5023 2038/782/5024 2058/783/5025
f 1999/747/5026 2003/770/5027 2004/722/5028 2000/735/5029
f 1998/733/5030 2002/732/5031 2003/770/5032 1999/747/5033
f 1987/743/5034 1982/765/5035 2052/768/5036 2041/744/5037
f 2056/778/5038 2040/730/5039 1998/733/5040 2006/746/5041
f 2000/735/5042 2004/722/5043 2001/725/5044 1974/736/5045
f 1996/772/5046 2007/748/5047 2008/734/5048 1997/773/5049
f 1995/776/5050 2006/746/5051 2007/748/5052 1996/772/5053
f 1988/781/5054 1981/742/5055 2055/745/5056 2038/782/5057
f 1997/773/5058 2008/734/5059 2005/737/5060 1975/779/5061
f 2059/784/5062 2037/777/5063 1995/776/5064 2012/775/5065
f 2058/783/5066 2062/751/5067 1983/750/5068
f 2059/784/5069 2012/775/5070 2011/785/5071 2061/786/5072
f 2014/771/5073 2015/774/5074 2016/787/5075 2013/788/5076
f 2012/775/5077 2014/771/5078 2013/788/5079 2011/785/5080
f 2015/774/5081 2010/780/5082 2009/789/5083 2016/787/5084
f 1978/790/5085 1984/738/5086 2043/741/5087 2025/791/5088
f 1993/769/5089 2019/762/5090 2020/764/5091 1994/723/5092
f 1992/729/5093 2018/728/5094 2019/762/5095 1993/769/5096
f 1989/766/5097 1980/753/5098 2064/756/5099 2035/767/5100
f 1994/723/5101 2020/764/5102 2017/792/5103 1976/724/5104
f 2053/731/5105 2034/726/5106 1992/729/5107 2002/732/5108
f 1986/757/5109 1990/793/5110 2031/794/5111 2050/758/5112
f 2020/764/5113 2049/763/5114 2032/795/5115 2017/792/5116
f 2024/755/5117 2027/796/5118 2028/797/5119 2030/798/5120
f 2025/791/5121 2029/799/5122 2028/797/5123 2027/796/5124
f 2026/759/5125 2030/798/5126 2028/797/5127 2029/799/5128
f 1978/790/5129 2025/791/5130 2027/796/5131 1977/800/5132
f 1977/800/5133 2027/796/5134 2024/755/5135 1979/754/5136
f 2050/758/5137 2031/794/5138 2033/801/5139 2051/802/5140
f 2051/802/5141 2033/801/5142 2032/795/5143 2049/763/5144
f 2065/727/5145 2034/726/5146 2036/803/5147 2066/804/5148
f 2066/804/5149 2036/803/5150 2035/767/5151 2064/756/5152
f 2056/778/5153 2037/777/5154 2039/805/5155 2057/806/5156
f 2057/806/5157 2039/805/5158 2038/782/5159 2055/745/5160
f 2053/731/5161 2040/730/5162 2042/807/5163 2054/808/5164
f 2054/808/5165 2042/807/5166 2041/744/5167 2052/768/5168
f 2025/791/5169 2043/741/5170 2045/809/5171 2029/799/5172
f 2029/799/5173 2045/809/5174 2044/760/5175 2026/759/5176
f 2043/741/5177 2046/740/5178 2048/810/5179 2045/809/5180
f 2045/809/5181 2048/810/5182 2047/761/5183 2044/760/5184
f 2046/740/5185 2050/758/5186 2051/802/5187 2048/810/5188
f 2048/810/5189 2051/802/5190 2049/763/5191 2047/761/5192
f 2034/726/5193 2053/731/5194 2054/808/5195 2036/803/5196
f 2036/803/5197 2054/808/5198 2052/768/5199 2035/767/5200
f 2040/730/5201 2056/778/5202 2057/806/5203 2042/807/5204
f 2042/807/5205 2057/806/5206 2055/745/5207 2041/744/5208
f 2059/784/5209 2061/786/5210 2063/811/5211 2060/812/5212
f 2060/812/5213 2063/811/5214 2062/751/5215 2058/783/5216
f 2061/786/5217 2022/813/5218 2023/814/5219 2063/811/5220
f 2063/811/5221 2023/814/5222 2021/752/5223 2062/751/5224
f 2058/783/5225 2038/782/5226 2039/805/5227 2060/812/5228
f 2060/812/5229 2039/805/5230 2037/777/5231 2059/784/5232
f 2026/759/5233 2065/727/5234 2066/804/5235 2030/798/5236
f 2030/798/5237 2066/804/5238 2064/756/5239 2024/755/5240
f 2022/813/5241 2061/786/5242 2011/785/5243 2069/815/5244 2068/816/5245
f 2071/817/5246 2067/818/5247 2069/815/5248 2011/785/5249 2013/788/5250
f 2070/819/5251 2072/820/5252 2016/787/5253 2009/789/5254
f 2072/820/5255 2071/817/5256 2013/788/5257 2016/787/5258
f 2098/821/5259 2001/725/5260 1976/724/5261 2089/822/5262
f 2121/823/5263 2087/824/5264 2108/825/5265 2152/826/5266
f 2127/827/5267 2093/828/5268 2096/829/5269 2140/830/5270
f 2101/831/5271 2005/737/5272 1974/736/5273 2095/832/5274
f 2080/833/5275 2130/834/5276 2133/835/5277 2081/836/5278
f 2077/837/5279 2142/838/5280 2128/839/5281 2083/840/5282
f 2099/841/5283 2100/842/5284 2094/843/5285 2093/828/5286
f 2100/842/5287 2101/831/5288 2095/832/5289 2094/843/5290
f 2086/844/5291 2111/845/5292 2149/846/5293 2079/847/5294
f 2076/848/5295 2151/849/5296 2114/850/5297 2075/851/5298
f 2081/836/5299 2133/835/5300 2137/852/5301 2082/853/5302
f 2152/826/5303 2108/825/5304 2131/854/5305 2116/855/5306
f 2108/825/5307 2109/856/5308 2134/857/5309 2131/854/5310
f 2109/856/5311 2110/858/5312 2136/859/5313 2134/857/5314
f 2078/860/5315 2139/861/5316 2122/862/5317 2085/863/5318
f 2096/829/5319 2097/864/5320 2088/865/5321 2087/824/5322
f 2097/864/5323 2098/821/5324 2089/822/5325 2088/865/5326
f 2105/866/5327 2106/867/5328 2092/868/5329 2091/869/5330
f 2103/870/5331 2105/866/5332 2091/869/5333 2090/871/5334
f 2124/872/5335 2090/871/5336 2099/841/5337 2143/873/5338
f 2106/867/5339 2010/780/5340 1975/779/5341 2092/868/5342
f 2079/847/5343 2145/874/5344 2125/875/5345 2084/876/5346
f 2094/843/5347 2095/832/5348 2098/821/5349 2097/864/5350
f 2093/828/5351 2094/843/5352 2097/864/5353 2096/829/5354
f 2083/840/5355 2128/839/5356 2139/861/5357 2078/860/5358
f 2143/873/5359 2099/841/5360 2093/828/5361 2127/827/5362
f 2095/832/5363 1974/736/5364 2001/725/5365 2098/821/5366
f 2091/869/5367 2092/868/5368 2101/831/5369 2100/842/5370
f 2090/871/5371 2091/869/5372 2100/842/5373 2099/841/5374
f 2084/876/5375 2125/875/5376 2142/838/5377 2077/837/5378
f 2092/868/5379 1975/779/5380 2005/737/5381 2101/831/5382
f 2146/877/5383 2103/870/5384 2090/871/5385 2124/872/5386
f 2145/874/5387 2079/847/5388 2149/846/5389
f 2146/877/5390 2148/878/5391 2102/879/5392 2103/870/5393
f 2105/866/5394 2104/880/5395 2107/881/5396 2106/867/5397
f 2103/870/5398 2102/879/5399 2104/880/5400 2105/866/5401
f 2106/867/5402 2107/881/5403 2009/789/5404 2010/780/5405
f 2074/882/5406 2115/883/5407 2130/834/5408 2080/833/5409
f 2088/865/5410 2089/822/5411 2110/858/5412 2109/856/5413
f 2087/824/5414 2088/865/5415 2109/856/5416 2108/825/5417
f 2085/863/5418 2122/862/5419 2151/849/5420 2076/848/5421
f 2089/822/5422 1976/724/5423 2017/792/5424 2110/858/5425
f 2140/830/5426 2096/829/5427 2087/824/5428 2121/823/5429
f 2082/853/5430 2137/852/5431 2031/794/5432 1990/793/5433
f 2110/858/5434 2017/792/5435 2032/795/5436 2136/859/5437
f 2114/850/5438 2120/884/5439 2118/885/5440 2117/886/5441
f 2115/883/5442 2117/886/5443 2118/885/5444 2119/887/5445
f 2116/855/5446 2119/887/5447 2118/885/5448 2120/884/5449
f 2074/882/5450 2073/888/5451 2117/886/5452 2115/883/5453
f 2073/888/5454 2075/851/5455 2114/850/5456 2117/886/5457
f 2137/852/5458 2138/889/5459 2033/801/5460 2031/794/5461
f 2138/889/5462 2136/859/5463 2032/795/5464 2033/801/5465
f 2152/826/5466 2153/890/5467 2123/891/5468 2121/823/5469
f 2153/890/5470 2151/849/5471 2122/862/5472 2123/891/5473
f 2143/873/5474 2144/892/5475 2126/893/5476 2124/872/5477
f 2144/892/5478 2142/838/5479 2125/875/5480 2126/893/5481
f 2140/830/5482 2141/894/5483 2129/895/5484 2127/827/5485
f 2141/894/5486 2139/861/5487 2128/839/5488 2129/895/5489
f 2115/883/5490 2119/887/5491 2132/896/5492 2130/834/5493
f 2119/887/5494 2116/855/5495 2131/854/5496 2132/896/5497
f 2130/834/5498 2132/896/5499 2135/897/5500 2133/835/5501
f 2132/896/5502 2131/854/5503 2134/857/5504 2135/897/5505
f 2133/835/5506 2135/897/5507 2138/889/5508 2137/852/5509
f 2135/897/5510 2134/857/5511 2136/859/5512 2138/889/5513
f 2121/823/5514 2123/891/5515 2141/894/5516 2140/830/5517
f 2123/891/5518 2122/862/5519 2139/861/5520 2141/894/5521
f 2127/827/5522 2129/895/5523 2144/892/5524 2143/873/5525
f 2129/895/5526 2128/839/5527 2142/838/5528 2144/892/5529
f 2146/877/5530 2147/898/5531 2150/899/5532 2148/878/5533
f 2147/898/5534 2145/874/5535 2149/846/5536 2150/899/5537
f 2148/878/5538 2150/899/5539 2113/900/5540 2112/901/5541
f 2150/899/5542 2149/846/5543 2111/845/5544 2113/900/5545
f 2145/874/5546 2147/898/5547 2126/893/5548 2125/875/5549
f 2147/898/5550 2146/877/5551 2124/872/5552 2126/893/5553
f 2116/855/5554 2120/884/5555 2153/890/5556 2152/826/5557
f 2120/884/5558 2114/850/5559 2151/849/5560 2153/890/5561
f 2112/901/5562 2155/902/5563 2156/903/5564 2102/879/5565 2148/878/5566
f 2157/904/5567 2104/880/5568 2102/879/5569 2156/903/5570 2154/905/5571
f 2070/819/5572 2009/789/5573 2107/881/5574 2158/906/5575
f 2158/906/5576 2107/881/5577 2104/880/5578 2157/904/5579
f 2159/907/5580 2160/908/5581 2162/908/5582 2161/907/5583
f 2173/909/5584 2169/907/5585 2179/907/5586 2181/909/5587
f 2165/909/5588 2166/910/5589 2164/910/5590 2163/909/5591
f 2161/907/5592 2165/909/5593 2163/909/5594 2159/907/5595
f 2166/910/5596 2162/908/5597 2160/908/5598 2164/910/5599
f 2167/907/5600 2168/908/5601 2170/908/5602 2169/907/5603
f 2174/910/5604 2173/909/5605 2181/909/5606 2182/910/5607
f 2173/909/5608 2174/910/5609 2172/910/5610 2171/909/5611
f 2169/907/5612 2173/909/5613 2171/909/5614 2167/907/5615
f 2174/910/5616 2170/908/5617 2168/908/5618 2172/910/5619
f 2162/908/5620 2166/910/5621 2178/910/5622 2176/908/5623
f 2161/907/5624 2162/908/5625 2176/908/5626 2175/907/5627
f 2170/908/5628 2174/910/5629 2182/910/5630 2180/908/5631
f 2166/910/5632 2165/909/5633 2177/909/5634 2178/910/5635
f 2169/907/5636 2170/908/5637 2180/908/5638 2179/907/5639
f 2165/909/5640 2161/907/5641 2175/907/5642 2177/909/5643
f 2185/909/5644 2186/910/5645 2184/908/5646 2183/907/5647
f 2189/909/5648 2190/910/5649 2188/908/5650 2187/907/5651
f 2191/907/5652 2192/908/5653 2194/910/5654 2193/909/5655
f 2195/907/5656 2196/908/5657 2198/910/5658 2197/909/5659
f 2199/907/5660 2201/907/5661 2202/908/5662 2200/908/5663
f 2213/909/5664 2221/909/5665 2219/907/5666 2209/907/5667
f 2205/909/5668 2203/909/5669 2204/910/5670 2206/910/5671
f 2201/907/5672 2199/907/5673 2203/909/5674 2205/909/5675
f 2206/910/5676 2204/910/5677 2200/908/5678 2202/908/5679
f 2207/907/5680 2209/907/5681 2210/908/5682 2208/908/5683
f 2214/910/5684 2222/910/5685 2221/909/5686 2213/909/5687
f 2213/909/5688 2211/909/5689 2212/910/5690 2214/910/5691
f 2209/907/5692 2207/907/5693 2211/909/5694 2213/909/5695
f 2214/910/5696 2212/910/5697 2208/908/5698 2210/908/5699
f 2202/908/5700 2216/908/5701 2218/910/5702 2206/910/5703
f 2201/907/5704 2215/907/5705 2216/908/5706 2202/908/5707
f 2210/908/5708 2220/908/5709 2222/910/5710 2214/910/5711
f 2206/910/5712 2218/910/5713 2217/909/5714 2205/909/5715
f 2209/907/5716 2219/907/5717 2220/908/5718 2210/908/5719
f 2205/909/5720 2217/909/5721 2215/907/5722 2201/907/5723
f 2225/909/5724 2223/907/5725 2224/908/5726 2226/910/5727
f 2229/909/5728 2227/907/5729 2228/908/5730 2230/910/5731
f 2231/907/5732 2233/909/5733 2234/910/5734 2232/908/5735
f 2235/907/5736 2237/909/5737 2238/910/5738 2236/908/5739
f 2241/909/5740 2245/909/5741 2243/907/5742 2239/907/5743
f 2242/910/5744 2246/910/5745 2245/909/5746 2241/909/5747
f 2240/908/5748 2244/908/5749 2246/910/5750 2242/910/5751
f 2247/907/5752 2249/909/5753 2250/910/5754 2248/908/5755
f 2253/909/5756 2251/907/5757 2255/907/5758 2257/909/5759
f 2254/910/5760 2253/909/5761 2257/909/5762 2258/910/5763
f 2252/908/5764 2254/910/5765 2258/910/5766 2256/908/5767
f 2259/907/5768 2260/908/5769 2262/910/5770 2261/909/5771
f 2266/910/5772 2265/909/5773 2269/909/5774 2270/910/5775
f 2264/908/5776 2266/910/5777 2270/910/5778 2268/908/5779
f 2265/909/5780 2263/907/5781 2267/907/5782 2269/909/5783
f 2285/911/5784 2296/912/5785 2295/913/5786 2281/914/5787
f 2290/915/5788 2293/916/5789 2291/914/5790 2294/917/5791
f 2274/918/5792 2286/917/5793 2272/919/5794 2273/920/5795
f 2289/921/5796 2288/919/5797 2287/911/5798 2292/922/5799
f 2296/912/5800 2284/919/5801 2275/917/5802 2295/913/5803
f 2283/920/5804 2278/923/5805 2277/924/5806 2282/918/5807
f 2276/914/5808 2280/925/5809 2279/926/5810 2271/911/5811
f 2299/909/5812 2303/909/5813 2301/907/5814 2297/907/5815
f 2300/910/5816 2304/910/5817 2303/909/5818 2299/909/5819
f 2298/908/5820 2302/908/5821 2304/910/5822 2300/910/5823
f 2305/907/5824 2307/909/5825 2308/910/5826 2306/908/5827
f 2311/909/5828 2309/907/5829 2313/907/5830 2315/909/5831
f 2312/910/5832 2311/909/5833 2315/909/5834 2316/910/5835
f 2310/908/5836 2312/910/5837 2316/910/5838 2314/908/5839
f 2317/907/5840 2318/908/5841 2320/910/5842 2319/909/5843
f 2324/910/5844 2323/909/5845 2327/909/5846 2328/910/5847
f 2322/908/5848 2324/910/5849 2328/910/5850 2326/908/5851
f 2323/909/5852 2321/907/5853 2325/907/5854 2327/909/5855
f 2343/927/5856 2344/928/5857 2351/929/5858 2347/930/5859
f 2332/931/5860 2334/932/5861 2336/927/5862 2337/933/5863
f 2341/934/5864 2339/935/5865 2348/932/5866 2342/936/5867
f 2345/936/5868 2335/937/5869 2333/938/5870 2346/934/5871
f 2331/939/5872 2338/940/5873 2330/930/5874 2329/935/5875
f 2340/930/5876 2352/941/5877 2350/942/5878 2349/927/5879
f 2367/927/5880 2368/928/5881 2375/929/5882 2371/930/5883
f 2356/931/5884 2358/932/5885 2360/927/5886 2361/933/5887
f 2365/934/5888 2363/935/5889 2372/932/5890 2366/936/5891
f 2369/936/5892 2359/937/5893 2357/938/5894 2370/934/5895
f 2355/939/5896 2362/940/5897 2354/930/5898 2353/935/5899
f 2364/930/5900 2376/941/5901 2374/942/5902 2373/927/5903
f 2382/943/5904 2396/944/5905 2395/945/5906
f 2379/946/5907 2411/947/5908 2416/948/5909 2380/949/5910
f 2380/949/5911 2416/948/5912 2412/950/5913 2381/951/5914
f 2410/952/5915 2392/953/5916 2415/954/5917
f 2383/946/5918 2419/955/5919 2420/956/5920
f 2400/957/5921 2389/958/5922 2399/959/5923
f 2383/946/5924 2388/959/5925 2399/959/5926 2384/946/5927
f 2385/946/5928 2386/946/5929 2390/947/5930 2401/947/5931
f 2388/959/5932 2383/946/5933 2420/956/5934 2382/943/5935
f 2386/946/5936 2378/946/5937 2390/947/5938
f 2404/960/5939 2390/947/5940 2403/957/5941
f 2405/960/5942 2402/957/5943 2401/947/5944
f 2406/960/5945 2400/957/5946 2399/959/5947
f 2407/960/5948 2388/959/5949 2398/957/5950
f 2410/952/5951 2411/947/5952 2391/957/5953 2392/953/5954
f 2410/952/5955 2394/961/5956 2417/962/5957
f 2413/963/5958 2410/952/5959 2418/964/5960
f 2414/965/5961 2394/961/5962 2410/952/5963
f 2415/954/5964 2414/965/5965 2410/952/5966
f 2416/948/5967 2411/947/5968 2410/952/5969
f 2417/962/5970 2393/966/5971 2410/952/5972
f 2418/964/5973 2410/952/5974 2393/966/5975
f 2397/967/5976 2396/944/5977 2382/943/5978 2420/956/5979
f 2387/968/5980 2382/943/5981 2408/969/5982
f 2420/956/5983 2419/955/5984 2377/970/5985 2397/967/5986
f 2382/943/5987 2409/971/5988 2408/969/5989
f 2382/943/5990 2395/945/5991 2409/971/5992
f 2389/958/5993 2403/957/5994 2390/947/5995 2378/946/5996
f 2388/959/5997 2382/943/5998 2387/968/5999 2398/957/6000
f 2389/958/6001 2378/946/6002 2384/946/6003 2399/959/6004
f 2401/947/6005 2411/947/6006 2379/946/6007 2385/946/6008
f 2402/957/6009 2391/957/6010 2411/947/6011 2401/947/6012
f 2412/950/6013 2416/948/6014 2410/952/6015 2413/963/6016
f 2421/943/6017 2430/945/6018 2431/944/6019
f 2379/946/6020 2380/949/6021 2451/948/6022 2446/947/6023
f 2380/949/6024 2381/951/6025 2447/950/6026 2451/948/6027
f 2445/952/6028 2450/954/6029 2427/953/6030
f 2383/946/6031 2454/956/6032 2419/955/6033
f 2435/957/6034 2434/959/6035 2424/958/6036
f 2383/946/6037 2384/946/6038 2434/959/6039 2423/959/6040
f 2385/946/6041 2436/947/6042 2425/947/6043 2386/946/6044
f 2423/959/6045 2421/943/6046 2454/956/6047 2383/946/6048
f 2386/946/6049 2425/947/6050 2378/946/6051
f 2439/960/6052 2438/957/6053 2425/947/6054
f 2440/960/6055 2436/947/6056 2437/957/6057
f 2441/960/6058 2434/959/6059 2435/957/6060
f 2442/960/6061 2433/957/6062 2423/959/6063
f 2445/952/6064 2427/953/6065 2426/957/6066 2446/947/6067
f 2445/952/6068 2452/962/6069 2429/961/6070
f 2448/963/6071 2453/964/6072 2445/952/6073
f 2449/965/6074 2445/952/6075 2429/961/6076
f 2450/954/6077 2445/952/6078 2449/965/6079
f 2451/948/6080 2445/952/6081 2446/947/6082
f 2452/962/6083 2445/952/6084 2428/966/6085
f 2453/964/6086 2428/966/6087 2445/952/6088
f 2432/967/6089 2454/956/6090 2421/943/6091 2431/944/6092
f 2422/968/6093 2443/969/6094 2421/943/6095
f 2454/956/6096 2432/967/6097 2377/970/6098 2419/955/6099
f 2421/943/6100 2443/969/6101 2444/971/6102
f 2421/943/6103 2444/971/6104 2430/945/6105
f 2424/958/6106 2378/946/6107 2425/947/6108 2438/957/6109
f 2423/959/6110 2433/957/6111 2422/968/6112 2421/943/6113
f 2424/958/6114 2434/959/6115 2384/946/6116 2378/946/6117
f 2436/947/6118 2385/946/6119 2379/946/6120 2446/947/6121
f 2437/957/6122 2436/947/6123 2446/947/6124 2426/957/6125
f 2447/950/6126 2448/963/6127 2445/952/6128 2451/948/6129
f 2457/972/6130 2456/973/6131 2459/974/6132 2460/975/6133
f 2458/976/6134 2457/972/6135 2460/975/6136 2461/977/6137
f 2462/978/6138 2458/976/6139 2461/977/6140
f 2461/977/6141 2460/975/6142 2464/979/6143 2465/980/6144
f 2462/978/6145 2461/977/6146 2465/980/6147
f 2460/975/6148 2459/974/6149 2463/981/6150 2464/979/6151
f 2465/980/6152 2464/979/6153 2466/982/6154 2467/983/6155
f 2462/978/6156 2465/980/6157 2467/983/6158
f 2467/983/6159 2466/982/6160 2469/979/6161 2470/980/6162
f 2462/978/6163 2467/983/6164 2470/980/6165
f 2470/980/6166 2469/979/6167 2472/975/6168 2473/977/6169
f 2462/978/6170 2470/980/6171 2473/977/6172
f 2469/979/6173 2468/981/6174 2471/974/6175 2472/975/6176
f 2473/977/6177 2472/975/6178 2455/972/6179 2475/976/6180
f 2462/978/6181 2473/977/6182 2475/976/6183
f 2472/975/6184 2471/974/6185 2474/973/6186 2455/972/6187
f 2481/982/6188 2478/979/6189 2485/984/6190 2484/985/6191
f 2478/979/6192 2477/981/6193 2480/986/6194 2485/984/6195
f 2483/979/6196 2481/982/6197 2484/985/6198 2476/984/6199
f 2482/981/6200 2483/979/6201 2476/984/6202 2479/986/6203
f 2457/972/6204 2487/975/6205 2486/974/6206 2456/973/6207
f 2458/976/6208 2488/977/6209 2487/975/6210 2457/972/6211
f 2462/978/6212 2488/977/6213 2458/976/6214
f 2488/977/6215 2491/980/6216 2490/979/6217 2487/975/6218
f 2462/978/6219 2491/980/6220 2488/977/6221
f 2487/975/6222 2490/979/6223 2489/981/6224 2486/974/6225
f 2491/980/6226 2493/983/6227 2492/982/6228 2490/979/6229
f 2462/978/6230 2493/983/6231 2491/980/6232
f 2493/983/6233 2496/980/6234 2495/979/6235 2492/982/6236
f 2462/978/6237 2496/980/6238 2493/983/6239
f 2496/980/6240 2499/977/6241 2498/975/6242 2495/979/6243
f 2462/978/6244 2499/977/6245 2496/980/6246
f 2495/979/6247 2498/975/6248 2497/974/6249 2494/981/6250
f 2499/977/6251 2475/976/6252 2455/972/6253 2498/975/6254
f 2462/978/6255 2475/976/6256 2499/977/6257
f 2498/975/6258 2455/972/6259 2474/973/6260 2497/974/6261
f 2505/982/6262 2508/985/6263 2509/984/6264 2502/979/6265
f 2502/979/6266 2509/984/6267 2504/986/6268 2501/981/6269
f 2507/979/6270 2500/984/6271 2508/985/6272 2505/982/6273
f 2506/981/6274 2503/986/6275 2500/984/6276 2507/979/6277
f 2517/987/6278 2529/988/6279 2533/989/6280 2521/990/6281
f 2519/991/6282 2531/992/6283 2532/993/6284 2520/994/6285
f 2516/995/6286 2528/996/6287 2529/988/6288 2517/987/6289
f 2512/997/6290 2524/998/6291 2527/999/6292 2515/1000/6293
f 2520/994/6294 2532/993/6295 2528/996/6296 2516/995/6297
f 2515/1000/6298 2527/999/6299 2523/1001/6300 2511/1002/6301
f 2514/1003/6302 2526/1004/6303 2525/1005/6304 2513/1006/6305
f 2518/1007/6306 2530/1008/6307 2524/998/6308 2512/997/6309
f 2511/1002/6310 2523/1001/6311 2522/1009/6312 2510/1010/6313
f 2510/1010/6314 2522/1009/6315 2526/1004/6316 2514/1003/6317
f 2521/990/6318 2533/989/6319 2530/1008/6320 2518/1007/6321
f 2541/1011/6322 2553/1012/6323 2557/1013/6324 2545/1014/6325
f 2543/1015/6326 2555/1016/6327 2556/1017/6328 2544/1018/6329
f 2540/1019/6330 2552/1020/6331 2553/1012/6332 2541/1011/6333
f 2536/1021/6334 2548/1022/6335 2551/1023/6336 2539/1024/6337
f 2544/1018/6338 2556/1017/6339 2552/1020/6340 2540/1019/6341
f 2539/1024/6342 2551/1023/6343 2547/1025/6344 2535/1026/6345
f 2538/1027/6346 2550/1028/6347 2549/1029/6348 2537/1030/6349
f 2542/1031/6350 2554/1032/6351 2548/1022/6352 2536/1021/6353
f 2535/1026/6354 2547/1025/6355 2546/1033/6356 2534/1034/6357
f 2534/1034/6358 2546/1033/6359 2550/1028/6360 2538/1027/6361
f 2545/1014/6362 2557/1013/6363 2554/1032/6364 2542/1031/6365
f 2607/1035/6366 2590/1036/6367 2562/1037/6368 2570/1038/6369
f 2592/1039/6370 2564/1040/6371 2574/1041/6372 2602/1042/6373
f 2578/1043/6374 2576/1044/6375 2561/1045/6376 2567/1046/6377
f 2571/1047/6378 2569/1048/6379 2560/1049/6380 2566/1050/6381
f 2565/1051/6382 2575/1052/6383 2573/1053/6384 2559/1054/6385
f 2587/1055/6386 2586/1056/6387 2593/1057/6388 2596/1058/6389
f 2591/1059/6390 2563/1060/6391 2577/1061/6392 2603/1062/6393
f 2567/1046/6394 2561/1045/6395 2573/1053/6396 2575/1052/6397
f 2603/1062/6398 2577/1061/6399 2564/1040/6400 2592/1039/6401
f 2566/1050/6402 2560/1049/6403 2576/1044/6404 2578/1043/6405
f 2570/1038/6406 2563/1060/6407 2591/1059/6408 2607/1035/6409
f 2622/1063/6410 2619/1011/6411 2618/1014/6412 2620/1064/6413 2616/1065/6414 2617/1024/6415 2615/1066/6416 2621/1034/6417 2580/1067/6418 2585/1068/6419 2577/1061/6420 2563/1060/6421
f 2564/1040/6422 2581/1069/6423 2584/1070/6424 2574/1041/6425
f 2582/1071/6426 2625/1027/6427 2623/1030/6428 2583/1072/6429
f 2562/1037/6430 2624/1015/6431 2626/1018/6432 2570/1038/6433
f 2577/1061/6434 2585/1068/6435 2581/1069/6436 2564/1040/6437
f 2626/1018/6438 2622/1063/6439 2563/1060/6440 2570/1038/6441
f 2580/1067/6442 2621/1034/6443 2625/1027/6444 2582/1071/6445
f 2614/1073/6446 2574/1041/6447 2584/1070/6448 2579/1074/6449 2572/1075/6450
f 2588/1076/6451 2589/1077/6452 2604/1078/6453 2600/1079/6454
f 2572/1075/6455 2579/1074/6456 2589/1077/6457 2588/1076/6458
f 2565/1051/6459 2559/1054/6460 2586/1056/6461 2587/1055/6462
f 2602/1042/6463 2574/1041/6464 2614/1073/6465 2609/1080/6466
f 2597/1081/6467 2598/1082/6468 2595/1083/6469 2594/1084/6470
f 2598/1082/6471 2596/1058/6472 2593/1057/6473 2595/1083/6474
f 2599/1085/6475 2601/1086/6476 2606/1087/6477 2605/1088/6478
f 2601/1086/6479 2600/1079/6480 2604/1078/6481 2606/1087/6482
f 2614/1073/6483 2612/1089/6484 2613/1090/6485
f 2606/1087/6486 2604/1078/6487 2596/1058/6488 2598/1082/6489
f 2605/1088/6490 2606/1087/6491 2598/1082/6492 2597/1081/6493
f 2579/1074/6494 2565/1051/6495 2587/1055/6496 2589/1077/6497
f 2638/995/6498 2630/987/6499 2632/990/6500 2631/1091/6501 2629/997/6502 2627/1000/6503 2628/1002/6504 2637/1010/6505 2566/1050/6506 2578/1043/6507 2585/1068/6508 2580/1067/6509
f 2581/1069/6510 2567/1046/6511 2575/1052/6512 2584/1070/6513
f 2634/1092/6514 2636/994/6515 2582/1071/6516 2583/1072/6517
f 2571/1047/6518 2635/1003/6519 2633/1093/6520 2568/1094/6521
f 2585/1068/6522 2578/1043/6523 2567/1046/6524 2581/1069/6525
f 2636/994/6526 2638/995/6527 2580/1067/6528 2582/1071/6529
f 2637/1010/6530 2635/1003/6531 2571/1047/6532 2566/1050/6533
f 2575/1052/6534 2565/1051/6535 2579/1074/6536 2584/1070/6537
f 2589/1077/6538 2587/1055/6539 2596/1058/6540 2604/1078/6541
f 2614/1073/6542 2613/1090/6543 2608/1095/6544
f 2614/1073/6545 2608/1095/6546 2609/1080/6547
f 2612/1089/6548 2614/1073/6549 2611/1096/6550
f 2614/1073/6551 2610/1097/6552 2611/1096/6553
f 2610/1097/6554 2614/1073/6555 2572/1075/6556
f 2558/1098/6557 2571/1047/6558 2568/1094/6559
f 2571/1047/6560 2558/1098/6561 2569/1048/6562
f 2717/1099/6563 2719/1100/6564 2720/1101/6565
f 2718/1102/6566 2652/1103/6567 2723/1104/6568
f 2717/1099/6569 2720/1101/6570 2721/1105/6571
f 2717/1099/6572 2721/1105/6573 2737/1099/6574
f 2723/1104/6575 2652/1103/6576 2722/1106/6577
f 2719/1100/6578 2717/1099/6579 2718/1102/6580
f 2660/1107/6581 2662/1108/6582 2670/1109/6583 2669/1110/6584
f 2656/1111/6585 2655/1112/6586 2654/1113/6587 2653/1114/6588
f 2662/1108/6589 2661/1115/6590 2653/1114/6591 2654/1113/6592
f 2658/1116/6593 2657/1117/6594 2640/1118/6595 2639/1119/6596
f 2657/1117/6597 2658/1116/6598 2655/1112/6599 2656/1111/6600
f 2660/1107/6601 2659/1120/6602 2661/1115/6603 2662/1108/6604
f 2660/1107/6605 2683/1121/6606 2659/1120/6607
f 2665/1122/6608 2724/1123/6609 2731/1124/6610 2679/1125/6611
f 2666/1126/6612 2665/1122/6613 2679/1125/6614 2680/1127/6615
f 2667/1128/6616 2668/1129/6617 2685/1130/6618 2684/1131/6619
f 2724/1123/6620 2667/1128/6621 2684/1131/6622 2732/1132/6623
f 2663/1133/6624 2724/1123/6625 2665/1122/6626
f 2664/1134/6627 2663/1133/6628 2665/1122/6629 2666/1126/6630
f 2667/1128/6631 2724/1123/6632 2663/1133/6633
f 2668/1129/6634 2667/1128/6635 2663/1133/6636 2664/1134/6637
f 2661/1115/6638 2659/1120/6639 2675/1135/6640 2676/1136/6641
f 2657/1117/6642 2706/1137/6643 2647/1138/6644 2640/1118/6645
f 2677/1139/6646 2678/1140/6647 2672/1141/6648 2671/1142/6649
f 2730/1143/6650 2677/1139/6651 2671/1142/6652 2725/1144/6653
f 2681/1145/6654 2682/1146/6655 2738/1147/6656 2741/1148/6657
f 2717/1099/6658 2681/1145/6659 2741/1148/6660 2652/1103/6661
f 2675/1135/6662 2683/1121/6663 2728/1149/6664 2727/1150/6665
f 2676/1136/6666 2675/1135/6667 2727/1150/6668 2729/1151/6669
f 2683/1121/6670 2660/1107/6671 2669/1110/6672 2697/1152/6673
f 2695/1153/6674 2670/1109/6675 2662/1108/6676 2654/1113/6677
f 2673/1154/6678 2674/1155/6679 2678/1140/6680 2677/1139/6681
f 2726/1156/6682 2673/1154/6683 2677/1139/6684 2730/1143/6685
f 2671/1142/6686 2672/1141/6687 2680/1127/6688 2679/1125/6689
f 2725/1144/6690 2671/1142/6691 2679/1125/6692 2731/1124/6693
f 2669/1110/6694 2670/1109/6695 2682/1146/6696 2681/1145/6697
f 2697/1152/6698 2669/1110/6699 2681/1145/6700 2717/1099/6701
f 2644/1157/6702 2739/1158/6703 2658/1116/6704 2639/1119/6705
f 2713/1159/6706 2682/1146/6707 2670/1109/6708 2695/1153/6709
f 2683/1121/6710 2675/1135/6711 2659/1120/6712
f 2641/1160/6713 2642/1161/6714 2694/1162/6715 2692/1163/6716
f 2643/1164/6717 2641/1160/6718 2692/1163/6719 2693/1165/6720
f 2692/1163/6721 2694/1162/6722 2691/1166/6723 2689/1167/6724
f 2693/1165/6725 2692/1163/6726 2689/1167/6727 2690/1168/6728
f 2689/1167/6729 2691/1166/6730 2687/1169/6731 2686/1170/6732
f 2690/1168/6733 2689/1167/6734 2686/1170/6735 2688/1171/6736
f 2688/1171/6737 2686/1170/6738 2664/1134/6739 2666/1126/6740
f 2686/1170/6741 2687/1169/6742 2668/1129/6743 2664/1134/6744
f 2710/1172/6745 2680/1127/6746 2672/1141/6747 2698/1173/6748
f 2717/1099/6749 2737/1099/6750 2733/1174/6751 2697/1152/6752
f 2707/1175/6753 2678/1140/6754 2674/1155/6755 2701/1176/6756
f 2649/1177/6757 2712/1178/6758 2700/1179/6759 2645/1180/6760
f 2712/1178/6761 2711/1181/6762 2699/1182/6763 2700/1179/6764
f 2711/1181/6765 2710/1172/6766 2698/1173/6767 2699/1182/6768
f 2648/1183/6769 2709/1184/6770 2703/1185/6771 2646/1186/6772
f 2709/1184/6773 2708/1187/6774 2702/1188/6775 2703/1185/6776
f 2708/1187/6777 2707/1175/6778 2701/1176/6779 2702/1188/6780
f 2705/1189/6781 2735/1190/6782 2734/1191/6783 2706/1137/6784
f 2704/1192/6785 2736/1193/6786 2735/1190/6787 2705/1189/6788
f 2697/1152/6789 2733/1174/6790 2728/1149/6791 2683/1121/6792
f 2656/1111/6793 2705/1189/6794 2706/1137/6795 2657/1117/6796
f 2706/1137/6797 2734/1191/6798 2651/1194/6799 2647/1138/6800
f 2688/1171/6801 2666/1126/6802 2680/1127/6803 2710/1172/6804
f 2643/1164/6805 2693/1165/6806 2712/1178/6807 2649/1177/6808
f 2693/1165/6809 2690/1168/6810 2711/1181/6811 2712/1178/6812
f 2690/1168/6813 2688/1171/6814 2710/1172/6815 2711/1181/6816
f 2696/1195/6817 2695/1153/6818 2654/1113/6819 2655/1112/6820
f 2703/1185/6821 2702/1188/6822 2744/1196/6823 2745/1197/6824
f 2646/1186/6825 2703/1185/6826 2745/1197/6827 2749/1198/6828
f 2715/1199/6829 2716/1200/6830 2687/1169/6831 2691/1166/6832
f 2714/1201/6833 2715/1199/6834 2691/1166/6835 2694/1162/6836
f 2699/1182/6837 2698/1173/6838 2707/1175/6839 2708/1187/6840
f 2700/1179/6841 2699/1182/6842 2708/1187/6843 2709/1184/6844
f 2645/1180/6845 2700/1179/6846 2709/1184/6847 2648/1183/6848
f 2653/1114/6849 2704/1192/6850 2705/1189/6851 2656/1111/6852
f 2698/1173/6853 2672/1141/6854 2678/1140/6855 2707/1175/6856
f 2716/1200/6857 2685/1130/6858 2668/1129/6859 2687/1169/6860
f 2701/1176/6861 2674/1155/6862 2738/1147/6863 2740/1202/6864
f 2739/1158/6865 2696/1195/6866 2655/1112/6867 2658/1116/6868
f 2661/1115/6869 2676/1136/6870 2704/1192/6871 2653/1114/6872
f 2676/1136/6873 2729/1151/6874 2736/1193/6875 2704/1192/6876
f 2650/1203/6877 2714/1201/6878 2694/1162/6879 2642/1161/6880
f 2713/1159/6881 2762/1204/6882 2766/1205/6883 2740/1202/6884
f 2652/1103/6885 2718/1102/6886 2717/1099/6887
f 2740/1202/6888 2738/1147/6889 2682/1146/6890 2713/1159/6891
f 2741/1148/6892 2673/1154/6893 2726/1156/6894 2722/1106/6895
f 2652/1103/6896 2741/1148/6897 2722/1106/6898
f 2741/1148/6899 2738/1147/6900 2674/1155/6901 2673/1154/6902
f 2740/1202/6903 2766/1205/6904 2759/1206/6905 2744/1196/6906 2702/1188/6907 2701/1176/6908
f 2751/1207/6909 2758/1208/6910 2762/1204/6911 2713/1159/6912 2695/1153/6913 2696/1195/6914
f 2748/1209/6915 2747/1210/6916 2739/1158/6917 2644/1157/6918
f 2747/1210/6919 2751/1207/6920 2696/1195/6921 2739/1158/6922
f 2752/1211/6923 2767/1207/6924 2763/1210/6925 2755/1212/6926
f 2755/1212/6927 2763/1210/6928 2764/1209/6929 2757/1213/6930
f 2754/1214/6931 2755/1212/6932 2757/1213/6933 2756/1215/6934
f 2753/1216/6935 2752/1211/6936 2755/1212/6937 2754/1214/6938
f 2752/1211/6939 2762/1204/6940 2758/1208/6941 2767/1207/6942
f 2761/1197/6943 2760/1196/6944 2753/1216/6945 2754/1214/6946
f 2766/1205/6947 2762/1204/6948 2752/1211/6949 2753/1216/6950
f 2760/1196/6951 2759/1206/6952 2766/1205/6953 2753/1216/6954
f 2765/1198/6955 2761/1197/6956 2754/1214/6957 2756/1215/6958
f 2750/1196/6959 2771/1206/6960 2772/1196/6961
f 2750/1196/6962 2772/1196/6963 2773/1197/6964 2746/1197/6965
f 2776/1198/6966 2768/1198/6967 2746/1197/6968 2773/1197/6969
f 2775/1209/6970 2774/1210/6971 2743/1210/6972 2742/1209/6973
f 2777/1207/6974 2769/1207/6975 2743/1210/6976 2774/1210/6977
f 2769/1207/6978 2777/1207/6979 2770/1208/6980
f 2843/1217/6981 2846/1218/6982 2845/1219/6983
f 2844/1220/6984 2849/1221/6985 2778/1222/6986
f 2843/1217/6987 2847/1223/6988 2846/1218/6989
f 2843/1217/6990 2863/1217/6991 2847/1223/6992
f 2849/1221/6993 2848/1224/6994 2778/1222/6995
f 2845/1219/6996 2844/1220/6997 2843/1217/6998
f 2786/1225/6999 2795/1226/7000 2796/1227/7001 2788/1228/7002
f 2782/1229/7003 2779/1230/7004 2780/1231/7005 2781/1232/7006
f 2788/1228/7007 2780/1231/7008 2779/1230/7009 2787/1233/7010
f 2784/1234/7011 2639/1119/7012 2640/1118/7013 2783/1235/7014
f 2783/1235/7015 2782/1229/7016 2781/1232/7017 2784/1234/7018
f 2786/1225/7019 2788/1228/7020 2787/1233/7021 2785/1236/7022
f 2786/1225/7023 2785/1236/7024 2809/1237/7025
f 2791/1238/7026 2805/1239/7027 2857/1240/7028 2850/1241/7029
f 2792/1242/7030 2806/1243/7031 2805/1239/7032 2791/1238/7033
f 2793/1244/7034 2810/1245/7035 2811/1246/7036 2794/1247/7037
f 2850/1241/7038 2858/1248/7039 2810/1245/7040 2793/1244/7041
f 2789/1249/7042 2791/1238/7043 2850/1241/7044
f 2790/1250/7045 2792/1242/7046 2791/1238/7047 2789/1249/7048
f 2793/1244/7049 2789/1249/7050 2850/1241/7051
f 2794/1247/7052 2790/1250/7053 2789/1249/7054 2793/1244/7055
f 2787/1233/7056 2802/1251/7057 2801/1252/7058 2785/1236/7059
f 2783/1235/7060 2640/1118/7061 2647/1138/7062 2832/1253/7063
f 2803/1254/7064 2797/1255/7065 2798/1256/7066 2804/1257/7067
f 2856/1258/7068 2851/1259/7069 2797/1255/7070 2803/1254/7071
f 2807/1260/7072 2867/1261/7073 2864/1262/7074 2808/1263/7075
f 2843/1217/7076 2778/1222/7077 2867/1261/7078 2807/1260/7079
f 2801/1252/7080 2853/1264/7081 2854/1265/7082 2809/1237/7083
f 2802/1251/7084 2855/1266/7085 2853/1264/7086 2801/1252/7087
f 2809/1237/7088 2823/1267/7089 2795/1226/7090 2786/1225/7091
f 2821/1268/7092 2780/1231/7093 2788/1228/7094 2796/1227/7095
f 2799/1269/7096 2803/1254/7097 2804/1257/7098 2800/1270/7099
f 2852/1271/7100 2856/1258/7101 2803/1254/7102 2799/1269/7103
f 2797/1255/7104 2805/1239/7105 2806/1243/7106 2798/1256/7107
f 2851/1259/7108 2857/1240/7109 2805/1239/7110 2797/1255/7111
f 2795/1226/7112 2807/1260/7113 2808/1263/7114 2796/1227/7115
f 2823/1267/7116 2843/1217/7117 2807/1260/7118 2795/1226/7119
f 2644/1157/7120 2639/1119/7121 2784/1234/7122 2865/1272/7123
f 2839/1273/7124 2821/1268/7125 2796/1227/7126 2808/1263/7127
f 2809/1237/7128 2785/1236/7129 2801/1252/7130
f 2641/1160/7131 2818/1274/7132 2820/1275/7133 2642/1276/7134
f 2643/1277/7135 2819/1278/7136 2818/1274/7137 2641/1160/7138
f 2818/1274/7139 2815/1279/7140 2817/1280/7141 2820/1275/7142
f 2819/1278/7143 2816/1281/7144 2815/1279/7145 2818/1274/7146
f 2815/1279/7147 2812/1282/7148 2813/1283/7149 2817/1280/7150
f 2816/1281/7151 2814/1284/7152 2812/1282/7153 2815/1279/7154
f 2814/1284/7155 2792/1242/7156 2790/1250/7157 2812/1282/7158
f 2812/1282/7159 2790/1250/7160 2794/1247/7161 2813/1283/7162
f 2836/1285/7163 2824/1286/7164 2798/1256/7165 2806/1243/7166
f 2843/1217/7167 2823/1267/7168 2859/1287/7169 2863/1217/7170
f 2833/1288/7171 2827/1289/7172 2800/1270/7173 2804/1257/7174
f 2649/1177/7175 2645/1180/7176 2826/1290/7177 2838/1291/7178
f 2838/1291/7179 2826/1290/7180 2825/1292/7181 2837/1293/7182
f 2837/1293/7183 2825/1292/7184 2824/1286/7185 2836/1285/7186
f 2648/1183/7187 2646/1186/7188 2829/1294/7189 2835/1295/7190
f 2835/1295/7191 2829/1294/7192 2828/1296/7193 2834/1297/7194
f 2834/1297/7195 2828/1296/7196 2827/1289/7197 2833/1288/7198
f 2831/1298/7199 2832/1253/7200 2860/1299/7201 2861/1300/7202
f 2830/1301/7203 2831/1298/7204 2861/1300/7205 2862/1302/7206
f 2823/1267/7207 2809/1237/7208 2854/1265/7209 2859/1287/7210
f 2782/1229/7211 2783/1235/7212 2832/1253/7213 2831/1298/7214
f 2832/1253/7215 2647/1138/7216 2651/1194/7217 2860/1299/7218
f 2814/1284/7219 2836/1285/7220 2806/1243/7221 2792/1242/7222
f 2643/1277/7223 2649/1177/7224 2838/1291/7225 2819/1278/7226
f 2819/1278/7227 2838/1291/7228 2837/1293/7229 2816/1281/7230
f 2816/1281/7231 2837/1293/7232 2836/1285/7233 2814/1284/7234
f 2822/1303/7235 2781/1232/7236 2780/1231/7237 2821/1268/7238
f 2829/1294/7239 2870/1304/7240 2869/1305/7241 2828/1296/7242
f 2646/1186/7243 2749/1198/7244 2870/1304/7245 2829/1294/7246
f 2841/1306/7247 2817/1280/7248 2813/1283/7249 2842/1307/7250
f 2840/1308/7251 2820/1275/7252 2817/1280/7253 2841/1306/7254
f 2825/1292/7255 2834/1297/7256 2833/1288/7257 2824/1286/7258
f 2826/1290/7259 2835/1295/7260 2834/1297/7261 2825/1292/7262
f 2645/1180/7263 2648/1183/7264 2835/1295/7265 2826/1290/7266
f 2779/1230/7267 2782/1229/7268 2831/1298/7269 2830/1301/7270
f 2824/1286/7271 2833/1288/7272 2804/1257/7273 2798/1256/7274
f 2842/1307/7275 2813/1283/7276 2794/1247/7277 2811/1246/7278
f 2827/1289/7279 2866/1309/7280 2864/1262/7281 2800/1270/7282
f 2865/1272/7283 2784/1234/7284 2781/1232/7285 2822/1303/7286
f 2787/1233/7287 2779/1230/7288 2830/1301/7289 2802/1251/7290
f 2802/1251/7291 2830/1301/7292 2862/1302/7293 2855/1266/7294
f 2650/1203/7295 2642/1276/7296 2820/1275/7297 2840/1308/7298
f 2839/1273/7299 2866/1309/7300 2885/1310/7301 2883/1311/7302
f 2778/1222/7303 2843/1217/7304 2844/1220/7305
f 2866/1309/7306 2839/1273/7307 2808/1263/7308 2864/1262/7309
f 2867/1261/7310 2848/1224/7311 2852/1271/7312 2799/1269/7313
f 2778/1222/7314 2848/1224/7315 2867/1261/7316
f 2867/1261/7317 2799/1269/7318 2800/1270/7319 2864/1262/7320
f 2866/1309/7321 2827/1289/7322 2828/1296/7323 2869/1305/7324 2880/1312/7325 2885/1310/7326
f 2874/1313/7327 2822/1303/7328 2821/1268/7329 2839/1273/7330 2883/1311/7331 2879/1314/7332
f 2748/1315/7333 2644/1157/7334 2865/1272/7335 2872/1316/7336
f 2872/1316/7337 2865/1272/7338 2822/1303/7339 2874/1313/7340
f 2875/1317/7341 2878/1318/7342 2884/1316/7343 2886/1313/7344
f 2878/1318/7345 2757/1319/7346 2764/1315/7347 2884/1316/7348
f 2877/1320/7349 2756/1215/7350 2757/1319/7351 2878/1318/7352
f 2876/1321/7353 2877/1320/7354 2878/1318/7355 2875/1317/7356
f 2875/1317/7357 2886/1313/7358 2879/1314/7359 2883/1311/7360
f 2882/1304/7361 2877/1320/7362 2876/1321/7363 2881/1305/7364
f 2885/1310/7365 2876/1321/7366 2875/1317/7367 2883/1311/7368
f 2881/1305/7369 2876/1321/7370 2885/1310/7371 2880/1312/7372
f 2765/1198/7373 2756/1215/7374 2877/1320/7375 2882/1304/7376
f 2873/1305/7377 2890/1305/7378 2889/1312/7379
f 2873/1305/7380 2871/1304/7381 2891/1304/7382 2890/1305/7383
f 2776/1198/7384 2891/1304/7385 2871/1304/7386 2768/1198/7387
f 2775/1315/7388 2742/1315/7389 2868/1316/7390 2892/1316/7391
f 2893/1313/7392 2892/1316/7393 2868/1316/7394 2887/1313/7395
f 2887/1313/7396 2888/1314/7397 2893/1313/7398
f 2898/1322/7399 2903/1323/7400 2904/1324/7401 2899/1325/7402
f 2905/1326/7403 2908/1327/7404 2906/1328/7405 2903/1323/7406
f 2906/1328/7407 2909/1329/7408 2910/1330/7409 2907/1331/7410
f 2908/1327/7411 2911/1332/7412 2909/1329/7413 2906/1328/7414
f 2904/1324/7415 2907/1331/7416 2920/1333/7417 2919/1334/7418
f 2911/1332/7419 2915/1335/7420 2916/1336/7421 2914/1337/7422
f 2905/1326/7423 2903/1323/7424 2898/1322/7425 2901/1338/7426
f 2907/1331/7427 2910/1330/7428 2921/1339/7429 2920/1333/7430
f 2899/1325/7431 2904/1324/7432 2919/1334/7433 2918/1340/7434
f 2910/1330/7435 2912/1341/7436 2922/1342/7437 2921/1339/7438
f 2909/1329/7439 2913/1343/7440 2912/1341/7441 2910/1330/7442
f 2911/1332/7443 2914/1337/7444 2913/1343/7445 2909/1329/7446
f 2915/1335/7447 2901/1338/7448 2902/1344/7449
f 2901/1338/7450 2915/1335/7451 2905/1326/7452
f 2905/1326/7453 2915/1335/7454 2908/1327/7455
f 2908/1327/7456 2915/1335/7457 2911/1332/7458
f 2903/1323/7459 2906/1328/7460 2907/1331/7461 2904/1324/7462
f 2902/1344/7463 2901/1338/7464 2898/1322/7465 2900/1345/7466
f 2897/1346/7467 2899/1325/7468 2918/1340/7469 2917/1347/7470
f 2900/1345/7471 2898/1322/7472 2899/1325/7473 2897/1346/7474
f 2916/1336/7475 2915/1335/7476 2924/1348/7477 2925/1349/7478
f 2902/1344/7479 2900/1345/7480 2923/1350/7481 2894/1351/7482
f 2900/1345/7483 2897/1346/7484 2895/1352/7485 2923/1350/7486
f 2915/1335/7487 2902/1344/7488 2894/1351/7489 2924/1348/7490
f 2897/1346/7491 2917/1347/7492 2896/1353/7493 2895/1352/7494
f 2930/1354/7495 2931/1355/7496 2936/1356/7497 2935/1357/7498
f 2937/1358/7499 2935/1357/7500 2938/1359/7501 2940/1360/7502
f 2938/1359/7503 2939/1361/7504 2942/1362/7505 2941/1363/7506
f 2940/1360/7507 2938/1359/7508 2941/1363/7509 2943/1364/7510
f 2936/1356/7511 2947/1365/7512 2948/1366/7513 2939/1361/7514
f 2943/1364/7515 2914/1337/7516 2916/1336/7517 2944/1367/7518
f 2937/1358/7519 2933/1368/7520 2930/1354/7521 2935/1357/7522
f 2939/1361/7523 2948/1366/7524 2949/1369/7525 2942/1362/7526
f 2931/1355/7527 2946/1370/7528 2947/1365/7529 2936/1356/7530
f 2942/1362/7531 2949/1369/7532 2922/1342/7533 2912/1341/7534
f 2941/1363/7535 2942/1362/7536 2912/1341/7537 2913/1343/7538
f 2943/1364/7539 2941/1363/7540 2913/1343/7541 2914/1337/7542
f 2944/1367/7543 2934/1371/7544 2933/1368/7545
f 2933/1368/7546 2937/1358/7547 2944/1367/7548
f 2937/1358/7549 2940/1360/7550 2944/1367/7551
f 2940/1360/7552 2943/1364/7553 2944/1367/7554
f 2935/1357/7555 2936/1356/7556 2939/1361/7557 2938/1359/7558
f 2934/1371/7559 2932/1372/7560 2930/1354/7561 2933/1368/7562
f 2929/1373/7563 2945/1374/7564 2946/1370/7565 2931/1355/7566
f 2932/1372/7567 2929/1373/7568 2931/1355/7569 2930/1354/7570
f 2916/1336/7571 2925/1349/7572 2951/1375/7573 2944/1367/7574
f 2934/1371/7575 2926/1376/7576 2950/1377/7577 2932/1372/7578
f 2932/1372/7579 2950/1377/7580 2927/1378/7581 2929/1373/7582
f 2944/1367/7583 2951/1375/7584 2926/1376/7585 2934/1371/7586
f 2929/1373/7587 2927/1378/7588 2928/1379/7589 2945/1374/7590
f 2955/1380/7591 2956/1381/7592 2961/1382/7593 2960/1383/7594
f 2962/1384/7595 2960/1383/7596 2963/1385/7597 2965/1386/7598
f 2963/1385/7599 2964/1387/7600 2967/1388/7601 2966/1389/7602
f 2965/1386/7603 2963/1385/7604 2966/1389/7605 2968/1390/7606
f 2961/1382/7607 2976/1391/7608 2977/1392/7609 2964/1387/7610
f 2968/1390/7611 2971/1393/7612 2973/1394/7613 2972/1395/7614
f 2962/1384/7615 2958/1396/7616 2955/1380/7617 2960/1383/7618
f 2964/1387/7619 2977/1392/7620 2978/1397/7621 2967/1388/7622
f 2956/1381/7623 2975/1398/7624 2976/1391/7625 2961/1382/7626
f 2967/1388/7627 2978/1397/7628 2979/1399/7629 2969/1400/7630
f 2966/1389/7631 2967/1388/7632 2969/1400/7633 2970/1401/7634
f 2968/1390/7635 2966/1389/7636 2970/1401/7637 2971/1393/7638
f 2972/1395/7639 2959/1402/7640 2958/1396/7641
f 2958/1396/7642 2962/1384/7643 2972/1395/7644
f 2962/1384/7645 2965/1386/7646 2972/1395/7647
f 2965/1386/7648 2968/1390/7649 2972/1395/7650
f 2960/1383/7651 2961/1382/7652 2964/1387/7653 2963/1385/7654
f 2959/1402/7655 2957/1403/7656 2955/1380/7657 2958/1396/7658
f 2954/1404/7659 2974/1405/7660 2975/1398/7661 2956/1381/7662
f 2957/1403/7663 2954/1404/7664 2956/1381/7665 2955/1380/7666
f 2973/1394/7667 2925/1349/7668 2924/1348/7669 2972/1395/7670
f 2959/1402/7671 2952/1406/7672 2980/1407/7673 2957/1403/7674
f 2957/1403/7675 2980/1407/7676 2953/1408/7677 2954/1404/7678
f 2972/1395/7679 2924/1348/7680 2952/1406/7681 2959/1402/7682
f 2954/1404/7683 2953/1408/7684 2896/1353/7685 2974/1405/7686
f 2984/1409/7687 2989/1410/7688 2990/1411/7689 2985/1412/7690
f 2991/1413/7691 2994/1414/7692 2992/1415/7693 2989/1410/7694
f 2992/1415/7695 2995/1416/7696 2996/1417/7697 2993/1418/7698
f 2994/1414/7699 2997/1419/7700 2995/1416/7701 2992/1415/7702
f 2990/1411/7703 2993/1418/7704 3002/1420/7705 3001/1421/7706
f 2997/1419/7707 2998/1422/7708 2973/1394/7709 2971/1393/7710
f 2991/1413/7711 2989/1410/7712 2984/1409/7713 2987/1423/7714
f 2993/1418/7715 2996/1417/7716 3003/1424/7717 3002/1420/7718
f 2985/1412/7719 2990/1411/7720 3001/1421/7721 3000/1425/7722
f 2996/1417/7723 2969/1400/7724 2979/1399/7725 3003/1424/7726
f 2995/1416/7727 2970/1401/7728 2969/1400/7729 2996/1417/7730
f 2997/1419/7731 2971/1393/7732 2970/1401/7733 2995/1416/7734
f 2998/1422/7735 2987/1423/7736 2988/1426/7737
f 2987/1423/7738 2998/1422/7739 2991/1413/7740
f 2991/1413/7741 2998/1422/7742 2994/1414/7743
f 2994/1414/7744 2998/1422/7745 2997/1419/7746
f 2989/1410/7747 2992/1415/7748 2993/1418/7749 2990/1411/7750
f 2988/1426/7751 2987/1423/7752 2984/1409/7753 2986/1427/7754
f 2983/1428/7755 2985/1412/7756 3000/1425/7757 2999/1429/7758
f 2986/1427/7759 2984/1409/7760 2985/1412/7761 2983/1428/7762
f 2973/1394/7763 2998/1422/7764 2951/1375/7765 2925/1349/7766
f 2988/1426/7767 2986/1427/7768 3004/1430/7769 2981/1431/7770
f 2986/1427/7771 2983/1428/7772 2982/1432/7773 3004/1430/7774
f 2998/1422/7775 2988/1426/7776 2981/1431/7777 2951/1375/7778
f 2983/1428/7779 2999/1429/7780 2928/1379/7781 2982/1432/7782
f 3028/1433/7783 3025/1434/7784 3026/1435/7785 3027/1436/7786
f 3020/1437/7787 3017/1438/7788 3018/1439/7789 3019/1440/7790
f 3020/1437/7791 3019/1440/7792 3014/1441/7793 3013/1442/7794
f 3007/1443/7795 3008/1444/7796 3005/1445/7797 3006/1446/7798
f 3053/1447/7799 3058/1448/7800 3060/1449/7801 3059/1450/7802
f 3033/1451/7803 3036/1452/7804 3031/1453/7805 3030/1454/7806
f 3008/1444/7807 3016/1455/7808 3015/1456/7809 3005/1445/7810
f 3016/1455/7811 3013/1442/7812 3014/1441/7813 3015/1456/7814
f 3035/1457/7815 3036/1452/7816 3033/1451/7817 3034/1458/7818
f 3024/1459/7819 3021/1460/7820 3022/1461/7821 3023/1462/7822
f 3011/1463/7823 3012/1464/7824 3009/1465/7825 3010/1466/7826
f 3028/1433/7827 3027/1436/7828 3022/1461/7829 3021/1460/7830
f 3024/1459/7831 3023/1462/7832 3029/1467/7833 3032/1468/7834
f 3025/1434/7835 3011/1463/7836 3010/1466/7837 3026/1435/7838
f 3034/1458/7839 3018/1439/7840 3017/1438/7841 3035/1457/7842
f 3042/1448/7843 3048/1469/7844 3040/1470/7845 3041/1449/7846
f 3009/1465/7847 3012/1464/7848 3007/1443/7849 3006/1446/7850
f 3031/1453/7851 3032/1468/7852 3029/1467/7853 3030/1454/7854
f 3047/1471/7855 3083/1472/7856 3082/1473/7857 3046/1474/7858
f 3045/1475/7859 3081/1476/7860 3078/1477/7861 3044/1478/7862
f 3082/1473/7863 3045/1475/7864 3044/1478/7865 3046/1474/7866
f 3053/1447/7867 3054/1479/7868 3055/1471/7869
f 3053/1447/7870 3055/1471/7871 3085/1474/7872
f 3053/1447/7873 3084/1477/7874 3057/1480/7875
f 3053/1447/7876 3057/1480/7877 3058/1448/7878
f 3053/1447/7879 3059/1450/7880 3054/1479/7881
f 3051/1470/7882 3052/1481/7883 3049/1450/7884 3050/1449/7885
f 3061/1446/7886 3062/1445/7887 3063/1482/7888
f 3064/1466/7889 3065/1465/7890 3063/1482/7891
f 3065/1465/7892 3061/1446/7893 3063/1482/7894
f 3063/1482/7895 3066/1456/7896 3067/1441/7897
f 3063/1482/7898 3068/1440/7899 3069/1439/7900
f 3063/1482/7901 3067/1441/7902 3068/1440/7903
f 3063/1482/7904 3062/1445/7905 3066/1456/7906
f 3063/1482/7907 3070/1462/7908 3071/1461/7909
f 3063/1482/7910 3072/1436/7911 3073/1435/7912
f 3063/1482/7913 3071/1461/7914 3072/1436/7915
f 3074/1454/7916 3075/1467/7917 3063/1482/7918
f 3076/1458/7919 3077/1451/7920 3063/1482/7921
f 3077/1451/7922 3074/1454/7923 3063/1482/7924
f 3075/1467/7925 3070/1462/7926 3063/1482/7927
f 3063/1482/7928 3073/1435/7929 3064/1466/7930
f 3069/1439/7931 3076/1458/7932 3063/1482/7933
f 3039/1483/7934 3043/1479/7935 3037/1450/7936 3038/1481/7937
f 3078/1477/7938 3081/1476/7939 3080/1484/7940 3079/1480/7941
f 3080/1484/7942 3048/1469/7943 3042/1448/7944 3079/1480/7945
f 3039/1483/7946 3083/1472/7947 3047/1471/7948 3043/1479/7949
f 3084/1477/7950 3053/1447/7951 3056/1478/7952
f 3085/1474/7953 3056/1478/7954 3053/1447/7955
f 3102/1485/7956 3107/1486/7957 3109/1487/7958 3108/1488/7959
f 3091/1486/7960 3097/1489/7961 3089/1490/7962 3090/1487/7963
f 3096/1491/7964 3115/1492/7965 3114/1493/7966 3095/1494/7967
f 3094/1495/7968 3113/1496/7969 3110/1497/7970 3093/1498/7971
f 3114/1493/7972 3094/1495/7973 3093/1498/7974 3095/1494/7975
f 3102/1485/7976 3103/1499/7977 3104/1491/7978
f 3102/1485/7979 3104/1491/7980 3117/1494/7981
f 3102/1485/7982 3116/1497/7983 3106/1500/7984
f 3102/1485/7985 3106/1500/7986 3107/1486/7987
f 3102/1485/7988 3108/1488/7989 3103/1499/7990
f 3100/1490/7991 3101/1501/7992 3098/1488/7993 3099/1487/7994
f 3088/1502/7995 3092/1499/7996 3086/1488/7997 3087/1501/7998
f 3110/1497/7999 3113/1496/8000 3112/1503/8001 3111/1500/8002
f 3112/1503/8003 3097/1489/8004 3091/1486/8005 3111/1500/8006
f 3088/1502/8007 3115/1492/8008 3096/1491/8009 3092/1499/8010
f 3116/1497/8011 3102/1485/8012 3105/1498/8013
f 3117/1494/8014 3105/1498/8015 3102/1485/8016
f 3141/1504/8017 3138/1505/8018 3139/1506/8019 3140/1507/8020
f 3133/1508/8021 3130/1509/8022 3131/1510/8023 3132/1511/8024
f 3133/1508/8025 3132/1511/8026 3127/1512/8027 3126/1513/8028
f 3120/1514/8029 3121/1515/8030 3118/1516/8031 3119/1517/8032
f 3146/1518/8033 3149/1519/8034 3144/1520/8035 3143/1521/8036
f 3121/1515/8037 3129/1522/8038 3128/1523/8039 3118/1516/8040
f 3129/1522/8041 3126/1513/8042 3127/1512/8043 3128/1523/8044
f 3148/1524/8045 3149/1519/8046 3146/1518/8047 3147/1525/8048
f 3137/1526/8049 3134/1527/8050 3135/1528/8051 3136/1529/8052
f 3124/1530/8053 3125/1531/8054 3122/1532/8055 3123/1533/8056
f 3141/1504/8057 3140/1507/8058 3135/1528/8059 3134/1527/8060
f 3137/1526/8061 3136/1529/8062 3142/1534/8063 3145/1535/8064
f 3138/1505/8065 3124/1530/8066 3123/1533/8067 3139/1506/8068
f 3147/1525/8069 3131/1510/8070 3130/1509/8071 3148/1524/8072
f 3122/1532/8073 3125/1531/8074 3120/1514/8075 3119/1517/8076
f 3144/1520/8077 3145/1535/8078 3142/1534/8079 3143/1521/8080
f 3150/1517/8081 3151/1516/8082 3152/1536/8083
f 3153/1533/8084 3154/1532/8085 3152/1536/8086
f 3154/1532/8087 3150/1517/8088 3152/1536/8089
f 3152/1536/8090 3155/1523/8091 3156/1512/8092
f 3152/1536/8093 3157/1511/8094 3158/1510/8095
f 3152/1536/8096 3156/1512/8097 3157/1511/8098
f 3152/1536/8099 3151/1516/8100 3155/1523/8101
f 3152/1536/8102 3159/1529/8103 3160/1528/8104
f 3152/1536/8105 3161/1507/8106 3162/1506/8107
f 3152/1536/8108 3160/1528/8109 3161/1507/8110
f 3163/1521/8111 3164/1534/8112 3152/1536/8113
f 3165/1525/8114 3166/1518/8115 3152/1536/8116
f 3166/1518/8117 3163/1521/8118 3152/1536/8119
f 3164/1534/8120 3159/1529/8121 3152/1536/8122
f 3152/1536/8123 3162/1506/8124 3153/1533/8125
f 3158/1510/8126 3165/1525/8127 3152/1536/8128
f 3174/1537/8129 3171/1538/8130 3167/1539/8131 3168/1540/8132
f 3172/1541/8133 3173/1542/8134 3169/1543/8135 3170/1544/8136
f 3173/1542/8137 3174/1537/8138 3168/1540/8139 3169/1543/8140
f 3185/1545/8141 3176/1546/8142 3180/1547/8143 3186/1548/8144
f 3184/1549/8145 3172/1541/8146 3170/1544/8147 3183/1550/8148
f 3178/1551/8149 3175/1552/8150 3179/1553/8151 3182/1554/8152
f 3176/1546/8153 3177/1555/8154 3181/1556/8155 3180/1547/8156
f 3177/1555/8157 3178/1551/8158 3182/1554/8159 3181/1556/8160
f 3182/1554/8161 3179/1553/8162 3171/1538/8163 3174/1537/8164
f 3186/1548/8165 3180/1547/8166 3172/1541/8167 3184/1549/8168
f 3180/1547/8169 3181/1556/8170 3173/1542/8171 3172/1541/8172
f 3181/1556/8173 3182/1554/8174 3174/1537/8175 3173/1542/8176
f 3192/1557/8177 3187/1558/8178 3167/1539/8179 3171/1538/8180
f 3190/1559/8181 3189/1560/8182 3188/1561/8183 3191/1562/8184
f 3191/1562/8185 3188/1561/8186 3187/1558/8187 3192/1557/8188
f 3201/1563/8189 3202/1564/8190 3196/1565/8191 3193/1566/8192
f 3200/1567/8193 3199/1568/8194 3189/1560/8195 3190/1559/8196
f 3195/1569/8197 3198/1570/8198 3179/1553/8199 3175/1552/8200
f 3193/1566/8201 3196/1565/8202 3197/1571/8203 3194/1572/8204
f 3194/1572/8205 3197/1571/8206 3198/1570/8207 3195/1569/8208
f 3198/1570/8209 3192/1557/8210 3171/1538/8211 3179/1553/8212
f 3202/1564/8213 3200/1567/8214 3190/1559/8215 3196/1565/8216
f 3196/1565/8217 3190/1559/8218 3191/1562/8219 3197/1571/8220
f 3197/1571/8221 3191/1562/8222 3192/1557/8223 3198/1570/8224
f 3176/1546/8225 3185/1545/8226 3207/1573/8227 3204/1574/8228
f 3194/1572/8229 3195/1569/8230 3210/1575/8231 3209/1576/8232
f 3201/1563/8233 3193/1566/8234 3208/1577/8235 3211/1578/8236
f 3177/1555/8237 3176/1546/8238 3204/1574/8239 3205/1579/8240
f 3193/1566/8241 3194/1572/8242 3209/1576/8243 3208/1577/8244
f 3175/1552/8245 3178/1551/8246 3206/1580/8247 3203/1581/8248
f 3195/1569/8249 3175/1552/8250 3203/1581/8251 3210/1575/8252
f 3178/1551/8253 3177/1555/8254 3205/1579/8255 3206/1580/8256
