# This file uses centimeters as units for non-parametric coordinates.

mtllib terrain.mtl
g default
v 115.000000 -105.000000 -3.261486
v 120.000000 -105.000000 2.225882
v 125.000000 -105.000000 4.385882
v 130.000000 -105.000000 5.256470
v 135.000000 -105.000000 5.689412
v 140.000000 -105.000000 5.825882
v 145.000000 -105.000000 5.882353
v 150.000000 -105.000000 5.882353
v 155.000000 -105.000000 5.882353
v 160.000000 -105.000000 5.882353
v 165.000000 -105.000000 5.882353
v 170.000000 -105.000000 5.882353
v 175.000000 -105.000000 5.882353
v 180.000000 -105.000000 5.882353
v 185.000000 -105.000000 5.882353
v 190.000000 -105.000000 5.882353
v 195.000000 -105.000000 5.882353
v 200.000000 -105.000000 5.882353
v 205.000000 -105.000000 5.882353
v 210.000000 -105.000000 5.882353
v 215.000000 -105.000000 5.882353
v 220.000000 -105.000000 5.882353
v 225.000000 -105.000000 5.882353
v 115.000000 -100.000000 -3.261486
v 120.000000 -100.000000 -3.261486
v 125.000000 -100.000000 -3.261486
v 130.000000 -100.000000 1.585883
v 135.000000 -100.000000 3.496470
v 140.000000 -100.000000 4.974118
v 145.000000 -100.000000 5.647059
v 150.000000 -100.000000 5.788235
v 155.000000 -100.000000 5.844706
v 160.000000 -100.000000 5.882353
v 165.000000 -100.000000 5.882353
v 170.000000 -100.000000 5.882353
v 175.000000 -100.000000 5.882353
v 180.000000 -100.000000 5.882353
v 185.000000 -100.000000 5.882353
v 190.000000 -100.000000 5.882353
v 195.000000 -100.000000 5.882353
v 200.000000 -100.000000 5.882353
v 205.000000 -100.000000 5.882353
v 210.000000 -100.000000 5.882353
v 215.000000 -100.000000 5.882353
v 220.000000 -100.000000 5.882353
v 225.000000 -100.000000 5.882353
v 125.000000 -95.000000 -3.261486
v 130.000000 -95.000000 -3.261486
v 135.000000 -95.000000 -3.261486
v 140.000000 -95.000000 1.058823
v 145.000000 -95.000000 3.416470
v 150.000000 -95.000000 4.729413
v 155.000000 -95.000000 5.571765
v 160.000000 -95.000000 5.797646
v 165.000000 -95.000000 5.882353
v 170.000000 -95.000000 5.882353
v 175.000000 -95.000000 5.882353
v 180.000000 -95.000000 5.882353
v 185.000000 -95.000000 5.882353
v 190.000000 -95.000000 5.882353
v 195.000000 -95.000000 5.882353
v 200.000000 -95.000000 5.882353
v 205.000000 -95.000000 5.882353
v 210.000000 -95.000000 5.882353
v 215.000000 -95.000000 5.882353
v 220.000000 -95.000000 5.882353
v 225.000000 -95.000000 5.882353
v 135.000000 -90.000000 -3.261486
v 140.000000 -90.000000 -3.256780
v 145.000000 -90.000000 -3.270898
v 150.000000 -90.000000 0.898823
v 155.000000 -90.000000 3.388236
v 160.000000 -90.000000 4.931763
v 165.000000 -90.000000 5.590588
v 170.000000 -90.000000 5.825882
v 175.000000 -90.000000 5.882353
v 180.000000 -90.000000 5.882353
v 185.000000 -90.000000 5.882353
v 190.000000 -90.000000 5.882353
v 195.000000 -90.000000 5.882353
v 200.000000 -90.000000 5.882353
v 205.000000 -90.000000 5.882353
v 210.000000 -90.000000 5.882353
v 215.000000 -90.000000 5.882353
v 220.000000 -90.000000 5.882353
v 225.000000 -90.000000 5.882353
v 145.000000 -85.000000 -3.261486
v 150.000000 -85.000000 -3.261486
v 155.000000 -85.000000 -3.261486
v 160.000000 -85.000000 -3.101486
v 165.000000 -85.000000 2.715294
v 170.000000 -85.000000 4.197648
v 175.000000 -85.000000 4.988236
v 180.000000 -85.000000 5.491765
v 185.000000 -85.000000 5.712941
v 190.000000 -85.000000 5.797646
v 195.000000 -85.000000 5.854117
v 200.000000 -85.000000 5.882353
v 205.000000 -85.000000 5.882353
v 210.000000 -85.000000 5.882353
v 215.000000 -85.000000 5.882353
v 220.000000 -85.000000 5.882353
v 225.000000 -85.000000 5.882353
v 160.000000 -80.000000 -3.261486
v 165.000000 -80.000000 -3.261486
v 170.000000 -80.000000 -3.261486
v 175.000000 -80.000000 0.898823
v 180.000000 -80.000000 2.494118
v 185.000000 -80.000000 3.651764
v 190.000000 -80.000000 4.588236
v 195.000000 -80.000000 5.331765
v 200.000000 -80.000000 5.759999
v 205.000000 -80.000000 5.821177
v 210.000000 -80.000000 5.882353
v 215.000000 -80.000000 5.882353
v 220.000000 -80.000000 5.882353
v 225.000000 -80.000000 5.882353
v 170.000000 -75.000000 -3.261486
v 175.000000 -75.000000 -3.261486
v 180.000000 -75.000000 -3.261486
v 185.000000 -75.000000 -3.261486
v 190.000000 -75.000000 -3.270898
v 195.000000 -75.000000 2.527058
v 200.000000 -75.000000 4.541176
v 205.000000 -75.000000 5.698823
v 210.000000 -75.000000 5.882353
v 215.000000 -75.000000 5.882353
v 220.000000 -75.000000 5.882353
v 225.000000 -75.000000 5.882353
v 190.000000 -70.000000 -3.261486
v 195.000000 -70.000000 -3.261486
v 200.000000 -70.000000 1.600001
v 205.000000 -70.000000 4.847058
v 210.000000 -70.000000 5.769412
v 215.000000 -70.000000 5.882353
v 220.000000 -70.000000 5.882353
v 225.000000 -70.000000 5.882353
v 195.000000 -65.000000 -3.261486
v 200.000000 -65.000000 -3.261486
v 205.000000 -65.000000 2.160000
v 210.000000 -65.000000 5.058823
v 215.000000 -65.000000 5.840001
v 220.000000 -65.000000 5.882353
v 225.000000 -65.000000 5.882353
v 200.000000 -60.000000 -3.261486
v 205.000000 -60.000000 -3.254426
v 210.000000 -60.000000 3.567059
v 215.000000 -60.000000 5.694117
v 220.000000 -60.000000 5.882353
v 225.000000 -60.000000 5.882353
v 205.000000 -55.000000 -3.256780
v 210.000000 -55.000000 -2.687368
v 215.000000 -55.000000 4.898823
v 220.000000 -55.000000 5.802353
v 225.000000 -55.000000 5.882353
v 210.000000 -50.000000 -3.261486
v 215.000000 -50.000000 3.279999
v 220.000000 -50.000000 5.571765
v 225.000000 -50.000000 5.882353
v 210.000000 -45.000000 -3.261486
v 215.000000 -45.000000 1.449412
v 220.000000 -45.000000 5.232941
v 225.000000 -45.000000 5.835293
v 210.000000 -40.000000 -3.261486
v 215.000000 -40.000000 -2.927368
v 220.000000 -40.000000 4.964705
v 225.000000 -40.000000 5.835293
v 215.000000 -35.000000 -3.139133
v 220.000000 -35.000000 4.884705
v 225.000000 -35.000000 5.835293
v 215.000000 -30.000000 -3.139133
v 220.000000 -30.000000 4.884705
v 225.000000 -30.000000 5.835293
v 215.000000 -25.000000 -3.139133
v 220.000000 -25.000000 4.884705
v 225.000000 -25.000000 5.835293
v 215.000000 -20.000000 -3.139133
v 220.000000 -20.000000 4.884705
v 225.000000 -20.000000 5.835293
v 215.000000 -15.000000 -3.139133
v 220.000000 -15.000000 4.884705
v 225.000000 -15.000000 5.835293
v -25.000000 -10.000000 -3.261486
v -20.000000 -10.000000 -3.261486
v 215.000000 -10.000000 -3.139133
v 220.000000 -10.000000 4.884705
v 225.000000 -10.000000 5.835293
v -25.000000 -5.000000 1.152941
v -20.000000 -5.000000 -3.261486
v -15.000000 -5.000000 -3.261486
v -10.000000 -5.000000 -3.261486
v -5.000000 -5.000000 -3.261486
v 0.000000 -5.000000 -3.261486
v 215.000000 -5.000000 -3.139133
v 220.000000 -5.000000 4.884705
v 225.000000 -5.000000 5.835293
v -25.000000 0.000000 5.435294
v -20.000000 0.000000 4.672940
v -15.000000 0.000000 3.614117
v -10.000000 0.000000 2.357647
v -5.000000 0.000000 0.917647
v 0.000000 0.000000 -3.261486
v 5.000000 0.000000 -3.261486
v 10.000000 0.000000 -3.261486
v 15.000000 0.000000 -3.261486
v 215.000000 0.000000 -3.195604
v 220.000000 0.000000 4.884705
v 225.000000 0.000000 5.835293
v -25.000000 5.000000 5.882353
v -20.000000 5.000000 5.797646
v -15.000000 5.000000 5.675294
v -10.000000 5.000000 5.440001
v -5.000000 5.000000 5.119999
v 0.000000 5.000000 4.663529
v 5.000000 5.000000 3.858824
v 10.000000 5.000000 2.522353
v 15.000000 5.000000 -3.096780
v 20.000000 5.000000 -3.261486
v 25.000000 5.000000 -3.261486
v 215.000000 5.000000 -3.261486
v 220.000000 5.000000 4.691765
v 225.000000 5.000000 5.835293
v -25.000000 10.000000 5.882353
v -20.000000 10.000000 5.882353
v -15.000000 10.000000 5.882353
v -10.000000 10.000000 5.882353
v -5.000000 10.000000 5.830588
v 0.000000 10.000000 5.830588
v 5.000000 10.000000 5.712941
v 10.000000 10.000000 5.402352
v 15.000000 10.000000 4.588236
v 20.000000 10.000000 2.414118
v 25.000000 10.000000 -3.261486
v 30.000000 10.000000 -3.261486
v 215.000000 10.000000 -3.261486
v 220.000000 10.000000 4.644705
v 225.000000 10.000000 5.835293
v -25.000000 15.000000 5.882353
v -20.000000 15.000000 5.882353
v -15.000000 15.000000 5.882353
v -10.000000 15.000000 5.882353
v -5.000000 15.000000 5.882353
v 0.000000 15.000000 5.882353
v 5.000000 15.000000 5.882353
v 10.000000 15.000000 5.863530
v 15.000000 15.000000 5.807059
v 20.000000 15.000000 5.148236
v 25.000000 15.000000 2.649413
v 30.000000 15.000000 -3.261486
v 35.000000 15.000000 -3.261486
v 215.000000 15.000000 -3.261486
v 220.000000 15.000000 4.644705
v 225.000000 15.000000 5.835293
v -25.000000 20.000000 5.882353
v -20.000000 20.000000 5.882353
v -15.000000 20.000000 5.882353
v -10.000000 20.000000 5.882353
v -5.000000 20.000000 5.882353
v 0.000000 20.000000 5.882353
v 5.000000 20.000000 5.882353
v 10.000000 20.000000 5.882353
v 15.000000 20.000000 5.882353
v 20.000000 20.000000 5.854117
v 25.000000 20.000000 5.002352
v 30.000000 20.000000 1.301177
v 35.000000 20.000000 -3.261486
v 215.000000 20.000000 -3.261486
v 220.000000 20.000000 4.644705
v 225.000000 20.000000 5.835293
v -25.000000 25.000000 5.882353
v -20.000000 25.000000 5.882353
v -15.000000 25.000000 5.882353
v -10.000000 25.000000 5.882353
v -5.000000 25.000000 5.882353
v 0.000000 25.000000 5.882353
v 5.000000 25.000000 5.882353
v 10.000000 25.000000 5.882353
v 15.000000 25.000000 5.882353
v 20.000000 25.000000 5.868235
v 25.000000 25.000000 5.576470
v 30.000000 25.000000 3.548235
v 35.000000 25.000000 -3.261486
v 40.000000 25.000000 -3.261486
v 75.000000 25.000000 -3.261486
v 80.000000 25.000000 -3.261486
v 85.000000 25.000000 -3.261486
v 90.000000 25.000000 -3.223838
v 95.000000 25.000000 -3.261486
v 100.000000 25.000000 -3.261486
v 105.000000 25.000000 -3.247369
v 110.000000 25.000000 -3.261486
v 215.000000 25.000000 -3.261486
v 220.000000 25.000000 4.644705
v 225.000000 25.000000 5.835293
v -25.000000 30.000000 5.882353
v -20.000000 30.000000 5.882353
v -15.000000 30.000000 5.882353
v -10.000000 30.000000 5.882353
v -5.000000 30.000000 5.882353
v 0.000000 30.000000 5.882353
v 5.000000 30.000000 5.882353
v 10.000000 30.000000 5.882353
v 15.000000 30.000000 5.882353
v 20.000000 30.000000 5.882353
v 25.000000 30.000000 5.807059
v 30.000000 30.000000 5.021176
v 35.000000 30.000000 1.181176
v 40.000000 30.000000 -3.261486
v 70.000000 30.000000 -3.261486
v 75.000000 30.000000 -3.181486
v 80.000000 30.000000 3.091765
v 85.000000 30.000000 4.470587
v 90.000000 30.000000 4.936471
v 95.000000 30.000000 4.705882
v 100.000000 30.000000 3.341176
v 105.000000 30.000000 0.508235
v 110.000000 30.000000 -3.261486
v 115.000000 30.000000 -3.261486
v 215.000000 30.000000 -3.261486
v 220.000000 30.000000 4.644705
v 225.000000 30.000000 5.835293
v -25.000000 35.000000 5.882353
v -20.000000 35.000000 5.882353
v -15.000000 35.000000 5.882353
v -10.000000 35.000000 5.882353
v -5.000000 35.000000 5.882353
v 0.000000 35.000000 5.882353
v 5.000000 35.000000 5.882353
v 10.000000 35.000000 5.882353
v 15.000000 35.000000 5.882353
v 20.000000 35.000000 5.882353
v 25.000000 35.000000 5.882353
v 30.000000 35.000000 5.698823
v 35.000000 35.000000 3.651764
v 40.000000 35.000000 -3.261486
v 65.000000 35.000000 -3.261486
v 70.000000 35.000000 -3.106191
v 75.000000 35.000000 4.014117
v 80.000000 35.000000 5.548235
v 85.000000 35.000000 5.835293
v 90.000000 35.000000 5.872941
v 95.000000 35.000000 5.858822
v 100.000000 35.000000 5.684706
v 105.000000 35.000000 4.903529
v 110.000000 35.000000 2.449412
v 115.000000 35.000000 -3.294427
v 120.000000 35.000000 -3.261486
v 215.000000 35.000000 -3.261486
v 220.000000 35.000000 4.644705
v 225.000000 35.000000 5.835293
v -25.000000 40.000000 5.882353
v -20.000000 40.000000 5.882353
v -15.000000 40.000000 5.882353
v -10.000000 40.000000 5.882353
v -5.000000 40.000000 5.882353
v 0.000000 40.000000 5.882353
v 5.000000 40.000000 5.882353
v 10.000000 40.000000 5.882353
v 15.000000 40.000000 5.882353
v 20.000000 40.000000 5.882353
v 25.000000 40.000000 5.882353
v 30.000000 40.000000 5.802353
v 35.000000 40.000000 4.870589
v 40.000000 40.000000 -3.261486
v 45.000000 40.000000 -3.261486
v 60.000000 40.000000 -3.261486
v 65.000000 40.000000 -3.261486
v 70.000000 40.000000 3.769412
v 75.000000 40.000000 5.567059
v 80.000000 40.000000 5.849412
v 85.000000 40.000000 5.882353
v 90.000000 40.000000 5.882353
v 95.000000 40.000000 5.882353
v 100.000000 40.000000 5.882353
v 105.000000 40.000000 5.792941
v 110.000000 40.000000 5.105883
v 115.000000 40.000000 1.651764
v 120.000000 40.000000 -3.261486
v 215.000000 40.000000 -3.261486
v 220.000000 40.000000 4.644705
v 225.000000 40.000000 5.835293
v -25.000000 45.000000 5.882353
v -20.000000 45.000000 5.882353
v -15.000000 45.000000 5.882353
v -10.000000 45.000000 5.882353
v -5.000000 45.000000 5.882353
v 0.000000 45.000000 5.882353
v 5.000000 45.000000 5.882353
v 10.000000 45.000000 5.882353
v 15.000000 45.000000 5.882353
v 20.000000 45.000000 5.882353
v 25.000000 45.000000 5.882353
v 30.000000 45.000000 5.882353
v 35.000000 45.000000 5.374117
v 40.000000 45.000000 0.894118
v 45.000000 45.000000 -3.261486
v 60.000000 45.000000 -3.261486
v 65.000000 45.000000 1.256470
v 70.000000 45.000000 5.279999
v 75.000000 45.000000 5.849412
v 80.000000 45.000000 5.882353
v 85.000000 45.000000 5.882353
v 90.000000 45.000000 5.882353
v 95.000000 45.000000 5.882353
v 100.000000 45.000000 5.882353
v 105.000000 45.000000 5.882353
v 110.000000 45.000000 5.656470
v 115.000000 45.000000 3.138823
v 120.000000 45.000000 -3.261486
v 215.000000 45.000000 -3.261486
v 220.000000 45.000000 4.644705
v 225.000000 45.000000 5.835293
v -25.000000 50.000000 5.882353
v -20.000000 50.000000 5.882353
v -15.000000 50.000000 5.882353
v -10.000000 50.000000 5.882353
v -5.000000 50.000000 5.882353
v 0.000000 50.000000 5.882353
v 5.000000 50.000000 5.882353
v 10.000000 50.000000 5.882353
v 15.000000 50.000000 5.882353
v 20.000000 50.000000 5.882353
v 25.000000 50.000000 5.882353
v 30.000000 50.000000 5.882353
v 35.000000 50.000000 5.430588
v 40.000000 50.000000 1.058823
v 45.000000 50.000000 -3.261486
v 60.000000 50.000000 -3.242662
v 65.000000 50.000000 2.837647
v 70.000000 50.000000 5.731764
v 75.000000 50.000000 5.882353
v 80.000000 50.000000 5.882353
v 85.000000 50.000000 5.882353
v 90.000000 50.000000 5.882353
v 95.000000 50.000000 5.882353
v 100.000000 50.000000 5.882353
v 105.000000 50.000000 5.882353
v 110.000000 50.000000 5.769412
v 115.000000 50.000000 3.807059
v 120.000000 50.000000 -3.261486
v 215.000000 50.000000 -3.261486
v 220.000000 50.000000 4.644705
v 225.000000 50.000000 5.835293
v -25.000000 55.000000 5.882353
v -20.000000 55.000000 5.882353
v -15.000000 55.000000 5.882353
v -10.000000 55.000000 5.882353
v -5.000000 55.000000 5.882353
v 0.000000 55.000000 5.882353
v 5.000000 55.000000 5.882353
v 10.000000 55.000000 5.882353
v 15.000000 55.000000 5.882353
v 20.000000 55.000000 5.882353
v 25.000000 55.000000 5.882353
v 30.000000 55.000000 5.882353
v 35.000000 55.000000 5.430588
v 40.000000 55.000000 1.030589
v 45.000000 55.000000 -3.261486
v 60.000000 55.000000 -3.261486
v 65.000000 55.000000 3.289412
v 70.000000 55.000000 5.788235
v 75.000000 55.000000 5.882353
v 80.000000 55.000000 5.882353
v 85.000000 55.000000 5.882353
v 90.000000 55.000000 5.882353
v 95.000000 55.000000 5.882353
v 100.000000 55.000000 5.882353
v 105.000000 55.000000 5.882353
v 110.000000 55.000000 5.825882
v 115.000000 55.000000 4.400000
v 120.000000 55.000000 -3.261486
v 215.000000 55.000000 -3.261486
v 220.000000 55.000000 4.644705
v 225.000000 55.000000 5.835293
v -25.000000 60.000000 5.882353
v -20.000000 60.000000 5.882353
v -15.000000 60.000000 5.882353
v -10.000000 60.000000 5.882353
v -5.000000 60.000000 5.882353
v 0.000000 60.000000 5.882353
v 5.000000 60.000000 5.882353
v 10.000000 60.000000 5.882353
v 15.000000 60.000000 5.882353
v 20.000000 60.000000 5.882353
v 25.000000 60.000000 5.882353
v 30.000000 60.000000 5.882353
v 35.000000 60.000000 5.505883
v 40.000000 60.000000 1.708235
v 45.000000 60.000000 -3.261486
v 60.000000 60.000000 -3.261486
v 65.000000 60.000000 3.032940
v 70.000000 60.000000 5.745883
v 75.000000 60.000000 5.882353
v 80.000000 60.000000 5.882353
v 85.000000 60.000000 5.882353
v 90.000000 60.000000 5.882353
v 95.000000 60.000000 5.882353
v 100.000000 60.000000 5.882353
v 105.000000 60.000000 5.882353
v 110.000000 60.000000 5.844706
v 115.000000 60.000000 4.757647
v 120.000000 60.000000 -3.261486
v 125.000000 60.000000 -3.261486
v 215.000000 60.000000 -3.261486
v 220.000000 60.000000 4.644705
v 225.000000 60.000000 5.835293
v -25.000000 65.000000 5.882353
v -20.000000 65.000000 5.882353
v -15.000000 65.000000 5.882353
v -10.000000 65.000000 5.882353
v -5.000000 65.000000 5.882353
v 0.000000 65.000000 5.882353
v 5.000000 65.000000 5.882353
v 10.000000 65.000000 5.882353
v 15.000000 65.000000 5.882353
v 20.000000 65.000000 5.882353
v 25.000000 65.000000 5.882353
v 30.000000 65.000000 5.882353
v 35.000000 65.000000 5.727059
v 40.000000 65.000000 2.903529
v 45.000000 65.000000 -3.205015
v 60.000000 65.000000 -3.240310
v 65.000000 65.000000 2.861176
v 70.000000 65.000000 5.661177
v 75.000000 65.000000 5.882353
v 80.000000 65.000000 5.882353
v 85.000000 65.000000 5.882353
v 90.000000 65.000000 5.882353
v 95.000000 65.000000 5.882353
v 100.000000 65.000000 5.882353
v 105.000000 65.000000 5.882353
v 110.000000 65.000000 5.863530
v 115.000000 65.000000 5.087060
v 120.000000 65.000000 1.275294
v 125.000000 65.000000 -3.261486
v 215.000000 65.000000 -3.261486
v 220.000000 65.000000 4.644705
v 225.000000 65.000000 5.835293
v -25.000000 70.000000 5.882353
v -20.000000 70.000000 5.882353
v -15.000000 70.000000 5.882353
v -10.000000 70.000000 5.882353
v -5.000000 70.000000 5.882353
v 0.000000 70.000000 5.882353
v 5.000000 70.000000 5.882353
v 10.000000 70.000000 5.882353
v 15.000000 70.000000 5.882353
v 20.000000 70.000000 5.882353
v 25.000000 70.000000 5.882353
v 30.000000 70.000000 5.882353
v 35.000000 70.000000 5.872941
v 40.000000 70.000000 4.244706
v 45.000000 70.000000 -3.261486
v 50.000000 70.000000 -3.261486
v 60.000000 70.000000 -3.270898
v 65.000000 70.000000 2.108235
v 70.000000 70.000000 5.515294
v 75.000000 70.000000 5.882353
v 80.000000 70.000000 5.882353
v 85.000000 70.000000 5.882353
v 90.000000 70.000000 5.882353
v 95.000000 70.000000 5.882353
v 100.000000 70.000000 5.882353
v 105.000000 70.000000 5.882353
v 110.000000 70.000000 5.872941
v 115.000000 70.000000 5.576470
v 120.000000 70.000000 2.960000
v 125.000000 70.000000 -3.261486
v 215.000000 70.000000 -3.261486
v 220.000000 70.000000 4.644705
v 225.000000 70.000000 5.835293
v -25.000000 75.000000 5.882353
v -20.000000 75.000000 5.882353
v -15.000000 75.000000 5.882353
v -10.000000 75.000000 5.882353
v -5.000000 75.000000 5.882353
v 0.000000 75.000000 5.882353
v 5.000000 75.000000 5.882353
v 10.000000 75.000000 5.882353
v 15.000000 75.000000 5.882353
v 20.000000 75.000000 5.882353
v 25.000000 75.000000 5.882353
v 30.000000 75.000000 5.882353
v 35.000000 75.000000 5.882353
v 40.000000 75.000000 5.040000
v 45.000000 75.000000 0.837647
v 50.000000 75.000000 -3.261486
v 60.000000 75.000000 -3.261486
v 65.000000 75.000000 -3.134427
v 70.000000 75.000000 4.842352
v 75.000000 75.000000 5.858822
v 80.000000 75.000000 5.882353
v 85.000000 75.000000 5.882353
v 90.000000 75.000000 5.882353
v 95.000000 75.000000 5.882353
v 100.000000 75.000000 5.882353
v 105.000000 75.000000 5.882353
v 110.000000 75.000000 5.882353
v 115.000000 75.000000 5.778822
v 120.000000 75.000000 4.230588
v 125.000000 75.000000 -3.261486
v 130.000000 75.000000 -3.261486
v 215.000000 75.000000 -3.261486
v 220.000000 75.000000 4.644705
v 225.000000 75.000000 5.835293
v -25.000000 80.000000 5.882353
v -20.000000 80.000000 5.882353
v -15.000000 80.000000 5.882353
v -10.000000 80.000000 5.882353
v -5.000000 80.000000 5.882353
v 0.000000 80.000000 5.882353
v 5.000000 80.000000 5.882353
v 10.000000 80.000000 5.882353
v 15.000000 80.000000 5.882353
v 20.000000 80.000000 5.882353
v 25.000000 80.000000 5.882353
v 30.000000 80.000000 5.882353
v 35.000000 80.000000 5.882353
v 40.000000 80.000000 5.510588
v 45.000000 80.000000 2.785882
v 50.000000 80.000000 -3.261486
v 65.000000 80.000000 -3.261486
v 70.000000 80.000000 3.618823
v 75.000000 80.000000 5.675294
v 80.000000 80.000000 5.882353
v 85.000000 80.000000 5.882353
v 90.000000 80.000000 5.882353
v 95.000000 80.000000 5.882353
v 100.000000 80.000000 5.882353
v 105.000000 80.000000 5.882353
v 110.000000 80.000000 5.882353
v 115.000000 80.000000 5.830588
v 120.000000 80.000000 5.237647
v 125.000000 80.000000 1.844706
v 130.000000 80.000000 -3.261486
v 215.000000 80.000000 -3.261486
v 220.000000 80.000000 4.644705
v 225.000000 80.000000 5.835293
v -25.000000 85.000000 5.882353
v -20.000000 85.000000 5.882353
v -15.000000 85.000000 5.882353
v -10.000000 85.000000 5.882353
v -5.000000 85.000000 5.882353
v 0.000000 85.000000 5.882353
v 5.000000 85.000000 5.882353
v 10.000000 85.000000 5.882353
v 15.000000 85.000000 5.882353
v 20.000000 85.000000 5.882353
v 25.000000 85.000000 5.882353
v 30.000000 85.000000 5.882353
v 35.000000 85.000000 5.882353
v 40.000000 85.000000 5.741177
v 45.000000 85.000000 4.574118
v 50.000000 85.000000 -3.030897
v 55.000000 85.000000 -3.261486
v 65.000000 85.000000 -3.261486
v 70.000000 85.000000 1.341178
v 75.000000 85.000000 4.974118
v 80.000000 85.000000 5.821177
v 85.000000 85.000000 5.882353
v 90.000000 85.000000 5.882353
v 95.000000 85.000000 5.882353
v 100.000000 85.000000 5.882353
v 105.000000 85.000000 5.882353
v 110.000000 85.000000 5.882353
v 115.000000 85.000000 5.882353
v 120.000000 85.000000 5.712941
v 125.000000 85.000000 3.896470
v 130.000000 85.000000 -3.346193
v 215.000000 85.000000 -3.261486
v 220.000000 85.000000 4.644705
v 225.000000 85.000000 5.835293
v -25.000000 90.000000 5.882353
v -20.000000 90.000000 5.882353
v -15.000000 90.000000 5.882353
v -10.000000 90.000000 5.882353
v -5.000000 90.000000 5.882353
v 0.000000 90.000000 5.882353
v 5.000000 90.000000 5.882353
v 10.000000 90.000000 5.882353
v 15.000000 90.000000 5.882353
v 20.000000 90.000000 5.882353
v 25.000000 90.000000 5.882353
v 30.000000 90.000000 5.882353
v 35.000000 90.000000 5.882353
v 40.000000 90.000000 5.882353
v 45.000000 90.000000 5.576470
v 50.000000 90.000000 3.143529
v 55.000000 90.000000 -3.263839
v 60.000000 90.000000 -3.261486
v 65.000000 90.000000 -3.261486
v 70.000000 90.000000 -3.261486
v 75.000000 90.000000 2.809411
v 80.000000 90.000000 5.247059
v 85.000000 90.000000 5.821177
v 90.000000 90.000000 5.882353
v 95.000000 90.000000 5.882353
v 100.000000 90.000000 5.882353
v 105.000000 90.000000 5.882353
v 110.000000 90.000000 5.882353
v 115.000000 90.000000 5.882353
v 120.000000 90.000000 5.882353
v 125.000000 90.000000 5.072941
v 130.000000 90.000000 -3.261486
v 135.000000 90.000000 -3.261486
v 215.000000 90.000000 -3.261486
v 220.000000 90.000000 4.640000
v 225.000000 90.000000 5.835293
v -25.000000 95.000000 5.882353
v -20.000000 95.000000 5.882353
v -15.000000 95.000000 5.882353
v -10.000000 95.000000 5.882353
v -5.000000 95.000000 5.882353
v 0.000000 95.000000 5.882353
v 5.000000 95.000000 5.882353
v 10.000000 95.000000 5.882353
v 15.000000 95.000000 5.882353
v 20.000000 95.000000 5.882353
v 25.000000 95.000000 5.882353
v 30.000000 95.000000 5.882353
v 35.000000 95.000000 5.882353
v 40.000000 95.000000 5.882353
v 45.000000 95.000000 5.759999
v 50.000000 95.000000 4.677647
v 55.000000 95.000000 0.237647
v 60.000000 95.000000 -3.261486
v 70.000000 95.000000 -3.261486
v 75.000000 95.000000 -3.261486
v 80.000000 95.000000 2.461176
v 85.000000 95.000000 4.964705
v 90.000000 95.000000 5.844706
v 95.000000 95.000000 5.882353
v 100.000000 95.000000 5.882353
v 105.000000 95.000000 5.882353
v 110.000000 95.000000 5.882353
v 115.000000 95.000000 5.882353
v 120.000000 95.000000 5.882353
v 125.000000 95.000000 5.487059
v 130.000000 95.000000 1.552941
v 135.000000 95.000000 -3.261486
v 215.000000 95.000000 -3.261486
v 220.000000 95.000000 4.527058
v 225.000000 95.000000 5.835293
v -25.000000 100.000000 5.882353
v -20.000000 100.000000 5.882353
v -15.000000 100.000000 5.882353
v -10.000000 100.000000 5.882353
v -5.000000 100.000000 5.882353
v 0.000000 100.000000 5.882353
v 5.000000 100.000000 5.882353
v 10.000000 100.000000 5.882353
v 15.000000 100.000000 5.882353
v 20.000000 100.000000 5.882353
v 25.000000 100.000000 5.882353
v 30.000000 100.000000 5.882353
v 35.000000 100.000000 5.882353
v 40.000000 100.000000 5.882353
v 45.000000 100.000000 5.882353
v 50.000000 100.000000 5.505883
v 55.000000 100.000000 2.978823
v 60.000000 100.000000 -3.332075
v 75.000000 100.000000 -3.261486
v 80.000000 100.000000 -3.261486
v 85.000000 100.000000 2.569411
v 90.000000 100.000000 5.204705
v 95.000000 100.000000 5.741177
v 100.000000 100.000000 5.835293
v 105.000000 100.000000 5.882353
v 110.000000 100.000000 5.882353
v 115.000000 100.000000 5.882353
v 120.000000 100.000000 5.882353
v 125.000000 100.000000 5.647059
v 130.000000 100.000000 2.376471
v 135.000000 100.000000 -3.261486
v 215.000000 100.000000 -3.261486
v 220.000000 100.000000 4.414118
v 225.000000 100.000000 5.788235
v -25.000000 105.000000 5.882353
v -20.000000 105.000000 5.882353
v -15.000000 105.000000 5.882353
v -10.000000 105.000000 5.882353
v -5.000000 105.000000 5.882353
v 0.000000 105.000000 5.882353
v 5.000000 105.000000 5.882353
v 10.000000 105.000000 5.882353
v 15.000000 105.000000 5.882353
v 20.000000 105.000000 5.882353
v 25.000000 105.000000 5.882353
v 30.000000 105.000000 5.882353
v 35.000000 105.000000 5.882353
v 40.000000 105.000000 5.882353
v 45.000000 105.000000 5.882353
v 50.000000 105.000000 5.854117
v 55.000000 105.000000 4.710589
v 60.000000 105.000000 -3.261486
v 65.000000 105.000000 -3.261486
v 80.000000 105.000000 -3.261486
v 85.000000 105.000000 -3.261486
v 90.000000 105.000000 1.957648
v 95.000000 105.000000 4.263529
v 100.000000 105.000000 5.440001
v 105.000000 105.000000 5.764706
v 110.000000 105.000000 5.882353
v 115.000000 105.000000 5.844706
v 120.000000 105.000000 5.708235
v 125.000000 105.000000 5.025881
v 130.000000 105.000000 1.463530
v 135.000000 105.000000 -3.261486
v 215.000000 105.000000 -3.261486
v 220.000000 105.000000 4.287058
v 225.000000 105.000000 5.788235
v -25.000000 110.000000 5.882353
v -20.000000 110.000000 5.882353
v -15.000000 110.000000 5.882353
v -10.000000 110.000000 5.882353
v -5.000000 110.000000 5.882353
v 0.000000 110.000000 5.882353
v 5.000000 110.000000 5.882353
v 10.000000 110.000000 5.882353
v 15.000000 110.000000 5.882353
v 20.000000 110.000000 5.882353
v 25.000000 110.000000 5.882353
v 30.000000 110.000000 5.882353
v 35.000000 110.000000 5.882353
v 40.000000 110.000000 5.882353
v 45.000000 110.000000 5.882353
v 50.000000 110.000000 5.882353
v 55.000000 110.000000 5.505883
v 60.000000 110.000000 2.056470
v 65.000000 110.000000 -3.261486
v 85.000000 110.000000 -3.261486
v 90.000000 110.000000 -3.261486
v 95.000000 110.000000 -3.261486
v 100.000000 110.000000 2.127059
v 105.000000 110.000000 3.745883
v 110.000000 110.000000 4.183529
v 115.000000 110.000000 4.112940
v 120.000000 110.000000 3.519999
v 125.000000 110.000000 1.270588
v 130.000000 110.000000 -3.261486
v 135.000000 110.000000 -3.261486
v 215.000000 110.000000 -3.261486
v 220.000000 110.000000 4.287058
v 225.000000 110.000000 5.788235
v -25.000000 115.000000 5.882353
v -20.000000 115.000000 5.882353
v -15.000000 115.000000 5.882353
v -10.000000 115.000000 5.882353
v -5.000000 115.000000 5.882353
v 0.000000 115.000000 5.882353
v 5.000000 115.000000 5.882353
v 10.000000 115.000000 5.882353
v 15.000000 115.000000 5.882353
v 20.000000 115.000000 5.882353
v 25.000000 115.000000 5.882353
v 30.000000 115.000000 5.882353
v 35.000000 115.000000 5.882353
v 40.000000 115.000000 5.882353
v 45.000000 115.000000 5.882353
v 50.000000 115.000000 5.882353
v 55.000000 115.000000 5.741177
v 60.000000 115.000000 3.684706
v 65.000000 115.000000 -3.261486
v 70.000000 115.000000 -3.261486
v 95.000000 115.000000 -3.261486
v 100.000000 115.000000 -3.261486
v 105.000000 115.000000 -3.261486
v 110.000000 115.000000 -3.261486
v 115.000000 115.000000 -3.261486
v 120.000000 115.000000 -3.261486
v 125.000000 115.000000 -3.261486
v 130.000000 115.000000 -3.261486
v 215.000000 115.000000 -3.261486
v 220.000000 115.000000 4.287058
v 225.000000 115.000000 5.788235
v -25.000000 120.000000 5.882353
v -20.000000 120.000000 5.882353
v -15.000000 120.000000 5.882353
v -10.000000 120.000000 5.882353
v -5.000000 120.000000 5.882353
v 0.000000 120.000000 5.882353
v 5.000000 120.000000 5.882353
v 10.000000 120.000000 5.882353
v 15.000000 120.000000 5.882353
v 20.000000 120.000000 5.882353
v 25.000000 120.000000 5.882353
v 30.000000 120.000000 5.882353
v 35.000000 120.000000 5.882353
v 40.000000 120.000000 5.882353
v 45.000000 120.000000 5.882353
v 50.000000 120.000000 5.882353
v 55.000000 120.000000 5.844706
v 60.000000 120.000000 4.691765
v 65.000000 120.000000 0.404706
v 70.000000 120.000000 -3.261486
v 215.000000 120.000000 -3.261486
v 220.000000 120.000000 4.287058
v 225.000000 120.000000 5.788235
v -25.000000 125.000000 5.882353
v -20.000000 125.000000 5.882353
v -15.000000 125.000000 5.882353
v -10.000000 125.000000 5.882353
v -5.000000 125.000000 5.882353
v 0.000000 125.000000 5.882353
v 5.000000 125.000000 5.882353
v 10.000000 125.000000 5.882353
v 15.000000 125.000000 5.882353
v 20.000000 125.000000 5.882353
v 25.000000 125.000000 5.882353
v 30.000000 125.000000 5.882353
v 35.000000 125.000000 5.882353
v 40.000000 125.000000 5.882353
v 45.000000 125.000000 5.882353
v 50.000000 125.000000 5.882353
v 55.000000 125.000000 5.882353
v 60.000000 125.000000 5.543528
v 65.000000 125.000000 2.607058
v 70.000000 125.000000 -3.261486
v 215.000000 125.000000 -3.261486
v 220.000000 125.000000 4.287058
v 225.000000 125.000000 5.788235
v -25.000000 130.000000 5.882353
v -20.000000 130.000000 5.882353
v -15.000000 130.000000 5.882353
v -10.000000 130.000000 5.882353
v -5.000000 130.000000 5.882353
v 0.000000 130.000000 5.882353
v 5.000000 130.000000 5.882353
v 10.000000 130.000000 5.882353
v 15.000000 130.000000 5.882353
v 20.000000 130.000000 5.882353
v 25.000000 130.000000 5.882353
v 30.000000 130.000000 5.882353
v 35.000000 130.000000 5.882353
v 40.000000 130.000000 5.882353
v 45.000000 130.000000 5.882353
v 50.000000 130.000000 5.882353
v 55.000000 130.000000 5.882353
v 60.000000 130.000000 5.712941
v 65.000000 130.000000 3.529412
v 70.000000 130.000000 -3.261486
v 215.000000 130.000000 -3.261486
v 220.000000 130.000000 4.287058
v 225.000000 130.000000 5.788235
v -25.000000 135.000000 5.882353
v -20.000000 135.000000 5.882353
v -15.000000 135.000000 5.882353
v -10.000000 135.000000 5.882353
v -5.000000 135.000000 5.882353
v 0.000000 135.000000 5.882353
v 5.000000 135.000000 5.882353
v 10.000000 135.000000 5.882353
v 15.000000 135.000000 5.882353
v 20.000000 135.000000 5.882353
v 25.000000 135.000000 5.882353
v 30.000000 135.000000 5.882353
v 35.000000 135.000000 5.882353
v 40.000000 135.000000 5.882353
v 45.000000 135.000000 5.882353
v 50.000000 135.000000 5.882353
v 55.000000 135.000000 5.882353
v 60.000000 135.000000 5.712941
v 65.000000 135.000000 3.355294
v 70.000000 135.000000 -3.261486
v 215.000000 135.000000 -3.261486
v 220.000000 135.000000 4.287058
v 225.000000 135.000000 5.788235
v -25.000000 140.000000 5.882353
v -20.000000 140.000000 5.882353
v -15.000000 140.000000 5.882353
v -10.000000 140.000000 5.882353
v -5.000000 140.000000 5.882353
v 0.000000 140.000000 5.882353
v 5.000000 140.000000 5.882353
v 10.000000 140.000000 5.882353
v 15.000000 140.000000 5.882353
v 20.000000 140.000000 5.882353
v 25.000000 140.000000 5.882353
v 30.000000 140.000000 5.882353
v 35.000000 140.000000 5.882353
v 40.000000 140.000000 5.882353
v 45.000000 140.000000 5.882353
v 50.000000 140.000000 5.882353
v 55.000000 140.000000 5.882353
v 60.000000 140.000000 5.458823
v 65.000000 140.000000 2.258824
v 70.000000 140.000000 -3.261486
v 215.000000 140.000000 -3.261486
v 220.000000 140.000000 4.287058
v 225.000000 140.000000 5.788235
v -25.000000 145.000000 5.882353
v -20.000000 145.000000 5.882353
v -15.000000 145.000000 5.882353
v -10.000000 145.000000 5.882353
v -5.000000 145.000000 5.882353
v 0.000000 145.000000 5.882353
v 5.000000 145.000000 5.882353
v 10.000000 145.000000 5.882353
v 15.000000 145.000000 5.882353
v 20.000000 145.000000 5.882353
v 25.000000 145.000000 5.882353
v 30.000000 145.000000 5.882353
v 35.000000 145.000000 5.882353
v 40.000000 145.000000 5.882353
v 45.000000 145.000000 5.882353
v 50.000000 145.000000 5.882353
v 55.000000 145.000000 5.872941
v 60.000000 145.000000 5.143529
v 65.000000 145.000000 0.856471
v 70.000000 145.000000 -3.261486
v 215.000000 145.000000 -3.261486
v 220.000000 145.000000 4.301177
v 225.000000 145.000000 5.788235
vt 0.560000 0.000000
vt 0.580000 0.000000
vt 0.580000 0.020000
vt 0.560000 0.020000
vt 0.600000 0.000000
vt 0.600000 0.020000
vt 0.620000 0.000000
vt 0.620000 0.020000
vt 0.640000 0.000000
vt 0.640000 0.020000
vt 0.660000 0.000000
vt 0.660000 0.020000
vt 0.680000 0.000000
vt 0.680000 0.020000
vt 0.700000 0.000000
vt 0.700000 0.020000
vt 0.720000 0.000000
vt 0.720000 0.020000
vt 0.740000 0.000000
vt 0.740000 0.020000
vt 0.760000 0.000000
vt 0.760000 0.020000
vt 0.780000 0.000000
vt 0.780000 0.020000
vt 0.800000 0.000000
vt 0.800000 0.020000
vt 0.820000 0.000000
vt 0.820000 0.020000
vt 0.840000 0.000000
vt 0.840000 0.020000
vt 0.860000 0.000000
vt 0.860000 0.020000
vt 0.880000 0.000000
vt 0.880000 0.020000
vt 0.900000 0.000000
vt 0.900000 0.020000
vt 0.920000 0.000000
vt 0.920000 0.020000
vt 0.940000 0.000000
vt 0.940000 0.020000
vt 0.960000 0.000000
vt 0.960000 0.020000
vt 0.980000 0.000000
vt 0.980000 0.020000
vt 1.000000 0.000000
vt 1.000000 0.020000
vt 0.620000 0.040000
vt 0.600000 0.040000
vt 0.640000 0.040000
vt 0.660000 0.040000
vt 0.680000 0.040000
vt 0.700000 0.040000
vt 0.720000 0.040000
vt 0.740000 0.040000
vt 0.760000 0.040000
vt 0.780000 0.040000
vt 0.800000 0.040000
vt 0.820000 0.040000
vt 0.840000 0.040000
vt 0.860000 0.040000
vt 0.880000 0.040000
vt 0.900000 0.040000
vt 0.920000 0.040000
vt 0.940000 0.040000
vt 0.960000 0.040000
vt 0.980000 0.040000
vt 1.000000 0.040000
vt 0.660000 0.060000
vt 0.640000 0.060000
vt 0.680000 0.060000
vt 0.700000 0.060000
vt 0.720000 0.060000
vt 0.740000 0.060000
vt 0.760000 0.060000
vt 0.780000 0.060000
vt 0.800000 0.060000
vt 0.820000 0.060000
vt 0.840000 0.060000
vt 0.860000 0.060000
vt 0.880000 0.060000
vt 0.900000 0.060000
vt 0.920000 0.060000
vt 0.940000 0.060000
vt 0.960000 0.060000
vt 0.980000 0.060000
vt 1.000000 0.060000
vt 0.700000 0.080000
vt 0.680000 0.080000
vt 0.720000 0.080000
vt 0.740000 0.080000
vt 0.760000 0.080000
vt 0.780000 0.080000
vt 0.800000 0.080000
vt 0.820000 0.080000
vt 0.840000 0.080000
vt 0.860000 0.080000
vt 0.880000 0.080000
vt 0.900000 0.080000
vt 0.920000 0.080000
vt 0.940000 0.080000
vt 0.960000 0.080000
vt 0.980000 0.080000
vt 1.000000 0.080000
vt 0.760000 0.100000
vt 0.740000 0.100000
vt 0.780000 0.100000
vt 0.800000 0.100000
vt 0.820000 0.100000
vt 0.840000 0.100000
vt 0.860000 0.100000
vt 0.880000 0.100000
vt 0.900000 0.100000
vt 0.920000 0.100000
vt 0.940000 0.100000
vt 0.960000 0.100000
vt 0.980000 0.100000
vt 1.000000 0.100000
vt 0.800000 0.120000
vt 0.780000 0.120000
vt 0.820000 0.120000
vt 0.840000 0.120000
vt 0.860000 0.120000
vt 0.880000 0.120000
vt 0.900000 0.120000
vt 0.920000 0.120000
vt 0.940000 0.120000
vt 0.960000 0.120000
vt 0.980000 0.120000
vt 1.000000 0.120000
vt 0.880000 0.140000
vt 0.860000 0.140000
vt 0.900000 0.140000
vt 0.920000 0.140000
vt 0.940000 0.140000
vt 0.960000 0.140000
vt 0.980000 0.140000
vt 1.000000 0.140000
vt 0.900000 0.160000
vt 0.880000 0.160000
vt 0.920000 0.160000
vt 0.940000 0.160000
vt 0.960000 0.160000
vt 0.980000 0.160000
vt 1.000000 0.160000
vt 0.920000 0.180000
vt 0.900000 0.180000
vt 0.940000 0.180000
vt 0.960000 0.180000
vt 0.980000 0.180000
vt 1.000000 0.180000
vt 0.940000 0.200000
vt 0.920000 0.200000
vt 0.960000 0.200000
vt 0.980000 0.200000
vt 1.000000 0.200000
vt 0.960000 0.220000
vt 0.940000 0.220000
vt 0.980000 0.220000
vt 1.000000 0.220000
vt 0.960000 0.240000
vt 0.940000 0.240000
vt 0.980000 0.240000
vt 1.000000 0.240000
vt 0.960000 0.260000
vt 0.940000 0.260000
vt 0.980000 0.260000
vt 1.000000 0.260000
vt 0.980000 0.280000
vt 0.960000 0.280000
vt 1.000000 0.280000
vt 0.980000 0.300000
vt 0.960000 0.300000
vt 1.000000 0.300000
vt 0.980000 0.320000
vt 0.960000 0.320000
vt 1.000000 0.320000
vt 0.980000 0.340000
vt 0.960000 0.340000
vt 1.000000 0.340000
vt 0.980000 0.360000
vt 0.960000 0.360000
vt 1.000000 0.360000
vt 0.980000 0.380000
vt 0.960000 0.380000
vt 1.000000 0.380000
vt 0.000000 0.380000
vt 0.020000 0.380000
vt 0.020000 0.400000
vt 0.000000 0.400000
vt 0.980000 0.400000
vt 0.960000 0.400000
vt 1.000000 0.400000
vt 0.020000 0.420000
vt 0.000000 0.420000
vt 0.040000 0.400000
vt 0.040000 0.420000
vt 0.060000 0.400000
vt 0.060000 0.420000
vt 0.080000 0.400000
vt 0.080000 0.420000
vt 0.100000 0.400000
vt 0.100000 0.420000
vt 0.980000 0.420000
vt 0.960000 0.420000
vt 1.000000 0.420000
vt 0.020000 0.440000
vt 0.000000 0.440000
vt 0.040000 0.440000
vt 0.060000 0.440000
vt 0.080000 0.440000
vt 0.100000 0.440000
vt 0.120000 0.420000
vt 0.120000 0.440000
vt 0.140000 0.420000
vt 0.140000 0.440000
vt 0.160000 0.420000
vt 0.160000 0.440000
vt 0.980000 0.440000
vt 0.960000 0.440000
vt 1.000000 0.440000
vt 0.020000 0.460000
vt 0.000000 0.460000
vt 0.040000 0.460000
vt 0.060000 0.460000
vt 0.080000 0.460000
vt 0.100000 0.460000
vt 0.120000 0.460000
vt 0.140000 0.460000
vt 0.160000 0.460000
vt 0.180000 0.440000
vt 0.180000 0.460000
vt 0.200000 0.440000
vt 0.200000 0.460000
vt 0.980000 0.460000
vt 0.960000 0.460000
vt 1.000000 0.460000
vt 0.020000 0.480000
vt 0.000000 0.480000
vt 0.040000 0.480000
vt 0.060000 0.480000
vt 0.080000 0.480000
vt 0.100000 0.480000
vt 0.120000 0.480000
vt 0.140000 0.480000
vt 0.160000 0.480000
vt 0.180000 0.480000
vt 0.200000 0.480000
vt 0.220000 0.460000
vt 0.220000 0.480000
vt 0.980000 0.480000
vt 0.960000 0.480000
vt 1.000000 0.480000
vt 0.020000 0.500000
vt 0.000000 0.500000
vt 0.040000 0.500000
vt 0.060000 0.500000
vt 0.080000 0.500000
vt 0.100000 0.500000
vt 0.120000 0.500000
vt 0.140000 0.500000
vt 0.160000 0.500000
vt 0.180000 0.500000
vt 0.200000 0.500000
vt 0.220000 0.500000
vt 0.240000 0.480000
vt 0.240000 0.500000
vt 0.980000 0.500000
vt 0.960000 0.500000
vt 1.000000 0.500000
vt 0.020000 0.520000
vt 0.000000 0.520000
vt 0.040000 0.520000
vt 0.060000 0.520000
vt 0.080000 0.520000
vt 0.100000 0.520000
vt 0.120000 0.520000
vt 0.140000 0.520000
vt 0.160000 0.520000
vt 0.180000 0.520000
vt 0.200000 0.520000
vt 0.220000 0.520000
vt 0.240000 0.520000
vt 0.980000 0.520000
vt 0.960000 0.520000
vt 1.000000 0.520000
vt 0.020000 0.540000
vt 0.000000 0.540000
vt 0.040000 0.540000
vt 0.060000 0.540000
vt 0.080000 0.540000
vt 0.100000 0.540000
vt 0.120000 0.540000
vt 0.140000 0.540000
vt 0.160000 0.540000
vt 0.180000 0.540000
vt 0.200000 0.540000
vt 0.220000 0.540000
vt 0.240000 0.540000
vt 0.260000 0.520000
vt 0.260000 0.540000
vt 0.400000 0.520000
vt 0.420000 0.520000
vt 0.420000 0.540000
vt 0.400000 0.540000
vt 0.440000 0.520000
vt 0.440000 0.540000
vt 0.460000 0.520000
vt 0.460000 0.540000
vt 0.480000 0.520000
vt 0.480000 0.540000
vt 0.500000 0.520000
vt 0.500000 0.540000
vt 0.520000 0.520000
vt 0.520000 0.540000
vt 0.540000 0.520000
vt 0.540000 0.540000
vt 0.980000 0.540000
vt 0.960000 0.540000
vt 1.000000 0.540000
vt 0.020000 0.560000
vt 0.000000 0.560000
vt 0.040000 0.560000
vt 0.060000 0.560000
vt 0.080000 0.560000
vt 0.100000 0.560000
vt 0.120000 0.560000
vt 0.140000 0.560000
vt 0.160000 0.560000
vt 0.180000 0.560000
vt 0.200000 0.560000
vt 0.220000 0.560000
vt 0.240000 0.560000
vt 0.260000 0.560000
vt 0.380000 0.540000
vt 0.400000 0.560000
vt 0.380000 0.560000
vt 0.420000 0.560000
vt 0.440000 0.560000
vt 0.460000 0.560000
vt 0.480000 0.560000
vt 0.500000 0.560000
vt 0.520000 0.560000
vt 0.540000 0.560000
vt 0.560000 0.540000
vt 0.560000 0.560000
vt 0.980000 0.560000
vt 0.960000 0.560000
vt 1.000000 0.560000
vt 0.020000 0.580000
vt 0.000000 0.580000
vt 0.040000 0.580000
vt 0.060000 0.580000
vt 0.080000 0.580000
vt 0.100000 0.580000
vt 0.120000 0.580000
vt 0.140000 0.580000
vt 0.160000 0.580000
vt 0.180000 0.580000
vt 0.200000 0.580000
vt 0.220000 0.580000
vt 0.240000 0.580000
vt 0.260000 0.580000
vt 0.360000 0.560000
vt 0.380000 0.580000
vt 0.360000 0.580000
vt 0.400000 0.580000
vt 0.420000 0.580000
vt 0.440000 0.580000
vt 0.460000 0.580000
vt 0.480000 0.580000
vt 0.500000 0.580000
vt 0.520000 0.580000
vt 0.540000 0.580000
vt 0.560000 0.580000
vt 0.580000 0.560000
vt 0.580000 0.580000
vt 0.980000 0.580000
vt 0.960000 0.580000
vt 1.000000 0.580000
vt 0.020000 0.600000
vt 0.000000 0.600000
vt 0.040000 0.600000
vt 0.060000 0.600000
vt 0.080000 0.600000
vt 0.100000 0.600000
vt 0.120000 0.600000
vt 0.140000 0.600000
vt 0.160000 0.600000
vt 0.180000 0.600000
vt 0.200000 0.600000
vt 0.220000 0.600000
vt 0.240000 0.600000
vt 0.260000 0.600000
vt 0.280000 0.580000
vt 0.280000 0.600000
vt 0.340000 0.580000
vt 0.360000 0.600000
vt 0.340000 0.600000
vt 0.380000 0.600000
vt 0.400000 0.600000
vt 0.420000 0.600000
vt 0.440000 0.600000
vt 0.460000 0.600000
vt 0.480000 0.600000
vt 0.500000 0.600000
vt 0.520000 0.600000
vt 0.540000 0.600000
vt 0.560000 0.600000
vt 0.580000 0.600000
vt 0.980000 0.600000
vt 0.960000 0.600000
vt 1.000000 0.600000
vt 0.020000 0.620000
vt 0.000000 0.620000
vt 0.040000 0.620000
vt 0.060000 0.620000
vt 0.080000 0.620000
vt 0.100000 0.620000
vt 0.120000 0.620000
vt 0.140000 0.620000
vt 0.160000 0.620000
vt 0.180000 0.620000
vt 0.200000 0.620000
vt 0.220000 0.620000
vt 0.240000 0.620000
vt 0.260000 0.620000
vt 0.280000 0.620000
vt 0.360000 0.620000
vt 0.340000 0.620000
vt 0.380000 0.620000
vt 0.400000 0.620000
vt 0.420000 0.620000
vt 0.440000 0.620000
vt 0.460000 0.620000
vt 0.480000 0.620000
vt 0.500000 0.620000
vt 0.520000 0.620000
vt 0.540000 0.620000
vt 0.560000 0.620000
vt 0.580000 0.620000
vt 0.980000 0.620000
vt 0.960000 0.620000
vt 1.000000 0.620000
vt 0.020000 0.640000
vt 0.000000 0.640000
vt 0.040000 0.640000
vt 0.060000 0.640000
vt 0.080000 0.640000
vt 0.100000 0.640000
vt 0.120000 0.640000
vt 0.140000 0.640000
vt 0.160000 0.640000
vt 0.180000 0.640000
vt 0.200000 0.640000
vt 0.220000 0.640000
vt 0.240000 0.640000
vt 0.260000 0.640000
vt 0.280000 0.640000
vt 0.360000 0.640000
vt 0.340000 0.640000
vt 0.380000 0.640000
vt 0.400000 0.640000
vt 0.420000 0.640000
vt 0.440000 0.640000
vt 0.460000 0.640000
vt 0.480000 0.640000
vt 0.500000 0.640000
vt 0.520000 0.640000
vt 0.540000 0.640000
vt 0.560000 0.640000
vt 0.580000 0.640000
vt 0.980000 0.640000
vt 0.960000 0.640000
vt 1.000000 0.640000
vt 0.020000 0.660000
vt 0.000000 0.660000
vt 0.040000 0.660000
vt 0.060000 0.660000
vt 0.080000 0.660000
vt 0.100000 0.660000
vt 0.120000 0.660000
vt 0.140000 0.660000
vt 0.160000 0.660000
vt 0.180000 0.660000
vt 0.200000 0.660000
vt 0.220000 0.660000
vt 0.240000 0.660000
vt 0.260000 0.660000
vt 0.280000 0.660000
vt 0.360000 0.660000
vt 0.340000 0.660000
vt 0.380000 0.660000
vt 0.400000 0.660000
vt 0.420000 0.660000
vt 0.440000 0.660000
vt 0.460000 0.660000
vt 0.480000 0.660000
vt 0.500000 0.660000
vt 0.520000 0.660000
vt 0.540000 0.660000
vt 0.560000 0.660000
vt 0.580000 0.660000
vt 0.980000 0.660000
vt 0.960000 0.660000
vt 1.000000 0.660000
vt 0.020000 0.680000
vt 0.000000 0.680000
vt 0.040000 0.680000
vt 0.060000 0.680000
vt 0.080000 0.680000
vt 0.100000 0.680000
vt 0.120000 0.680000
vt 0.140000 0.680000
vt 0.160000 0.680000
vt 0.180000 0.680000
vt 0.200000 0.680000
vt 0.220000 0.680000
vt 0.240000 0.680000
vt 0.260000 0.680000
vt 0.280000 0.680000
vt 0.360000 0.680000
vt 0.340000 0.680000
vt 0.380000 0.680000
vt 0.400000 0.680000
vt 0.420000 0.680000
vt 0.440000 0.680000
vt 0.460000 0.680000
vt 0.480000 0.680000
vt 0.500000 0.680000
vt 0.520000 0.680000
vt 0.540000 0.680000
vt 0.560000 0.680000
vt 0.580000 0.680000
vt 0.600000 0.660000
vt 0.600000 0.680000
vt 0.980000 0.680000
vt 0.960000 0.680000
vt 1.000000 0.680000
vt 0.020000 0.700000
vt 0.000000 0.700000
vt 0.040000 0.700000
vt 0.060000 0.700000
vt 0.080000 0.700000
vt 0.100000 0.700000
vt 0.120000 0.700000
vt 0.140000 0.700000
vt 0.160000 0.700000
vt 0.180000 0.700000
vt 0.200000 0.700000
vt 0.220000 0.700000
vt 0.240000 0.700000
vt 0.260000 0.700000
vt 0.280000 0.700000
vt 0.360000 0.700000
vt 0.340000 0.700000
vt 0.380000 0.700000
vt 0.400000 0.700000
vt 0.420000 0.700000
vt 0.440000 0.700000
vt 0.460000 0.700000
vt 0.480000 0.700000
vt 0.500000 0.700000
vt 0.520000 0.700000
vt 0.540000 0.700000
vt 0.560000 0.700000
vt 0.580000 0.700000
vt 0.600000 0.700000
vt 0.980000 0.700000
vt 0.960000 0.700000
vt 1.000000 0.700000
vt 0.020000 0.720000
vt 0.000000 0.720000
vt 0.040000 0.720000
vt 0.060000 0.720000
vt 0.080000 0.720000
vt 0.100000 0.720000
vt 0.120000 0.720000
vt 0.140000 0.720000
vt 0.160000 0.720000
vt 0.180000 0.720000
vt 0.200000 0.720000
vt 0.220000 0.720000
vt 0.240000 0.720000
vt 0.260000 0.720000
vt 0.280000 0.720000
vt 0.300000 0.700000
vt 0.300000 0.720000
vt 0.360000 0.720000
vt 0.340000 0.720000
vt 0.380000 0.720000
vt 0.400000 0.720000
vt 0.420000 0.720000
vt 0.440000 0.720000
vt 0.460000 0.720000
vt 0.480000 0.720000
vt 0.500000 0.720000
vt 0.520000 0.720000
vt 0.540000 0.720000
vt 0.560000 0.720000
vt 0.580000 0.720000
vt 0.600000 0.720000
vt 0.980000 0.720000
vt 0.960000 0.720000
vt 1.000000 0.720000
vt 0.020000 0.740000
vt 0.000000 0.740000
vt 0.040000 0.740000
vt 0.060000 0.740000
vt 0.080000 0.740000
vt 0.100000 0.740000
vt 0.120000 0.740000
vt 0.140000 0.740000
vt 0.160000 0.740000
vt 0.180000 0.740000
vt 0.200000 0.740000
vt 0.220000 0.740000
vt 0.240000 0.740000
vt 0.260000 0.740000
vt 0.280000 0.740000
vt 0.300000 0.740000
vt 0.380000 0.740000
vt 0.360000 0.740000
vt 0.400000 0.740000
vt 0.420000 0.740000
vt 0.440000 0.740000
vt 0.460000 0.740000
vt 0.480000 0.740000
vt 0.500000 0.740000
vt 0.520000 0.740000
vt 0.540000 0.740000
vt 0.560000 0.740000
vt 0.580000 0.740000
vt 0.600000 0.740000
vt 0.620000 0.720000
vt 0.620000 0.740000
vt 0.980000 0.740000
vt 0.960000 0.740000
vt 1.000000 0.740000
vt 0.020000 0.760000
vt 0.000000 0.760000
vt 0.040000 0.760000
vt 0.060000 0.760000
vt 0.080000 0.760000
vt 0.100000 0.760000
vt 0.120000 0.760000
vt 0.140000 0.760000
vt 0.160000 0.760000
vt 0.180000 0.760000
vt 0.200000 0.760000
vt 0.220000 0.760000
vt 0.240000 0.760000
vt 0.260000 0.760000
vt 0.280000 0.760000
vt 0.300000 0.760000
vt 0.380000 0.760000
vt 0.360000 0.760000
vt 0.400000 0.760000
vt 0.420000 0.760000
vt 0.440000 0.760000
vt 0.460000 0.760000
vt 0.480000 0.760000
vt 0.500000 0.760000
vt 0.520000 0.760000
vt 0.540000 0.760000
vt 0.560000 0.760000
vt 0.580000 0.760000
vt 0.600000 0.760000
vt 0.620000 0.760000
vt 0.980000 0.760000
vt 0.960000 0.760000
vt 1.000000 0.760000
vt 0.020000 0.780000
vt 0.000000 0.780000
vt 0.040000 0.780000
vt 0.060000 0.780000
vt 0.080000 0.780000
vt 0.100000 0.780000
vt 0.120000 0.780000
vt 0.140000 0.780000
vt 0.160000 0.780000
vt 0.180000 0.780000
vt 0.200000 0.780000
vt 0.220000 0.780000
vt 0.240000 0.780000
vt 0.260000 0.780000
vt 0.280000 0.780000
vt 0.300000 0.780000
vt 0.320000 0.760000
vt 0.320000 0.780000
vt 0.380000 0.780000
vt 0.360000 0.780000
vt 0.400000 0.780000
vt 0.420000 0.780000
vt 0.440000 0.780000
vt 0.460000 0.780000
vt 0.480000 0.780000
vt 0.500000 0.780000
vt 0.520000 0.780000
vt 0.540000 0.780000
vt 0.560000 0.780000
vt 0.580000 0.780000
vt 0.600000 0.780000
vt 0.620000 0.780000
vt 0.980000 0.780000
vt 0.960000 0.780000
vt 1.000000 0.780000
vt 0.020000 0.800000
vt 0.000000 0.800000
vt 0.040000 0.800000
vt 0.060000 0.800000
vt 0.080000 0.800000
vt 0.100000 0.800000
vt 0.120000 0.800000
vt 0.140000 0.800000
vt 0.160000 0.800000
vt 0.180000 0.800000
vt 0.200000 0.800000
vt 0.220000 0.800000
vt 0.240000 0.800000
vt 0.260000 0.800000
vt 0.280000 0.800000
vt 0.300000 0.800000
vt 0.320000 0.800000
vt 0.340000 0.780000
vt 0.340000 0.800000
vt 0.400000 0.800000
vt 0.380000 0.800000
vt 0.420000 0.800000
vt 0.440000 0.800000
vt 0.460000 0.800000
vt 0.480000 0.800000
vt 0.500000 0.800000
vt 0.520000 0.800000
vt 0.540000 0.800000
vt 0.560000 0.800000
vt 0.580000 0.800000
vt 0.600000 0.800000
vt 0.620000 0.800000
vt 0.640000 0.780000
vt 0.640000 0.800000
vt 0.980000 0.800000
vt 0.960000 0.800000
vt 1.000000 0.800000
vt 0.020000 0.820000
vt 0.000000 0.820000
vt 0.040000 0.820000
vt 0.060000 0.820000
vt 0.080000 0.820000
vt 0.100000 0.820000
vt 0.120000 0.820000
vt 0.140000 0.820000
vt 0.160000 0.820000
vt 0.180000 0.820000
vt 0.200000 0.820000
vt 0.220000 0.820000
vt 0.240000 0.820000
vt 0.260000 0.820000
vt 0.280000 0.820000
vt 0.300000 0.820000
vt 0.320000 0.820000
vt 0.340000 0.820000
vt 0.420000 0.820000
vt 0.400000 0.820000
vt 0.440000 0.820000
vt 0.460000 0.820000
vt 0.480000 0.820000
vt 0.500000 0.820000
vt 0.520000 0.820000
vt 0.540000 0.820000
vt 0.560000 0.820000
vt 0.580000 0.820000
vt 0.600000 0.820000
vt 0.620000 0.820000
vt 0.640000 0.820000
vt 0.980000 0.820000
vt 0.960000 0.820000
vt 1.000000 0.820000
vt 0.020000 0.840000
vt 0.000000 0.840000
vt 0.040000 0.840000
vt 0.060000 0.840000
vt 0.080000 0.840000
vt 0.100000 0.840000
vt 0.120000 0.840000
vt 0.140000 0.840000
vt 0.160000 0.840000
vt 0.180000 0.840000
vt 0.200000 0.840000
vt 0.220000 0.840000
vt 0.240000 0.840000
vt 0.260000 0.840000
vt 0.280000 0.840000
vt 0.300000 0.840000
vt 0.320000 0.840000
vt 0.340000 0.840000
vt 0.440000 0.840000
vt 0.420000 0.840000
vt 0.460000 0.840000
vt 0.480000 0.840000
vt 0.500000 0.840000
vt 0.520000 0.840000
vt 0.540000 0.840000
vt 0.560000 0.840000
vt 0.580000 0.840000
vt 0.600000 0.840000
vt 0.620000 0.840000
vt 0.640000 0.840000
vt 0.980000 0.840000
vt 0.960000 0.840000
vt 1.000000 0.840000
vt 0.020000 0.860000
vt 0.000000 0.860000
vt 0.040000 0.860000
vt 0.060000 0.860000
vt 0.080000 0.860000
vt 0.100000 0.860000
vt 0.120000 0.860000
vt 0.140000 0.860000
vt 0.160000 0.860000
vt 0.180000 0.860000
vt 0.200000 0.860000
vt 0.220000 0.860000
vt 0.240000 0.860000
vt 0.260000 0.860000
vt 0.280000 0.860000
vt 0.300000 0.860000
vt 0.320000 0.860000
vt 0.340000 0.860000
vt 0.360000 0.840000
vt 0.360000 0.860000
vt 0.460000 0.860000
vt 0.440000 0.860000
vt 0.480000 0.860000
vt 0.500000 0.860000
vt 0.520000 0.860000
vt 0.540000 0.860000
vt 0.560000 0.860000
vt 0.580000 0.860000
vt 0.600000 0.860000
vt 0.620000 0.860000
vt 0.640000 0.860000
vt 0.980000 0.860000
vt 0.960000 0.860000
vt 1.000000 0.860000
vt 0.020000 0.880000
vt 0.000000 0.880000
vt 0.040000 0.880000
vt 0.060000 0.880000
vt 0.080000 0.880000
vt 0.100000 0.880000
vt 0.120000 0.880000
vt 0.140000 0.880000
vt 0.160000 0.880000
vt 0.180000 0.880000
vt 0.200000 0.880000
vt 0.220000 0.880000
vt 0.240000 0.880000
vt 0.260000 0.880000
vt 0.280000 0.880000
vt 0.300000 0.880000
vt 0.320000 0.880000
vt 0.340000 0.880000
vt 0.360000 0.880000
vt 0.500000 0.880000
vt 0.480000 0.880000
vt 0.520000 0.880000
vt 0.540000 0.880000
vt 0.560000 0.880000
vt 0.580000 0.880000
vt 0.600000 0.880000
vt 0.620000 0.880000
vt 0.980000 0.880000
vt 0.960000 0.880000
vt 1.000000 0.880000
vt 0.020000 0.900000
vt 0.000000 0.900000
vt 0.040000 0.900000
vt 0.060000 0.900000
vt 0.080000 0.900000
vt 0.100000 0.900000
vt 0.120000 0.900000
vt 0.140000 0.900000
vt 0.160000 0.900000
vt 0.180000 0.900000
vt 0.200000 0.900000
vt 0.220000 0.900000
vt 0.240000 0.900000
vt 0.260000 0.900000
vt 0.280000 0.900000
vt 0.300000 0.900000
vt 0.320000 0.900000
vt 0.340000 0.900000
vt 0.360000 0.900000
vt 0.380000 0.880000
vt 0.380000 0.900000
vt 0.980000 0.900000
vt 0.960000 0.900000
vt 1.000000 0.900000
vt 0.020000 0.920000
vt 0.000000 0.920000
vt 0.040000 0.920000
vt 0.060000 0.920000
vt 0.080000 0.920000
vt 0.100000 0.920000
vt 0.120000 0.920000
vt 0.140000 0.920000
vt 0.160000 0.920000
vt 0.180000 0.920000
vt 0.200000 0.920000
vt 0.220000 0.920000
vt 0.240000 0.920000
vt 0.260000 0.920000
vt 0.280000 0.920000
vt 0.300000 0.920000
vt 0.320000 0.920000
vt 0.340000 0.920000
vt 0.360000 0.920000
vt 0.380000 0.920000
vt 0.980000 0.920000
vt 0.960000 0.920000
vt 1.000000 0.920000
vt 0.020000 0.940000
vt 0.000000 0.940000
vt 0.040000 0.940000
vt 0.060000 0.940000
vt 0.080000 0.940000
vt 0.100000 0.940000
vt 0.120000 0.940000
vt 0.140000 0.940000
vt 0.160000 0.940000
vt 0.180000 0.940000
vt 0.200000 0.940000
vt 0.220000 0.940000
vt 0.240000 0.940000
vt 0.260000 0.940000
vt 0.280000 0.940000
vt 0.300000 0.940000
vt 0.320000 0.940000
vt 0.340000 0.940000
vt 0.360000 0.940000
vt 0.380000 0.940000
vt 0.980000 0.940000
vt 0.960000 0.940000
vt 1.000000 0.940000
vt 0.020000 0.960000
vt 0.000000 0.960000
vt 0.040000 0.960000
vt 0.060000 0.960000
vt 0.080000 0.960000
vt 0.100000 0.960000
vt 0.120000 0.960000
vt 0.140000 0.960000
vt 0.160000 0.960000
vt 0.180000 0.960000
vt 0.200000 0.960000
vt 0.220000 0.960000
vt 0.240000 0.960000
vt 0.260000 0.960000
vt 0.280000 0.960000
vt 0.300000 0.960000
vt 0.320000 0.960000
vt 0.340000 0.960000
vt 0.360000 0.960000
vt 0.380000 0.960000
vt 0.980000 0.960000
vt 0.960000 0.960000
vt 1.000000 0.960000
vt 0.020000 0.980000
vt 0.000000 0.980000
vt 0.040000 0.980000
vt 0.060000 0.980000
vt 0.080000 0.980000
vt 0.100000 0.980000
vt 0.120000 0.980000
vt 0.140000 0.980000
vt 0.160000 0.980000
vt 0.180000 0.980000
vt 0.200000 0.980000
vt 0.220000 0.980000
vt 0.240000 0.980000
vt 0.260000 0.980000
vt 0.280000 0.980000
vt 0.300000 0.980000
vt 0.320000 0.980000
vt 0.340000 0.980000
vt 0.360000 0.980000
vt 0.380000 0.980000
vt 0.980000 0.980000
vt 0.960000 0.980000
vt 1.000000 0.980000
vt 0.020000 1.000000
vt 0.000000 1.000000
vt 0.040000 1.000000
vt 0.060000 1.000000
vt 0.080000 1.000000
vt 0.100000 1.000000
vt 0.120000 1.000000
vt 0.140000 1.000000
vt 0.160000 1.000000
vt 0.180000 1.000000
vt 0.200000 1.000000
vt 0.220000 1.000000
vt 0.240000 1.000000
vt 0.260000 1.000000
vt 0.280000 1.000000
vt 0.300000 1.000000
vt 0.320000 1.000000
vt 0.340000 1.000000
vt 0.360000 1.000000
vt 0.380000 1.000000
vt 0.980000 1.000000
vt 0.960000 1.000000
vt 1.000000 1.000000
vn -0.433513 0.433513 0.790021
vn -0.223042 0.705293 0.672915
vn -0.170776 0.415856 0.893252
vn -0.363435 0.363435 0.857805
vn -0.260465 0.743661 0.615732
vn -0.232513 0.551621 0.801032
vn -0.288594 0.618221 0.731106
vn -0.265375 0.649321 0.712712
vn -0.177547 0.398863 0.899659
vn -0.236344 0.596050 0.767376
vn -0.113922 0.200810 0.972984
vn -0.234697 0.441245 0.866152
vn -0.043375 0.070574 0.996563
vn -0.126840 0.257041 0.958040
vn -0.009879 0.023052 0.999685
vn -0.063064 0.125610 0.990073
vn -0.004706 0.008470 0.999953
vn -0.031356 0.046388 0.998431
vn -0.001882 0.001882 0.999997
vn -0.009646 0.011998 0.999882
vn 0.000000 0.000000 1.000000
vn -0.002118 0.002118 0.999996
vn 0.000000 0.000000 1.000000
vn 0.000000 0.000000 1.000000
vn 0.000000 0.000000 1.000000
vn 0.000000 0.000000 1.000000
vn 0.000000 0.000000 1.000000
vn 0.000000 0.000000 1.000000
vn 0.000000 0.000000 1.000000
vn 0.000000 0.000000 1.000000
vn 0.000000 0.000000 1.000000
vn 0.000000 0.000000 1.000000
vn 0.000000 0.000000 1.000000
vn 0.000000 0.000000 1.000000
vn 0.000000 0.000000 1.000000
vn 0.000000 0.000000 1.000000
vn 0.000000 0.000000 1.000000
vn 0.000000 0.000000 1.000000
vn 0.000000 0.000000 1.000000
vn 0.000000 0.000000 1.000000
vn 0.000000 0.000000 1.000000
vn 0.000000 0.000000 1.000000
vn 0.000000 0.000000 1.000000
vn 0.000000 0.000000 1.000000
vn 0.000000 0.000000 1.000000
vn 0.000000 0.000000 1.000000
vn -0.154375 0.375836 0.913737
vn -0.229274 0.229274 0.945974
vn -0.226146 0.516851 0.825665
vn -0.284910 0.628518 0.723735
vn -0.247760 0.589961 0.768480
vn -0.235870 0.446651 0.863058
vn -0.147902 0.253589 0.955938
vn -0.070746 0.114938 0.990850
vn -0.026551 0.039707 0.998859
vn -0.007294 0.010117 0.999922
vn -0.001412 0.001412 0.999998
vn 0.000000 0.000000 1.000000
vn 0.000000 0.000000 1.000000
vn 0.000000 0.000000 1.000000
vn 0.000000 0.000000 1.000000
vn 0.000000 0.000000 1.000000
vn 0.000000 0.000000 1.000000
vn 0.000000 0.000000 1.000000
vn 0.000000 0.000000 1.000000
vn 0.000000 0.000000 1.000000
vn 0.000000 0.000000 1.000000
vn -0.153520 0.353754 0.922654
vn -0.206688 0.206371 0.956395
vn -0.230267 0.502628 0.833272
vn -0.285470 0.621070 0.729917
vn -0.172495 0.649638 0.740416
vn -0.220123 0.570077 0.791554
vn -0.203081 0.375994 0.904094
vn -0.069823 0.181639 0.980883
vn -0.034977 0.096033 0.994763
vn -0.018095 0.046061 0.998775
vn -0.007645 0.020348 0.999764
vn -0.003529 0.009176 0.999952
vn -0.002118 0.003529 0.999992
vn -0.000706 0.000706 1.000000
vn 0.000000 0.000000 1.000000
vn 0.000000 0.000000 1.000000
vn 0.000000 0.000000 1.000000
vn 0.000000 0.000000 1.000000
vn 0.000000 0.000000 1.000000
vn -0.237552 0.531616 0.812991
vn -0.230853 0.230177 0.945371
vn -0.094598 0.539706 0.836522
vn -0.244773 0.588306 0.770703
vn -0.266999 0.660566 0.701686
vn -0.180837 0.607842 0.773192
vn -0.176904 0.476319 0.861293
vn -0.098046 0.326464 0.940111
vn -0.065659 0.221744 0.972892
vn -0.048545 0.132781 0.989956
vn -0.033437 0.062761 0.997468
vn -0.013642 0.021404 0.999678
vn -0.003059 0.006118 0.999977
vn -0.001529 0.001529 0.999998
vn 0.000000 0.000000 1.000000
vn 0.000000 0.000000 1.000000
vn 0.000000 0.000000 1.000000
vn -0.161750 0.433733 0.886404
vn -0.272274 0.286967 0.918432
vn -0.195856 0.555229 0.808307
vn -0.236592 0.640185 0.730882
vn -0.116631 0.654993 0.746580
vn -0.083042 0.665953 0.741357
vn -0.191669 0.588593 0.785380
vn -0.225722 0.376449 0.898519
vn -0.102262 0.151400 0.983169
vn -0.039575 0.042628 0.998307
vn -0.007647 0.004588 0.999960
vn 0.000000 0.000000 1.000000
vn 0.000000 0.000000 1.000000
vn 0.000000 0.000000 1.000000
vn -0.229078 0.560247 0.796019
vn -0.230680 0.230680 0.945290
vn -0.085104 0.698798 0.710238
vn -0.042573 0.565151 0.823888
vn -0.227598 0.581496 0.781064
vn -0.403738 0.563648 0.720622
vn -0.317788 0.378202 0.869468
vn -0.168208 0.150149 0.974249
vn -0.036538 0.029958 0.998883
vn -0.002824 0.002824 0.999992
vn 0.000000 0.000000 1.000000
vn 0.000000 0.000000 1.000000
vn -0.392168 0.422792 0.816977
vn -0.273310 0.272421 0.922545
vn -0.480259 0.487230 0.729354
vn -0.375409 0.327579 0.867041
vn -0.144595 0.127380 0.981258
vn -0.026218 0.022691 0.999399
vn -0.001059 0.001059 0.999999
vn 0.000000 0.000000 1.000000
vn -0.414945 0.395469 0.819405
vn -0.294626 0.294626 0.909061
vn -0.535770 0.440370 0.720434
vn -0.373024 0.273717 0.886528
vn -0.101013 0.063938 0.992828
vn -0.006823 0.004706 0.999966
vn 0.000000 0.000000 1.000000
vn -0.472267 0.400488 0.785222
vn -0.322427 0.321449 0.890343
vn -0.559349 0.403994 0.723821
vn -0.315847 0.219596 0.923048
vn -0.035017 0.027496 0.999008
vn -0.004000 0.004000 0.999984
vn -0.641246 0.298870 0.706739
vn -0.424463 0.361795 0.830021
vn -0.543634 0.249345 0.801429
vn -0.117511 0.075002 0.990235
vn -0.023520 0.015523 0.999603
vn -0.653783 0.150726 0.741518
vn -0.743702 0.125279 0.656668
vn -0.252746 0.111136 0.961129
vn -0.065003 0.030742 0.997411
vn -0.657104 0.232619 0.717009
vn -0.614172 0.233926 0.753705
vn -0.441784 0.163633 0.882072
vn -0.118382 0.032461 0.992437
vn -0.664490 0.180680 0.725126
vn -0.365313 0.314187 0.876261
vn -0.608566 0.106029 0.786387
vn -0.162492 0.017178 0.986560
vn -0.666471 0.006961 0.745498
vn -0.818694 0.010083 0.574141
vn -0.182974 0.003933 0.983110
vn -0.667913 0.000000 0.744240
vn -0.848706 0.000000 0.528865
vn -0.186772 0.000000 0.982403
vn -0.667913 0.000000 0.744240
vn -0.848706 0.000000 0.528865
vn -0.186772 0.000000 0.982403
vn -0.667913 0.000000 0.744240
vn -0.848706 0.000000 0.528865
vn -0.186772 0.000000 0.982403
vn -0.667913 0.000000 0.744240
vn -0.848706 0.000000 0.528865
vn -0.186772 0.000000 0.982403
vn -0.667913 0.000000 0.744240
vn -0.848706 0.000000 0.528865
vn -0.186772 0.000000 0.982403
vn 0.374462 -0.374462 0.848267
vn 0.243146 -0.243146 0.939021
vn 0.189372 -0.584344 0.789101
vn 0.336028 -0.646330 0.685085
vn -0.668494 0.001050 0.743717
vn -0.849123 0.001496 0.528193
vn -0.186772 0.000000 0.982403
vn 0.167443 -0.608231 0.775899
vn 0.236729 -0.540789 0.807160
vn 0.047752 -0.563145 0.824977
vn 0.092369 -0.664868 0.741228
vn 0.083977 -0.694278 0.714791
vn 0.111056 -0.656304 0.746278
vn 0.224417 -0.558229 0.798760
vn 0.219890 -0.650816 0.726696
vn 0.231612 -0.231611 0.944835
vn 0.172618 -0.586287 0.791499
vn -0.668466 0.009403 0.743684
vn -0.848986 0.008364 0.528350
vn -0.195886 0.009460 0.980581
vn 0.055307 -0.126971 0.990363
vn 0.046361 -0.082417 0.995519
vn 0.073472 -0.224527 0.971694
vn 0.090349 -0.332654 0.938711
vn 0.153601 -0.480145 0.863636
vn 0.136750 -0.614467 0.777001
vn 0.043837 -0.572217 0.818930
vn 0.087278 -0.662715 0.743769
vn 0.228012 -0.618011 0.752379
vn 0.264164 -0.650614 0.711982
vn 0.302116 -0.319469 0.898146
vn 0.259627 -0.562586 0.784915
vn -0.673615 0.010133 0.739013
vn -0.847166 0.008105 0.531266
vn -0.216161 0.011715 0.976287
vn 0.005176 -0.009411 0.999942
vn 0.004235 -0.004235 0.999982
vn 0.008938 -0.023522 0.999683
vn 0.016448 -0.046287 0.998793
vn 0.021929 -0.079386 0.996603
vn 0.037025 -0.129254 0.990920
vn 0.073254 -0.209050 0.975157
vn 0.203321 -0.388430 0.898767
vn 0.255658 -0.560222 0.787903
vn 0.185372 -0.427555 0.884779
vn 0.343276 -0.610834 0.713473
vn 0.328151 -0.328151 0.885795
vn 0.424305 -0.431668 0.796008
vn -0.673350 0.001741 0.739322
vn -0.845528 0.001257 0.533930
vn -0.229473 0.002290 0.973312
vn 0.000000 0.000000 1.000000
vn 0.000000 0.000000 1.000000
vn 0.000000 0.000000 1.000000
vn 0.001294 -0.001294 0.999998
vn 0.001294 -0.003882 0.999992
vn 0.002941 -0.008117 0.999963
vn 0.011643 -0.021757 0.999696
vn 0.031799 -0.060429 0.997666
vn 0.108253 -0.158531 0.981402
vn 0.317696 -0.348216 0.881938
vn 0.517290 -0.463126 0.719670
vn 0.344217 -0.344217 0.873516
vn 0.432807 -0.387186 0.814104
vn -0.672911 0.000000 0.739724
vn -0.845170 0.000000 0.534498
vn -0.231641 0.000000 0.972801
vn 0.000000 0.000000 1.000000
vn 0.000000 0.000000 1.000000
vn 0.000000 0.000000 1.000000
vn 0.000000 0.000000 1.000000
vn 0.000000 0.000000 1.000000
vn 0.000000 0.000000 1.000000
vn 0.000471 -0.000471 1.000000
vn 0.001882 -0.002824 0.999994
vn 0.019638 -0.022225 0.999560
vn 0.127969 -0.108754 0.985797
vn 0.413419 -0.277250 0.867305
vn 0.612646 -0.309451 0.727259
vn 0.272482 -0.272481 0.922772
vn 0.365546 -0.156214 0.917591
vn -0.672911 0.000000 0.739724
vn -0.845170 0.000000 0.534498
vn -0.231641 0.000000 0.972801
vn 0.000000 0.000000 1.000000
vn 0.000000 0.000000 1.000000
vn 0.000000 0.000000 1.000000
vn 0.000000 0.000000 1.000000
vn 0.000000 0.000000 1.000000
vn 0.000000 0.000000 1.000000
vn 0.000000 0.000000 1.000000
vn 0.000000 0.000000 1.000000
vn 0.001412 -0.000706 0.999999
vn 0.039135 -0.021507 0.999003
vn 0.239798 -0.127987 0.962349
vn 0.584039 -0.257121 0.769927
vn 0.512923 -0.237437 0.824945
vn -0.672911 0.000000 0.739724
vn -0.845170 0.000000 0.534498
vn -0.231641 0.000000 0.972801
vn 0.000000 0.000000 1.000000
vn 0.000000 0.000000 1.000000
vn 0.000000 0.000000 1.000000
vn 0.000000 0.000000 1.000000
vn 0.000000 0.000000 1.000000
vn 0.000000 0.000000 1.000000
vn 0.000000 0.000000 1.000000
vn 0.000000 0.000000 1.000000
vn 0.000353 -0.000353 1.000000
vn 0.011411 -0.008352 0.999900
vn 0.104610 -0.068751 0.992134
vn 0.429132 -0.243376 0.869835
vn 0.630778 -0.291501 0.719129
vn 0.244516 -0.244516 0.938309
vn 0.550314 -0.240810 0.799478
vn -0.409210 -0.419581 0.810246
vn -0.258015 -0.691852 0.674366
vn -0.298194 -0.641438 0.706851
vn -0.444295 -0.477334 0.758125
vn -0.052216 -0.830694 0.554275
vn -0.074703 -0.662760 0.745096
vn -0.006232 -0.848131 0.529750
vn -0.009071 -0.666580 0.745378
vn 0.044589 -0.837004 0.545377
vn 0.062660 -0.662376 0.746547
vn 0.129752 -0.773436 0.620453
vn 0.171184 -0.655506 0.735532
vn 0.260425 -0.556685 0.788848
vn 0.309505 -0.607552 0.731497
vn 0.278440 -0.276363 0.919834
vn 0.359797 -0.427835 0.829158
vn -0.672911 0.000000 0.739724
vn -0.845170 0.000000 0.534498
vn -0.231641 0.000000 0.972801
vn 0.000000 0.000000 1.000000
vn 0.000000 0.000000 1.000000
vn 0.000000 0.000000 1.000000
vn 0.000000 0.000000 1.000000
vn 0.000000 0.000000 1.000000
vn 0.000000 0.000000 1.000000
vn 0.000000 0.000000 1.000000
vn 0.000000 0.000000 1.000000
vn 0.000000 0.000000 1.000000
vn 0.001882 -0.001882 0.999997
vn 0.032674 -0.023271 0.999195
vn 0.240301 -0.126712 0.962393
vn 0.655863 -0.150139 0.739799
vn 0.549235 -0.076752 0.832136
vn -0.358888 -0.366273 0.858512
vn -0.473587 -0.505588 0.721177
vn -0.435122 -0.425644 0.793408
vn -0.252660 -0.343261 0.904619
vn -0.061986 -0.160243 0.985130
vn -0.007008 -0.111268 0.993766
vn 0.048589 -0.144056 0.988376
vn 0.145341 -0.270794 0.951602
vn 0.284507 -0.439634 0.851926
vn 0.461234 -0.517471 0.720755
vn 0.336406 -0.332536 0.881051
vn 0.426262 -0.399691 0.811510
vn -0.672911 0.000000 0.739724
vn -0.845170 0.000000 0.534498
vn -0.231641 0.000000 0.972801
vn 0.000000 0.000000 1.000000
vn 0.000000 0.000000 1.000000
vn 0.000000 0.000000 1.000000
vn 0.000000 0.000000 1.000000
vn 0.000000 0.000000 1.000000
vn 0.000000 0.000000 1.000000
vn 0.000000 0.000000 1.000000
vn 0.000000 0.000000 1.000000
vn 0.000000 0.000000 1.000000
vn 0.000000 0.000000 1.000000
vn 0.008588 -0.004588 0.999953
vn 0.117971 -0.051755 0.991668
vn 0.609241 -0.156036 0.777482
vn 0.589306 -0.180449 0.787500
vn -0.327233 -0.313389 0.891463
vn -0.553783 -0.420320 0.718788
vn -0.431199 -0.351415 0.831008
vn -0.297900 -0.274769 0.914198
vn -0.061806 -0.063445 0.996070
vn -0.009764 -0.010940 0.999893
vn -0.000588 -0.002235 0.999997
vn 0.004706 -0.006353 0.999969
vn 0.028318 -0.034898 0.998990
vn 0.122586 -0.131025 0.983771
vn 0.401823 -0.284387 0.870438
vn 0.610144 -0.303593 0.731817
vn 0.340361 -0.344971 0.874728
vn 0.610491 -0.242526 0.753978
vn -0.672911 0.000000 0.739724
vn -0.845170 0.000000 0.534498
vn -0.231641 0.000000 0.972801
vn 0.000000 0.000000 1.000000
vn 0.000000 0.000000 1.000000
vn 0.000000 0.000000 1.000000
vn 0.000000 0.000000 1.000000
vn 0.000000 0.000000 1.000000
vn 0.000000 0.000000 1.000000
vn 0.000000 0.000000 1.000000
vn 0.000000 0.000000 1.000000
vn 0.000000 0.000000 1.000000
vn 0.000000 0.000000 1.000000
vn 0.002000 -0.002000 0.999996
vn 0.061850 -0.017952 0.997924
vn 0.504254 -0.114895 0.855878
vn 0.663176 -0.170624 0.728756
vn 0.230446 -0.230447 0.945404
vn 0.525302 -0.179667 0.831732
vn -0.281121 -0.281121 0.917574
vn -0.640025 -0.261991 0.722308
vn -0.585636 -0.237191 0.775095
vn -0.443735 -0.215500 0.869861
vn -0.085230 -0.065150 0.994229
vn -0.009528 -0.009528 0.999909
vn -0.000824 -0.000824 0.999999
vn 0.000000 0.000000 1.000000
vn 0.000000 0.000000 1.000000
vn 0.002235 -0.002235 0.999995
vn 0.033496 -0.021037 0.999217
vn 0.277812 -0.084558 0.956907
vn 0.656846 -0.093218 0.748240
vn 0.776419 -0.067524 0.626589
vn -0.672911 0.000000 0.739724
vn -0.845170 0.000000 0.534498
vn -0.231641 0.000000 0.972801
vn 0.000000 0.000000 1.000000
vn 0.000000 0.000000 1.000000
vn 0.000000 0.000000 1.000000
vn 0.000000 0.000000 1.000000
vn 0.000000 0.000000 1.000000
vn 0.000000 0.000000 1.000000
vn 0.000000 0.000000 1.000000
vn 0.000000 0.000000 1.000000
vn 0.000000 0.000000 1.000000
vn 0.000000 0.000000 1.000000
vn 0.000000 0.000000 1.000000
vn 0.046538 -0.001410 0.998916
vn 0.437572 -0.005589 0.899166
vn 0.655464 -0.006234 0.755201
vn 0.649586 -0.005188 0.760270
vn -0.659874 -0.085446 0.746502
vn -0.756159 -0.066176 0.651034
vn -0.312029 -0.072106 0.947333
vn -0.024930 -0.014346 0.999586
vn -0.000824 -0.000824 0.999999
vn 0.000000 0.000000 1.000000
vn 0.000000 0.000000 1.000000
vn 0.000000 0.000000 1.000000
vn 0.000000 0.000000 1.000000
vn 0.012705 -0.004235 0.999910
vn 0.204589 -0.039089 0.978067
vn 0.669408 -0.049869 0.741220
vn 0.775108 -0.034666 0.630877
vn -0.672911 0.000000 0.739724
vn -0.845170 0.000000 0.534498
vn -0.231641 0.000000 0.972801
vn 0.000000 0.000000 1.000000
vn 0.000000 0.000000 1.000000
vn 0.000000 0.000000 1.000000
vn 0.000000 0.000000 1.000000
vn 0.000000 0.000000 1.000000
vn 0.000000 0.000000 1.000000
vn 0.000000 0.000000 1.000000
vn 0.000000 0.000000 1.000000
vn 0.000000 0.000000 1.000000
vn 0.000000 0.000000 1.000000
vn 0.000000 0.000000 1.000000
vn 0.043254 -0.001881 0.999062
vn 0.423932 -0.018192 0.905511
vn 0.657250 -0.025791 0.753231
vn 0.666174 -0.024204 0.745404
vn -0.665495 -0.007174 0.746368
vn -0.786568 -0.005428 0.617480
vn -0.266610 -0.005371 0.963790
vn -0.011882 -0.000353 0.999929
vn 0.000000 0.000000 1.000000
vn 0.000000 0.000000 1.000000
vn 0.000000 0.000000 1.000000
vn 0.000000 0.000000 1.000000
vn 0.000000 0.000000 1.000000
vn 0.006588 -0.001882 0.999977
vn 0.152189 -0.027182 0.987978
vn 0.670277 -0.036499 0.741213
vn 0.605109 -0.018915 0.795918
vn -0.672911 0.000000 0.739724
vn -0.845170 0.000000 0.534498
vn -0.231641 0.000000 0.972801
vn 0.000000 0.000000 1.000000
vn 0.000000 0.000000 1.000000
vn 0.000000 0.000000 1.000000
vn 0.000000 0.000000 1.000000
vn 0.000000 0.000000 1.000000
vn 0.000000 0.000000 1.000000
vn 0.000000 0.000000 1.000000
vn 0.000000 0.000000 1.000000
vn 0.000000 0.000000 1.000000
vn 0.000000 0.000000 1.000000
vn 0.000000 0.000000 1.000000
vn 0.033980 -0.007407 0.999395
vn 0.374837 -0.057349 0.925315
vn 0.662201 -0.076301 0.745432
vn 0.662330 -0.062691 0.746585
vn -0.669151 0.017896 0.742911
vn -0.783727 0.012642 0.620977
vn -0.271933 0.016411 0.962176
vn -0.014704 0.003176 0.999887
vn 0.000000 0.000000 1.000000
vn 0.000000 0.000000 1.000000
vn 0.000000 0.000000 1.000000
vn 0.000000 0.000000 1.000000
vn 0.000000 0.000000 1.000000
vn 0.003765 -0.000941 0.999993
vn 0.112430 -0.018934 0.993479
vn 0.617052 -0.118856 0.777895
vn 0.596360 -0.171039 0.784284
vn -0.672911 0.000000 0.739724
vn -0.845170 0.000000 0.534498
vn -0.231641 0.000000 0.972801
vn 0.000000 0.000000 1.000000
vn 0.000000 0.000000 1.000000
vn 0.000000 0.000000 1.000000
vn 0.000000 0.000000 1.000000
vn 0.000000 0.000000 1.000000
vn 0.000000 0.000000 1.000000
vn 0.000000 0.000000 1.000000
vn 0.000000 0.000000 1.000000
vn 0.000000 0.000000 1.000000
vn 0.000000 0.000000 1.000000
vn 0.000000 0.000000 1.000000
vn 0.017408 -0.009175 0.999806
vn 0.280578 -0.078164 0.956643
vn 0.668808 -0.100123 0.736663
vn 0.530367 -0.053992 0.846047
vn -0.661981 0.039001 0.748505
vn -0.766244 0.029988 0.641850
vn -0.301365 0.032885 0.952942
vn -0.023640 0.005763 0.999704
vn 0.000000 0.000000 1.000000
vn 0.000000 0.000000 1.000000
vn 0.000000 0.000000 1.000000
vn 0.000000 0.000000 1.000000
vn 0.000000 0.000000 1.000000
vn 0.002118 -0.000706 0.999997
vn 0.075288 -0.021815 0.996923
vn 0.459575 -0.170515 0.871616
vn 0.651739 -0.238144 0.720086
vn 0.249060 -0.249059 0.935916
vn 0.540956 -0.220042 0.811756
vn -0.672911 0.000000 0.739724
vn -0.845170 0.000000 0.534498
vn -0.231641 0.000000 0.972801
vn 0.000000 0.000000 1.000000
vn 0.000000 0.000000 1.000000
vn 0.000000 0.000000 1.000000
vn 0.000000 0.000000 1.000000
vn 0.000000 0.000000 1.000000
vn 0.000000 0.000000 1.000000
vn 0.000000 0.000000 1.000000
vn 0.000000 0.000000 1.000000
vn 0.000000 0.000000 1.000000
vn 0.000000 0.000000 1.000000
vn 0.000000 0.000000 1.000000
vn 0.004353 -0.003882 0.999983
vn 0.174007 -0.060009 0.982914
vn 0.612812 -0.170332 0.771653
vn 0.560579 -0.189113 0.806218
vn -0.658993 0.229047 0.716425
vn -0.630826 0.223682 0.742983
vn -0.427617 0.165469 0.888687
vn -0.049804 0.021613 0.998525
vn -0.000588 0.000588 1.000000
vn 0.000000 0.000000 1.000000
vn 0.000000 0.000000 1.000000
vn 0.000000 0.000000 1.000000
vn 0.000000 0.000000 1.000000
vn 0.000941 -0.000471 0.999999
vn 0.037730 -0.018219 0.999122
vn 0.285334 -0.103149 0.952861
vn 0.658450 -0.122755 0.742546
vn 0.520842 -0.062898 0.851333
vn -0.672911 0.000000 0.739724
vn -0.845170 0.000000 0.534498
vn -0.231641 0.000000 0.972801
vn 0.000000 0.000000 1.000000
vn 0.000000 0.000000 1.000000
vn 0.000000 0.000000 1.000000
vn 0.000000 0.000000 1.000000
vn 0.000000 0.000000 1.000000
vn 0.000000 0.000000 1.000000
vn 0.000000 0.000000 1.000000
vn 0.000000 0.000000 1.000000
vn 0.000000 0.000000 1.000000
vn 0.000000 0.000000 1.000000
vn 0.000000 0.000000 1.000000
vn 0.000235 -0.000235 1.000000
vn 0.091907 -0.031963 0.995254
vn 0.473381 -0.181349 0.861988
vn 0.642264 -0.245250 0.726188
vn 0.231827 -0.227410 0.945802
vn 0.516145 -0.220519 0.827626
vn -0.589702 0.220297 0.776995
vn -0.298970 0.284387 0.910901
vn -0.588856 0.191576 0.785205
vn -0.116550 0.057181 0.991537
vn -0.006353 0.005176 0.999967
vn 0.000000 0.000000 1.000000
vn 0.000000 0.000000 1.000000
vn 0.000000 0.000000 1.000000
vn 0.000000 0.000000 1.000000
vn 0.000235 -0.000235 1.000000
vn 0.014116 -0.006823 0.999877
vn 0.168225 -0.068587 0.983360
vn 0.593513 -0.203697 0.778621
vn 0.561083 -0.222112 0.797403
vn -0.672911 0.000000 0.739724
vn -0.845170 0.000000 0.534498
vn -0.231641 0.000000 0.972801
vn 0.000000 0.000000 1.000000
vn 0.000000 0.000000 1.000000
vn 0.000000 0.000000 1.000000
vn 0.000000 0.000000 1.000000
vn 0.000000 0.000000 1.000000
vn 0.000000 0.000000 1.000000
vn 0.000000 0.000000 1.000000
vn 0.000000 0.000000 1.000000
vn 0.000000 0.000000 1.000000
vn 0.000000 0.000000 1.000000
vn 0.000000 0.000000 1.000000
vn 0.000000 0.000000 1.000000
vn 0.043130 -0.017510 0.998916
vn 0.294891 -0.121210 0.947812
vn 0.655453 -0.156318 0.738882
vn 0.516259 -0.094345 0.851220
vn -0.654164 0.148451 0.741641
vn -0.551819 0.080745 0.830046
vn -0.239246 0.126964 0.962622
vn -0.033612 0.025150 0.999119
vn -0.001529 0.001529 0.999998
vn 0.000000 0.000000 1.000000
vn 0.000000 0.000000 1.000000
vn 0.000000 0.000000 1.000000
vn 0.000000 0.000000 1.000000
vn 0.005177 -0.002588 0.999983
vn 0.077436 -0.042061 0.996110
vn 0.410660 -0.220391 0.884752
vn 0.647090 -0.279095 0.709493
vn 0.275792 -0.275792 0.920803
vn 0.587629 -0.238018 0.773331
vn -0.672911 0.000000 0.739724
vn -0.845170 0.000000 0.534498
vn -0.231641 0.000000 0.972801
vn 0.000000 0.000000 1.000000
vn 0.000000 0.000000 1.000000
vn 0.000000 0.000000 1.000000
vn 0.000000 0.000000 1.000000
vn 0.000000 0.000000 1.000000
vn 0.000000 0.000000 1.000000
vn 0.000000 0.000000 1.000000
vn 0.000000 0.000000 1.000000
vn 0.000000 0.000000 1.000000
vn 0.000000 0.000000 1.000000
vn 0.000000 0.000000 1.000000
vn 0.000000 0.000000 1.000000
vn 0.016350 -0.009292 0.999823
vn 0.147843 -0.086880 0.985187
vn 0.556557 -0.256681 0.790164
vn 0.571508 -0.270566 0.774708
vn -0.615589 0.308516 0.725168
vn -0.558101 0.239459 0.794470
vn -0.412946 0.275913 0.867956
vn -0.123616 0.103050 0.986965
vn -0.018933 0.018933 0.999641
vn -0.001529 0.001529 0.999998
vn 0.000000 0.000000 1.000000
vn 0.000000 0.000000 1.000000
vn 0.000000 0.000000 1.000000
vn 0.001294 -0.001294 0.999998
vn 0.024574 -0.018695 0.999523
vn 0.211387 -0.110270 0.971162
vn 0.662006 -0.130698 0.738015
vn 0.566874 -0.066334 0.821129
vn -0.672867 0.000174 0.739764
vn -0.845134 0.000126 0.534555
vn -0.231858 0.000229 0.972750
vn 0.000000 0.000000 1.000000
vn 0.000000 0.000000 1.000000
vn 0.000000 0.000000 1.000000
vn 0.000000 0.000000 1.000000
vn 0.000000 0.000000 1.000000
vn 0.000000 0.000000 1.000000
vn 0.000000 0.000000 1.000000
vn 0.000000 0.000000 1.000000
vn 0.000000 0.000000 1.000000
vn 0.000000 0.000000 1.000000
vn 0.000000 0.000000 1.000000
vn 0.000000 0.000000 1.000000
vn 0.003529 -0.003529 0.999988
vn 0.050932 -0.036612 0.998031
vn 0.343893 -0.226662 0.911242
vn 0.590892 -0.366208 0.718845
vn 0.314097 -0.292576 0.903185
vn 0.455937 -0.339321 0.822790
vn -0.437299 0.388156 0.811237
vn -0.326587 0.326587 0.886951
vn -0.518893 0.460648 0.720106
vn -0.321658 0.335712 0.885344
vn -0.115523 0.128130 0.985006
vn -0.025982 0.024807 0.999355
vn -0.000941 0.000941 0.999999
vn 0.000000 0.000000 1.000000
vn 0.000000 0.000000 1.000000
vn 0.000000 0.000000 1.000000
vn 0.004235 -0.004235 0.999982
vn 0.099252 -0.047868 0.993910
vn 0.601981 -0.165875 0.781092
vn 0.596758 -0.198394 0.777509
vn -0.671911 0.004347 0.740620
vn -0.844191 0.003153 0.536033
vn -0.237473 0.005714 0.971377
vn 0.000000 0.000000 1.000000
vn 0.000000 0.000000 1.000000
vn 0.000000 0.000000 1.000000
vn 0.000000 0.000000 1.000000
vn 0.000000 0.000000 1.000000
vn 0.000000 0.000000 1.000000
vn 0.000000 0.000000 1.000000
vn 0.000000 0.000000 1.000000
vn 0.000000 0.000000 1.000000
vn 0.000000 0.000000 1.000000
vn 0.000000 0.000000 1.000000
vn 0.000000 0.000000 1.000000
vn 0.000000 0.000000 1.000000
vn 0.013763 -0.007646 0.999876
vn 0.136199 -0.073354 0.987962
vn 0.472307 -0.234586 0.849644
vn 0.615070 -0.276777 0.738298
vn 0.260027 -0.260376 0.929834
vn 0.487921 -0.226665 0.842945
vn -0.426587 0.437332 0.791684
vn -0.351259 0.351259 0.867891
vn -0.482392 0.502181 0.717714
vn -0.337019 0.333750 0.880358
vn -0.124066 0.116326 0.985432
vn -0.017637 0.025163 0.999528
vn -0.003529 0.005882 0.999977
vn -0.001177 0.001176 0.999999
vn 0.000000 0.000000 1.000000
vn 0.000000 0.000000 1.000000
vn 0.045829 -0.014336 0.998846
vn 0.461522 -0.145680 0.875086
vn 0.665762 -0.212290 0.715328
vn 0.256185 -0.262700 0.930246
vn 0.592083 -0.218653 0.775647
vn -0.672440 0.009232 0.740094
vn -0.841503 0.006101 0.540218
vn -0.250966 0.013207 0.967906
vn 0.000000 0.000000 1.000000
vn 0.000000 0.000000 1.000000
vn 0.000000 0.000000 1.000000
vn 0.000000 0.000000 1.000000
vn 0.000000 0.000000 1.000000
vn 0.000000 0.000000 1.000000
vn 0.000000 0.000000 1.000000
vn 0.000000 0.000000 1.000000
vn 0.000000 0.000000 1.000000
vn 0.000000 0.000000 1.000000
vn 0.000000 0.000000 1.000000
vn 0.000000 0.000000 1.000000
vn 0.000000 0.000000 1.000000
vn 0.003059 -0.003059 0.999991
vn 0.049527 -0.035446 0.998144
vn 0.290614 -0.161898 0.943044
vn 0.653399 -0.186277 0.733737
vn 0.509530 -0.095715 0.855113
vn -0.427372 0.423970 0.798500
vn -0.335758 0.335758 0.880076
vn -0.483686 0.498807 0.719193
vn -0.308576 0.368847 0.876774
vn -0.115894 0.183299 0.976202
vn -0.044428 0.065294 0.996877
vn -0.013408 0.016936 0.999767
vn -0.002000 0.003882 0.999990
vn 0.004353 0.006235 0.999971
vn 0.042058 0.021138 0.998892
vn 0.359293 0.026769 0.932841
vn 0.651634 0.012768 0.758426
vn 0.721085 0.003097 0.692839
vn -0.671359 0.009760 0.741068
vn -0.837769 0.006552 0.545986
vn -0.267705 0.013829 0.963402
vn 0.000000 0.000000 1.000000
vn 0.000000 0.000000 1.000000
vn 0.000000 0.000000 1.000000
vn 0.000000 0.000000 1.000000
vn 0.000000 0.000000 1.000000
vn 0.000000 0.000000 1.000000
vn 0.000000 0.000000 1.000000
vn 0.000000 0.000000 1.000000
vn 0.000000 0.000000 1.000000
vn 0.000000 0.000000 1.000000
vn 0.000000 0.000000 1.000000
vn 0.000000 0.000000 1.000000
vn 0.000000 0.000000 1.000000
vn 0.000000 0.000000 1.000000
vn 0.010822 -0.009411 0.999897
vn 0.138221 -0.080634 0.987114
vn 0.584876 -0.220354 0.780618
vn 0.573146 -0.233579 0.785458
vn -0.410803 0.430610 0.803627
vn -0.340645 0.340645 0.876311
vn -0.333188 0.615278 0.714436
vn -0.265381 0.571131 0.776777
vn -0.217961 0.401351 0.889613
vn -0.071959 0.233711 0.969640
vn -0.012920 0.179327 0.983705
vn 0.024771 0.186384 0.982165
vn 0.111582 0.258203 0.959625
vn 0.386699 0.337899 0.858072
vn 0.586293 0.309249 0.748749
vn 0.587551 0.219551 0.778833
vn -0.672128 0.004714 0.740420
vn -0.834756 0.003498 0.550608
vn -0.281954 0.006095 0.959409
vn 0.000000 0.000000 1.000000
vn 0.000000 0.000000 1.000000
vn 0.000000 0.000000 1.000000
vn 0.000000 0.000000 1.000000
vn 0.000000 0.000000 1.000000
vn 0.000000 0.000000 1.000000
vn 0.000000 0.000000 1.000000
vn 0.000000 0.000000 1.000000
vn 0.000000 0.000000 1.000000
vn 0.000000 0.000000 1.000000
vn 0.000000 0.000000 1.000000
vn 0.000000 0.000000 1.000000
vn 0.000000 0.000000 1.000000
vn 0.000000 0.000000 1.000000
vn 0.000706 -0.000706 1.000000
vn 0.051553 -0.027127 0.998302
vn 0.413128 -0.195700 0.889397
vn 0.658605 -0.262824 0.705098
vn 0.244507 -0.249169 0.937087
vn 0.397405 -0.157004 0.904112
vn -0.169142 0.403766 0.899091
vn -0.304784 0.304784 0.902338
vn -0.256650 0.544730 0.798374
vn -0.275824 0.649328 0.708728
vn -0.084233 0.660665 0.745941
vn -0.015061 0.669041 0.743073
vn 0.027787 0.668090 0.743562
vn 0.120919 0.653246 0.747428
vn 0.340012 0.591319 0.731255
vn 0.387915 0.394904 0.832811
vn 0.333359 0.333358 0.881898
vn -0.670999 0.000000 0.741458
vn -0.833696 0.000000 0.552223
vn -0.287555 0.000000 0.957764
vn 0.000000 0.000000 1.000000
vn 0.000000 0.000000 1.000000
vn 0.000000 0.000000 1.000000
vn 0.000000 0.000000 1.000000
vn 0.000000 0.000000 1.000000
vn 0.000000 0.000000 1.000000
vn 0.000000 0.000000 1.000000
vn 0.000000 0.000000 1.000000
vn 0.000000 0.000000 1.000000
vn 0.000000 0.000000 1.000000
vn 0.000000 0.000000 1.000000
vn 0.000000 0.000000 1.000000
vn 0.000000 0.000000 1.000000
vn 0.000000 0.000000 1.000000
vn 0.000000 0.000000 1.000000
vn 0.017409 -0.008469 0.999813
vn 0.227559 -0.080120 0.970463
vn 0.612632 -0.185452 0.768303
vn 0.529567 -0.190381 0.826628
vn -0.253288 0.642835 0.722917
vn -0.288559 0.288559 0.912945
vn -0.061310 0.800440 0.596269
vn -0.010353 0.825632 0.564114
vn 0.018843 0.822841 0.567959
vn 0.087436 0.783482 0.615232
vn 0.256854 0.600165 0.757515
vn 0.322627 0.322627 0.889845
vn -0.670999 0.000000 0.741458
vn -0.833696 0.000000 0.552223
vn -0.287555 0.000000 0.957764
vn 0.000000 0.000000 1.000000
vn 0.000000 0.000000 1.000000
vn 0.000000 0.000000 1.000000
vn 0.000000 0.000000 1.000000
vn 0.000000 0.000000 1.000000
vn 0.000000 0.000000 1.000000
vn 0.000000 0.000000 1.000000
vn 0.000000 0.000000 1.000000
vn 0.000000 0.000000 1.000000
vn 0.000000 0.000000 1.000000
vn 0.000000 0.000000 1.000000
vn 0.000000 0.000000 1.000000
vn 0.000000 0.000000 1.000000
vn 0.000000 0.000000 1.000000
vn 0.000000 0.000000 1.000000
vn 0.005412 -0.003529 0.999979
vn 0.121713 -0.053022 0.991148
vn 0.485473 -0.203751 0.850177
vn 0.624541 -0.253559 0.738685
vn 0.205743 -0.205743 0.956734
vn 0.535058 -0.237863 0.810638
vn -0.670999 0.000000 0.741458
vn -0.833696 0.000000 0.552223
vn -0.287555 0.000000 0.957764
vn 0.000000 0.000000 1.000000
vn 0.000000 0.000000 1.000000
vn 0.000000 0.000000 1.000000
vn 0.000000 0.000000 1.000000
vn 0.000000 0.000000 1.000000
vn 0.000000 0.000000 1.000000
vn 0.000000 0.000000 1.000000
vn 0.000000 0.000000 1.000000
vn 0.000000 0.000000 1.000000
vn 0.000000 0.000000 1.000000
vn 0.000000 0.000000 1.000000
vn 0.000000 0.000000 1.000000
vn 0.000000 0.000000 1.000000
vn 0.000000 0.000000 1.000000
vn 0.000000 0.000000 1.000000
vn 0.000941 -0.000941 0.999999
vn 0.050848 -0.027361 0.998332
vn 0.331123 -0.119460 0.935995
vn 0.649518 -0.136872 0.747926
vn 0.738844 -0.104021 0.665800
vn -0.670999 0.000000 0.741458
vn -0.833696 0.000000 0.552223
vn -0.287555 0.000000 0.957764
vn 0.000000 0.000000 1.000000
vn 0.000000 0.000000 1.000000
vn 0.000000 0.000000 1.000000
vn 0.000000 0.000000 1.000000
vn 0.000000 0.000000 1.000000
vn 0.000000 0.000000 1.000000
vn 0.000000 0.000000 1.000000
vn 0.000000 0.000000 1.000000
vn 0.000000 0.000000 1.000000
vn 0.000000 0.000000 1.000000
vn 0.000000 0.000000 1.000000
vn 0.000000 0.000000 1.000000
vn 0.000000 0.000000 1.000000
vn 0.000000 0.000000 1.000000
vn 0.000000 0.000000 1.000000
vn 0.000000 0.000000 1.000000
vn 0.021172 -0.004234 0.999767
vn 0.253475 -0.026106 0.966990
vn 0.658996 -0.031094 0.751504
vn 0.793177 -0.022767 0.608565
vn -0.670999 0.000000 0.741458
vn -0.833696 0.000000 0.552223
vn -0.287555 0.000000 0.957764
vn 0.000000 0.000000 1.000000
vn 0.000000 0.000000 1.000000
vn 0.000000 0.000000 1.000000
vn 0.000000 0.000000 1.000000
vn 0.000000 0.000000 1.000000
vn 0.000000 0.000000 1.000000
vn 0.000000 0.000000 1.000000
vn 0.000000 0.000000 1.000000
vn 0.000000 0.000000 1.000000
vn 0.000000 0.000000 1.000000
vn 0.000000 0.000000 1.000000
vn 0.000000 0.000000 1.000000
vn 0.000000 0.000000 1.000000
vn 0.000000 0.000000 1.000000
vn 0.000000 0.000000 1.000000
vn 0.000000 0.000000 1.000000
vn 0.023288 0.006351 0.999709
vn 0.264681 0.042536 0.963397
vn 0.659851 0.052196 0.749581
vn 0.786776 0.039134 0.615997
vn -0.670999 0.000000 0.741458
vn -0.833696 0.000000 0.552223
vn -0.287555 0.000000 0.957764
vn 0.000000 0.000000 1.000000
vn 0.000000 0.000000 1.000000
vn 0.000000 0.000000 1.000000
vn 0.000000 0.000000 1.000000
vn 0.000000 0.000000 1.000000
vn 0.000000 0.000000 1.000000
vn 0.000000 0.000000 1.000000
vn 0.000000 0.000000 1.000000
vn 0.000000 0.000000 1.000000
vn 0.000000 0.000000 1.000000
vn 0.000000 0.000000 1.000000
vn 0.000000 0.000000 1.000000
vn 0.000000 0.000000 1.000000
vn 0.000000 0.000000 1.000000
vn 0.000000 0.000000 1.000000
vn 0.000235 0.000235 1.000000
vn 0.043834 0.014690 0.998931
vn 0.344539 0.085009 0.934915
vn 0.656708 0.103994 0.746940
vn 0.733876 0.084216 0.674043
vn -0.671123 -0.000523 0.741345
vn -0.833815 -0.000390 0.552044
vn -0.286935 -0.000676 0.957950
vn 0.000000 0.000000 1.000000
vn 0.000000 0.000000 1.000000
vn 0.000000 0.000000 1.000000
vn 0.000000 0.000000 1.000000
vn 0.000000 0.000000 1.000000
vn 0.000000 0.000000 1.000000
vn 0.000000 0.000000 1.000000
vn 0.000000 0.000000 1.000000
vn 0.000000 0.000000 1.000000
vn 0.000000 0.000000 1.000000
vn 0.000000 0.000000 1.000000
vn 0.000000 0.000000 1.000000
vn 0.000000 0.000000 1.000000
vn 0.000000 0.000000 1.000000
vn 0.000000 0.000000 1.000000
vn 0.000471 0.000471 1.000000
vn 0.058017 0.016677 0.998176
vn 0.398652 0.094160 0.912256
vn 0.651206 0.115689 0.750031
vn 0.690454 0.100460 0.716367
vn -0.670750 -0.001047 0.741683
vn -0.833934 -0.000779 0.551864
vn -0.286314 -0.001353 0.958135
s 1
g pPlane2
usemtl terrain
f 1/1/1 2/2/2 25/3/3 24/4/4
f 2/2/2 3/5/5 26/6/6 25/3/3
f 3/5/5 4/7/7 27/8/8 26/6/6
f 4/7/7 5/9/9 28/10/10 27/8/8
f 5/9/9 6/11/11 29/12/12 28/10/10
f 6/11/11 7/13/13 30/14/14 29/12/12
f 7/13/13 8/15/15 31/16/16 30/14/14
f 8/15/15 9/17/17 32/18/18 31/16/16
f 9/17/17 10/19/19 33/20/20 32/18/18
f 10/19/19 11/21/21 34/22/22 33/20/20
f 11/21/21 12/23/23 35/24/24 34/22/22
f 12/23/23 13/25/25 36/26/26 35/24/24
f 13/25/25 14/27/27 37/28/28 36/26/26
f 14/27/27 15/29/29 38/30/30 37/28/28
f 15/29/29 16/31/31 39/32/32 38/30/30
f 16/31/31 17/33/33 40/34/34 39/32/32
f 17/33/33 18/35/35 41/36/36 40/34/34
f 18/35/35 19/37/37 42/38/38 41/36/36
f 19/37/37 20/39/39 43/40/40 42/38/38
f 20/39/39 21/41/41 44/42/42 43/40/40
f 21/41/41 22/43/43 45/44/44 44/42/42
f 22/43/43 23/45/45 46/46/46 45/44/44
f 26/6/6 27/8/8 48/47/47 47/48/48
f 27/8/8 28/10/10 49/49/49 48/47/47
f 28/10/10 29/12/12 50/50/50 49/49/49
f 29/12/12 30/14/14 51/51/51 50/50/50
f 30/14/14 31/16/16 52/52/52 51/51/51
f 31/16/16 32/18/18 53/53/53 52/52/52
f 32/18/18 33/20/20 54/54/54 53/53/53
f 33/20/20 34/22/22 55/55/55 54/54/54
f 34/22/22 35/24/24 56/56/56 55/55/55
f 35/24/24 36/26/26 57/57/57 56/56/56
f 36/26/26 37/28/28 58/58/58 57/57/57
f 37/28/28 38/30/30 59/59/59 58/58/58
f 38/30/30 39/32/32 60/60/60 59/59/59
f 39/32/32 40/34/34 61/61/61 60/60/60
f 40/34/34 41/36/36 62/62/62 61/61/61
f 41/36/36 42/38/38 63/63/63 62/62/62
f 42/38/38 43/40/40 64/64/64 63/63/63
f 43/40/40 44/42/42 65/65/65 64/64/64
f 44/42/42 45/44/44 66/66/66 65/65/65
f 45/44/44 46/46/46 67/67/67 66/66/66
f 49/49/49 50/50/50 69/68/68 68/69/69
f 50/50/50 51/51/51 70/70/70 69/68/68
f 51/51/51 52/52/52 71/71/71 70/70/70
f 52/52/52 53/53/53 72/72/72 71/71/71
f 53/53/53 54/54/54 73/73/73 72/72/72
f 54/54/54 55/55/55 74/74/74 73/73/73
f 55/55/55 56/56/56 75/75/75 74/74/74
f 56/56/56 57/57/57 76/76/76 75/75/75
f 57/57/57 58/58/58 77/77/77 76/76/76
f 58/58/58 59/59/59 78/78/78 77/77/77
f 59/59/59 60/60/60 79/79/79 78/78/78
f 60/60/60 61/61/61 80/80/80 79/79/79
f 61/61/61 62/62/62 81/81/81 80/80/80
f 62/62/62 63/63/63 82/82/82 81/81/81
f 63/63/63 64/64/64 83/83/83 82/82/82
f 64/64/64 65/65/65 84/84/84 83/83/83
f 65/65/65 66/66/66 85/85/85 84/84/84
f 66/66/66 67/67/67 86/86/86 85/85/85
f 70/70/70 71/71/71 88/87/87 87/88/88
f 71/71/71 72/72/72 89/89/89 88/87/87
f 72/72/72 73/73/73 90/90/90 89/89/89
f 73/73/73 74/74/74 91/91/91 90/90/90
f 74/74/74 75/75/75 92/92/92 91/91/91
f 75/75/75 76/76/76 93/93/93 92/92/92
f 76/76/76 77/77/77 94/94/94 93/93/93
f 77/77/77 78/78/78 95/95/95 94/94/94
f 78/78/78 79/79/79 96/96/96 95/95/95
f 79/79/79 80/80/80 97/97/97 96/96/96
f 80/80/80 81/81/81 98/98/98 97/97/97
f 81/81/81 82/82/82 99/99/99 98/98/98
f 82/82/82 83/83/83 100/100/100 99/99/99
f 83/83/83 84/84/84 101/101/101 100/100/100
f 84/84/84 85/85/85 102/102/102 101/101/101
f 85/85/85 86/86/86 103/103/103 102/102/102
f 90/90/90 91/91/91 105/104/104 104/105/105
f 91/91/91 92/92/92 106/106/106 105/104/104
f 92/92/92 93/93/93 107/107/107 106/106/106
f 93/93/93 94/94/94 108/108/108 107/107/107
f 94/94/94 95/95/95 109/109/109 108/108/108
f 95/95/95 96/96/96 110/110/110 109/109/109
f 96/96/96 97/97/97 111/111/111 110/110/110
f 97/97/97 98/98/98 112/112/112 111/111/111
f 98/98/98 99/99/99 113/113/113 112/112/112
f 99/99/99 100/100/100 114/114/114 113/113/113
f 100/100/100 101/101/101 115/115/115 114/114/114
f 101/101/101 102/102/102 116/116/116 115/115/115
f 102/102/102 103/103/103 117/117/117 116/116/116
f 106/106/106 107/107/107 119/118/118 118/119/119
f 107/107/107 108/108/108 120/120/120 119/118/118
f 108/108/108 109/109/109 121/121/121 120/120/120
f 109/109/109 110/110/110 122/122/122 121/121/121
f 110/110/110 111/111/111 123/123/123 122/122/122
f 111/111/111 112/112/112 124/124/124 123/123/123
f 112/112/112 113/113/113 125/125/125 124/124/124
f 113/113/113 114/114/114 126/126/126 125/125/125
f 114/114/114 115/115/115 127/127/127 126/126/126
f 115/115/115 116/116/116 128/128/128 127/127/127
f 116/116/116 117/117/117 129/129/129 128/128/128
f 122/122/122 123/123/123 131/130/130 130/131/131
f 123/123/123 124/124/124 132/132/132 131/130/130
f 124/124/124 125/125/125 133/133/133 132/132/132
f 125/125/125 126/126/126 134/134/134 133/133/133
f 126/126/126 127/127/127 135/135/135 134/134/134
f 127/127/127 128/128/128 136/136/136 135/135/135
f 128/128/128 129/129/129 137/137/137 136/136/136
f 131/130/130 132/132/132 139/138/138 138/139/139
f 132/132/132 133/133/133 140/140/140 139/138/138
f 133/133/133 134/134/134 141/141/141 140/140/140
f 134/134/134 135/135/135 142/142/142 141/141/141
f 135/135/135 136/136/136 143/143/143 142/142/142
f 136/136/136 137/137/137 144/144/144 143/143/143
f 139/138/138 140/140/140 146/145/145 145/146/146
f 140/140/140 141/141/141 147/147/147 146/145/145
f 141/141/141 142/142/142 148/148/148 147/147/147
f 142/142/142 143/143/143 149/149/149 148/148/148
f 143/143/143 144/144/144 150/150/150 149/149/149
f 146/145/145 147/147/147 152/151/151 151/152/152
f 147/147/147 148/148/148 153/153/153 152/151/151
f 148/148/148 149/149/149 154/154/154 153/153/153
f 149/149/149 150/150/150 155/155/155 154/154/154
f 152/151/151 153/153/153 157/156/156 156/157/157
f 153/153/153 154/154/154 158/158/158 157/156/156
f 154/154/154 155/155/155 159/159/159 158/158/158
f 156/157/157 157/156/156 161/160/160 160/161/161
f 157/156/156 158/158/158 162/162/162 161/160/160
f 158/158/158 159/159/159 163/163/163 162/162/162
f 160/161/161 161/160/160 165/164/164 164/165/165
f 161/160/160 162/162/162 166/166/166 165/164/164
f 162/162/162 163/163/163 167/167/167 166/166/166
f 165/164/164 166/166/166 169/168/168 168/169/169
f 166/166/166 167/167/167 170/170/170 169/168/168
f 168/169/169 169/168/168 172/171/171 171/172/172
f 169/168/168 170/170/170 173/173/173 172/171/171
f 171/172/172 172/171/171 175/174/174 174/175/175
f 172/171/171 173/173/173 176/176/176 175/174/174
f 174/175/175 175/174/174 178/177/177 177/178/178
f 175/174/174 176/176/176 179/179/179 178/177/177
f 177/178/178 178/177/177 181/180/180 180/181/181
f 178/177/177 179/179/179 182/182/182 181/180/180
f 180/181/181 181/180/180 186/183/183 185/184/184
f 181/180/180 182/182/182 187/185/185 186/183/183
s 2
f 183/186/186 184/187/187 189/188/188 188/189/189
s 1
f 185/184/184 186/183/183 195/190/190 194/191/191
f 186/183/183 187/185/185 196/192/192 195/190/190
s 2
f 188/189/189 189/188/188 198/193/193 197/194/194
f 189/188/188 190/195/195 199/196/196 198/193/193
f 190/195/195 191/197/197 200/198/198 199/196/196
f 191/197/197 192/199/199 201/200/200 200/198/198
f 192/199/199 193/201/201 202/202/202 201/200/200
s 1
f 194/191/191 195/190/190 207/203/203 206/204/204
f 195/190/190 196/192/192 208/205/205 207/203/203
s 2
f 197/194/194 198/193/193 210/206/206 209/207/207
f 198/193/193 199/196/196 211/208/208 210/206/206
f 199/196/196 200/198/198 212/209/209 211/208/208
f 200/198/198 201/200/200 213/210/210 212/209/209
f 201/200/200 202/202/202 214/211/211 213/210/210
f 202/202/202 203/212/212 215/213/213 214/211/211
f 203/212/212 204/214/214 216/215/215 215/213/213
f 204/214/214 205/216/216 217/217/217 216/215/215
s 1
f 206/204/204 207/203/203 221/218/218 220/219/219
f 207/203/203 208/205/205 222/220/220 221/218/218
s 2
f 209/207/207 210/206/206 224/221/221 223/222/222
f 210/206/206 211/208/208 225/223/223 224/221/221
f 211/208/208 212/209/209 226/224/224 225/223/223
f 212/209/209 213/210/210 227/225/225 226/224/224
f 213/210/210 214/211/211 228/226/226 227/225/225
f 214/211/211 215/213/213 229/227/227 228/226/226
f 215/213/213 216/215/215 230/228/228 229/227/227
f 216/215/215 217/217/217 231/229/229 230/228/228
f 217/217/217 218/230/230 232/231/231 231/229/229
f 218/230/230 219/232/232 233/233/233 232/231/231
s 1
f 220/219/219 221/218/218 236/234/234 235/235/235
f 221/218/218 222/220/220 237/236/236 236/234/234
s 2
f 223/222/222 224/221/221 239/237/237 238/238/238
f 224/221/221 225/223/223 240/239/239 239/237/237
f 225/223/223 226/224/224 241/240/240 240/239/239
f 226/224/224 227/225/225 242/241/241 241/240/240
f 227/225/225 228/226/226 243/242/242 242/241/241
f 228/226/226 229/227/227 244/243/243 243/242/242
f 229/227/227 230/228/228 245/244/244 244/243/243
f 230/228/228 231/229/229 246/245/245 245/244/244
f 231/229/229 232/231/231 247/246/246 246/245/245
f 232/231/231 233/233/233 248/247/247 247/246/246
f 233/233/233 234/248/248 249/249/249 248/247/247
s 1
f 235/235/235 236/234/234 252/250/250 251/251/251
f 236/234/234 237/236/236 253/252/252 252/250/250
s 2
f 238/238/238 239/237/237 255/253/253 254/254/254
f 239/237/237 240/239/239 256/255/255 255/253/253
f 240/239/239 241/240/240 257/256/256 256/255/255
f 241/240/240 242/241/241 258/257/257 257/256/256
f 242/241/241 243/242/242 259/258/258 258/257/257
f 243/242/242 244/243/243 260/259/259 259/258/258
f 244/243/243 245/244/244 261/260/260 260/259/259
f 245/244/244 246/245/245 262/261/261 261/260/260
f 246/245/245 247/246/246 263/262/262 262/261/261
f 247/246/246 248/247/247 264/263/263 263/262/262
f 248/247/247 249/249/249 265/264/264 264/263/263
f 249/249/249 250/265/265 266/266/266 265/264/264
s 1
f 251/251/251 252/250/250 268/267/267 267/268/268
f 252/250/250 253/252/252 269/269/269 268/267/267
s 2
f 254/254/254 255/253/253 271/270/270 270/271/271
f 255/253/253 256/255/255 272/272/272 271/270/270
f 256/255/255 257/256/256 273/273/273 272/272/272
f 257/256/256 258/257/257 274/274/274 273/273/273
f 258/257/257 259/258/258 275/275/275 274/274/274
f 259/258/258 260/259/259 276/276/276 275/275/275
f 260/259/259 261/260/260 277/277/277 276/276/276
f 261/260/260 262/261/261 278/278/278 277/277/277
f 262/261/261 263/262/262 279/279/279 278/278/278
f 263/262/262 264/263/263 280/280/280 279/279/279
f 264/263/263 265/264/264 281/281/281 280/280/280
f 265/264/264 266/266/266 282/282/282 281/281/281
s 1
f 267/268/268 268/267/267 293/283/283 292/284/284
f 268/267/267 269/269/269 294/285/285 293/283/283
s 2
f 270/271/271 271/270/270 296/286/286 295/287/287
f 271/270/270 272/272/272 297/288/288 296/286/286
f 272/272/272 273/273/273 298/289/289 297/288/288
f 273/273/273 274/274/274 299/290/290 298/289/289
f 274/274/274 275/275/275 300/291/291 299/290/290
f 275/275/275 276/276/276 301/292/292 300/291/291
f 276/276/276 277/277/277 302/293/293 301/292/292
f 277/277/277 278/278/278 303/294/294 302/293/293
f 278/278/278 279/279/279 304/295/295 303/294/294
f 279/279/279 280/280/280 305/296/296 304/295/295
f 280/280/280 281/281/281 306/297/297 305/296/296
f 281/281/281 282/282/282 307/298/298 306/297/297
f 282/282/282 283/299/299 308/300/300 307/298/298
s 3
f 284/301/301 285/302/302 311/303/303 310/304/304
f 285/302/302 286/305/305 312/306/306 311/303/303
f 286/305/305 287/307/307 313/308/308 312/306/306
f 287/307/307 288/309/309 314/310/310 313/308/308
f 288/309/309 289/311/311 315/312/312 314/310/310
f 289/311/311 290/313/313 316/314/314 315/312/312
f 290/313/313 291/315/315 317/316/316 316/314/314
s 1
f 292/284/284 293/283/283 320/317/317 319/318/318
f 293/283/283 294/285/285 321/319/319 320/317/317
s 2
f 295/287/287 296/286/286 323/320/320 322/321/321
f 296/286/286 297/288/288 324/322/322 323/320/320
f 297/288/288 298/289/289 325/323/323 324/322/322
f 298/289/289 299/290/290 326/324/324 325/323/323
f 299/290/290 300/291/291 327/325/325 326/324/324
f 300/291/291 301/292/292 328/326/326 327/325/325
f 301/292/292 302/293/293 329/327/327 328/326/326
f 302/293/293 303/294/294 330/328/328 329/327/327
f 303/294/294 304/295/295 331/329/329 330/328/328
f 304/295/295 305/296/296 332/330/330 331/329/329
f 305/296/296 306/297/297 333/331/331 332/330/330
f 306/297/297 307/298/298 334/332/332 333/331/331
f 307/298/298 308/300/300 335/333/333 334/332/332
s 3
f 309/334/334 310/304/304 338/335/335 337/336/336
f 310/304/304 311/303/303 339/337/337 338/335/335
f 311/303/303 312/306/306 340/338/338 339/337/337
f 312/306/306 313/308/308 341/339/339 340/338/338
f 313/308/308 314/310/310 342/340/340 341/339/339
f 314/310/310 315/312/312 343/341/341 342/340/340
f 315/312/312 316/314/314 344/342/342 343/341/341
f 316/314/314 317/316/316 345/343/343 344/342/342
f 317/316/316 318/344/344 346/345/345 345/343/343
s 1
f 319/318/318 320/317/317 349/346/346 348/347/347
f 320/317/317 321/319/319 350/348/348 349/346/346
s 2
f 322/321/321 323/320/320 352/349/349 351/350/350
f 323/320/320 324/322/322 353/351/351 352/349/349
f 324/322/322 325/323/323 354/352/352 353/351/351
f 325/323/323 326/324/324 355/353/353 354/352/352
f 326/324/324 327/325/325 356/354/354 355/353/353
f 327/325/325 328/326/326 357/355/355 356/354/354
f 328/326/326 329/327/327 358/356/356 357/355/355
f 329/327/327 330/328/328 359/357/357 358/356/356
f 330/328/328 331/329/329 360/358/358 359/357/357
f 331/329/329 332/330/330 361/359/359 360/358/358
f 332/330/330 333/331/331 362/360/360 361/359/359
f 333/331/331 334/332/332 363/361/361 362/360/360
f 334/332/332 335/333/333 364/362/362 363/361/361
s 3
f 336/363/363 337/336/336 368/364/364 367/365/365
f 337/336/336 338/335/335 369/366/366 368/364/364
f 338/335/335 339/337/337 370/367/367 369/366/366
f 339/337/337 340/338/338 371/368/368 370/367/367
f 340/338/338 341/339/339 372/369/369 371/368/368
f 341/339/339 342/340/340 373/370/370 372/369/369
f 342/340/340 343/341/341 374/371/371 373/370/370
f 343/341/341 344/342/342 375/372/372 374/371/371
f 344/342/342 345/343/343 376/373/373 375/372/372
f 345/343/343 346/345/345 377/374/374 376/373/373
f 346/345/345 347/375/375 378/376/376 377/374/374
s 1
f 348/347/347 349/346/346 380/377/377 379/378/378
f 349/346/346 350/348/348 381/379/379 380/377/377
s 2
f 351/350/350 352/349/349 383/380/380 382/381/381
f 352/349/349 353/351/351 384/382/382 383/380/380
f 353/351/351 354/352/352 385/383/383 384/382/382
f 354/352/352 355/353/353 386/384/384 385/383/383
f 355/353/353 356/354/354 387/385/385 386/384/384
f 356/354/354 357/355/355 388/386/386 387/385/385
f 357/355/355 358/356/356 389/387/387 388/386/386
f 358/356/356 359/357/357 390/388/388 389/387/387
f 359/357/357 360/358/358 391/389/389 390/388/388
f 360/358/358 361/359/359 392/390/390 391/389/389
f 361/359/359 362/360/360 393/391/391 392/390/390
f 362/360/360 363/361/361 394/392/392 393/391/391
f 363/361/361 364/362/362 395/393/393 394/392/392
f 364/362/362 365/394/394 396/395/395 395/393/393
s 3
f 366/396/396 367/365/365 398/397/397 397/398/398
f 367/365/365 368/364/364 399/399/399 398/397/397
f 368/364/364 369/366/366 400/400/400 399/399/399
f 369/366/366 370/367/367 401/401/401 400/400/400
f 370/367/367 371/368/368 402/402/402 401/401/401
f 371/368/368 372/369/369 403/403/403 402/402/402
f 372/369/369 373/370/370 404/404/404 403/403/403
f 373/370/370 374/371/371 405/405/405 404/404/404
f 374/371/371 375/372/372 406/406/406 405/405/405
f 375/372/372 376/373/373 407/407/407 406/406/406
f 376/373/373 377/374/374 408/408/408 407/407/407
f 377/374/374 378/376/376 409/409/409 408/408/408
s 1
f 379/378/378 380/377/377 411/410/410 410/411/411
f 380/377/377 381/379/379 412/412/412 411/410/410
s 2
f 382/381/381 383/380/380 414/413/413 413/414/414
f 383/380/380 384/382/382 415/415/415 414/413/413
f 384/382/382 385/383/383 416/416/416 415/415/415
f 385/383/383 386/384/384 417/417/417 416/416/416
f 386/384/384 387/385/385 418/418/418 417/417/417
f 387/385/385 388/386/386 419/419/419 418/418/418
f 388/386/386 389/387/387 420/420/420 419/419/419
f 389/387/387 390/388/388 421/421/421 420/420/420
f 390/388/388 391/389/389 422/422/422 421/421/421
f 391/389/389 392/390/390 423/423/423 422/422/422
f 392/390/390 393/391/391 424/424/424 423/423/423
f 393/391/391 394/392/392 425/425/425 424/424/424
f 394/392/392 395/393/393 426/426/426 425/425/425
f 395/393/393 396/395/395 427/427/427 426/426/426
s 3
f 397/398/398 398/397/397 429/428/428 428/429/429
f 398/397/397 399/399/399 430/430/430 429/428/428
f 399/399/399 400/400/400 431/431/431 430/430/430
f 400/400/400 401/401/401 432/432/432 431/431/431
f 401/401/401 402/402/402 433/433/433 432/432/432
f 402/402/402 403/403/403 434/434/434 433/433/433
f 403/403/403 404/404/404 435/435/435 434/434/434
f 404/404/404 405/405/405 436/436/436 435/435/435
f 405/405/405 406/406/406 437/437/437 436/436/436
f 406/406/406 407/407/407 438/438/438 437/437/437
f 407/407/407 408/408/408 439/439/439 438/438/438
f 408/408/408 409/409/409 440/440/440 439/439/439
s 1
f 410/411/411 411/410/410 442/441/441 441/442/442
f 411/410/410 412/412/412 443/443/443 442/441/441
s 2
f 413/414/414 414/413/413 445/444/444 444/445/445
f 414/413/413 415/415/415 446/446/446 445/444/444
f 415/415/415 416/416/416 447/447/447 446/446/446
f 416/416/416 417/417/417 448/448/448 447/447/447
f 417/417/417 418/418/418 449/449/449 448/448/448
f 418/418/418 419/419/419 450/450/450 449/449/449
f 419/419/419 420/420/420 451/451/451 450/450/450
f 420/420/420 421/421/421 452/452/452 451/451/451
f 421/421/421 422/422/422 453/453/453 452/452/452
f 422/422/422 423/423/423 454/454/454 453/453/453
f 423/423/423 424/424/424 455/455/455 454/454/454
f 424/424/424 425/425/425 456/456/456 455/455/455
f 425/425/425 426/426/426 457/457/457 456/456/456
f 426/426/426 427/427/427 458/458/458 457/457/457
s 3
f 428/429/429 429/428/428 460/459/459 459/460/460
f 429/428/428 430/430/430 461/461/461 460/459/459
f 430/430/430 431/431/431 462/462/462 461/461/461
f 431/431/431 432/432/432 463/463/463 462/462/462
f 432/432/432 433/433/433 464/464/464 463/463/463
f 433/433/433 434/434/434 465/465/465 464/464/464
f 434/434/434 435/435/435 466/466/466 465/465/465
f 435/435/435 436/436/436 467/467/467 466/466/466
f 436/436/436 437/437/437 468/468/468 467/467/467
f 437/437/437 438/438/438 469/469/469 468/468/468
f 438/438/438 439/439/439 470/470/470 469/469/469
f 439/439/439 440/440/440 471/471/471 470/470/470
s 1
f 441/442/442 442/441/441 473/472/472 472/473/473
f 442/441/441 443/443/443 474/474/474 473/472/472
s 2
f 444/445/445 445/444/444 476/475/475 475/476/476
f 445/444/444 446/446/446 477/477/477 476/475/475
f 446/446/446 447/447/447 478/478/478 477/477/477
f 447/447/447 448/448/448 479/479/479 478/478/478
f 448/448/448 449/449/449 480/480/480 479/479/479
f 449/449/449 450/450/450 481/481/481 480/480/480
f 450/450/450 451/451/451 482/482/482 481/481/481
f 451/451/451 452/452/452 483/483/483 482/482/482
f 452/452/452 453/453/453 484/484/484 483/483/483
f 453/453/453 454/454/454 485/485/485 484/484/484
f 454/454/454 455/455/455 486/486/486 485/485/485
f 455/455/455 456/456/456 487/487/487 486/486/486
f 456/456/456 457/457/457 488/488/488 487/487/487
f 457/457/457 458/458/458 489/489/489 488/488/488
s 3
f 459/460/460 460/459/459 491/490/490 490/491/491
f 460/459/459 461/461/461 492/492/492 491/490/490
f 461/461/461 462/462/462 493/493/493 492/492/492
f 462/462/462 463/463/463 494/494/494 493/493/493
f 463/463/463 464/464/464 495/495/495 494/494/494
f 464/464/464 465/465/465 496/496/496 495/495/495
f 465/465/465 466/466/466 497/497/497 496/496/496
f 466/466/466 467/467/467 498/498/498 497/497/497
f 467/467/467 468/468/468 499/499/499 498/498/498
f 468/468/468 469/469/469 500/500/500 499/499/499
f 469/469/469 470/470/470 501/501/501 500/500/500
f 470/470/470 471/471/471 502/502/502 501/501/501
s 1
f 472/473/473 473/472/472 505/503/503 504/504/504
f 473/472/472 474/474/474 506/505/505 505/503/503
s 2
f 475/476/476 476/475/475 508/506/506 507/507/507
f 476/475/475 477/477/477 509/508/508 508/506/506
f 477/477/477 478/478/478 510/509/509 509/508/508
f 478/478/478 479/479/479 511/510/510 510/509/509
f 479/479/479 480/480/480 512/511/511 511/510/510
f 480/480/480 481/481/481 513/512/512 512/511/511
f 481/481/481 482/482/482 514/513/513 513/512/512
f 482/482/482 483/483/483 515/514/514 514/513/513
f 483/483/483 484/484/484 516/515/515 515/514/514
f 484/484/484 485/485/485 517/516/516 516/515/515
f 485/485/485 486/486/486 518/517/517 517/516/516
f 486/486/486 487/487/487 519/518/518 518/517/517
f 487/487/487 488/488/488 520/519/519 519/518/518
f 488/488/488 489/489/489 521/520/520 520/519/519
s 3
f 490/491/491 491/490/490 523/521/521 522/522/522
f 491/490/490 492/492/492 524/523/523 523/521/521
f 492/492/492 493/493/493 525/524/524 524/523/523
f 493/493/493 494/494/494 526/525/525 525/524/524
f 494/494/494 495/495/495 527/526/526 526/525/525
f 495/495/495 496/496/496 528/527/527 527/526/526
f 496/496/496 497/497/497 529/528/528 528/527/527
f 497/497/497 498/498/498 530/529/529 529/528/528
f 498/498/498 499/499/499 531/530/530 530/529/529
f 499/499/499 500/500/500 532/531/531 531/530/530
f 500/500/500 501/501/501 533/532/532 532/531/531
f 501/501/501 502/502/502 534/533/533 533/532/532
f 502/502/502 503/534/534 535/535/535 534/533/533
s 1
f 504/504/504 505/503/503 537/536/536 536/537/537
f 505/503/503 506/505/505 538/538/538 537/536/536
s 2
f 507/507/507 508/506/506 540/539/539 539/540/540
f 508/506/506 509/508/508 541/541/541 540/539/539
f 509/508/508 510/509/509 542/542/542 541/541/541
f 510/509/509 511/510/510 543/543/543 542/542/542
f 511/510/510 512/511/511 544/544/544 543/543/543
f 512/511/511 513/512/512 545/545/545 544/544/544
f 513/512/512 514/513/513 546/546/546 545/545/545
f 514/513/513 515/514/514 547/547/547 546/546/546
f 515/514/514 516/515/515 548/548/548 547/547/547
f 516/515/515 517/516/516 549/549/549 548/548/548
f 517/516/516 518/517/517 550/550/550 549/549/549
f 518/517/517 519/518/518 551/551/551 550/550/550
f 519/518/518 520/519/519 552/552/552 551/551/551
f 520/519/519 521/520/520 553/553/553 552/552/552
s 3
f 522/522/522 523/521/521 556/554/554 555/555/555
f 523/521/521 524/523/523 557/556/556 556/554/554
f 524/523/523 525/524/524 558/557/557 557/556/556
f 525/524/524 526/525/525 559/558/558 558/557/557
f 526/525/525 527/526/526 560/559/559 559/558/558
f 527/526/526 528/527/527 561/560/560 560/559/559
f 528/527/527 529/528/528 562/561/561 561/560/560
f 529/528/528 530/529/529 563/562/562 562/561/561
f 530/529/529 531/530/530 564/563/563 563/562/562
f 531/530/530 532/531/531 565/564/564 564/563/563
f 532/531/531 533/532/532 566/565/565 565/564/564
f 533/532/532 534/533/533 567/566/566 566/565/565
f 534/533/533 535/535/535 568/567/567 567/566/566
s 1
f 536/537/537 537/536/536 570/568/568 569/569/569
f 537/536/536 538/538/538 571/570/570 570/568/568
s 2
f 539/540/540 540/539/539 573/571/571 572/572/572
f 540/539/539 541/541/541 574/573/573 573/571/571
f 541/541/541 542/542/542 575/574/574 574/573/573
f 542/542/542 543/543/543 576/575/575 575/574/574
f 543/543/543 544/544/544 577/576/576 576/575/575
f 544/544/544 545/545/545 578/577/577 577/576/576
f 545/545/545 546/546/546 579/578/578 578/577/577
f 546/546/546 547/547/547 580/579/579 579/578/578
f 547/547/547 548/548/548 581/580/580 580/579/579
f 548/548/548 549/549/549 582/581/581 581/580/580
f 549/549/549 550/550/550 583/582/582 582/581/581
f 550/550/550 551/551/551 584/583/583 583/582/582
f 551/551/551 552/552/552 585/584/584 584/583/583
f 552/552/552 553/553/553 586/585/585 585/584/584
f 553/553/553 554/586/586 587/587/587 586/585/585
s 3
f 555/555/555 556/554/554 589/588/588 588/589/589
f 556/554/554 557/556/556 590/590/590 589/588/588
f 557/556/556 558/557/557 591/591/591 590/590/590
f 558/557/557 559/558/558 592/592/592 591/591/591
f 559/558/558 560/559/559 593/593/593 592/592/592
f 560/559/559 561/560/560 594/594/594 593/593/593
f 561/560/560 562/561/561 595/595/595 594/594/594
f 562/561/561 563/562/562 596/596/596 595/595/595
f 563/562/562 564/563/563 597/597/597 596/596/596
f 564/563/563 565/564/564 598/598/598 597/597/597
f 565/564/564 566/565/565 599/599/599 598/598/598
f 566/565/565 567/566/566 600/600/600 599/599/599
f 567/566/566 568/567/567 601/601/601 600/600/600
s 1
f 569/569/569 570/568/568 604/602/602 603/603/603
f 570/568/568 571/570/570 605/604/604 604/602/602
s 2
f 572/572/572 573/571/571 607/605/605 606/606/606
f 573/571/571 574/573/573 608/607/607 607/605/605
f 574/573/573 575/574/574 609/608/608 608/607/607
f 575/574/574 576/575/575 610/609/609 609/608/608
f 576/575/575 577/576/576 611/610/610 610/609/609
f 577/576/576 578/577/577 612/611/611 611/610/610
f 578/577/577 579/578/578 613/612/612 612/611/611
f 579/578/578 580/579/579 614/613/613 613/612/612
f 580/579/579 581/580/580 615/614/614 614/613/613
f 581/580/580 582/581/581 616/615/615 615/614/614
f 582/581/581 583/582/582 617/616/616 616/615/615
f 583/582/582 584/583/583 618/617/617 617/616/616
f 584/583/583 585/584/584 619/618/618 618/617/617
f 585/584/584 586/585/585 620/619/619 619/618/618
f 586/585/585 587/587/587 621/620/620 620/619/619
s 3
f 589/588/588 590/590/590 623/621/621 622/622/622
f 590/590/590 591/591/591 624/623/623 623/621/621
f 591/591/591 592/592/592 625/624/624 624/623/623
f 592/592/592 593/593/593 626/625/625 625/624/624
f 593/593/593 594/594/594 627/626/626 626/625/625
f 594/594/594 595/595/595 628/627/627 627/626/626
f 595/595/595 596/596/596 629/628/628 628/627/627
f 596/596/596 597/597/597 630/629/629 629/628/628
f 597/597/597 598/598/598 631/630/630 630/629/629
f 598/598/598 599/599/599 632/631/631 631/630/630
f 599/599/599 600/600/600 633/632/632 632/631/631
f 600/600/600 601/601/601 634/633/633 633/632/632
f 601/601/601 602/634/634 635/635/635 634/633/633
s 1
f 603/603/603 604/602/602 637/636/636 636/637/637
f 604/602/602 605/604/604 638/638/638 637/636/636
s 2
f 606/606/606 607/605/605 640/639/639 639/640/640
f 607/605/605 608/607/607 641/641/641 640/639/639
f 608/607/607 609/608/608 642/642/642 641/641/641
f 609/608/608 610/609/609 643/643/643 642/642/642
f 610/609/609 611/610/610 644/644/644 643/643/643
f 611/610/610 612/611/611 645/645/645 644/644/644
f 612/611/611 613/612/612 646/646/646 645/645/645
f 613/612/612 614/613/613 647/647/647 646/646/646
f 614/613/613 615/614/614 648/648/648 647/647/647
f 615/614/614 616/615/615 649/649/649 648/648/648
f 616/615/615 617/616/616 650/650/650 649/649/649
f 617/616/616 618/617/617 651/651/651 650/650/650
f 618/617/617 619/618/618 652/652/652 651/651/651
f 619/618/618 620/619/619 653/653/653 652/652/652
f 620/619/619 621/620/620 654/654/654 653/653/653
s 3
f 622/622/622 623/621/621 657/655/655 656/656/656
f 623/621/621 624/623/623 658/657/657 657/655/655
f 624/623/623 625/624/624 659/658/658 658/657/657
f 625/624/624 626/625/625 660/659/659 659/658/658
f 626/625/625 627/626/626 661/660/660 660/659/659
f 627/626/626 628/627/627 662/661/661 661/660/660
f 628/627/627 629/628/628 663/662/662 662/661/661
f 629/628/628 630/629/629 664/663/663 663/662/662
f 630/629/629 631/630/630 665/664/664 664/663/663
f 631/630/630 632/631/631 666/665/665 665/664/664
f 632/631/631 633/632/632 667/666/666 666/665/665
f 633/632/632 634/633/633 668/667/667 667/666/666
f 634/633/633 635/635/635 669/668/668 668/667/667
s 1
f 636/637/637 637/636/636 671/669/669 670/670/670
f 637/636/636 638/638/638 672/671/671 671/669/669
s 2
f 639/640/640 640/639/639 674/672/672 673/673/673
f 640/639/639 641/641/641 675/674/674 674/672/672
f 641/641/641 642/642/642 676/675/675 675/674/674
f 642/642/642 643/643/643 677/676/676 676/675/675
f 643/643/643 644/644/644 678/677/677 677/676/676
f 644/644/644 645/645/645 679/678/678 678/677/677
f 645/645/645 646/646/646 680/679/679 679/678/678
f 646/646/646 647/647/647 681/680/680 680/679/679
f 647/647/647 648/648/648 682/681/681 681/680/680
f 648/648/648 649/649/649 683/682/682 682/681/681
f 649/649/649 650/650/650 684/683/683 683/682/682
f 650/650/650 651/651/651 685/684/684 684/683/683
f 651/651/651 652/652/652 686/685/685 685/684/684
f 652/652/652 653/653/653 687/686/686 686/685/685
f 653/653/653 654/654/654 688/687/687 687/686/686
f 654/654/654 655/688/688 689/689/689 688/687/687
s 3
f 656/656/656 657/655/655 692/690/690 691/691/691
f 657/655/655 658/657/657 693/692/692 692/690/690
f 658/657/657 659/658/658 694/693/693 693/692/692
f 659/658/658 660/659/659 695/694/694 694/693/693
f 660/659/659 661/660/660 696/695/695 695/694/694
f 661/660/660 662/661/661 697/696/696 696/695/695
f 662/661/661 663/662/662 698/697/697 697/696/696
f 663/662/662 664/663/663 699/698/698 698/697/697
f 664/663/663 665/664/664 700/699/699 699/698/698
f 665/664/664 666/665/665 701/700/700 700/699/699
f 666/665/665 667/666/666 702/701/701 701/700/700
f 667/666/666 668/667/667 703/702/702 702/701/701
f 668/667/667 669/668/668 704/703/703 703/702/702
s 1
f 670/670/670 671/669/669 707/704/704 706/705/705
f 671/669/669 672/671/671 708/706/706 707/704/704
s 2
f 673/673/673 674/672/672 710/707/707 709/708/708
f 674/672/672 675/674/674 711/709/709 710/707/707
f 675/674/674 676/675/675 712/710/710 711/709/709
f 676/675/675 677/676/676 713/711/711 712/710/710
f 677/676/676 678/677/677 714/712/712 713/711/711
f 678/677/677 679/678/678 715/713/713 714/712/712
f 679/678/678 680/679/679 716/714/714 715/713/713
f 680/679/679 681/680/680 717/715/715 716/714/714
f 681/680/680 682/681/681 718/716/716 717/715/715
f 682/681/681 683/682/682 719/717/717 718/716/716
f 683/682/682 684/683/683 720/718/718 719/717/717
f 684/683/683 685/684/684 721/719/719 720/718/718
f 685/684/684 686/685/685 722/720/720 721/719/719
f 686/685/685 687/686/686 723/721/721 722/720/720
f 687/686/686 688/687/687 724/722/722 723/721/721
f 688/687/687 689/689/689 725/723/723 724/722/722
f 689/689/689 690/724/724 726/725/725 725/723/723
s 3
f 692/690/690 693/692/692 728/726/726 727/727/727
f 693/692/692 694/693/693 729/728/728 728/726/726
f 694/693/693 695/694/694 730/729/729 729/728/728
f 695/694/694 696/695/695 731/730/730 730/729/729
f 696/695/695 697/696/696 732/731/731 731/730/730
f 697/696/696 698/697/697 733/732/732 732/731/731
f 698/697/697 699/698/698 734/733/733 733/732/732
f 699/698/698 700/699/699 735/734/734 734/733/733
f 700/699/699 701/700/700 736/735/735 735/734/734
f 701/700/700 702/701/701 737/736/736 736/735/735
f 702/701/701 703/702/702 738/737/737 737/736/736
f 703/702/702 704/703/703 739/738/738 738/737/737
f 704/703/703 705/739/739 740/740/740 739/738/738
s 1
f 706/705/705 707/704/704 742/741/741 741/742/742
f 707/704/704 708/706/706 743/743/743 742/741/741
s 2
f 709/708/708 710/707/707 745/744/744 744/745/745
f 710/707/707 711/709/709 746/746/746 745/744/744
f 711/709/709 712/710/710 747/747/747 746/746/746
f 712/710/710 713/711/711 748/748/748 747/747/747
f 713/711/711 714/712/712 749/749/749 748/748/748
f 714/712/712 715/713/713 750/750/750 749/749/749
f 715/713/713 716/714/714 751/751/751 750/750/750
f 716/714/714 717/715/715 752/752/752 751/751/751
f 717/715/715 718/716/716 753/753/753 752/752/752
f 718/716/716 719/717/717 754/754/754 753/753/753
f 719/717/717 720/718/718 755/755/755 754/754/754
f 720/718/718 721/719/719 756/756/756 755/755/755
f 721/719/719 722/720/720 757/757/757 756/756/756
f 722/720/720 723/721/721 758/758/758 757/757/757
f 723/721/721 724/722/722 759/759/759 758/758/758
f 724/722/722 725/723/723 760/760/760 759/759/759
f 725/723/723 726/725/725 761/761/761 760/760/760
s 3
f 728/726/726 729/728/728 763/762/762 762/763/763
f 729/728/728 730/729/729 764/764/764 763/762/762
f 730/729/729 731/730/730 765/765/765 764/764/764
f 731/730/730 732/731/731 766/766/766 765/765/765
f 732/731/731 733/732/732 767/767/767 766/766/766
f 733/732/732 734/733/733 768/768/768 767/767/767
f 734/733/733 735/734/734 769/769/769 768/768/768
f 735/734/734 736/735/735 770/770/770 769/769/769
f 736/735/735 737/736/736 771/771/771 770/770/770
f 737/736/736 738/737/737 772/772/772 771/771/771
f 738/737/737 739/738/738 773/773/773 772/772/772
f 739/738/738 740/740/740 774/774/774 773/773/773
s 1
f 741/742/742 742/741/741 776/775/775 775/776/776
f 742/741/741 743/743/743 777/777/777 776/775/775
s 2
f 744/745/745 745/744/744 779/778/778 778/779/779
f 745/744/744 746/746/746 780/780/780 779/778/778
f 746/746/746 747/747/747 781/781/781 780/780/780
f 747/747/747 748/748/748 782/782/782 781/781/781
f 748/748/748 749/749/749 783/783/783 782/782/782
f 749/749/749 750/750/750 784/784/784 783/783/783
f 750/750/750 751/751/751 785/785/785 784/784/784
f 751/751/751 752/752/752 786/786/786 785/785/785
f 752/752/752 753/753/753 787/787/787 786/786/786
f 753/753/753 754/754/754 788/788/788 787/787/787
f 754/754/754 755/755/755 789/789/789 788/788/788
f 755/755/755 756/756/756 790/790/790 789/789/789
f 756/756/756 757/757/757 791/791/791 790/790/790
f 757/757/757 758/758/758 792/792/792 791/791/791
f 758/758/758 759/759/759 793/793/793 792/792/792
f 759/759/759 760/760/760 794/794/794 793/793/793
f 760/760/760 761/761/761 795/795/795 794/794/794
s 3
f 763/762/762 764/764/764 798/796/796 797/797/797
f 764/764/764 765/765/765 799/798/798 798/796/796
f 765/765/765 766/766/766 800/799/799 799/798/798
f 766/766/766 767/767/767 801/800/800 800/799/799
f 767/767/767 768/768/768 802/801/801 801/800/800
f 768/768/768 769/769/769 803/802/802 802/801/801
f 769/769/769 770/770/770 804/803/803 803/802/802
f 770/770/770 771/771/771 805/804/804 804/803/803
f 771/771/771 772/772/772 806/805/805 805/804/804
f 772/772/772 773/773/773 807/806/806 806/805/805
f 773/773/773 774/774/774 808/807/807 807/806/806
s 1
f 775/776/776 776/775/775 810/808/808 809/809/809
f 776/775/775 777/777/777 811/810/810 810/808/808
s 2
f 778/779/779 779/778/778 813/811/811 812/812/812
f 779/778/778 780/780/780 814/813/813 813/811/811
f 780/780/780 781/781/781 815/814/814 814/813/813
f 781/781/781 782/782/782 816/815/815 815/814/814
f 782/782/782 783/783/783 817/816/816 816/815/815
f 783/783/783 784/784/784 818/817/817 817/816/816
f 784/784/784 785/785/785 819/818/818 818/817/817
f 785/785/785 786/786/786 820/819/819 819/818/818
f 786/786/786 787/787/787 821/820/820 820/819/819
f 787/787/787 788/788/788 822/821/821 821/820/820
f 788/788/788 789/789/789 823/822/822 822/821/821
f 789/789/789 790/790/790 824/823/823 823/822/822
f 790/790/790 791/791/791 825/824/824 824/823/823
f 791/791/791 792/792/792 826/825/825 825/824/824
f 792/792/792 793/793/793 827/826/826 826/825/825
f 793/793/793 794/794/794 828/827/827 827/826/826
f 794/794/794 795/795/795 829/828/828 828/827/827
f 795/795/795 796/829/829 830/830/830 829/828/828
s 3
f 798/796/796 799/798/798 832/831/831 831/832/832
f 799/798/798 800/799/799 833/833/833 832/831/831
f 800/799/799 801/800/800 834/834/834 833/833/833
f 801/800/800 802/801/801 835/835/835 834/834/834
f 802/801/801 803/802/802 836/836/836 835/835/835
f 803/802/802 804/803/803 837/837/837 836/836/836
f 804/803/803 805/804/804 838/838/838 837/837/837
f 805/804/804 806/805/805 839/839/839 838/838/838
f 806/805/805 807/806/806 840/840/840 839/839/839
f 807/806/806 808/807/807 841/841/841 840/840/840
s 1
f 809/809/809 810/808/808 843/842/842 842/843/843
f 810/808/808 811/810/810 844/844/844 843/842/842
s 2
f 812/812/812 813/811/811 846/845/845 845/846/846
f 813/811/811 814/813/813 847/847/847 846/845/845
f 814/813/813 815/814/814 848/848/848 847/847/847
f 815/814/814 816/815/815 849/849/849 848/848/848
f 816/815/815 817/816/816 850/850/850 849/849/849
f 817/816/816 818/817/817 851/851/851 850/850/850
f 818/817/817 819/818/818 852/852/852 851/851/851
f 819/818/818 820/819/819 853/853/853 852/852/852
f 820/819/819 821/820/820 854/854/854 853/853/853
f 821/820/820 822/821/821 855/855/855 854/854/854
f 822/821/821 823/822/822 856/856/856 855/855/855
f 823/822/822 824/823/823 857/857/857 856/856/856
f 824/823/823 825/824/824 858/858/858 857/857/857
f 825/824/824 826/825/825 859/859/859 858/858/858
f 826/825/825 827/826/826 860/860/860 859/859/859
f 827/826/826 828/827/827 861/861/861 860/860/860
f 828/827/827 829/828/828 862/862/862 861/861/861
f 829/828/828 830/830/830 863/863/863 862/862/862
s 3
f 833/833/833 834/834/834 866/864/864 865/865/865
f 834/834/834 835/835/835 867/866/866 866/864/864
f 835/835/835 836/836/836 868/867/867 867/866/866
f 836/836/836 837/837/837 869/868/868 868/867/867
f 837/837/837 838/838/838 870/869/869 869/868/868
f 838/838/838 839/839/839 871/870/870 870/869/869
f 839/839/839 840/840/840 872/871/871 871/870/870
s 1
f 842/843/843 843/842/842 874/872/872 873/873/873
f 843/842/842 844/844/844 875/874/874 874/872/872
s 2
f 845/846/846 846/845/845 877/875/875 876/876/876
f 846/845/845 847/847/847 878/877/877 877/875/875
f 847/847/847 848/848/848 879/878/878 878/877/877
f 848/848/848 849/849/849 880/879/879 879/878/878
f 849/849/849 850/850/850 881/880/880 880/879/879
f 850/850/850 851/851/851 882/881/881 881/880/880
f 851/851/851 852/852/852 883/882/882 882/881/881
f 852/852/852 853/853/853 884/883/883 883/882/882
f 853/853/853 854/854/854 885/884/884 884/883/883
f 854/854/854 855/855/855 886/885/885 885/884/884
f 855/855/855 856/856/856 887/886/886 886/885/885
f 856/856/856 857/857/857 888/887/887 887/886/886
f 857/857/857 858/858/858 889/888/888 888/887/887
f 858/858/858 859/859/859 890/889/889 889/888/888
f 859/859/859 860/860/860 891/890/890 890/889/889
f 860/860/860 861/861/861 892/891/891 891/890/890
f 861/861/861 862/862/862 893/892/892 892/891/891
f 862/862/862 863/863/863 894/893/893 893/892/892
f 863/863/863 864/894/894 895/895/895 894/893/893
s 1
f 873/873/873 874/872/872 897/896/896 896/897/897
f 874/872/872 875/874/874 898/898/898 897/896/896
s 2
f 876/876/876 877/875/875 900/899/899 899/900/900
f 877/875/875 878/877/877 901/901/901 900/899/899
f 878/877/877 879/878/878 902/902/902 901/901/901
f 879/878/878 880/879/879 903/903/903 902/902/902
f 880/879/879 881/880/880 904/904/904 903/903/903
f 881/880/880 882/881/881 905/905/905 904/904/904
f 882/881/881 883/882/882 906/906/906 905/905/905
f 883/882/882 884/883/883 907/907/907 906/906/906
f 884/883/883 885/884/884 908/908/908 907/907/907
f 885/884/884 886/885/885 909/909/909 908/908/908
f 886/885/885 887/886/886 910/910/910 909/909/909
f 887/886/886 888/887/887 911/911/911 910/910/910
f 888/887/887 889/888/888 912/912/912 911/911/911
f 889/888/888 890/889/889 913/913/913 912/912/912
f 890/889/889 891/890/890 914/914/914 913/913/913
f 891/890/890 892/891/891 915/915/915 914/914/914
f 892/891/891 893/892/892 916/916/916 915/915/915
f 893/892/892 894/893/893 917/917/917 916/916/916
f 894/893/893 895/895/895 918/918/918 917/917/917
s 1
f 896/897/897 897/896/896 920/919/919 919/920/920
f 897/896/896 898/898/898 921/921/921 920/919/919
s 2
f 899/900/900 900/899/899 923/922/922 922/923/923
f 900/899/899 901/901/901 924/924/924 923/922/922
f 901/901/901 902/902/902 925/925/925 924/924/924
f 902/902/902 903/903/903 926/926/926 925/925/925
f 903/903/903 904/904/904 927/927/927 926/926/926
f 904/904/904 905/905/905 928/928/928 927/927/927
f 905/905/905 906/906/906 929/929/929 928/928/928
f 906/906/906 907/907/907 930/930/930 929/929/929
f 907/907/907 908/908/908 931/931/931 930/930/930
f 908/908/908 909/909/909 932/932/932 931/931/931
f 909/909/909 910/910/910 933/933/933 932/932/932
f 910/910/910 911/911/911 934/934/934 933/933/933
f 911/911/911 912/912/912 935/935/935 934/934/934
f 912/912/912 913/913/913 936/936/936 935/935/935
f 913/913/913 914/914/914 937/937/937 936/936/936
f 914/914/914 915/915/915 938/938/938 937/937/937
f 915/915/915 916/916/916 939/939/939 938/938/938
f 916/916/916 917/917/917 940/940/940 939/939/939
f 917/917/917 918/918/918 941/941/941 940/940/940
s 1
f 919/920/920 920/919/919 943/942/942 942/943/943
f 920/919/919 921/921/921 944/944/944 943/942/942
s 2
f 922/923/923 923/922/922 946/945/945 945/946/946
f 923/922/922 924/924/924 947/947/947 946/945/945
f 924/924/924 925/925/925 948/948/948 947/947/947
f 925/925/925 926/926/926 949/949/949 948/948/948
f 926/926/926 927/927/927 950/950/950 949/949/949
f 927/927/927 928/928/928 951/951/951 950/950/950
f 928/928/928 929/929/929 952/952/952 951/951/951
f 929/929/929 930/930/930 953/953/953 952/952/952
f 930/930/930 931/931/931 954/954/954 953/953/953
f 931/931/931 932/932/932 955/955/955 954/954/954
f 932/932/932 933/933/933 956/956/956 955/955/955
f 933/933/933 934/934/934 957/957/957 956/956/956
f 934/934/934 935/935/935 958/958/958 957/957/957
f 935/935/935 936/936/936 959/959/959 958/958/958
f 936/936/936 937/937/937 960/960/960 959/959/959
f 937/937/937 938/938/938 961/961/961 960/960/960
f 938/938/938 939/939/939 962/962/962 961/961/961
f 939/939/939 940/940/940 963/963/963 962/962/962
f 940/940/940 941/941/941 964/964/964 963/963/963
s 1
f 942/943/943 943/942/942 966/965/965 965/966/966
f 943/942/942 944/944/944 967/967/967 966/965/965
s 2
f 945/946/946 946/945/945 969/968/968 968/969/969
f 946/945/945 947/947/947 970/970/970 969/968/968
f 947/947/947 948/948/948 971/971/971 970/970/970
f 948/948/948 949/949/949 972/972/972 971/971/971
f 949/949/949 950/950/950 973/973/973 972/972/972
f 950/950/950 951/951/951 974/974/974 973/973/973
f 951/951/951 952/952/952 975/975/975 974/974/974
f 952/952/952 953/953/953 976/976/976 975/975/975
f 953/953/953 954/954/954 977/977/977 976/976/976
f 954/954/954 955/955/955 978/978/978 977/977/977
f 955/955/955 956/956/956 979/979/979 978/978/978
f 956/956/956 957/957/957 980/980/980 979/979/979
f 957/957/957 958/958/958 981/981/981 980/980/980
f 958/958/958 959/959/959 982/982/982 981/981/981
f 959/959/959 960/960/960 983/983/983 982/982/982
f 960/960/960 961/961/961 984/984/984 983/983/983
f 961/961/961 962/962/962 985/985/985 984/984/984
f 962/962/962 963/963/963 986/986/986 985/985/985
f 963/963/963 964/964/964 987/987/987 986/986/986
s 1
f 965/966/966 966/965/965 989/988/988 988/989/989
f 966/965/965 967/967/967 990/990/990 989/988/988
s 2
f 968/969/969 969/968/968 992/991/991 991/992/992
f 969/968/968 970/970/970 993/993/993 992/991/991
f 970/970/970 971/971/971 994/994/994 993/993/993
f 971/971/971 972/972/972 995/995/995 994/994/994
f 972/972/972 973/973/973 996/996/996 995/995/995
f 973/973/973 974/974/974 997/997/997 996/996/996
f 974/974/974 975/975/975 998/998/998 997/997/997
f 975/975/975 976/976/976 999/999/999 998/998/998
f 976/976/976 977/977/977 1000/1000/1000 999/999/999
f 977/977/977 978/978/978 1001/1001/1001 1000/1000/1000
f 978/978/978 979/979/979 1002/1002/1002 1001/1001/1001
f 979/979/979 980/980/980 1003/1003/1003 1002/1002/1002
f 980/980/980 981/981/981 1004/1004/1004 1003/1003/1003
f 981/981/981 982/982/982 1005/1005/1005 1004/1004/1004
f 982/982/982 983/983/983 1006/1006/1006 1005/1005/1005
f 983/983/983 984/984/984 1007/1007/1007 1006/1006/1006
f 984/984/984 985/985/985 1008/1008/1008 1007/1007/1007
f 985/985/985 986/986/986 1009/1009/1009 1008/1008/1008
f 986/986/986 987/987/987 1010/1010/1010 1009/1009/1009
s 1
f 988/989/989 989/988/988 1012/1011/1011 1011/1012/1012
f 989/988/988 990/990/990 1013/1013/1013 1012/1011/1011
s 2
f 189/188/188 184/187/187 191/197/197 190/195/195
f 202/202/202 193/201/201 204/214/214 203/212/212
f 217/217/217 205/216/216 219/232/232 218/230/230
f 233/233/233 219/232/232 234/248/248
f 249/249/249 234/248/248 250/265/265
f 266/266/266 250/265/265 283/299/299 282/282/282
f 335/333/333 308/300/300 365/394/394 364/362/362
f 521/520/520 489/489/489 554/586/586 553/553/553
f 621/620/620 587/587/587 655/688/688 654/654/654
f 689/689/689 655/688/688 690/724/724
f 761/761/761 726/725/725 796/829/829 795/795/795
f 830/830/830 796/829/829 864/894/894 863/863/863
s 3
f 588/589/589 589/588/588 622/622/622 656/656/656
f 691/691/691 692/690/690 727/727/727
f 727/727/727 728/726/726 762/763/763
f 762/763/763 763/762/762 797/797/797
f 797/797/797 798/796/796 831/832/832
f 831/832/832 832/831/831 833/833/833 865/865/865
f 872/871/871 840/840/840 841/841/841
f 705/739/739 704/703/703 669/668/668 635/635/635
f 602/634/634 601/601/601 568/567/567 535/535/535
f 503/534/534 502/502/502 471/471/471 440/440/440
f 347/375/375 346/345/345 318/344/344
f 318/344/344 317/316/316 291/315/315
f 284/301/301 310/304/304 309/334/334
f 309/334/334 337/336/336 336/363/363 367/365/365 366/396/396
s 1
f 24/4/4 25/3/3 26/6/6 47/48/48
f 47/48/48 48/47/47 49/49/49 68/69/69
f 68/69/69 69/68/68 70/70/70 87/88/88
f 90/90/90 104/105/105 88/87/87 89/89/89
f 106/106/106 118/119/119 104/105/105 105/104/104
f 122/122/122 130/131/131 120/120/120 121/121/121
f 130/131/131 131/130/130 138/139/139
f 138/139/139 139/138/138 145/146/146
f 146/145/145 151/152/152 145/146/146
f 151/152/152 152/151/151 156/157/157
f 164/165/165 165/164/164 168/169/169
