# File exported by Houdini 21.0.729 (www.sidefx.com)
# 2377 points
# 14877 vertices
# 4959 primitives
# Bounds: [-10.8350592, -0.0657789707, -36.0449562] to [12.1934938, 11.9440422, 26.5762482]
mtllib boat.mtl
g 
v 8.14727211 8.30501652 10.5211096 0.900909722 0.901775658 0.935283124
v 7.61951208 6.3751173 10.9573755 0.762820303 0.745215297 0.749827325
v 7.73370028 8.4879055 12.5381098 0.844131887 0.843976676 0.87916857
v 7.92124414 6.7852478 9.44513607 0.81759733 0.799606502 0.812476873
v 8.16559124 6.79655361 7.61599064 0.801094532 0.787823617 0.807310104
v 7.48613024 7.424119 12.1892118 0.816240966 0.808996201 0.82819289
v 11.1863832 6.01066685 10.6002131 0.31439203 0.313335299 0.348613739
v 11.0167046 5.84799004 11.4747801 0.589606762 0.559230745 0.551967978
v 7.33387423 4.41612816 7.77289677 0.819282174 0.796772957 0.804627776
v 9.32098484 8.22734451 11.0849524 0.884627581 0.881467104 0.899872005
v 10.6605835 6.26426506 11.6121054 0.801202953 0.804384351 0.825615764
v 9.89386368 7.94049263 12.2815752 0.900459051 0.881685913 0.90476954
v 6.60475016 8.6757555 15.8865576 0.831448376 0.830777287 0.858162105
v 6.55602217 6.34081221 14.4330568 0.783663392 0.763053477 0.762690008
v 8.65458679 8.09464455 6.95339489 0.865249038 0.870307207 0.907276273
v 5.93525171 8.28578568 16.9674416 0.818575978 0.810246766 0.818401873
v 10.5648232 5.00636768 8.31738186 0.376901478 0.319364905 0.306362867
v 10.7200413 5.72123766 8.95933628 0.322193086 0.240297288 0.212375551
v 7.0439477 4.72279167 11.2085714 0.791594625 0.775598705 0.780894697
v 7.51955938 4.41997862 10.2068853 0.575438201 0.573641121 0.590178132
v 9.01959324 6.3573637 11.0607843 0.235346884 0.190291524 0.205458567
v 11.1784163 5.62864399 9.08150578 0.620867252 0.581653237 0.576700032
v 10.3508377 4.76683092 9.50371265 0.601886451 0.574633002 0.578670502
v 11.2306461 5.80286407 4.06571674 0.801110029 0.747777045 0.710902989
v 9.57062817 8.03187656 9.23705006 0.976478457 0.971051693 0.995842099
v 9.44160843 7.94165802 14.3676062 0.782500505 0.774626851 0.794734597
v 10.5883598 6.0119276 10.6071367 0.488101453 0.457934141 0.445041209
v 10.3093834 6.11212921 9.40056324 0.0182993021 -0.0208388902 0.0123733114
v 6.58213806 3.77205324 12.5564146 0.757437468 0.725821316 0.710359752
v 6.64185572 4.84306335 12.8535814 0.730901241 0.707968652 0.707204103
v 10.4073067 7.65886307 6.96781826 0.883199334 0.882654607 0.911842704
v 10.2530355 7.66058731 10.1008348 1.12058032 1.09858084 1.09837711
v 5.40609074 7.99591446 17.7615356 0.809751391 0.806548834 0.818542778
v 5.68883181 8.98170185 17.893261 0.818875909 0.809368789 0.814311028
v 6.31702471 8.18992233 16.0934792 0.821405113 0.814375997 0.832168102
v 10.1484346 7.78311157 8.33778667 0.912208259 0.92172718 0.962938547
v 11.4925613 5.66535616 7.80080891 0.572073877 0.548519254 0.540672958
v 9.75769711 6.6908741 17.4624138 0.116072804 0.228451863 0.388472378
v 6.01695347 6.63813591 16.0343742 0.832012057 0.820481658 0.833708882
v 5.65320253 6.98770618 16.8576851 0.828287303 0.820116341 0.829746366
v 8.68078136 5.96061659 11.3380384 0.298382014 0.256784201 0.26040405
v 8.12036324 5.86913872 11.5689878 0.173502237 0.163566738 0.171999469
v 9.43769932 6.67211819 16.6862335 0.788895249 0.748827577 0.738049388
v 7.54419088 5.13118458 10.7558832 -0.00330009963 -0.0613395125 -0.0504975952
v 7.13645983 5.47367859 12.0399809 0.373740166 0.36213696 0.390332788
v 7.47597361 5.59804153 10.5158796 0.22247088 0.213425666 0.233268559
v 8.46425343 6.90021229 19.0546722 0.625702441 0.444825947 0.271553934
v 8.95425797 6.57574797 18.2137222 0.77204293 0.649404585 0.544742107
v 8.06223297 2.83264303 14.1557798 0.164768964 0.266544431 0.370174319
v 8.41916275 2.08816576 11.3295794 0.248992488 0.260324806 0.263704002
v 5.18595552 3.58177853 13.5201845 0.742033243 0.719262421 0.709120512
v 5.92231035 2.91606975 13.0755873 0.746106148 0.708582461 0.681412458
v 10.3521948 5.1569376 10.5901136 0.623746037 0.597882628 0.598522842
v 10.4927464 5.49781036 10.7498522 0.636152685 0.605000973 0.599346161
v 7.30471182 8.79307747 18.5926781 0.875962555 0.556645036 0.28914845
v 9.62677479 5.750844 11.2035856 0.249817878 0.202137455 0.19530879
v 9.85478115 5.32338715 11.902379 0.323722303 0.279985815 0.284672529
v 7.81812906 8.37954044 18.6872444 0.881490052 0.689635813 0.546203077
v 8.93698215 7.57217216 16.8128777 0.703035772 0.672294259 0.664934039
v 3.99837542 7.09838676 18.5309448 0.801762998 0.807537258 0.825030982
v 4.58693504 8.65841103 18.6132736 0.789607882 0.788652003 0.807168186
v 9.60710144 4.42876244 11.9124651 0.184757367 0.164293468 0.170320496
v 8.4078331 4.07961082 11.8863535 0.314861208 0.284475237 0.28413263
v 10.1216497 4.90561914 10.6796083 0.252233416 0.195514008 0.193489328
v 6.82241821 6.04675055 13.5784445 0.816340566 0.798593879 0.808359206
v 6.15583038 8.91536713 16.9641342 0.9051916 0.893250048 0.907814145
v 7.87006521 4.32038355 7.7463026 0.384344757 0.335450292 0.324520081
v 10.4505348 5.53931665 11.1365633 0.203815743 0.144752711 0.136404842
v 11.6774387 5.6839838 3.66878796 0.600799084 0.614823341 0.657673359
v 7.68740511 4.86754847 10.5861311 0.148922697 0.139499336 0.148722097
v 8.85311127 6.12751007 17.6902657 0.553930581 0.508124352 0.473186046
v 8.90807343 3.43947506 11.3069162 0.18104057 0.162343815 0.164031416
v 8.22811222 3.83904743 9.31462574 0.592156887 0.56078434 0.564705908
v 6.69095516 2.79690123 11.786334 0.862806916 0.823919594 0.805666983
v 5.92805433 4.28783274 18.4497147 0.161309823 0.248053253 0.361408234
v 5.93971968 3.21808338 16.9474602 0.1090727 0.156010121 0.249863684
v 6.10627222 3.18212366 16.2896614 0.111510366 0.183698535 0.298325926
v 4.89983273 0.458577752 14.7657328 0.255050331 0.243997231 0.248539448
v 6.70919228 0.497712135 13.4537859 0.369033754 0.345931262 0.340309173
v 8.39755821 6.14935493 18.1704102 0.663992405 0.631116688 0.635939717
v 4.71699667 2.953969 17.0807343 0.101333953 0.157314643 0.244516477
v 4.61174488 1.89735842 14.7842951 0.103674024 0.131640747 0.190445259
v 6.76002502 3.62756586 16.5560188 0.132163569 0.186854631 0.283325046
v 5.208251 3.5789175 17.9019623 0.107718378 0.161539152 0.248920068
v 10.331358 4.91057205 10.6267786 0.619536757 0.59452033 0.593060017
v 2.37519073 0.413454294 12.9530859 0.145912215 0.144834206 0.146786615
v 6.05376148 2.47061729 15.0659075 0.0878694504 0.152318984 0.256806701
v 7.1913991 2.63448095 13.417119 0.100985572 0.148291573 0.23043707
v 4.12194395 3.21631765 13.5911207 0.767978907 0.742467046 0.726378918
v 10.1302614 4.6823163 10.2316885 0.333122194 0.283603281 0.28280738
v 7.69388151 3.68002319 16.2899742 0.204976097 0.302911758 0.385443479
v 5.33600903 2.18018746 13.7774191 0.170914412 0.205013052 0.259033084
v 8.70810318 3.54892635 13.1155138 0.756818712 0.642801404 0.599402189
v 6.11501789 6.26039171 15.5650129 0.833750665 0.815153301 0.825075805
v 5.80132818 3.71427107 18.1222839 0.100743122 0.148992375 0.205412358
v 4.72693491 1.37770081 12.586194 0.146690026 0.171417773 0.212260589
v 6.9667592 4.82711554 11.8082743 0.232170671 0.22350736 0.230189472
v 4.33811951 3.0963583 17.7556992 0.0785067976 0.143711761 0.259085059
v 4.30413628 4.08320713 19.6500702 0.152991042 0.20284459 0.283335447
v 6.2007184 2.83073974 12.714324 0.89427042 0.813483775 0.760583758
v 5.93892765 2.80045462 12.846633 0.719008982 0.656296372 0.624893606
v 10.4600906 6.18397999 15.0919981 0.143023655 0.132748559 0.169966012
v 7.72927999 5.48646164 11.9135103 0.102351099 0.0966182724 0.106628627
v 8.89182949 0.442385316 8.88874531 0.511194944 0.491133869 0.497109771
v 8.76476479 3.26056623 11.9003267 0.301113158 0.420702904 0.512973666
v 8.83789349 3.06551313 10.9757452 0.56518805 0.533088326 0.531558216
v 9.47118187 3.82818747 10.7604818 0.585218251 0.540672839 0.529188514
v 8.93781376 3.47982454 10.3799734 0.142572224 0.123551473 0.124933936
v 9.15172386 2.90128541 8.75960255 0.510920346 0.481271237 0.476296872
v 9.09023952 2.97259808 9.6175909 0.53286165 0.499472529 0.503800869
v 6.82279825 2.27521992 9.51870632 0.765354037 0.737122893 0.727612913
v 7.7388339 0.550743103 7.33226681 0.182082176 0.1702099 0.17894192
v 6.03143787 0.435825706 10.0172663 0.227242723 0.219436318 0.222226158
v 5.24207067 0.532532096 11.3813143 0.204743773 0.207099214 0.215065762
v 6.59504747 0.601668596 9.60871983 0.134615079 0.130152762 0.143398091
v 6.19405174 2.34079671 12.3532972 0.0899498984 0.135792419 0.207974702
v 5.44918585 2.03659296 12.6912661 0.1084124 0.135594368 0.190365568
v 6.24205685 1.81796789 11.6823835 0.0858508945 0.133335397 0.222895756
v 7.01378489 2.17448401 7.94673634 0.756111503 0.711649299 0.690388024
v 4.03510618 2.82831907 10.7383852 0.79386121 0.770908713 0.769826889
v 9.23965073 2.91012669 7.94722462 0.546525776 0.498267949 0.48633042
v 5.39321566 2.10408926 5.32199001 0.79829067 0.749761581 0.733400166
v 9.31863499 2.80271602 6.86033154 0.573045373 0.518938065 0.494036108
v 2.8616991 3.33483601 13.4239874 0.754258752 0.707529247 0.689918756
v 7.19357634 2.34166718 6.84078312 0.770517886 0.729094863 0.726306498
v 8.68570805 1.30608368 7.12790012 0.454535842 0.448256522 0.467135936
v 5.875525 0.863133788 10.8219843 0.129352644 0.141142771 0.168624565
v 8.32307529 4.00858307 15.3054781 0.633076608 0.581706524 0.577966034
v 8.80452919 4.36345243 14.8257666 0.615507603 0.579696476 0.572761714
v 6.83955717 2.08730435 11.5613604 0.120354913 0.173152477 0.26487565
v 6.93477583 1.37727666 10.5788813 0.109803922 0.129411772 0.164705887
v 4.29264498 1.09354401 12.6535883 0.160784319 0.168627456 0.200000003
v 8.85213661 3.98907948 13.6983423 0.602233171 0.567241132 0.562792182
v 9.22229862 3.26802874 8.52691936 0.510178745 0.474288791 0.469721884
v 1.35258889 -0.0313405395 7.9242487 0.117647059 0.109803922 0.125490203
v 6.84507465 -0.0313369036 9.48638058 0.23137255 0.20784314 0.196078435
v 1.33895564 -0.0314275026 9.31070805 0.23137255 0.20784314 0.196078435
v 9.53253174 3.54579639 8.55475521 0.492534161 0.443157852 0.435285002
v 9.49758148 3.34934616 7.47154903 0.49220258 0.432461649 0.426013529
v 10.0341148 3.80299997 7.93418789 0.536864102 0.498890728 0.480983436
v 2.7563231 0.216271162 12.3031015 0.0617986135 0.0584815294 0.0616723448
v 8.5101099 4.83925104 16.3493614 0.629283726 0.58784008 0.583807409
v 8.71117878 4.64728165 15.3878889 0.611055434 0.570685089 0.56116724
v 9.12243843 4.34171677 13.8257284 0.604929864 0.574325144 0.576827347
v 9.24254704 4.78005505 14.3128004 0.631372571 0.596078455 0.596078455
v 9.43251419 0.654585958 5.81235218 0.530833721 0.511025906 0.510894835
v 10.8955402 5.78149986 7.29028988 0.330871075 0.257949233 0.248170123
v 9.71270752 4.71802235 12.4817801 0.594121695 0.564927638 0.56223017
v 9.38711357 3.65704441 10.0505629 0.534009278 0.495970905 0.489336222
v 8.94639206 5.01910782 15.764123 0.639101565 0.603765428 0.599767625
v 9.41182137 6.55233765 17.7961426 0.34217748 0.30372715 0.285719395
v 9.50417614 5.65301228 15.2620001 0.641822159 0.606081843 0.605389237
v 9.66577625 5.62014103 14.3839941 0.626601279 0.583853006 0.568555772
v 8.25510025 5.31409645 17.5414848 0.628143609 0.590162277 0.590830505
v 9.80445671 5.36492014 13.4303045 0.646253049 0.608130395 0.606367528
v 7.63811541 4.44090748 17.3454247 0.631143153 0.599097848 0.603197515
v 8.19005394 4.82501316 17.1842842 0.630424917 0.590445995 0.586179197
v 7.87052298 4.09346008 16.2289391 0.635160685 0.599821985 0.595870554
v 5.95667839 5.85548973 13.9911528 0.765389919 0.726366639 0.702345967
v 5.64346218 5.67046547 13.8869429 0.711797595 0.673655093 0.64869374
v 4.41776705 6.46844006 17.883564 0.819084466 0.799934506 0.796165168
v 5.49259281 6.45369101 16.9893456 0.856772184 0.844748735 0.84790796
v 6.24580002 5.45889616 13.4979639 0.82304734 0.78630507 0.767196596
v 4.63794374 4.53326416 13.5307169 0.728566349 0.715931892 0.708088756
v 4.83797264 5.56401443 13.6981382 0.739275157 0.723269701 0.713036418
v 9.09791851 3.98137283 11.9904089 0.244704753 0.207139507 0.214739144
v 6.1704483 6.00672245 14.8063593 0.865671635 0.848881543 0.849072397
v 2.08785057 6.38489151 14.9676523 0.867636919 0.847434998 0.85757947
v 1.96472359 6.60983992 16.9610023 0.867428362 0.860645294 0.888448298
v 9.65570641 4.21375084 11.0421667 0.35296461 0.317889303 0.324163347
v 5.1176033 6.7657342 17.6592903 0.828155339 0.824496984 0.832542658
v 9.79001331 4.22977114 10.5189276 0.507588387 0.459489793 0.440407485
v 9.83012009 4.22946739 9.97615528 0.627745211 0.607795298 0.615648746
v 9.85669136 3.88296986 9.62919903 0.470581919 0.420881867 0.407047898
v 2.80710769 8.29425335 18.8316193 0.791033626 0.793066084 0.817498684
v 7.39515924 4.93209076 18.6391563 0.677371502 0.647832334 0.64610827
v 10.0723925 3.99716902 8.04851627 0.399731368 0.342770845 0.343114883
v 8.95252609 5.74605083 16.6815987 0.636918068 0.598829925 0.582730055
v 0.111999452 6.54249573 13.8894987 0.830606043 0.791441798 0.807444394
v 5.19365358 9.22653961 18.9686241 0.87628299 0.902371526 0.955620766
v 9.72883415 3.96613407 8.75757885 0.425457776 0.375307947 0.377788961
v 9.52870941 4.05077457 11.1968012 0.498206705 0.453762889 0.43659234
v 9.50244617 4.17756796 12.4424562 0.550295472 0.506173432 0.495774299
v 3.64554262 6.60987282 18.2064705 0.813623071 0.810164988 0.817311466
v 3.82133961 4.89052773 13.5257196 0.728569269 0.715530097 0.708682597
v 9.99487877 5.33830166 12.6299582 0.628270388 0.587340713 0.577928662
v 9.26826286 5.76312542 15.9857779 0.635294139 0.596078455 0.588235319
v 7.78634691 5.37402344 18.3095551 0.634207606 0.595182955 0.595498741
v 10.6254807 4.72397137 7.7341032 0.568627477 0.549019635 0.556862772
v 3.04476786 4.08160591 13.565093 0.726843596 0.711687744 0.698696196
v 4.58136606 4.19714451 19.4116402 0.132987112 0.185285553 0.278375268
v 8.76512051 1.26907873 6.15383434 0.50175941 0.492731214 0.51197952
v 2.93772078 2.59235048 17.6860962 0.131909713 0.186546743 0.284828395
v 11.2902937 5.38909149 7.11269093 0.590148807 0.565537572 0.557181895
v 5.92435074 7.44509411 23.1130486 0.707571745 0.677397728 0.679643691
v 5.71764898 4.93981028 19.8812141 0.571174681 0.514480114 0.486435354
v 7.89767313 6.74567556 19.9563713 0.500144362 0.475942791 0.480389714
v 7.15972948 7.2645998 21.3815384 0.763912559 0.72847569 0.726533532
v 5.4387908 5.47275209 20.7963448 0.567318201 0.505345106 0.470577389
v 6.25608635 8.27239323 21.7715111 0.789899409 0.768361449 0.778945565
v 5.63186884 8.84144592 22.1088982 0.79091233 0.77525717 0.787051499
v 4.04960299 5.15614271 21.5305443 0.562440991 0.496481776 0.460013151
v 4.37520266 5.32251406 21.3610764 0.614086628 0.569766164 0.551943243
v 5.16885042 7.32401085 23.7304459 1.04885519 1.03989422 1.03590655
v 5.78110075 5.45971107 20.3748474 0.584206998 0.533565998 0.510731459
v 7.01578856 5.52791691 19.8035202 0.639951348 0.611221373 0.604496479
v 8.22244263 6.52710629 19.1622505 0.698909104 0.690186441 0.69410336
v 4.2109251 6.39442253 23.1354218 0.621222973 0.575251222 0.551044226
v 7.23320818 5.5304842 19.4789619 0.631276309 0.597258866 0.590012848
v 4.49110937 9.3736372 23.2312431 0.891964197 0.885036051 0.911773324
v 3.12201595 9.55327129 19.0319824 0.896420419 0.904279828 0.950875342
v 5.06719446 6.72543526 23.0391655 0.573380828 0.520823598 0.488821745
v 6.28140688 6.28947639 21.5389938 0.561564744 0.497757077 0.460364729
v 4.72958565 6.38954163 22.7433128 0.602530003 0.551064909 0.523604035
v 3.69737768 7.90540504 25.5336151 0.533393681 0.515844107 0.519416809
v 3.76437426 5.72210884 22.517704 0.596818507 0.534461975 0.499725878
v 6.53198481 8.67341137 20.8659058 0.83397609 0.818276644 0.832390845
v 6.17928886 6.86690569 22.2747879 0.589888513 0.536397874 0.516053617
v 5.0240016 8.64306068 23.2051888 0.80166769 0.787204862 0.800452352
v 6.03897905 4.76572561 19.1152649 0.572769463 0.510077178 0.478501558
v 5.03959894 5.73815823 21.4424553 0.577858925 0.518481851 0.487003356
v 3.72527504 6.8481288 24.1507339 0.600870371 0.549476326 0.520769894
v 4.06776619 7.20622063 24.3654175 0.617848217 0.574721396 0.551533759
v 3.9858408 9.17998028 23.9551544 0.780837953 0.77207607 0.789811909
v 7.84458971 6.23117542 19.4462433 0.644141436 0.60884732 0.605371833
v 3.12736464 9.26707363 24.9723282 0.801691651 0.790562451 0.81005913
v 5.64841557 6.11439371 21.5872841 0.608521581 0.555868268 0.532323956
v -6.37306833 10.4470377 18.6306381 0.743906975 0.567533612 0.477227807
v -4.84335852 10.3419189 17.5081596 0.82338196 0.825987875 0.838954568
v -5.66392803 10.3626537 15.5755682 0.884706557 0.88782829 0.917856336
v -7.85854244 10.1603584 16.4429398 0.877980292 0.891372502 0.936002254
v -7.76664114 10.3748026 15.2387972 0.855829418 0.943100512 1.07264876
v -10.5284262 8.5985775 9.70135403 0.385929078 0.405018687 0.463409603
v -10.8179264 8.73036766 6.96370983 0.686694264 0.668880939 0.685814261
v 1.46952271 2.97903061 8.85133457 0.812168419 0.767163277 0.761992753
v -10.0718794 8.75262928 9.65157795 0.844976842 0.833322167 0.852529109
v -9.83157635 8.7885437 11.7807226 0.68674165 0.689400613 0.730438411
v -9.19547558 8.88538837 15.3010626 0.835592449 0.844015539 0.87932992
v 1.78833508 5.54890156 13.5339937 0.708985448 0.695688307 0.694697082
v -9.27334881 6.79999495 12.8744726 0.715447545 0.704100847 0.71334821
v -9.77774525 7.71392822 11.4852457 0.699792027 0.683346331 0.689037144
v -9.4333725 6.62678337 11.3774881 0.714719057 0.69880712 0.704174578
v 1.89720941 3.49172592 13.4115248 0.713111937 0.695547998 0.687620759
v -9.41339016 9.90330791 9.50148487 0.843145549 0.842628121 0.863162279
v -6.89116478 7.94142342 11.203105 0.680017591 0.680335164 0.695084214
v -2.46716237 7.5260067 11.1988573 0.140423596 0.143776253 0.183770195
v -1.01876783 7.62504578 10.7315817 0.19927974 0.197321728 0.25483346
v 1.20071411 4.69491768 7.2855978 0.290439218 0.286485076 0.300923467
v 1.15296388 4.31920147 9.31606007 0.249005392 0.238826156 0.25479129
v -9.78796673 8.65833855 12.3554182 0.665190101 0.635392427 0.618357897
v -8.58120251 10.0745544 14.0541773 0.874299347 0.933619201 1.04239881
v -9.53656292 8.52204704 13.5941916 0.68622458 0.667469263 0.666333556
v 0.969940364 6.41580391 17.0341721 0.637522161 0.628906369 0.651518524
v 2.86223125 6.90163517 18.5131264 0.818967938 0.815151155 0.828990817
v 1.39996839 0.438716173 15.2304983 0.152834773 0.157835856 0.171835393
v -8.58329678 10.2843876 11.9342508 0.72573185 0.581168413 0.523635209
v -10.2984009 8.51947212 5.83772755 0.854465306 0.840890646 0.855406344
v 2.26416326 6.00941133 13.6653757 0.728335559 0.714843452 0.717070341
v 0.427235425 1.96235585 11.3608637 0.078028053 0.0893403515 0.136331141
v 1.95822692 0.812202215 9.53674793 0.116384149 0.110347927 0.102896534
v 2.19131374 0.879194021 11.0338717 0.0862745121 0.0941176489 0.129411772
v -9.41858959 8.65483952 16.065136 0.710786283 0.692084908 0.706028998
v -8.76707077 10.2617188 10.3963385 0.930049777 0.919579148 0.936917126
v 1.96660542 2.61836886 17.426609 0.132043183 0.190101728 0.282298625
v 1.44034529 4.00246191 16.5296898 0.0790531263 0.113522284 0.159512132
v 1.66441584 1.54827356 12.3766203 0.0900545344 0.0955025703 0.127016664
v 1.15262198 0.750425577 7.94113827 0.0886446238 0.0818801671 0.0981697217
v 2.51163578 2.40727401 3.39223766 0.871572733 0.817084014 0.804060042
v -5.43571281 8.81732178 16.0981636 0.760917008 0.755157948 0.772680521
v -5.52531815 7.53329277 15.8259401 0.76481241 0.757034779 0.766092956
v 3.57476997 0.611013293 12.3656549 0.349019617 0.31764707 0.309803933
v 2.72507358 -0.0194628239 10.7008429 0.144556224 0.136836782 0.148583531
v 2.38440871 0.198157787 10.0731936 0.1302789 0.12204244 0.129846677
v -8.10012245 10.2688599 8.78723621 0.497826636 0.498410106 0.548376918
v -7.6047802 10.3458347 10.8484926 1.06412423 1.0713619 1.0764147
v 1.21964383 0.37067318 13.4502783 0.271551907 0.245604381 0.251227319
v 1.22441983 5.69508743 16.35886 0.235294119 0.254901975 0.313725501
v 1.13994288 6.25361824 15.1573324 0.564779639 0.570022166 0.626107931
v 0.773921549 5.71382999 15.4622545 0.286274523 0.286274523 0.329411775
v 0.874062479 3.16577005 9.55201626 0.679246843 0.662981987 0.669145882
v 1.04707026 6.78211212 17.6132736 0.859442174 0.834396601 0.834704518
v 0.00980180502 7.33591461 10.283843 0.129521281 0.130399048 0.17047669
v -0.855966032 7.81333637 9.94631863 0.361299813 0.371853083 0.440419734
v -6.55859566 10.1491795 12.4894342 0.78319931 0.786354721 0.81661725
v -6.18198156 10.2693157 14.0049944 0.728236556 0.730069995 0.758223534
v 0.98695308 4.05394411 15.6321764 0.0980392173 0.152941182 0.227450982
v -6.29008865 9.41272163 13.4834585 0.719713628 0.719710171 0.736434937
v 1.43957019 4.16636658 17.7005577 0.0329673961 0.0960383639 0.168035999
v 2.81132627 0.764790416 12.5913687 0.211764708 0.180392161 0.172549024
v -0.20837003 3.45828247 11.1193132 0.667928159 0.653667152 0.655617356
v -2.47541285 7.01151466 11.4574652 0.207100108 0.205595657 0.244262293
v -3.21966624 7.28393745 11.0598192 0.100780606 0.101894386 0.134004995
v -5.91660976 7.29914474 13.7801218 0.694312632 0.681829393 0.684296846
v 0.332094491 6.64859772 17.2135773 0.793156505 0.760490358 0.761030197
v -4.62982607 7.52784252 17.4466133 0.785921097 0.788477957 0.810860753
v -3.80358386 9.43851089 18.4802666 0.744128406 0.750115633 0.767600894
v -6.86430359 4.95563316 16.0332108 0.141981319 0.209097773 0.308595031
v -6.07867575 5.2294178 17.8518333 0.130283713 0.228807524 0.376161724
v 1.83350706 0.0440433025 12.6165247 0.136843383 0.122417532 0.127693579
v 2.44377708 0.0957405567 13.3936357 0.273273915 0.251778454 0.245883197
v -8.76760483 8.89016056 16.4173775 0.861947596 0.842443287 0.85032624
v 1.66732502 0.22245717 11.3663435 0.200816721 0.185867667 0.181635186
v -9.54631805 9.8139019 7.13478756 0.85662967 0.858974457 0.896266282
v -1.79725373 7.80243969 9.78076649 -0.0265599135 -0.0321025066 0.00839148741
v -8.67221165 4.6193552 12.2644987 0.710745871 0.699942291 0.706720233
v -9.05370712 4.03909922 8.75166225 0.175117582 0.238771453 0.317783475
v -9.12143326 7.19249725 10.1480799 0.283063859 0.16466409 0.179094359
v -7.06973219 10.1586037 9.70550632 0.599843323 0.618258655 0.658230603
v -9.19379711 8.57304096 15.3773241 0.619037151 0.553059578 0.50036937
v 1.32004547 0.0204634666 13.4493933 0.190943643 0.175837159 0.176340669
v 2.14051199 1.81249571 15.888505 0.108889133 0.144984275 0.1791116
v -6.03500032 7.59873962 14.3482103 0.808378756 0.801245749 0.815350473
v -10.2256718 8.47390747 8.46458149 0.63644737 0.573129952 0.512031555
v -2.74680352 7.9050436 9.04550266 0.383797348 0.381545752 0.438872039
v -9.58972836 8.89959335 15.0956659 0.222066924 0.247753531 0.308938026
v -9.00414944 8.94112396 16.4088326 0.709803939 0.729411781 0.776470602
v -2.74519372 7.78990078 9.83353901 0.332987517 0.340643197 0.399446964
v -3.51098895 7.28763199 10.203742 0.294843376 0.298711807 0.355451941
v -1.97728086 3.94860649 13.3489943 0.700360119 0.65928936 0.655163288
v -3.16128349 3.92792368 12.6687346 0.595476568 0.551673889 0.533268273
v -2.11714935 6.57959843 11.8596506 0.314285457 0.313651055 0.347939402
v -0.911636174 6.7974143 11.7888441 0.212385595 0.212693274 0.26154089
v -1.429245 7.07057571 11.5412989 0.149019614 0.149019614 0.188235298
v -0.203202903 7.10761547 8.90278721 0.313087016 0.332359493 0.396520853
v 1.70142412 1.98473668 13.8614988 0.0867485777 0.112814836 0.156299219
v 2.04502678 1.27836084 13.3590555 0.158621192 0.151812047 0.141387731
v 1.21456051 2.67256784 14.7313967 0.0705882385 0.0941176489 0.149019614
v -10.1646433 8.81961632 12.3940363 0.520802557 0.523252726 0.556779087
v -10.2306957 8.57213497 11.8775225 0.391699523 0.40104124 0.440657735
v -6.84484911 5.29407978 16.6774902 0.123133332 0.173716456 0.254706174
v -3.68306446 6.77426338 11.5220194 0.346424282 0.357561141 0.417726159
v -2.31698585 7.45972729 18.4620628 0.814996302 0.811748147 0.821000576
v -3.76511669 7.72179222 18.2254791 0.783782482 0.772132218 0.780645669
v -5.04282856 6.9448657 13.6922483 0.744088054 0.733411133 0.749927521
v -6.29207802 7.01262474 13.2590265 0.769391119 0.763583064 0.786234796
v -0.515190899 7.43148136 9.36142063 0.241678357 0.263109237 0.342007309
v -9.14888096 5.43526697 8.33074093 0.152691826 0.118994735 0.130141035
v -9.83014393 8.57182884 11.3752947 0.64039135 0.589527726 0.559926152
v -8.41295242 7.42941093 11.49368 0.281958342 0.157668412 0.172696844
v -1.45598137 6.95792675 16.9841385 0.302332282 0.29799971 0.306826711
v -1.67407799 6.91253853 17.2498169 0.788915575 0.750736952 0.741479099
v -0.423933744 7.26267719 10.7868261 0.0721563324 0.0697652251 0.100893356
v 0.86556226 0.317302942 11.5585546 0.180669457 0.173517838 0.185658082
v -10.1223755 7.58833218 7.45773983 0.711484671 0.695986986 0.705536246
v -1.80055308 7.14125824 17.4138222 0.83030808 0.799487472 0.793610275
v 0.0594953895 3.76253271 13.3405161 0.706356466 0.673973501 0.675103962
v -2.1615181 7.53785896 10.7090368 0.311161071 0.319864482 0.361911237
v -10.1088047 8.83928776 12.5093451 0.701779604 0.697980702 0.722085059
v 1.56062007 0.332507014 8.34808636 0.115274578 0.107612148 0.115585007
v 0.569379151 0.1918962 8.07679462 0.0680843219 0.0812263638 0.14728716
v -9.91081524 6.30720615 8.33898067 0.742087066 0.733892322 0.746470094
v 1.34464121 3.77489758 8.85046864 0.0334837884 0.0428550988 0.0753061548
v -9.46201229 7.66370392 8.56185436 0.283720613 0.210968331 0.192431912
v -7.24104834 8.71068001 7.44075489 0.253802419 0.178614318 0.167433113
v -7.04000425 8.70143127 9.98282337 0.245506838 0.19989264 0.207199037
v -8.05208492 8.16528416 11.0687017 0.274254829 0.206087425 0.223328173
v -8.8690443 7.92479038 10.8100271 0.239664227 0.156179667 0.160684302
v -9.52385998 7.55424213 10.0982294 0.242916971 0.17001082 0.159142792
v -7.96501541 7.69646168 12.3997622 0.197116911 0.156744733 0.173414558
v -9.68148232 6.8775959 9.88441372 0.199944675 0.13958545 0.121576034
v -8.90415764 6.99095345 14.6164923 0.688525856 0.671207666 0.66814971
v -1.95222235 7.75174332 7.9295187 0.336728901 0.353408217 0.418050498
v -9.90499878 8.74235153 13.6155214 0.305303365 0.273886502 0.263086677
v -1.49954629 6.88440514 16.0477295 0.655635059 0.652105987 0.661317825
v -2.084831 6.91708279 15.0890608 0.776626825 0.722221434 0.704190493
v -1.75443804 7.91513634 10.7602053 0.226349875 0.236602306 0.290169716
v -0.338164866 6.57942724 15.0224295 0.94432497 0.866186023 0.830975354
v 0.441471159 6.52795696 8.21439648 0.452638507 0.466655374 0.525489867
v -9.91712761 6.97903728 8.83199787 0.3490026 0.268777937 0.233901724
v -1.79700708 3.79805136 12.0712957 0.629317045 0.582967997 0.588741362
v -7.01321459 7.15205002 11.6887712 0.657185137 0.644142985 0.653775871
v -1.44512582 6.72346544 17.0399361 0.18154946 0.173344702 0.186249733
v -1.61440587 6.08027744 12.2101755 0.295321077 0.293229908 0.314896584
v -5.26956892 2.68025494 13.7780886 0.189431652 0.238552451 0.281469136
v -5.6169467 2.88807631 12.8328276 0.189312473 0.248499453 0.317564845
v -2.575598 4.89132643 18.3753242 0.202574819 0.192005605 0.209808826
v -0.873735964 5.01255703 17.0916672 0.257012188 0.240655556 0.253670663
v -1.46781862 4.21468115 17.4663887 0.429661632 0.385851055 0.375394374
v -4.41004515 7.52656746 8.40783024 0.378431499 0.395673841 0.461533964
v -2.75863624 7.5460577 7.45595264 0.304918528 0.317357987 0.390050113
v -0.512476444 5.53199005 17.4133797 0.272301346 0.265000761 0.291384399
v 0.321003377 5.2478981 17.3189926 0.405663401 0.395620942 0.436485678
v -0.187865674 4.93455124 16.8862762 0.429416656 0.450918406 0.523927152
v -4.35107803 3.067173 15.8831491 0.0401382335 0.143098846 0.308191955
v -3.19564676 2.63148165 16.3384705 0.372943938 0.374376237 0.360860586
v -2.84971786 4.38642406 17.5920944 0.0885650367 0.0900898501 0.115097679
v -8.00234413 6.72053623 10.1311579 0.512530148 0.344847023 0.359958231
v 0.0259264112 5.7873106 13.5014906 0.66259855 0.664097965 0.672730684
v -1.35594964 4.96086502 16.6664925 0.352733016 0.34444657 0.385982066
v -7.40985775 10.0065784 5.9890089 0.732051492 0.719552636 0.732927561
v -2.88278103 3.23393059 17.5069962 0.192272812 0.243795633 0.315718949
v -2.88212228 3.63025951 18.6778526 0.147699788 0.229986891 0.34845528
v -2.85667396 2.63258123 15.6522055 0.11000634 0.144541472 0.196920112
v -2.90329099 2.64625502 14.7273798 0.109803922 0.137254909 0.200000003
v -2.18954182 3.24447346 14.8782587 0.0870200247 0.15572983 0.25590837
v -1.50805664 5.11136913 15.9923658 0.415260494 0.431603909 0.513949335
v -0.257347047 5.00035667 15.6823721 0.274650276 0.293734968 0.363637179
v -2.65187883 0.297739744 13.0907125 0.182498425 0.172445461 0.180037543
v 0.0653743148 0.30004847 13.5614462 0.312183619 0.30015862 0.317211241
v -4.39979935 3.41090679 16.6095963 0.100032225 0.181903839 0.296063095
v 0.221208394 6.33518124 13.683341 0.677904546 0.673596084 0.681439221
v 0.175526798 4.46075344 17.7434425 0.347928226 0.326090723 0.333368987
v 1.68067575 5.01955891 19.8951759 0.0716262832 0.139600664 0.230228916
v -4.03389215 3.68881941 17.6338234 0.151668295 0.228085056 0.336974174
v -0.230943024 4.45419598 15.4851332 0.117647059 0.176470593 0.262745112
v -1.89442897 6.85066605 17.1649284 0.155533269 0.142508179 0.161989793
v -2.47176838 5.70173073 17.3796959 0.138648465 0.127718017 0.148254767
v -1.78306031 6.30697632 16.8338356 0.132611856 0.124876067 0.129569367
v -2.404567 6.51067972 13.4991369 0.571905255 0.545591474 0.578394651
v 0.290159762 3.50314999 14.7694788 0.073813282 0.11272265 0.179232761
v -3.86048365 10.3172598 18.6576271 0.788819492 0.797314703 0.830698609
v -0.502960682 4.503829 16.5283928 0.262745112 0.286274523 0.345098048
v -2.45654345 3.66675329 17.5855484 0.0811541229 0.115277961 0.171119168
v 0.0768726468 3.00469494 14.0476599 0.0864962414 0.122775793 0.194835261
v -1.22807503 3.59302568 14.6964693 0.0901960805 0.156862751 0.254901975
v -3.72439265 1.78788877 13.0551767 0.401947826 0.36360395 0.324001908
v -1.90208423 5.27344227 16.8259735 0.210195288 0.211491376 0.247955233
v -6.96316719 6.58156395 10.9014826 0.926268935 0.5216524 0.370538712
v -2.18681645 3.4787159 13.99512 0.10721422 0.135739133 0.175629824
v -1.41368604 0.278915644 12.1105165 0.281251252 0.260118395 0.25815174
v -1.11728895 7.11796379 6.3762064 0.485667467 0.496694505 0.566077352
v -2.92745113 2.42516708 13.4784594 0.508213282 0.466232419 0.444037348
v -4.27562523 7.07936478 9.9197855 0.112886138 0.116766751 0.156782582
v -5.17810059 3.35721588 15.7050467 0.119076453 0.224063367 0.361507744
v -1.26812279 2.80119944 13.2480326 0.101795368 0.13705793 0.203861102
v -9.9250803 6.2737155 4.45358372 0.353409827 0.250184745 0.17985335
v -8.91527939 8.79608727 17.2650566 0.590150654 0.555624843 0.544351816
v -8.48410034 8.86128235 17.5314751 0.882137001 0.801932096 0.748296559
v -8.73049736 9.00779533 17.87817 0.86270535 0.836384892 0.849019706
v -1.78865981 5.78106403 16.3520737 0.173237994 0.177297264 0.206503674
v -1.36504138 6.7025938 15.6263056 0.218430832 0.216075957 0.248283118
v -3.87413764 4.5508709 17.6776428 0.176550031 0.168418184 0.190809995
v -5.50084162 4.73988819 17.5360565 0.163599595 0.241039723 0.353110045
v -4.83708048 4.48793173 18.2066002 0.111341752 0.22192657 0.380333483
v -1.51798296 0.175794125 10.6250639 0.121777996 0.101191759 0.105113328
v -1.28419924 0.0220658779 9.22590351 0.226833165 0.215745389 0.220118806
v -2.32244635 -0.0313491225 10.795064 0.223529413 0.211764708 0.215686277
v 0.0182344317 0.289681315 12.1706514 0.157136202 0.144459158 0.155121639
v -0.0861551762 0.110694051 10.6847811 0.182716861 0.220311746 0.269341856
v -3.5199461 1.23218036 9.17159939 0.145180106 0.168248504 0.140556857
v -1.66880751 0.246452332 8.29900455 0.138520971 0.129696071 0.130737171
v 0.738640845 0.0534235239 9.64094639 0.118449375 0.11053057 0.125804126
v -2.78470492 0.249138117 10.7662973 0.19188495 0.164287001 0.161490768
v -4.45166063 6.73793697 13.4449015 0.678426981 0.671825051 0.696067691
v -5.7128706 6.37754917 13.3434458 0.635635734 0.634841144 0.659624517
v -5.40039825 3.67167807 15.6069384 0.145671844 0.259795904 0.426228255
v -2.7824266 1.57737303 8.32986927 0.0897582471 0.0102694053 -0.0223290138
v -5.64454746 5.45058203 13.2819853 0.63247335 0.626418054 0.647696376
v -5.55936193 1.69353867 7.08869839 0.254535377 0.181334853 0.131184712
v -5.45317793 2.01973271 10.8389769 0.135186538 0.153265342 0.239483073
v -4.77550316 0.171199441 8.22130108 0.263672501 0.212074801 0.203632608
v -1.44105792 -0.0543631911 7.22295284 0.150405183 0.138762012 0.146772444
v -3.48196483 4.41767883 19.5959129 0.154733628 0.271429211 0.419054031
v -1.64521658 1.96760559 10.4828653 -0.00062952732 0.0596443452 0.150343731
v 0.991571367 6.05751419 8.50144482 0.243758947 0.239298731 0.264159411
v -2.52462173 1.21844697 6.264678 0.128368661 0.114334956 0.117194884
v -4.80822325 4.16225719 13.238225 0.673548639 0.614112794 0.613304794
v -5.66986179 2.33264256 10.7688208 0.264872998 0.280327469 0.247777209
v 0.105035245 0.575564384 6.63447094 0.0896457434 0.085724175 0.0964834914
v 0.540865958 4.50784016 10.2378302 0.0731643364 0.0714820772 0.103277035
v -0.029854238 4.10997915 10.8657885 0.58820653 0.571399808 0.579952598
v -3.03328395 0.171159863 8.10571384 0.224437952 0.196625367 0.195970103
v 0.842091382 5.4562149 9.81095982 0.234327137 0.225919664 0.245293692
v 0.330954015 6.24828529 10.6754084 0.25367105 0.25216046 0.278568357
v -3.09701967 7.9417944 8.15620136 0.408204079 0.42331633 0.491609037
v 0.328235328 5.44583797 10.7525377 0.138401955 0.135621473 0.160134226
v -3.27552247 4.51711416 18.5625267 0.159721002 0.155799434 0.173526272
v -1.93529248 5.82792473 17.608696 0.0754336193 0.0714055449 0.0949945971
v 0.717971146 6.27280521 7.04793453 0.214678392 0.218629077 0.266509295
v -9.18229008 6.1341691 10.205514 0.262974143 0.203638539 0.19687824
v -5.75827122 -0.0313397646 2.1133337 0.180392161 0.156862751 0.145098045
v -10.0888491 6.59990978 6.47572041 0.342533559 0.247362599 0.197134897
v -9.32107258 5.14319801 8.08855724 0.716207325 0.690485001 0.681684852
v -9.49379826 5.82262659 8.41854191 0.733550966 0.703826249 0.680610776
v -2.76797462 0.205226541 6.42068386 0.233945772 0.213699237 0.214072943
v -0.16195333 2.99192762 6.67434216 -0.0857272148 -0.13501066 -0.136286378
v -5.12166405 5.22785091 18.8021355 0.10860645 0.174518257 0.28775999
v 0.550224483 3.42303514 6.98805904 0.136364281 0.132699639 0.147744074
v -9.62929058 5.57797194 6.75776005 0.685093522 0.653868079 0.637887359
v -0.418979645 7.27303123 18.5258942 0.820314586 0.815694571 0.825934947
v -8.18592262 8.95243835 17.9473305 0.854179382 0.784165144 0.725946426
v -4.71709061 6.97124481 10.7979803 0.261627138 0.268112421 0.314911336
v -3.74743295 5.95177937 11.7999926 0.236488208 0.237432957 0.276882499
v -4.32124281 6.08135605 11.2962866 0.0734905899 0.0823720172 0.122001179
v -4.22941017 4.74185562 12.2675276 0.670588255 0.623529434 0.607843161
v -8.57551384 8.65596676 18.4485741 0.657202899 0.591434002 0.531236053
v -4.63217926 7.27591705 7.75865269 0.366588324 0.378997803 0.441452444
v -4.97483826 5.92024326 10.5492525 0.294117659 0.294117659 0.329411775
v -5.34091568 5.04985285 11.1215677 0.580392182 0.592156887 0.619607866
v -6.22657919 4.81588936 9.40785503 0.639215708 0.619607866 0.615686297
v -5.44864178 5.67259407 8.96326351 0.647058845 0.619607866 0.619607866
v -7.93195486 8.9063139 18.6426315 0.852309227 0.799282193 0.762365341
v -4.43903303 6.80153418 11.7801886 0.246097222 0.24386318 0.27463907
v -8.4283905 8.68297863 17.5252647 0.628990829 0.588401079 0.549621463
v -8.39577866 5.02367926 13.9949064 0.0273406804 0.0855201706 0.180980697
v -7.75449562 8.69388676 19.0101547 0.677055836 0.63303268 0.601444006
v -6.36432552 4.30747747 7.74516392 0.686274529 0.654901981 0.650980413
v -8.73836803 8.93221664 17.0288353 0.839215696 0.819607854 0.792156875
v -4.75167274 7.13977242 8.38391781 0.770249844 0.755874217 0.746991336
v -5.07935858 5.82022858 7.76420689 0.56078434 0.545098066 0.549019635
v -4.52928734 6.40886497 7.29662037 0.56078434 0.545098066 0.549019635
v -7.1623888 6.57238674 18.6496773 0.700998008 0.673855603 0.677772939
v -8.68136978 8.95896626 17.389286 0.843137264 0.776470602 0.745098054
v -6.76205206 3.43979216 13.4891024 0.171194464 0.248573631 0.332524031
v -7.79816723 5.83738041 16.5852776 0.709358156 0.691733718 0.685738683
v -7.24264431 6.20210552 17.6810913 0.223393455 0.306665033 0.422510922
v -7.38585711 5.63267183 16.5615921 0.144736096 0.236695558 0.38174352
v -6.6617527 5.73973846 17.6757469 0.122690886 0.21275185 0.345623702
v -6.79517746 4.02551174 14.1222467 0.155547217 0.242655411 0.359340012
v -6.92875385 6.46145296 9.90297604 0.267014027 0.284270406 0.309986472
v -8.01046562 6.31033897 10.2524996 0.288126171 0.0588846616 0.0599131621
v -6.13186979 5.81775141 13.0908461 0.641855121 0.635769904 0.655377746
v -6.73305655 4.50329828 15.4050283 0.140714288 0.221389472 0.339535713
v -9.49455452 5.03485298 6.31203365 0.473525822 0.523398757 0.585822463
v -5.80533791 5.82394695 18.8969193 0.463913947 0.525627196 0.586392403
v -8.4160347 8.96204948 18.1228943 0.835294127 0.792156875 0.768627465
v -7.03694344 3.47197723 12.0032206 0.115611546 0.195078909 0.321007311
v -6.9863925 2.68852544 9.11490536 0.438307017 0.517348111 0.451443464
v -8.82333183 4.28888798 10.5921259 0.110064678 0.193365425 0.310372621
v -7.2310791 2.82887363 7.18822384 0.17676875 0.210191444 0.215119064
v -6.13141251 4.39657688 13.1386156 0.665292144 0.636918426 0.635856152
v -7.07769966 2.39226723 5.88503551 0.329092205 0.340473533 0.292735338
v -5.73666859 1.93689227 3.34302998 0.578772306 0.558001518 0.498629034
v -8.23469353 5.85368347 9.95716381 0.263531446 0.238999277 0.254867077
v -7.07817268 6.11091328 7.09634686 0.637805939 0.645004213 0.688161135
v -7.19958115 6.3150816 6.34598446 -0.161238149 -0.178037941 -0.165548831
v -6.62360954 5.35982132 11.7891455 0.619292498 0.605282187 0.618604243
v -6.22108984 5.02384186 10.732091 0.639215708 0.619607866 0.615686297
v -9.13126087 3.76293516 6.91532421 0.453888983 0.63506031 0.757724524
v -6.83943939 4.69240904 9.34914303 0.591115832 0.58171016 0.574126065
v -7.16972589 3.88271761 7.52043819 0.64481771 0.611791193 0.619418323
v -6.26876926 6.17796326 18.7510948 0.652556837 0.594229758 0.54462117
v -2.51658559 3.9396553 18.5633507 0.126130402 0.192846119 0.287602305
v 1.10284519 0.429559946 7.26880932 0.091772303 0.0876246095 0.100889049
v -1.17569709 4.91767883 18.5409775 0.114014737 0.18361859 0.274611354
v -10.0512552 7.66162491 6.98101902 0.295249104 0.221159294 0.194544047
v 2.54918385 3.0506525 18.8648262 0.235419169 0.239512473 0.285720497
v 1.59135747 7.05494881 18.48563 0.78997606 0.790142238 0.80524987
v -6.56734133 10.1457376 19.3270683 0.875545859 0.870067179 0.896161914
v -1.69092226 10.0424242 20.2577248 0.736737549 0.745841503 0.757323384
v 0.181269825 8.44417953 26.2860565 0.162379861 0.1451554 0.164606392
v 1.33632898 7.85436249 26.0744934 0.454972833 0.371346176 0.299036741
v -1.70107949 9.0864706 25.6276321 0.186579525 0.169664681 0.187436298
v -3.05514169 9.32864761 24.6647491 0.0297161806 0.0192264058 0.0323224477
v 0.940978348 9.48309898 18.9645576 0.649110138 0.712722659 0.770131707
v -2.02938271 9.48473549 25.3717003 0.559559166 0.518217325 0.514015257
v -1.53837693 9.79884148 18.9424973 0.737211943 0.744505107 0.784635663
v -1.61346221 9.99724579 23.9743156 0.168975174 0.505030036 0.715358615
v -3.27313232 7.94075489 24.3359566 0.244401187 0.223721415 0.2309082
v -2.57485676 7.84423923 24.9418831 0.290239334 0.278781414 0.278210729
v -2.21980238 10.3664923 24.3110619 0.868950129 0.844690263 0.855159879
v -3.36486101 9.84106731 24.1345177 0.882563949 0.908848107 0.967094362
v -1.42348289 8.84488678 23.8089142 0.132635728 0.117072493 0.14243798
v -2.46310115 8.12373829 23.85215 0.151820734 0.125450239 0.135984302
v -7.32720757 8.97428894 19.834507 0.729621172 0.668982923 0.620012105
v -0.493958294 9.94626808 24.9130478 0.838790357 0.833092749 0.860662162
v 0.640879571 9.80587864 24.6669655 0.848850489 0.859926343 0.890196979
v -7.710742 8.98933125 20.1100616 0.847368419 0.837660491 0.837174833
v -6.30873728 8.9147253 22.3009796 0.134521618 0.198570028 0.351519316
v -2.30299664 6.87421608 23.6847992 0.400292784 0.32750538 0.229701579
v -2.85277462 7.32369995 24.3005676 0.647900999 0.599260867 0.574388862
v -3.93038988 7.98149204 23.9006233 0.641152143 0.597051859 0.570312262
v -2.91780567 8.25374413 25.2430115 0.598418355 0.552507341 0.52318573
v -4.82935858 9.79317474 22.6593895 0.822679043 0.816043198 0.837814808
v -5.88705206 9.97126389 20.748394 0.833628058 0.825276732 0.852727711
v -8.14171314 8.83765984 19.2077293 0.501968086 0.49827522 0.532089651
v -4.74221659 7.72961903 22.5058441 0.661381006 0.6180619 0.600122213
v -1.79273498 8.48484039 23.2597809 0.252402484 0.220328599 0.22452344
v -3.74605799 8.56970119 24.4913635 0.244531944 0.21521157 0.218308777
v -6.93495512 9.07092857 20.4687386 0.853000104 0.845156968 0.870144069
v -7.7163105 8.78563595 20.0907974 0.543000281 0.537523091 0.571139395
v -6.70397902 8.83714294 21.6372986 0.561113834 0.551864266 0.577070355
v -2.01280928 7.48623466 24.6326485 0.381623536 0.289164364 0.209883466
v -5.87833834 7.72808456 21.2834396 0.645106971 0.599936008 0.58499527
v -6.3903513 7.55787086 20.7417183 0.653246045 0.608231187 0.590776086
v -5.63063097 6.79171753 20.5074921 0.650087357 0.608554959 0.58199662
v -3.75944543 7.28398132 23.1978607 0.64870131 0.591875672 0.548229933
v -7.6782937 8.95223045 19.1205635 0.899927318 0.866387069 0.853009701
v -6.49185085 7.08786106 19.870945 0.66004467 0.614016473 0.588384867
v 2.1643796 9.46820354 22.6103859 0.207940653 0.53834331 0.761900663
v -7.78839016 8.87306213 19.592823 0.814581931 0.810139894 0.80593276
v -6.93274212 8.75641823 20.6559525 0.650857389 0.595832288 0.558776677
v -1.04248857 9.06844044 25.8452301 0.703417718 0.631245375 0.593563259
v -0.163036168 8.15430832 26.0463028 0.117656372 0.0925059542 0.108303338
v -0.108100832 7.45353603 24.9971619 0.643171906 0.583760381 0.534362972
v -5.67254114 8.85696793 22.6135254 0.838493288 0.811101913 0.812547863
v 0.31933707 7.81424713 18.6508293 0.770433247 0.776818037 0.795052111
v -1.44104636 8.78675747 24.6151237 0.149019614 0.137254909 0.152941182
v -5.51483488 8.31765842 22.4409294 0.710996628 0.690201819 0.687581003
v 2.21818042 9.60477257 24.4673767 0.21199815 0.528726399 0.755044639
v 0.150246799 8.99904442 26.1750832 0.516550183 0.44893235 0.425082088
v -1.02259743 8.35924911 25.8233032 0.231712773 0.20024021 0.201151207
v -4.57518816 8.55517197 23.7972488 0.629033744 0.577617049 0.544500291
v 1.68112254 7.37898064 18.6514702 0.776263475 0.774290085 0.794088364
v 1.68955874 8.51955795 26.1520996 -0.320393711 -0.339248031 -0.292101979
v 0.325293243 7.57233047 26.3359871 0.384964645 0.356776506 0.328732997
v 0.12732929 7.58348846 26.3014908 0.447847188 0.387764186 0.332146794
v 0.355660021 9.19317055 25.6813278 0.762562692 0.763910532 0.777067125
v -2.222754 7.43817139 24.0532913 0.167918608 0.160327718 0.162183672
v 2.62195444 6.78483486 24.7171211 0.613767982 0.550717354 0.525588751
v 2.23837209 6.86615038 24.5293388 0.575170577 0.506506085 0.451259524
v 1.82559133 6.69143772 23.9053001 0.595185339 0.535627186 0.489296287
v 1.53859544 6.04623795 22.3726234 0.540709734 0.457495838 0.409941852
v 2.41519117 5.65808296 23.0805321 0.594927549 0.524576366 0.474523157
v 2.97226906 6.09241104 23.5460548 0.570868254 0.507739902 0.478223711
v 2.23406577 3.84098911 20.2970085 0.144819826 0.14199239 0.151589066
v 0.36582607 7.90093708 26.4932976 0.572372198 0.528105378 0.507825613
v 2.2604723 5.07612705 22.2307014 0.559117258 0.491313666 0.435345858
v 2.6963377 4.09856462 20.5498085 0.568083048 0.500386775 0.458320469
v -4.2667017 9.18363857 23.7567711 0.200154334 0.176090926 0.187648341
v -2.83052874 6.36591625 23.0291214 0.619139016 0.562996686 0.53812921
v 2.10934424 4.53571081 21.1503487 0.528746009 0.453865647 0.401066691
v 0.367813289 7.65255737 26.5762482 0.557448208 0.507884383 0.480611205
v 2.88571548 5.3435421 22.5413971 0.578867316 0.51576364 0.480812281
v -1.29593933 7.89608097 24.8886795 0.309807926 0.2886765 0.28258872
v -1.00427186 7.66835499 25.0052223 0.368904024 0.33131358 0.313855588
v -1.42264247 7.24767876 22.7354393 0.45651263 0.408807158 0.381457031
v -0.839435875 7.04186153 23.3263779 0.58431375 0.521568656 0.466666669
v -3.79022956 9.21861267 24.2722931 0.219783828 0.21442391 0.237014368
v 2.56006622 7.68266773 25.9145088 0.830611289 0.792987406 0.758710384
v 2.86398816 7.41698456 25.4555359 0.572588563 0.518014133 0.490955383
v 1.69459653 5.61410999 21.3972893 0.551996708 0.469437063 0.411439151
v -1.50463986 7.8315506 25.1291885 0.734817982 0.685032904 0.603051722
v -1.22898829 7.27835178 23.6433907 0.573701024 0.509555638 0.457492739
v -5.19107962 6.7594986 20.9479675 0.602191746 0.536279082 0.493330866
v -6.03726721 6.48388577 19.5000229 0.642598391 0.589363217 0.55787605
v -4.97522736 8.92387295 23.2867241 0.810292423 0.773915172 0.772170842
v -1.68998551 7.49281502 24.310318 0.344193995 0.322532654 0.312674552
v 2.77323341 9.70867443 24.2662315 0.873863697 0.891520143 0.957633197
v -0.878544033 8.91111565 23.935997 0.140791655 0.12769343 0.147354245
v 0.424177229 5.34176159 19.9174728 0.531631351 0.449744612 0.399636298
v -4.58982754 6.26501179 20.8386421 0.641106725 0.599857688 0.579224467
v 2.34785676 9.47871304 20.5993042 0.254096895 0.497521579 0.684761584
v -0.722432911 8.14672661 24.0480804 0.179469809 0.153236672 0.159932539
v 2.39817238 9.28113747 18.9966774 0.810584724 0.824770987 0.867299438
v -0.697218537 8.32278919 24.6550026 0.298039228 0.270588249 0.262745112
v 0.0957890153 6.89748192 24.162426 0.556953132 0.496287823 0.448053122
v -0.277062058 5.27815247 19.9923782 0.185921699 0.211280406 0.268164068
v -4.23032427 6.80548191 22.2382927 0.629681468 0.58529669 0.556776822
v -1.37898672 5.50244141 19.8673935 0.518171132 0.446527958 0.400469393
v -3.13945651 5.44435596 21.3717308 0.638997614 0.569551706 0.522788227
v -2.15767288 5.79120636 20.8027229 0.511534035 0.444754273 0.393910706
v -2.22658014 6.11750793 22.292717 0.51533848 0.453886151 0.398719341
v -4.67228127 5.1786623 19.5811691 0.594111085 0.515093327 0.431421012
v -3.93415856 6.33333397 21.774868 0.637272596 0.576941371 0.534434676
v -3.41648769 6.27538586 22.3334274 0.638951898 0.582059503 0.551266491
v -0.375108182 6.37749672 22.0248985 0.586870313 0.504441023 0.459412068
v 0.77337414 6.3299408 26.4651337 0.56195426 0.520142615 0.495037198
v 0.671690047 6.67147636 26.4937859 0.615686297 0.58431375 0.568627477
v 0.716098964 6.25587749 26.4832458 0.53725493 0.490196079 0.458823532
v -3.35476995 4.74501324 20.2512207 0.646449625 0.57524091 0.49042362
v 0.624714315 6.75767136 26.4295731 0.57306093 0.539780855 0.528120875
v -3.47709441 5.03597879 20.3912354 0.637478948 0.569059789 0.51295501
v -2.51020408 4.79773951 20.1609993 0.488712251 0.420175731 0.372792274
v -4.32736731 4.78343678 19.0775833 0.172505587 0.243003115 0.353296697
v -2.03771496 4.93865442 18.9376564 0.0980143547 0.138113454 0.197771937
v -2.09255266 5.40910721 19.8487167 0.129671693 0.130771548 0.146129951
v -4.04000711 5.76620436 20.8620834 0.620403767 0.544178545 0.478790253
v -5.02125072 5.56910419 19.3284721 0.628951609 0.572494626 0.524728537
v -2.53856564 4.27920437 19.4346123 0.125076681 0.190708935 0.279373288
v -5.46343517 6.2280817 19.9552879 0.611122787 0.541028559 0.483578444
v -1.55011594 6.38162708 22.151226 0.558020651 0.48788771 0.436714321
v -2.80400848 5.03651857 21.1279182 0.595160484 0.531621516 0.475661576
v -0.105827034 5.94401407 21.7962379 0.539518416 0.462918431 0.418611735
v -0.125557363 6.30241728 22.7494621 0.566700876 0.493919492 0.443767726
v -4.77936268 5.80346966 20.0104408 0.681428909 0.634247005 0.601402879
v -0.774837136 6.54308081 22.2739334 0.545294225 0.481094271 0.433129549
v 8.09919548 4.89628029 -11.5073318 0.798930466 0.75457871 0.745102465
v 7.58688784 4.68919516 -10.0841331 0.758862853 0.718063772 0.721503377
v 7.48009062 4.01556492 -9.77642155 0.744592905 0.704503 0.703545034
v 5.24802446 5.13274384 -10.3835545 0.811289191 0.801977873 0.82101661
v 10.3467875 6.75053978 -11.8238869 0.83386153 0.836191952 0.867751122
v 8.7953558 7.21912861 -9.45687389 0.898048162 0.892081857 0.914419711
v 8.75271416 7.15402985 -8.59526825 0.874046385 0.879782856 0.912416518
v 9.56314373 7.14366245 -8.95784569 0.459594399 0.296564043 0.273912132
v 9.65001297 7.30745316 -8.86550331 0.274509817 0.176470593 0.160784319
v 10.2828512 3.8472743 5.47276211 0.660399258 0.649166167 0.671178579
v 10.1862803 3.5460844 4.48922253 0.898213327 0.913054883 0.962266505
v 10.184412 3.88156462 5.73782444 0.318458945 0.265474141 0.259840012
v 10.993392 5.49303102 3.67347622 0.567337334 0.460244656 0.388505638
v 7.99383783 5.05358124 -10.2640228 0.852152884 0.812658012 0.815838218
v 10.4814482 6.77114582 -10.0593548 0.912218392 0.917261422 0.902899325
v 8.6188097 6.73416519 -12.6412001 0.822915137 0.812637091 0.830613613
v 12.1934938 5.10720158 3.11237812 1.08688104 1.08928287 1.10773695
v 11.6522141 5.31905937 0.441243172 0.153243229 0.126888216 0.113869652
v 8.87943363 7.38325214 -6.60844612 0.837254345 0.829357624 0.853231132
v 10.5428696 6.82219076 -8.6149807 0.79912436 0.745578468 0.709796548
v 11.0238028 5.5370307 4.12372494 0.376961857 0.290367037 0.240126699
v 7.3426652 4.83955383 -11.5424242 0.844183862 0.784172893 0.759444296
v 6.51614141 5.1277771 -10.3667774 0.852419376 0.821042657 0.825421751
v 10.0646763 3.59761238 2.15804577 0.539812744 0.490857512 0.498750567
v 9.73600864 2.82327962 -0.93289566 0.334302932 0.277543485 0.286747813
v 6.99716759 4.87635899 -10.3087749 0.751114726 0.712828577 0.714568377
v 7.06827116 4.15090752 -10.3047028 0.738834441 0.697783709 0.698586524
v 10.4700985 7.00248337 -6.03460598 0.865867257 0.86956811 0.903736293
v 9.66044044 3.09891796 3.1958704 0.256006211 0.166001111 0.156131029
v 6.57760572 4.77848244 -12.558795 0.795722127 0.709079504 0.672187865
v 10.7691174 7.12356758 2.31086826 0.774941206 0.756780744 0.757691741
v 10.5767727 7.35878944 0.860053062 0.816063941 0.79944092 0.812209785
v 10.5879049 7.49446774 5.96650791 0.872966409 0.859383643 0.882986128
v 7.68588686 4.08970118 0.539723396 0.712722957 0.70703584 0.731803477
v 10.261467 3.43067646 -2.10087681 0.462344855 0.418758452 0.422742754
v 7.50525331 3.15142345 -1.0186367 0.740325928 0.699524224 0.701793671
v 9.78541565 2.76398134 -1.86853695 0.442305505 0.400471479 0.414485276
v 8.85098553 7.49114609 -4.50135517 0.858998895 0.86039269 0.894135118
v 6.35090733 4.23162556 -10.2932892 0.698391616 0.668527067 0.672133029
v 8.73137665 7.98575974 5.38630772 0.856667936 0.856791139 0.888558447
v 9.67637539 3.12335587 1.31460857 0.288764656 0.235958323 0.232051
v 5.9510603 3.79364491 -8.68682671 0.231602132 0.278395385 0.373136878
v 4.89678144 3.84473133 -8.26334286 0.563636601 0.576464593 0.63039279
v 5.67521954 3.79717493 -7.74849367 0.573756218 0.569099903 0.602930307
v 11.1695595 4.61960411 -0.516525269 0.631887496 0.572058856 0.540032744
v 11.9757051 4.44688272 -1.69067764 -0.0160071626 -0.00999496691 0.000394273724
v 8.33651638 5.22741795 -9.22331905 0.800712585 0.770868063 0.772997677
v 10.4149189 3.3510313 -6.29441357 0.530325234 0.512662888 0.50153923
v 10.1071501 3.02187443 -6.3577013 0.614066184 0.601229727 0.584134936
v 11.9111996 3.37656689 -3.264781 0.507559538 0.48631224 0.491528988
v 11.6006346 3.62763262 -3.26864624 0.44200024 0.357111573 0.288570404
v 7.40477991 3.48312187 -1.38469887 0.658387303 0.631278753 0.639558733
v 7.73957109 3.62578678 -2.8084116 0.703021884 0.668361843 0.679089665
v 7.20628119 3.67293501 -2.88454056 0.655034661 0.643668234 0.66608876
v 7.1162734 3.13652754 -2.19205189 0.547134995 0.531272292 0.55741483
v 8.48663139 6.08240461 -6.5462532 0.770796478 0.74998337 0.76006484
v 10.3801737 3.54793835 2.94847012 0.584963024 0.580474198 0.602683663
v 10.6103573 4.13319206 5.07699108 0.528284013 0.507807732 0.521439075
v 7.85839415 3.34880972 -8.80029297 0.778732002 0.719186664 0.731046319
v 7.89982462 3.50762939 -7.28488159 0.828154683 0.763400912 0.756609917
v 9.23184299 3.32542706 -8.57122993 0.282056659 0.294763744 0.373609483
v 10.6570587 6.77289248 -7.00335026 0.824975729 0.828695178 0.858212531
v 9.26029873 3.00710034 6.2359724 0.223292574 0.152632877 0.141313717
v 9.23516655 2.97960329 5.21893024 0.197462827 0.112120286 0.0931796581
v 10.562974 7.08863449 -3.13355446 0.869343877 0.859137058 0.869262278
v 8.52427959 6.1947422 -4.02542019 0.784450114 0.762198806 0.773937225
v 7.3977828 4.32653522 6.23862743 0.831738591 0.796791911 0.795348227
v 7.38885641 2.39468694 4.7272234 0.745777309 0.707107484 0.706666052
v 6.43939924 3.64354897 -6.82482529 0.669009864 0.653807282 0.693542063
v 6.57253933 3.46667624 -8.31474113 0.66413337 0.639223993 0.666515708
v 10.7930593 6.77090168 -2.58825397 0.825694621 0.807554364 0.833033323
v 5.98464441 3.67866802 -3.66247368 0.646424949 0.635784984 0.66497314
v 6.29549837 4.15985489 -8.56661606 0.41831243 0.416066766 0.456776768
v 6.12409258 4.26900482 -8.63089371 0.376470596 0.419607848 0.494117647
v 5.89373827 4.0403595 -8.51258087 0.368627459 0.396078438 0.478431374
v 11.9370909 4.47848701 -3.23092461 0.34592697 0.303937346 0.243726358
v 10.1337404 2.91644454 -2.4546051 0.483240664 0.430012971 0.438511014
v 5.36683464 3.58406544 -4.37197208 0.644839883 0.628657699 0.657489538
v 7.44919538 2.99293232 -8.2852478 0.705728292 0.670567691 0.682738423
v 5.45554876 3.5708003 -9.51282692 0.595692456 0.598481596 0.642659187
v 5.10429859 3.55980873 -9.00401306 0.500167489 0.505102992 0.557344913
v 9.0153923 7.63273811 -1.05580807 0.837305188 0.778244257 0.755449176
v 8.54821682 6.30051231 -2.02402878 0.648610234 0.624292791 0.619232714
v 8.80955601 7.81455612 2.16092587 0.837801933 0.832164466 0.857909858
v 10.0747671 3.31966019 -6.52039337 0.447172701 0.411658227 0.432176799
v 8.8908329 7.66552162 -0.400053024 0.952001333 1.03161502 1.12349296
v 6.16717625 4.02806091 -8.65484333 0.305882365 0.321568638 0.368627459
v 5.95178556 3.2726078 -7.09928989 0.690854669 0.67683965 0.693039417
v 11.8771086 5.19649982 -1.99980259 0.564719677 0.493784904 0.435121834
v 11.9810104 5.0508461 -2.86373425 0.225776106 0.208605856 0.21489121
v 11.2869482 4.6563797 -1.34339333 0.576394558 0.523918629 0.48293227
v 10.3444281 3.75998926 1.95448208 0.407983541 0.34278205 0.32855925
v 11.0247488 5.42591381 1.39806271 0.32941857 0.249643892 0.220232949
v 11.0232897 5.37564945 0.352399826 0.353603482 0.269678831 0.239100099
v 10.9970388 5.54287863 2.83651829 0.318257183 0.228203505 0.19491367
v 11.9439793 5.50907993 -3.48832512 0.101307079 0.13224256 0.176839605
v 11.0226336 5.21507263 -2.36832237 0.331939101 0.250734508 0.211496621
v 8.51718807 3.05359364 -4.58594799 0.816975296 0.755334258 0.753160238
v 10.4971848 7.27623558 -0.785796165 0.87425524 0.874579489 0.887644887
v 11.0607777 5.10264444 -4.71786308 0.244098514 0.151040629 0.114191845
v 11.5836954 3.37963533 2.9843359 0.595609546 0.592146635 0.612354755
v 10.9660769 4.12689877 3.65524006 0.455529958 0.439981133 0.44853425
v 10.5651035 3.69049978 -2.89477921 0.4592444 0.42927435 0.40965566
v 11.1463566 3.75673437 -2.96808815 0.294639736 0.239760846 0.204857364
v 10.8282747 5.96533394 6.59341145 0.305839747 0.228108987 0.205051824
v 8.34573936 6.43928051 3.75648212 0.265374929 0.162647769 0.153711975
v 11.6588554 4.1918273 3.12444592 0.224976495 0.207398772 0.212030128
v 11.661088 5.42679024 -1.45297337 0.510328948 0.473180115 0.452917069
v 11.2555161 5.49757671 -2.70119095 0.846832156 0.759703994 0.685966671
v 10.757493 7.00278139 -0.0318775177 0.791313231 0.778251112 0.777598739
v 10.2863865 3.36556053 -4.2637043 0.469137907 0.406751633 0.411212683
v 6.99330902 3.51166248 -3.47459793 0.627257526 0.633062959 0.664117038
v 8.06751633 4.71118069 -13.0998344 0.786988139 0.721845508 0.702816486
v 10.6117868 6.35525465 -12.2027807 0.794932723 0.793011308 0.820432127
v 8.46003437 6.37029171 1.46446514 0.666289032 0.648026526 0.663686752
v 10.0709572 2.83570957 -3.2209816 0.129230767 0.11644607 0.121818036
v 7.63155222 4.24109983 2.97331333 0.763172269 0.749056816 0.764553905
v 8.09109879 3.96488667 -0.193003654 0.719955623 0.693975091 0.7126019
v 7.92938089 3.78156805 -3.52519417 0.702137232 0.662468195 0.67010051
v 7.9632535 3.91553688 -1.23102188 0.630981386 0.629319608 0.635728955
v 8.20703506 3.93750381 6.57867718 0.396078438 0.36470589 0.368627459
v 8.07216549 4.00489521 5.13421917 0.211764708 0.168627456 0.168627456
v 8.26131725 3.77226543 0.304878235 0.264545619 0.223177806 0.222490892
v 5.51323223 3.93991852 -9.88339138 0.519774556 0.505777717 0.527021945
v 8.44232464 3.47838593 -1.20650005 0.301960796 0.258823544 0.254901975
v 7.79808474 3.30861759 -1.01939964 0.227450982 0.192156866 0.196078435
v 10.4760456 3.36211586 -7.77957535 0.494026929 0.459411114 0.44310537
v 9.14144135 2.99122167 -6.54114628 0.581644177 0.565862298 0.602095962
v 9.76561832 3.45104933 -7.01493645 0.445837915 0.431234479 0.466668129
v 9.0444088 3.17498636 3.70075512 0.0986828804 7.40298055e-05 -0.00609595794
v 7.26418829 1.97245836 3.54920292 0.741657317 0.696419597 0.695636928
v 10.3425169 3.6862278 -8.43693542 0.593635798 0.574507952 0.586467385
v 10.1942949 2.93086576 -8.78512192 0.577965975 0.556007802 0.535043478
v 7.80302572 3.15264034 -5.95801353 0.796952248 0.596590996 0.559613705
v 7.64238596 3.10471725 -7.10545444 0.711882949 0.665370464 0.676608741
v 10.9193344 4.6667099 -7.88521576 0.32190156 0.248186052 0.206224009
v 11.5759563 5.08549118 -7.94715786 0.566910505 0.547864437 0.541327298
v 10.4572115 3.54790354 -7.44567013 0.574434638 0.562931955 0.562508285
v 10.8332319 3.93919182 -8.33517075 0.568780959 0.548122764 0.538958371
v 10.7300339 4.18159056 -8.74741936 0.656513393 0.657041073 0.648287237
v 10.4896011 3.78039885 -7.94216967 0.375604838 0.334056318 0.349199712
v 11.2181883 5.45660496 -4.81073093 0.757804096 0.777790308 0.815870881
v 11.7219095 5.22476959 -5.56487083 0.108207271 0.115639798 0.148714811
v 9.93873596 3.92434454 -7.94493294 0.296110123 0.259445131 0.270563453
v 10.9445381 4.42098522 -12.1834793 0.580462337 0.578302622 0.561318934
v 10.8108034 4.15901756 -11.7722979 0.390246749 0.386746377 0.411203563
v 10.8893814 5.09282017 -7.02442169 0.295289725 0.221465617 0.202050507
v 11.0776443 4.26460123 -4.6018858 0.51390332 0.507140875 0.51147306
v 11.4807615 4.973948 -12.0547342 0.389983267 0.398918837 0.432409883
v 11.1310606 5.27557564 -10.2545986 0.864857793 0.803600073 0.753344119
v 6.73292875 3.06252098 -3.15033245 0.669201136 0.656751692 0.671502233
v 7.33448076 3.45218801 -9.75584221 0.800849438 0.655118525 0.698056817
v 10.8265018 4.59324312 -8.40708923 0.242775127 0.169283003 0.168501198
v 11.4789457 5.03837585 -10.7363367 0.256917536 0.285566032 0.311778665
v 11.0052366 4.55211687 -10.6446457 0.498179018 0.486922115 0.454470396
v 9.70811462 3.87042952 -8.62983704 0.286194324 0.268366277 0.302898765
v 11.674861 5.18066406 -10.1019573 0.0739922076 0.134281173 0.247153252
v 9.30124474 4.03106022 -9.19838715 0.228555962 0.215223923 0.241969898
v 9.87660694 4.73384857 -8.65287018 0.254901975 0.184313729 0.184313729
v 8.10119057 3.88901138 -9.21131325 0.0957877338 0.0945671871 0.114525214
v 8.99652958 3.69307899 -9.54190731 0.316643119 0.32025522 0.379544318
v 10.3751717 3.27302647 -4.90308666 0.458625704 0.42690593 0.410497487
v 8.72730541 5.20160103 -8.90548611 0.196078435 0.164705887 0.180392161
v 8.44966698 5.82711697 -8.38158798 0.125410765 0.0818638355 0.0975783914
v 10.3253908 3.01754284 -12.6682854 0.643300891 0.624939322 0.622858584
v 7.99434519 4.32112503 -9.3770771 0.748395383 0.702218592 0.701208353
v 10.4101276 3.11079359 -11.0394478 0.520978093 0.487881422 0.452347845
v 8.45844746 5.93601513 -5.65117741 0.196517006 0.160719857 0.165244579
v 4.16611624 3.32251453 -7.34965706 0.68792969 0.715701759 0.76406157
v 5.48279905 3.09360027 -3.38433933 0.615457535 0.606861711 0.64577049
v 4.83982325 3.15584898 -4.10669231 0.598445356 0.591915429 0.616984725
v 5.05334854 3.31897402 -5.91454124 0.531331778 0.176589593 0.0576924309
v 5.73137569 3.53787613 -5.06117821 0.86869359 0.566235542 0.454669476
v 7.86053514 3.70051956 -4.01002502 0.817932367 0.828061581 0.840171635
v 4.95819712 4.04266834 -10.0454712 0.63111949 0.608705878 0.623894989
v 8.62847996 3.17243481 -3.33123684 0.200000003 0.160784319 0.176470593
v 4.89988804 3.36885452 -5.24834728 0.688812137 0.398861051 0.307030708
v 7.67532492 3.3019619 0.0683097839 0.380392164 0.34117648 0.345098048
v 10.1309586 2.68096495 2.93228626 0.549749553 0.545769036 0.563326001
v 9.1011219 3.13933659 -0.533042908 0.31764707 0.274509817 0.274509817
v 9.30575562 1.30471468 4.00358486 0.635289669 0.635751843 0.658409059
v 8.89253235 1.32774496 4.46013165 0.327235371 0.336944759 0.363238633
v 9.60936356 0.884105444 5.1523447 0.188196272 0.205059871 0.198080182
v 10.4236584 0.822698832 -2.48004818 0.213352069 0.21404174 0.207448021
v 11.2478476 1.8538022 -2.97310543 0.327257812 0.322768956 0.323984653
v 8.33058453 0.562795877 6.37393093 0.743783414 0.743341327 0.785729945
v 6.73844385 2.81059957 -1.83743 0.623599827 0.614524901 0.652165115
v 9.28850746 1.14421368 -9.14829922 0.248534203 0.272772193 0.282413155
v 8.93877125 0.707371235 -8.61144829 0.262486726 0.272959799 0.290786475
v 9.31094837 0.405589461 -7.95287371 0.172618523 0.182144701 0.17462638
v 9.63239765 2.60914207 3.44937611 0.343770176 0.331392825 0.345920503
v 5.78903723 2.92106819 -0.530248642 0.650269568 0.647562027 0.66674453
v 6.38983393 1.9043653 3.98767376 0.266323179 0.212318778 0.204398692
v 5.34256506 3.11878777 -1.88415527 0.278970152 0.388109714 0.57670927
v 7.37904978 1.90519691 1.02756977 0.599589288 0.523335218 0.482151002
v 5.46968412 2.23149109 0.771853447 0.527757943 0.478342742 0.478534281
v 4.46401644 2.25235605 0.0106620789 0.691975653 0.572586954 0.508277476
v -4.77822733 0.134061813 -5.12172985 0.247042254 0.21959129 0.2242506
v -5.19908237 0.163626194 -6.66275692 0.297659278 0.273571759 0.276071697
v 8.66479301 0.348817945 -8.49931526 0.14042747 0.157508269 0.14900963
v 10.2290516 0.51386404 -0.903352737 0.204792291 0.163710594 0.158716545
v 9.73434258 -0.0313136578 -0.439217567 0.380392164 0.274509817 0.247058824
v 10.3117476 0.312452555 -0.634750366 0.311519444 0.231694758 0.213551283
v 9.4959898 2.03995395 -1.33808708 0.377209336 0.351575077 0.357008159
v -3.53831196 0.174979687 -5.46088314 0.221008912 0.206450373 0.210616678
v 10.0857115 1.73356771 -2.38153648 0.265612781 0.257809073 0.238879532
v 10.226264 0.387268662 -1.95248508 0.599327385 0.585686266 0.574129105
v 4.08374596 2.75214005 -2.10133934 0.554321527 0.54820931 0.556857705
v 4.18459558 4.91043854 -1.12767029 0.602650166 0.56864512 0.563235104
v 3.9233532 2.96641541 2.76713085 0.707294345 0.669846535 0.642545164
v 4.24520063 3.03414631 -0.489728928 0.719649434 0.692268968 0.671048522
v -6.88714933 0.103903532 -4.66115952 0.435716569 0.40506503 0.398319423
v 2.34716392 3.20374775 3.18592548 0.869202077 0.820583999 0.802778482
v 7.39047766 2.13727927 -0.120029449 0.475410312 0.384603739 0.349948049
v 6.58345127 1.92333364 0.72211647 0.636625826 0.577049494 0.553069949
v -0.370076597 2.83376265 3.33811092 0.667060971 0.625851929 0.603424609
v 9.49069691 2.62137365 4.60981083 0.417569101 0.397325933 0.396454632
v 7.03000879 2.36683202 -0.0820589066 0.66343981 0.608317077 0.600498378
v 8.47798252 0.428304911 -0.918828964 0.114812613 0.119986184 0.142891109
v 5.55279207 2.75067139 0.130077362 0.50234139 0.466712326 0.481677771
v 10.2936954 0.743773222 -6.93115139 0.157065764 0.173951894 0.166249469
v 10.7551823 2.03974032 2.61644077 0.702445149 0.69682163 0.720912933
v 10.4525566 0.824792147 -7.45065117 0.0175349023 0.0373174362 -0.0134142525
v 9.13899612 1.0427177 -4.43060493 0.302745908 0.293274164 0.272322774
v 9.59870815 2.2219348 -2.49710655 0.147929087 0.168236777 0.183166876
v 8.86567688 0.969725132 -1.99065018 0.0985964835 0.125512108 0.164142832
v 9.34643841 1.4185977 2.94508076 0.565473795 0.569758296 0.598308742
v 9.07980633 1.45097017 3.31586933 0.651469529 0.655725956 0.679939508
v 8.21057129 0.270368338 -12.4380283 0.124608427 0.125306562 0.122786254
v 10.0204563 0.30950284 -13.3558178 0.301879615 0.295140356 0.276557744
v 10.3184938 0.520488381 -7.60299778 0.394458622 0.384386718 0.370706648
v 4.88764191 2.68499804 -1.57077885 0.472171992 0.507557333 0.585603118
v 9.37261009 2.80937529 5.98228168 0.474645108 0.449622214 0.45280394
v 10.0263062 1.20404196 3.17550564 0.6802212 0.686622441 0.720479012
v 3.52782965 2.96510911 3.15474224 0.787788987 0.721261322 0.698695302
v -7.26451492 2.78615046 -10.9682827 0.19667013 0.181848168 0.194767475
v -7.10087013 2.35975981 -6.69324875 0.0421392955 0.112540238 0.240480587
v 4.72981167 2.85493422 0.0784254074 0.659975886 0.618836641 0.6235376
v 4.08987284 2.27630138 0.183332443 0.708181679 0.64664644 0.60444659
v 4.11615086 3.45216274 0.102968216 0.664830685 0.609396815 0.57373935
v -9.17513847 3.32292747 -10.5436764 0.431137323 0.495966166 0.343805581
v -7.08066463 2.73141098 -12.4578638 0.628971636 0.45783177 0.291317254
v -7.17224646 2.72494411 -6.7980032 0.149433583 0.132107183 0.111420363
v 10.6176176 0.399056911 -6.28704929 0.76305753 0.767606854 0.75728178
v 9.31973457 0.611889839 -0.345981598 0.113362551 0.110973552 0.119184941
v 9.28632832 1.12889051 -7.03374767 0.189288154 0.200668633 0.207899362
v 6.21001959 2.31293726 0.262544632 0.57475251 0.534888029 0.541114569
v 3.87794399 2.22501898 3.00163746 0.689133167 0.615038455 0.576723635
v 9.6718235 2.34800053 -4.07396221 0.208881617 0.268499583 0.296169579
v 9.01259327 2.75698471 -1.97416115 0.243137255 0.219607845 0.23137255
v 9.90886593 1.20127583 4.70007229 0.0124809984 0.0351189338 0.0497165248
v -7.19234753 2.72288847 -3.8942461 0.230246916 0.2214192 0.193642378
v 4.27320147 2.10602546 1.12564373 0.592712343 0.53076309 0.492909044
v -7.07216835 2.38023853 -13.4553385 0.439983487 0.406893402 0.252910882
v -5.62269783 1.9007628 -7.46293259 0.121734343 0.0998091698 0.0687867999
v -5.57195377 1.86976862 -12.1757307 0.399174452 0.378137767 0.231048405
v -5.58692789 1.51887965 -6.88699532 0.335252672 0.362267911 0.306217492
v -5.41996527 1.60875225 -12.4714031 0.155605674 0.176539689 0.190353379
v 4.04855394 3.07566118 -3.99130726 0.556794941 0.488074839 0.485477954
v 8.59367752 0.379592538 -5.02184296 0.287758529 0.279398412 0.276983082
v 9.64505768 2.23576403 -6.09131622 0.178181574 0.254540235 0.329357207
v -5.66893816 1.94570804 -2.74705124 0.301169425 0.159106046 0.10947977
v -5.50044489 1.52811623 -6.23282242 0.295396984 0.377686143 0.314202547
v 8.61079884 0.420733929 -11.5253925 0.414672613 0.405768365 0.405191362
v -1.03747582 2.99637175 5.94018078 0.547810018 0.530853212 0.526105702
v 8.89109612 0.789083004 -4.55177879 0.19382064 0.220180795 0.215869382
v 9.08257771 0.578764439 -6.93044186 0.149258107 0.164722487 0.163358986
v -0.0503599644 -0.0313391685 6.51638126 0.121568628 0.117647059 0.13333334
v 9.91340065 -0.0313056707 -5.22940826 0.372549027 0.337254912 0.325490206
v -6.10023308 -0.00763607025 -12.0070686 0.376232624 0.352564633 0.351963818
v 9.65166855 1.97080112 -9.10471344 0.350621402 0.412536502 0.456222653
v -5.53540945 1.56946301 -7.69782686 0.448179483 0.53390938 0.468979537
v 8.74977589 0.353904128 -6.00491714 0.256272346 0.238469198 0.237116978
v 9.81753349 2.35452843 -9.390028 -0.00130375358 0.149178848 0.339586139
v -6.01657438 0.775949717 -7.80439091 0.298582226 0.278497159 0.277186722
v -0.0358349085 -0.0313249826 -1.8507967 0.129411772 0.129411772 0.145098045
v -0.440295041 -0.0168902874 -3.16651917 0.260493159 0.229641229 0.221984848
v 9.8116188 2.5255084 -6.71028709 0.460588545 0.434108317 0.426608443
v 9.69140244 0.454659343 -6.34862137 0.276792735 0.277890056 0.278272152
v -5.88959885 0.506866574 -6.56118393 0.234796196 0.197490782 0.189542204
v -4.54326344 0.118214965 -9.95318508 0.302787334 0.254152715 0.244883999
v 9.24665928 1.0111196 -5.91735554 0.186694428 0.218091622 0.237335324
v 11.7637177 2.29806519 -3.39911842 0.388984412 0.389891744 0.374435365
v -7.13331461 0.0556243658 -7.94673538 0.370638192 0.342933804 0.340695947
v -5.24875402 0.211952448 -7.77898884 0.359562039 0.338677615 0.341623455
v -5.5500145 0.128419399 4.88169384 0.297608018 0.269581497 0.258722782
v -3.81842804 0.127307177 4.68439007 0.432743877 0.415094733 0.410703868
v -3.71195006 0.203844666 -8.27922058 0.289054781 0.2677553 0.272255927
v -3.28842783 0.355448365 2.76294422 0.290234685 0.259635746 0.270613879
v -3.58607388 0.184510231 2.00381756 0.307849169 0.270170331 0.278312236
v -4.71812105 0.57374382 -1.93778801 0.313952357 0.279435933 0.267491907
v -4.60604954 0.20016551 -1.46668434 0.13938567 0.114309929 0.116667785
v -2.68019295 0.177670002 0.610804558 0.178928047 0.173608422 0.176019579
v -3.54748178 0.167457461 0.461677551 0.241121218 0.22042644 0.224954784
v -2.91514635 -0.000368952751 -4.43645 0.273900568 0.264285564 0.268263996
v -4.05456495 0.187869668 -2.22232437 0.194449961 0.173169062 0.179895982
v -6.47468901 0.121069193 1.07206631 0.525009394 0.483548909 0.467157334
v -3.03223109 0.848040819 2.19263172 0.0799008235 0.0800737515 0.102280706
v -2.87037992 0.197865486 2.04217243 0.193930581 0.173902944 0.17574051
v -5.03827047 0.189857721 -2.15429783 0.238456428 0.216094941 0.217564419
v -5.54793262 1.59482312 2.94619083 0.452780038 0.329903126 0.253025472
v -1.9862318 0.384249806 2.99169445 0.183127403 0.169517577 0.148894712
v -2.19016623 0.156752586 3.57256603 0.183178976 0.172087312 0.176430106
v -3.04852414 1.09891891 2.57717609 0.0794813558 0.0747552961 0.0822934508
v -4.84942436 1.41542125 -5.65663338 0.0702268556 -0.0737974942 -0.0453054309
v -4.38694906 -0.0284788609 -11.6071892 0.111432649 0.0870410427 0.0906394422
v -1.53462124 0.323010087 0.664716721 0.0698856637 0.0713240206 0.0950535759
v -2.24482584 0.407254696 4.81236172 0.208134472 0.19927752 0.19758819
v -2.18438005 0.913098812 5.39218616 0.213213876 0.188188255 0.14963454
v -2.5071044 0.799202442 3.96464252 0.223529413 0.200000003 0.152941182
v 9.74983215 2.28659582 -13.0185337 0.591243744 0.546817005 0.474833786
v -0.715440512 0.527611494 -2.65435886 0.0799713135 0.0744164139 0.0816514716
v -0.329132974 0.387404084 5.49691105 0.0949226171 0.0908490121 0.102883428
v -0.806798995 0.383175015 -1.88673115 0.109548345 0.105747245 0.118790999
v -0.743875265 0.296744347 -0.925750732 0.156226218 0.144961447 0.141496822
v -0.901921093 0.507179022 -0.0474309921 0.091045782 0.0829284564 0.0917859599
v -1.44483995 -0.0164294243 -1.84714031 0.129870817 0.129801363 0.145397827
v -1.70440209 0.251150131 -0.817180634 0.129061669 0.125140101 0.143893182
v -5.751019 -0.0308964252 -11.1969376 0.301960796 0.266666681 0.262745112
v 9.79224873 2.41212845 -11.8169069 0.568227172 0.525954664 0.469550192
v -5.50662088 1.56756568 -1.76336384 0.580258608 0.675091386 0.583372355
v -4.73782587 1.18233943 -8.80389977 0.0901960805 0.0823529437 0.101960786
v -3.93349814 0.853337526 -8.20491505 0.0970552936 0.0592922233 0.094858259
v -4.49157572 0.599257946 -9.15487099 0.375643909 0.337799847 0.31543088
v -4.34399557 0.711615801 -9.71343803 0.337580293 0.308626652 0.287148118
v -1.20043516 0.421120524 5.70394611 0.150123924 0.141065389 0.150978565
v -4.87420273 1.31459665 -10.444828 0.150449529 0.137539402 0.135999098
v -2.90420008 0.629061222 -10.6600876 0.105882354 0.0980392173 0.117647059
v -2.71477032 0.000255346298 -0.809824944 0.212723151 0.20783627 0.219219059
v -1.89440703 0.199982405 -3.55150032 0.13268055 0.123842664 0.136411235
v -2.23955059 0.0200120211 -3.26178741 0.177746192 0.167520702 0.172228009
v -0.880661905 2.81962013 0.724655151 0.406261384 0.384890527 0.393589526
v -1.3565135 0.628815174 -3.01257133 0.138427749 0.126155674 0.113411151
v -2.59096766 2.83324623 2.21424007 0.256555498 0.241872042 0.248296514
v -4.19070244 1.56331205 3.53670406 0.230724081 0.196409807 0.167006329
v -4.99142504 1.63192368 2.44227123 0.219607845 0.192156866 0.184313729
v -5.17292786 1.61449742 3.78309727 0.411764711 0.403921574 0.305882365
v -5.45583344 1.69426584 0.676760674 0.353915811 0.367289573 0.325959444
v -5.38052893 1.82024789 -0.231043816 0.548885107 0.54944557 0.535024524
v -5.21348906 1.76928997 -3.06494331 0.631372571 0.623529434 0.643137276
v -2.69105434 0.176099777 -10.4829292 0.156301886 0.145410433 0.157369867
v -2.02109361 0.278938055 -10.7388344 0.159241065 0.154987574 0.168237254
v -3.10390949 1.28344345 6.83037853 0.245398521 0.195649788 0.135643661
v -4.99366331 0.00640314817 -12.5669146 0.359987289 0.310438156 0.305322528
v -1.93054605 0.0281040072 -11.1329899 0.22526744 0.212477818 0.215615675
v -3.42574668 1.61278605 -4.74040222 0.0734258741 0.0760853216 0.0954142585
v -3.94849491 2.19837952 -3.50454807 0.392156869 0.384313732 0.403921574
v -2.67371607 1.96779227 -3.33166409 0.141176477 0.121568628 0.113725491
v -2.3428781 1.48189497 -11.9273939 0.380706459 0.247171134 0.255066067
v -1.93917346 0.900787711 -11.6515799 0.278855801 0.239726424 0.225050613
v -2.94466734 0.986399412 -4.96883965 0.205486134 0.166869909 0.13669011
v -1.55970407 -0.00880455971 -12.5690861 0.108329594 0.102746725 0.108420931
v -3.08705282 0.851512909 -5.90232849 0.0941176489 0.0901960805 0.101960786
v -1.63758636 0.32644999 -11.7515659 0.180392161 0.168627456 0.176470593
v -1.54734874 3.19941711 3.25248623 0.172480404 0.153843462 0.166266292
v 0.324939072 3.79914522 2.9860239 0.801954925 0.760768652 0.754987538
v -4.06323242 2.96759367 2.04677868 0.19304347 0.182479784 0.195445538
v -3.36770535 3.22964191 2.60937214 0.216366708 0.199872285 0.20757325
v -1.51853347 3.01036549 3.91003513 0.223615617 0.230396852 0.323630959
v -3.04602146 3.34741497 -2.22469711 0.192156866 0.184313729 0.192156866
v -1.80963492 2.51503301 -2.36433792 0.298039228 0.286274523 0.290196091
v -4.46252394 3.11515713 -1.95059395 0.631372571 0.623529434 0.643137276
v -4.89975595 0.981142282 -6.46923161 0.172794029 0.142324269 0.139135689
v -3.6986599 0.807619572 -6.69037819 0.160105661 0.120604448 0.109761477
v -1.75600457 3.40461302 3.85809612 0.124581389 0.18625398 0.419745654
v -1.87559164 3.6131916 4.28158665 0.134874791 0.179981142 0.311825842
v -0.278535843 3.52948189 2.91776371 0.85763365 0.825689375 0.828262508
v -1.40974021 2.94818258 2.2883997 0.223529413 0.20784314 0.223529413
v -0.790138602 3.01858425 3.21752453 0.759901702 0.717095494 0.71224916
v -2.12205601 3.12118244 4.61429691 0.262892514 0.294020474 0.406121194
v -2.74656105 0.448742032 -6.71374607 0.0845816508 0.086250186 0.103918701
v -2.98732805 0.099627018 -5.91400242 0.139920026 0.137202039 0.154683173
v 2.99117994 2.57387781 -6.11042309 0.288747221 0.243828505 0.235701352
v 3.6171937 3.44776249 -5.78808022 0.355312318 0.31825906 0.29995507
v -4.9633503 3.70894003 3.0477438 0.401053309 0.385279089 0.398052365
v -2.7889328 0.678698301 -4.28754807 0.0726334974 0.0713254809 0.0935530365
v -2.01879597 3.62018156 3.19863415 -0.184674323 -0.191015467 -0.173886076
v 3.7442565 3.50613785 -6.71347237 0.355990291 0.339401156 0.339379936
v 3.97166586 2.63192296 -5.82273197 0.527150691 0.407370985 0.352254152
v -7.11707878 3.42909861 2.28264713 0.150319323 0.158440784 0.129032105
v -4.68516731 3.09460831 1.1503706 0.347943872 0.338438451 0.350582391
v 4.01230907 2.9487052 -6.57588482 0.513012826 0.487232774 0.480943471
v 3.5227294 2.24941421 -6.12374306 0.321971267 0.278962046 0.257816702
v 3.23780203 2.47114801 -6.47613907 0.2959297 0.261084199 0.259483278
v -1.64855599 1.97773933 1.33927631 0.196078435 0.184313729 0.196078435
v -5.0565114 3.04773712 -0.320370674 0.615686297 0.607843161 0.619607866
v 8.73707008 2.81412077 -5.73511982 0.525490224 0.498039216 0.517647088
v 9.31849575 1.12056017 -12.9092674 0.248131767 0.40171966 0.444343328
v -1.10533607 3.33613348 3.09531498 0.458823532 0.427450985 0.427450985
v -8.45927143 3.26715231 3.36599636 0.423006207 0.416327178 0.29192099
v -7.15436029 2.44530272 3.53873158 0.211617544 0.218416095 0.148615181
v -7.22385788 2.55394578 2.57276821 0.357488543 0.338607311 0.25011611
v 0.104600966 3.58208895 6.35736942 0.137818441 0.131165579 0.147807315
v -5.75415897 1.95553231 0.238685608 0.216647342 0.261933088 0.219819337
v -7.10102654 2.26526737 0.468754768 0.0120228762 0.138612121 0.149222881
v -7.23634911 2.59297562 -0.856704712 0.191714138 0.205931813 0.194999471
v -8.49242401 3.25429535 2.7420435 0.230711475 0.244741678 0.231810644
v -7.7261095 2.88444042 -0.664709091 0.196178898 0.18811363 0.168801576
v -9.3859663 3.42597628 -1.51646519 0.25136736 0.263631701 0.262502104
v -9.33365917 3.31702805 0.33245182 0.219884381 0.185954645 0.149233207
v -8.58581734 3.35407495 3.23928928 0.200855762 0.213588506 0.198699713
v -9.34911823 3.57930088 4.17952633 0.411385685 0.505025625 0.566679478
v 4.04768848 5.31462479 -5.43046761 0.674561083 0.733182132 0.755680382
v -0.679784477 2.78816319 -0.939446449 0.164705887 0.149019614 0.164705887
v -1.06507027 2.94293308 -1.85560036 0.192156866 0.188235298 0.203921571
v -9.35524273 3.36363363 -3.33821487 0.534917533 0.519462109 0.349458247
v -5.27902222 3.41850805 5.42078495 0.65588069 0.624628484 0.62891531
v -4.38403988 4.03572607 4.97911358 0.427610457 0.428670108 0.482158273
v -5.4076438 4.01755857 -2.03506947 0.151174307 0.14710857 0.166532576
v -4.38729048 4.42472172 -2.72528648 0.149713233 0.147172615 0.17317985
v -6.17154551 3.97580338 -2.64016819 0.166322261 0.16181913 0.183364585
v -4.08504963 3.86987209 -2.00823498 0.174548715 0.170434117 0.189158291
v -7.36483812 3.45282459 -2.68319035 0.18564631 0.181527123 0.189017966
v -5.43814659 3.75317097 -0.699282646 0.179243803 0.162985861 0.177789032
v -5.18016911 3.49109554 0.212082863 0.226027384 0.2153465 0.226505578
v -1.11731029 3.54044533 2.98853397 0.614832282 0.587272823 0.592435896
v -1.75762665 3.86494923 -2.42096996 0.196078435 0.188235298 0.203921571
v -0.481480956 4.26481533 -1.94146538 0.192156866 0.188235298 0.203921571
v -0.290190816 4.32671595 -0.474599838 0.474509805 0.447058827 0.458823532
v -0.636476636 4.52862406 0.828974724 0.68235296 0.647058845 0.650980413
v -0.774505496 0.302880526 -12.9800148 0.106228292 0.103542514 0.116323553
v -5.21588802 3.81126261 -1.29316521 0.164705887 0.156862751 0.176470593
v -3.55166793 3.95773506 -1.89399624 0.115063779 0.115195051 0.122552015
v -1.50588453 1.11914015 -12.7829533 0.141176477 0.121568628 0.125490203
v -3.28209448 1.93353701 -12.9913692 0.478431374 0.298039228 0.309803933
v -7.38043547 3.55335999 -3.39747715 0.207732931 0.200350985 0.219390899
v -1.12969351 3.99037981 -0.437324524 0.164705887 0.149019614 0.164705887
v -1.23192763 2.6898644 -0.871501923 0.192156866 0.188235298 0.203921571
v -7.11800861 6.13252544 -9.45665646 0.557902098 0.543007553 0.553379536
v -7.14531231 5.59068203 -8.96485233 0.605759084 0.5944677 0.608836472
v -10.3058348 7.69605541 -11.0350666 0.688361108 0.6612795 0.669010699
v 2.43277001 5.46898174 -1.21447182 0.844605207 0.81110841 0.807614923
v -9.87627029 7.81886768 -11.2899542 0.92307514 0.878188789 0.854757607
v 3.77822399 6.44525385 -1.69004536 0.822373807 0.816764474 0.838248551
v -5.83306217 10.4458323 -5.56291389 0.260417521 0.272917211 0.326666087
v -5.21273232 11.1618958 -4.90791416 0.18589586 0.191533387 0.246839628
v -5.47532845 10.6563616 -5.4575882 0.230718136 0.245338216 0.307145596
v -5.92022943 10.2066841 -6.1179924 0.250901937 0.263320416 0.329979032
v -9.1473608 8.8792944 -12.4595718 0.861273944 0.856313109 0.884849608
v 1.50175691 5.30294895 2.54461956 0.801881254 0.781952143 0.791560113
v -0.18129462 4.61697674 2.89952183 0.698621511 0.676778674 0.685456693
v 3.89741373 4.90893984 0.960185051 0.80298847 0.780475855 0.781067133
v -9.56005192 5.392272 -9.18468475 0.7306481 0.694948494 0.657269597
v -9.32454491 9.02838326 -9.24745846 0.891319931 0.888235688 0.912152827
v 4.23741722 6.47357178 -2.11983013 0.702384531 0.694290996 0.709597826
v 4.21687365 5.69330788 -3.26619625 0.676666141 0.673160791 0.685054243
v -9.91450024 7.37426758 -11.5425949 0.66546607 0.60899359 0.549549758
v -10.288415 7.51042938 -12.8853416 0.481121391 0.469298422 0.485401571
v 3.90354156 4.92975712 2.56760311 0.656584084 0.62988317 0.613835335
v -2.46058035 5.57432938 0.469192505 0.872283041 0.850427866 0.85515368
v 2.14683199 5.40120935 2.32955647 0.874323726 0.848369777 0.857185602
v -9.82076073 7.67922878 -13.2670708 0.841536462 0.820563555 0.80962342
v 3.83010721 4.8839426 -0.145428658 0.880930722 0.849799335 0.851015747
v -9.3691721 9.04513359 -7.76678801 0.858454049 0.86337477 0.901696026
v 4.12137794 4.63406658 0.060801506 0.64991945 0.604039729 0.580264866
v 2.82676125 6.60460472 -1.50847149 0.807045877 0.775080442 0.774811387
v -9.75514126 5.53658152 -8.11198044 0.70659399 0.657551229 0.614072382
v 3.4104805 3.76438618 2.85794735 0.804230809 0.757394969 0.75077641
v 1.40497088 6.24980879 -1.46486568 0.841504812 0.815961957 0.819526136
v -7.21580219 4.88392401 -5.85035801 0.398727119 0.37625578 0.373859286
v -5.68180227 5.13569832 -5.15699673 0.340070128 0.33948639 0.349074423
v -5.60207605 4.86876631 -6.6548481 0.497757345 0.469777107 0.461537778
v -9.71474648 8.60281467 -7.65185738 0.847346723 0.841954529 0.867116272
v -9.9339571 7.98769665 -9.51085281 0.845710397 0.829779446 0.834512532
v -8.47518158 9.2277565 -11.0407925 0.848597229 0.838134944 0.84819299
v -5.73799658 10.1910496 -5.9088192 0.200146452 0.215807781 0.270787418
v 3.64922762 5.20117807 2.30936718 0.826801658 0.81861949 0.82942307
v -6.31009674 5.57604933 -9.54857063 0.592673957 0.564838052 0.568351626
v -6.89151621 5.90799522 -9.74777603 0.587108791 0.570730567 0.580918849
v -7.3554492 7.27319336 -9.70858192 0.346200526 0.324525535 0.334214658
v -7.68834305 6.16748905 -9.38321495 0.0512436144 0.0186363272 0.029529728
v -9.58857155 5.41758728 -7.28286791 0.0913864598 0.0535952039 0.0691749454
v -9.63770485 5.07020044 -7.65664673 0.737254918 0.698039234 0.666666687
v -9.32456493 4.97781992 -7.57307816 0.237209335 0.210487694 0.212513432
v -4.70296764 4.79654884 -6.68714523 0.440005392 0.435410917 0.447295398
v -7.28701067 5.32063293 -4.36954308 0.37440908 0.380482614 0.395151079
v -7.56674004 5.85452843 -3.35882473 0.179246172 0.141995579 0.137423843
v -9.48598099 5.2381916 -12.1440392 0.801741481 0.77203536 0.761370778
v -5.39901686 10.3605623 -5.45078278 0.760144353 0.751536548 0.741184831
v -9.41631985 9.11654568 -6.55138874 0.84394592 0.848449886 0.872737527
v -9.49499226 9.2214241 -5.09255409 0.848534346 0.848299444 0.886624992
v -9.9354763 5.86432266 -6.54183674 0.738569558 0.707585931 0.693270385
v -9.94396305 5.77467155 -5.33375931 0.718194425 0.686458826 0.667489946
v -10.1164303 8.01502228 -7.31282377 0.837162256 0.814503789 0.814736068
v -9.60744858 9.0763464 -4.66335201 0.847884655 0.849196792 0.882281899
v -8.73465157 9.53185368 -6.46909618 0.853687286 0.831172943 0.832272947
v -9.5513773 9.37906456 -2.99163818 0.849807203 0.847640395 0.870153308
v -5.80770397 5.01814032 -8.7606926 0.571038604 0.547748804 0.556576073
v -6.24666357 6.55474472 -10.4836121 0.66367054 0.654410899 0.67722261
v -4.83419085 6.57087803 -10.6193085 0.638971329 0.626243651 0.647889912
v -6.21226931 6.71770573 -10.7382307 0.847371936 0.851170659 0.878513575
v -8.76021671 9.72547722 -3.46526527 0.860108733 0.853677094 0.87352401
v -7.12733889 5.07900095 -5.01298904 0.386203408 0.379809469 0.397504359
v -9.71889782 5.29323101 -4.98939896 0.741318345 0.698738217 0.68190372
v -9.55490303 5.00126553 -6.21458626 0.702566206 0.671370089 0.636630774
v 4.04078007 8.53117561 -2.74431038 0.798434973 0.789125562 0.805982053
v 4.22771788 8.283741 -3.82171059 0.748071313 0.744110703 0.757030725
v -9.54171848 4.76025391 -7.48791456 0.737916648 0.69004792 0.645443141
v -9.54220486 4.60656929 -6.59980392 0.742167592 0.680005729 0.607988536
v 2.89219952 8.23600674 -1.98470211 0.718143106 0.64192456 0.609235287
v -10.4374752 7.82163525 -7.59865284 0.459458113 0.471216381 0.526655674
v -10.1575394 7.59877872 -8.61841583 0.64452976 0.586544275 0.524555445
v -10.1301546 7.47141838 -6.78638268 0.725108981 0.700362861 0.69307673
v -5.95593786 5.54029655 -7.63434982 0.535977364 0.51648277 0.52999109
v -7.46319723 5.79509449 -4.68635368 0.188085839 0.144098565 0.147448435
v -9.85013962 6.74786711 -6.95288277 0.112108856 0.105556644 0.118002556
v -6.79832792 5.28103924 -10.0816345 0.636742115 0.621952057 0.627780557
v -10.6858902 8.02623177 -4.42797375 0.608903885 0.593059957 0.594621241
v -10.5330057 7.87048244 -6.22725487 0.732183337 0.710344613 0.708708882
v -10.4619751 7.63550568 -4.80832005 0.669712186 0.616703033 0.553215563
v -5.44264412 10.8674278 -4.97154427 0.215445086 0.216822609 0.246668816
v -10.0559521 7.64760685 -9.98801231 0.676350832 0.648246646 0.644036829
v -9.68826771 5.3864193 -4.19912148 0.271430612 0.223864362 0.214236319
v -9.75479412 5.80382538 -3.88709641 0.177440584 0.1301862 0.132769033
v -9.65735912 5.08790493 -3.43785667 0.638922811 0.608344793 0.588251054
v -7.48036003 5.64188385 -6.80586338 0.271135837 0.24514468 0.252957493
v -9.51430988 5.18132877 -5.8945837 0.214026853 0.1689163 0.167053118
v -10.7787457 7.94795036 -3.73021889 0.727627754 0.678039968 0.64206028
v -10.4792137 7.72901535 -9.2604866 0.413819522 0.446792156 0.537440181
v -10.4510851 7.90726852 -8.70140648 0.38633284 0.431848973 0.528725564
v -10.1540613 7.25437737 -5.33817482 0.725209177 0.699697733 0.694227457
v -10.1236477 6.54916477 -4.70471573 0.643739283 0.629183233 0.628058016
v -10.7025242 8.16781044 -3.03181362 0.455144227 0.48532936 0.553347468
v 1.19661188 5.53232765 -1.12146568 0.856842756 0.801997066 0.789113224
v -10.1775618 8.18987274 -4.1949625 0.836175025 0.821820199 0.823124051
v -8.50641632 9.83158398 -4.77902699 0.892663538 0.893814564 0.923863709
v -8.60597515 9.62585068 -8.78921604 0.835401654 0.837839246 0.877887309
v -10.058094 7.77987099 -8.92049217 0.685471296 0.598696232 0.502161086
v -6.96837902 5.0721035 -6.80422974 0.450553298 0.432668656 0.437347621
v -9.92211056 5.58843422 -3.76807022 0.757976711 0.736522317 0.715358377
v -10.2714357 7.64198875 -3.63347054 0.698955476 0.667390525 0.648011804
v -7.85979891 7.20062828 -9.20485783 0.277839094 0.216813788 0.209074378
v -7.91628027 7.42375374 -7.22983456 0.0739878342 0.0389818959 0.0579844154
v -9.57408714 4.94975901 -6.69710445 0.327360064 0.307817906 0.319441408
v -10.3066082 8.09972763 -3.31193733 0.87693584 0.833338976 0.805000544
v -10.6718864 8.18917942 -3.13684177 0.566965103 0.567184389 0.617887437
v -9.97139359 6.33048058 -4.63380909 0.625965774 0.606463909 0.594910443
v -4.46065807 9.39615059 -4.43262577 0.728030324 0.764519036 0.844198167
v -6.301373 9.9892664 -3.90847683 0.826292992 0.850182116 0.893931985
v -10.2630157 7.89602566 -8.84162998 0.843137264 0.788235307 0.764705896
v -6.60340166 9.24980164 -5.03010559 0.748879373 0.748808384 0.769051611
v -7.25813389 8.18742847 -11.0562229 0.732651949 0.720904112 0.741177201
v 1.67206931 8.65846443 -2.09282494 0.722554564 0.664099157 0.627512753
v -7.16228247 7.47484398 -12.7417564 0.759470582 0.744728923 0.750712395
v 2.87670565 8.6094799 -2.43727398 0.887232482 0.874678552 0.878328502
v -9.77927017 6.47209311 -3.02494526 0.238338813 0.191279992 0.184071183
v -5.46822405 6.13106346 -9.08710098 0.590491891 0.575082302 0.586959124
v -10.0415573 6.56794071 -6.21249199 0.70955807 0.692211628 0.680487216
v -9.86467648 6.67530298 -5.1644249 0.738564968 0.718161523 0.717171788
v -0.11003685 7.67277813 -1.39920616 0.694274545 0.612766206 0.565669298
v -6.93300867 6.53004742 -12.1269503 0.772069216 0.752090096 0.772529602
v -5.24198055 5.15819979 -8.42479515 0.552253723 0.519917428 0.532147884
v -5.12981367 5.59080935 -9.08194542 0.598188579 0.58160162 0.594554365
v -9.59228992 6.62549686 -4.30314064 -0.018450221 -0.0595556051 -0.0482400991
v -9.96666527 6.42604923 -6.03514671 0.251780987 0.189170331 0.172880352
v -7.13984966 9.02489758 -13.7478056 0.761600137 0.740901709 0.744171739
v -8.03465652 9.67811775 -7.48445272 0.785433292 0.799225688 0.842450798
v -6.17518044 5.07290745 -8.03244209 0.53953141 0.508293092 0.511450291
v -7.11581802 6.88617516 -10.1839209 0.942447007 0.956232786 0.985664189
v -2.23489213 6.15948486 -10.9422264 0.841087878 0.824577272 0.848948061
v -2.33680105 5.72232819 -13.2548037 0.788311303 0.75472343 0.750745058
v -7.94283056 9.51470566 -9.87019539 0.736113429 0.732690215 0.760536373
v -7.90048647 8.89942741 -8.39459229 0.684090257 0.687294722 0.698016167
v -9.82129288 6.51450491 -8.59709358 0.215376109 0.186533481 0.198122263
v -8.73035049 6.61082935 -9.13409233 0.189545497 0.141765863 0.149376124
v -4.73421049 5.94768476 -9.62744141 0.564564347 0.551282763 0.56624943
v -4.40580034 5.74365664 -10.3661385 0.634260654 0.610721946 0.617462277
v -3.48706603 9.6499424 -5.02427769 0.237625688 0.249141589 0.308882117
v -3.22293162 10.6902132 -4.77146339 0.278199285 0.277427495 0.298559338
v -7.9038291 8.41594219 -9.68888855 0.695466042 0.687369466 0.699135542
v 3.93768358 8.90328121 -3.05513191 0.308179885 0.244812012 0.243575945
v -7.41342354 9.05683327 -9.95400238 0.949978232 0.972324491 1.02526414
v -6.97973967 6.38228798 -13.7705526 0.806690812 0.779733896 0.785320342
v -1.84578466 5.81588268 -11.33953 0.0713622198 0.0397564396 0.0697360635
v -3.31537676 5.51033497 -12.5546694 0.145112261 0.135396019 0.154180393
v -4.1890707 4.55223894 -12.0700493 0.126676098 0.117269658 0.136886179
v -5.39223433 6.16538572 -10.4985638 0.680860996 0.672801673 0.698693693
v 1.04284286 9.12398434 -2.61752129 0.335754246 0.266983837 0.277544677
v -6.47046947 5.64433575 -7.24752045 0.498936087 0.4776133 0.490852803
v -6.83101368 5.33043337 -8.05106163 0.527282715 0.499423474 0.502678692
v 4.58928108 4.21924734 -8.48012924 0.519370258 0.535084605 0.594965339
v 4.4770627 4.23499823 -10.135726 0.543935955 0.535424113 0.562327981
v 4.21875095 4.60031271 -10.2711143 0.638260245 0.62416178 0.638460159
v 1.44978666 3.55339527 -8.21983242 0.188261777 0.197660655 0.254063755
v 3.0631175 4.05007362 -9.96556759 0.358418614 0.349359244 0.376294047
v 4.18904734 4.82663155 -8.76034546 0.339661211 0.34257102 0.416028321
v 2.79707599 5.62878132 -10.7592983 0.878813386 0.864876807 0.880791724
v 2.48200369 9.12672234 -2.85363293 0.560256481 0.522774935 0.518838882
v 2.54694748 9.84703636 -3.27616787 0.562881112 0.541582704 0.549962521
v 2.55782866 10.0603619 -3.3534584 0.574888289 0.545820236 0.549279451
v 4.04778147 4.93265915 -6.76547432 0.446258694 0.448571801 0.479469538
v 4.19910622 4.64317179 -7.65022135 0.450074106 0.442172974 0.444377691
v 3.59449673 4.86770058 -5.79106522 0.156255648 0.145779416 0.158297166
v 1.65707874 3.97588921 -8.08784771 0.188832611 0.202886462 0.251321375
v 4.19349909 3.76798344 -7.29946804 0.420351654 0.402080417 0.401654363
v 3.63287163 5.23648453 -6.07707214 0.351451516 0.346755683 0.361379027
v 1.46673298 9.70120621 -2.88084984 0.559750676 0.544331968 0.562465131
v 3.58699608 5.57708788 -10.364687 0.790732801 0.772893369 0.787670851
v 1.8929143 4.28040314 -9.5975647 0.467056602 0.259178698 0.223029047
v 2.70518088 4.46624327 -8.59674072 -0.157672167 -0.13615641 -0.0625501052
v 3.46958017 5.08163738 -8.26997757 0.678043962 0.662781179 0.669092953
v 4.4418273 4.4373045 -9.26263618 0.296661556 0.29205513 0.371627122
v -9.74112606 5.50718307 -2.6417284 0.228523508 0.184091344 0.175827965
v 2.10392594 3.90631914 -8.85588074 0.309797049 0.283836395 0.294949889
v 1.35407114 3.67852783 -8.30828857 0.242488161 0.236367121 0.265304506
v -7.99667215 8.16285419 -6.07853317 0.650341988 0.636113346 0.642060459
v 2.6675899 5.22288513 -8.28564358 0.39200446 0.362404674 0.376364648
v 1.80954337 4.75485945 -8.83936787 0.254669398 0.248096362 0.27916342
v 2.54201388 9.75671387 -3.0617609 0.613747001 0.569689691 0.568957329
v 3.05384493 9.75387001 -3.23635197 0.573843181 0.550280273 0.558533132
v 1.52444768 4.6641016 -7.52105236 0.618117511 0.576993763 0.591416359
v 1.96832347 5.22016811 -7.59086752 0.580156982 0.573346615 0.577717125
v 4.00208521 4.5207119 -9.69453907 0.244344071 0.236210227 0.304048002
v 3.31097507 4.73273373 -9.5313015 0.347359985 0.343535393 0.414503515
v 3.87459087 4.95640135 -7.84034967 0.371583283 0.374576807 0.403275043
v 2.13129306 4.76898432 -10.1069126 0.40645355 0.374161303 0.365636438
v -7.82769823 7.44400692 -5.78308773 0.136356279 0.108306333 0.124069132
v -9.60984612 6.99164772 -2.04708576 0.269454807 0.200207606 0.184704289
v -7.03804684 7.41617966 -5.08840084 0.146713033 0.115613036 0.128258467
v -0.137595475 9.17674637 -2.54919147 0.38912046 0.301840305 0.284929067
v 1.69048357 4.44999838 -11.0580864 0.334076256 0.287702501 0.300670475
v -8.0004282 9.76653194 -5.078969 0.791577101 0.799956501 0.835095108
v 3.52111912 5.51324654 -7.45630741 0.705748677 0.698903382 0.697049439
v 2.55862451 5.51590347 -7.51831388 0.621880054 0.624490976 0.645760059
v 3.18237591 5.75725842 -5.74719334 0.691676259 0.656496465 0.628301144
v -9.55905151 5.01044083 -8.00131416 0.731921554 0.699430764 0.674018502
v 2.30779815 4.75500679 -10.9603233 0.252278119 0.20817396 0.24791345
v -4.58583021 5.1533165 -9.82700157 0.608420253 0.583157301 0.590433478
v 3.40845251 8.70252037 -3.44569397 0.752003193 0.741976976 0.720816612
v 1.06045485 9.14940548 -2.95750141 0.788261354 0.763608813 0.754980624
v -5.50906467 4.90972185 -7.7251296 0.430150092 0.393028468 0.380998135
v -9.53278828 4.97167301 -7.29553843 0.737254918 0.701960802 0.670588255
v 1.59044671 5.0830822 -9.52466393 0.547276139 0.54341346 0.560946584
v 2.24468994 4.48143005 -11.8443537 0.301816136 0.176339284 0.190040424
v 3.19104862 5.26492119 -11.511054 0.922272623 0.882685244 0.876072228
v 1.77223253 4.80569077 -10.4033108 0.590658784 0.557454348 0.561674654
v -3.06397414 4.42405128 -11.6805086 0.146817714 0.144845277 0.161302865
v -2.97473836 5.18981266 -11.6160107 0.157673046 0.139538139 0.15543066
v 2.13923192 4.39194679 -8.72135448 0.219966695 0.210815012 0.235994309
v -3.62567163 5.33895969 -10.4218731 0.667448997 0.635569215 0.637533963
v -3.1367991 6.33337402 -10.5412292 0.685613394 0.676543236 0.699302971
v -5.47881651 5.58797169 -9.64461327 0.540962994 0.53258878 0.562970698
v 2.15243268 5.36482239 -10.9279118 0.295244485 0.244014084 0.244999379
v 0.935972154 4.87403488 -8.86500359 0.640325069 0.616643548 0.619914055
v -5.41714478 5.6999464 -10.2743835 0.627173901 0.620646 0.640157998
v 2.09162998 5.67894363 -7.34633875 0.396572262 0.424827307 0.537575662
v -2.73315668 4.78858376 -12.1056576 0.139414772 0.131506145 0.155083209
v -7.00968647 9.82418633 -4.90651417 0.818383634 0.820865452 0.842418551
v -7.35406876 9.8846035 -3.00096607 0.915308177 0.910690844 0.928964674
v -3.89109039 5.27955008 -9.85752678 0.60297823 0.573411286 0.575216889
v 1.68246198 5.12617397 -8.40454292 0.38330701 0.354258418 0.363686293
v -9.56885338 4.85711956 -1.08961868 0.613774717 0.577405751 0.545177758
v 0.594212592 4.53885031 -11.6461239 0.627279103 0.387155831 0.392396927
v 1.51940632 5.4660635 -3.60233116 0.16202575 0.144955412 0.154941633
v -5.72667694 9.10517311 -5.04689026 0.830599427 0.850030243 0.895402551
v -4.84370041 8.65625 -5.27020645 1.30367768 1.36730182 1.37454021
v -5.98737621 7.87997627 -5.48058891 -0.0784201249 -0.167134702 -0.174075082
v -3.78322506 10.2556143 -5.06777573 0.241973624 0.253970265 0.309295267
v 2.11022067 5.66255665 -10.3179216 0.728595614 0.699446082 0.696315289
v -3.77018595 9.43337536 -4.61367512 0.256687731 0.259231597 0.284958065
v 1.32833552 5.48155117 -9.61020374 0.67394346 0.679582179 0.699886203
v -9.29841614 5.81711197 -9.50672531 0.208052546 0.16428411 0.163948908
v 1.46543384 5.49916267 -10.96138 0.365755171 0.318411559 0.327779084
v 3.9140296 8.33170509 -5.10056686 0.723330915 0.727064073 0.744619548
v 2.756598 8.15298367 -5.17090416 0.680021703 0.519083917 0.377145648
v 2.1869297 5.72730589 -8.17090225 0.456005841 0.44764775 0.473800838
v 1.41664553 6.93500662 -5.4206686 0.478035331 0.454646766 0.453419477
v 2.48508739 6.01596022 -5.61470222 -0.00347442296 -0.0345930085 -0.0167366751
v 2.31456804 4.54064274 -12.4224415 0.394118369 0.172278658 0.182442799
v 1.4352839 5.86526442 -4.77416039 0.319810063 0.336517394 0.386545002
v 2.85386062 8.18270874 -5.8433857 0.596164107 0.615962803 0.666275561
v -5.99817896 7.56323147 -3.09059048 0.241034612 0.19737421 0.199284434
v -6.68049526 7.62954998 -4.91178989 0.241910264 0.195734367 0.189631253
v 0.798187912 5.87915468 -3.70246029 0.17466855 0.154179513 0.165582612
v 3.93943453 8.74789047 -4.81313705 0.808783531 0.806730688 0.824027836
v 1.06402683 5.45226145 -7.25881481 0.576069117 0.550072134 0.549631774
v 2.23299789 8.0619812 -5.3259201 -0.00423142267 0.00284404773 0.0312907994
v 1.64423823 8.49863148 -5.55375481 0.4505741 0.41827485 0.423887402
v 1.42959118 8.33970261 -5.18932152 0.431499362 0.399435282 0.411394745
v 0.979113519 8.15227222 -5.78197289 0.485973984 0.444436789 0.457076341
v 1.96172357 8.43899345 -5.86195564 0.65655309 0.657809198 0.697232783
v 0.580767334 5.92560863 -10.3574162 0.845773101 0.838096559 0.863136709
v -6.30162573 7.12221432 -5.80933475 0.594184458 0.617455065 0.673349798
v 1.41458774 9.09579563 -4.89900494 0.794404745 0.793971241 0.81341517
v 1.60403466 7.97093582 -5.53430176 0.656463683 0.638471425 0.631406724
v 1.29163289 5.81741619 -8.82978821 0.687936008 0.663864434 0.649359107
v 2.07603955 8.80410767 -3.59525299 0.673357308 0.621633172 0.603015423
v 0.902178586 5.3887682 -9.22047234 0.644864023 0.63165313 0.634628832
v 0.618076026 10.1672621 -3.15399456 0.509092748 0.496224493 0.491709769
v 0.460879147 10.6591063 -3.43847561 0.511066973 0.49812901 0.500679016
v 0.929907501 11.8180027 -4.15836906 0.571771502 0.554173231 0.589333296
v 0.774683774 4.76107788 -7.71901321 0.712316513 0.69557178 0.687255859
v 0.900447786 5.37675333 -8.00668049 0.629968345 0.618881166 0.612661064
v -4.32779598 11.5403538 -4.52874374 0.261147082 0.275381088 0.34523952
v -3.89715409 11.4100285 -4.30264854 0.187865347 0.200371221 0.264184743
v -2.77963066 11.0972643 -4.66721058 0.196476385 0.208669946 0.268315852
v -2.05452943 10.4441147 -5.4396534 0.267498463 0.277670532 0.327891946
v -2.9870615 11.3605213 -4.71329308 0.301344365 0.334615588 0.424298376
v -2.21845412 10.2979784 -5.4336977 0.243137255 0.243137255 0.262745112
v -3.62552381 10.9580059 -4.58015919 0.521814704 0.518942833 0.544126153
v 0.435921729 8.34629917 -5.23498154 0.713111699 0.715307772 0.742007256
v -0.61958921 3.88512754 5.39522076 0.132442445 0.127618492 0.136833996
v -0.29355669 4.18926382 5.42173481 0.222764552 0.208376199 0.216207281
v -4.40262032 9.88201427 -5.34871674 0.0796826333 0.0955846906 0.144185469
v -5.37420654 9.42994976 -6.6448307 0.568796456 0.566586971 0.574923515
v -5.5012393 9.59831047 -6.59725761 0.228939325 0.243380189 0.289266527
v -1.87123847 9.70293713 -3.83919907 0.773855627 0.762127638 0.770364642
v -2.23147368 10.3526459 -5.60229397 0.279919207 0.294037521 0.352843523
v -5.49525595 9.46126366 -6.63827991 0.390560299 0.393065065 0.442447305
v -4.5314374 9.14163685 -6.89479828 0.568723738 0.565960169 0.574230611
v 0.0114308 6.07845402 4.65184689 0.176152155 0.197219968 0.265002787
v -4.55076075 5.16896915 -9.22052383 0.623857796 0.608700573 0.620872974
v -4.8985343 9.05341911 -6.98680115 0.32114017 0.324691117 0.346967936
v -1.20471203 5.1238842 4.16929531 0.206646666 0.20423992 0.228491634
v -1.7743485 4.74980211 4.20792866 0.084532097 0.0819452181 0.107221819
v -0.274630845 10.1790943 -3.05490589 0.579420686 0.563462496 0.579461694
v -3.77069473 9.10640907 -5.53200245 0.133272573 0.129265398 0.142702505
v -0.340629458 5.28525734 4.23005581 0.22246334 0.2187538 0.240419492
v -0.760373771 4.29331064 4.9097662 0.203909516 0.197549433 0.211370647
v -4.15454006 9.47310543 -5.77114964 0.185736105 0.184608594 0.219947129
v 0.0216326118 5.3708024 2.6935358 0.682046533 0.664309919 0.674241126
v -1.31242657 4.63929653 2.65832996 0.617692888 0.61097461 0.622201025
v -0.288615823 4.15455914 2.70818996 0.674943864 0.648212373 0.655319095
v -4.66049671 9.09139824 -7.3993144 0.207759991 0.222182706 0.296718687
v -4.73468304 9.21249294 -6.92057228 0.191789433 0.195031628 0.241866902
v -4.41949129 9.24111462 -5.28705692 0.82169956 0.801612198 0.824051976
v -1.99418235 6.45825148 5.01716518 0.408120424 0.418637842 0.491170794
v -3.30149508 6.94828892 5.90220547 0.4909724 0.479336053 0.506960869
v -1.96905613 4.91580725 0.817986488 0.13333334 0.105882354 0.121568628
v -1.44794178 3.91754436 4.69707203 0.183471501 0.185384795 0.219120413
v -1.03532422 6.28577423 4.59627056 0.329291254 0.348370165 0.425856203
v -2.78644729 5.24012852 -10.4264011 0.241344646 0.230017707 0.243952021
v -2.40669107 5.01425648 -10.5059767 0.214101806 0.166655615 0.164216653
v -1.91649723 5.8296175 2.36145878 0.783857763 0.73559171 0.731084764
v -1.60391355 5.46310472 2.52790928 0.767534792 0.738466144 0.740619481
v -2.34838057 6.19715023 -10.3647881 0.667475402 0.659496307 0.678782642
v -1.1392287 3.431458 3.16874981 0.568627477 0.541176498 0.541176498
v -0.537892461 6.73964214 -1.51758289 0.8030141 0.762023449 0.75106889
v -2.99279046 5.66854286 2.5888586 0.701422691 0.68959564 0.708588362
v -1.07110476 5.74532413 -1.02194405 0.850722671 0.805509627 0.796392024
v -3.572299 9.74491215 -5.47436142 0.164625585 0.17274271 0.218463823
v -3.41116762 8.75008392 -7.1437788 0.270594448 0.259363323 0.287681282
v -4.17457151 3.5096221 3.28028965 0.146967247 0.129656345 0.145379648
v -4.56475353 9.94802666 -5.03272533 0.251083225 0.266572207 0.321071804
v -2.64530134 4.61106491 4.02530003 0.100001432 0.091052115 0.104349047
v -2.44470358 6.08188391 4.79978466 0.445293248 0.433203816 0.451919496
v -2.20405555 4.28632927 3.85686779 0.332303345 0.385732114 0.535688341
v 0.102401912 5.90273523 -3.0628233 0.188235298 0.156862751 0.168627456
v 0.546132386 4.9895401 -2.89873886 0.21857436 0.208419994 0.21328643
v -2.4884057 9.49139404 -6.45123863 0.208982363 0.213215604 0.284341335
v -2.88389921 9.28613281 -6.13210773 0.19314459 0.228803664 0.323129594
v -2.13148308 9.78067398 -6.13508224 0.268265873 0.281699598 0.321175545
v -2.46512485 9.16389275 -6.68974304 0.506254613 0.483577192 0.503602684
v -2.00499487 5.09575653 2.2473135 0.682151198 0.665216148 0.678000152
v -0.595556855 6.21659851 -1.94117928 0.187394634 0.160592318 0.169923559
v -1.4337101 4.49113941 -2.56619453 0.218244612 0.207795456 0.217202425
v -0.481484771 4.26481533 -1.94146633 0.164705887 0.149019614 0.164705887
v -1.91671491 5.06682396 0.0341243744 0.104346417 0.0784279928 0.0939944759
v -1.92476225 4.33943987 -3.74520111 0.161762401 0.152278587 0.157663882
v -0.521939337 5.07737541 -2.18292522 0.183892027 0.172043279 0.179868445
v -2.18482757 5.77990007 -1.10093117 0.258981645 0.240935117 0.252689213
v -2.66706586 9.69946289 -6.08538628 0.26551494 0.278152466 0.337563723
v -3.0348227 5.64482832 -12.9087152 0.0408035554 0.0307080317 0.0564332865
v -2.66084552 6.03267717 -1.12142849 0.861939788 0.80644542 0.786868572
v -1.46258545 6.87719631 -3.83190441 0.298039228 0.247058824 0.235294119
v -2.61280441 5.62695551 -0.228564262 0.863789797 0.810539603 0.790354788
v -4.46986914 7.3484726 -1.69040489 0.799417019 0.777454436 0.787456572
v -5.6094327 6.30591488 -1.26465511 0.815891802 0.768606663 0.747751057
v -4.21061516 5.68488598 2.62377262 0.710008979 0.697484255 0.708919764
v -2.79405737 6.89371967 -1.57811737 0.821097493 0.793090343 0.802788138
v -2.98280072 3.99901867 3.16895962 0.289827973 0.280409783 0.353256792
v -5.05514717 3.98179007 3.43823147 0.483584791 0.476848036 0.493083298
v -5.38976717 4.0426259 3.97382259 0.49894771 0.477200538 0.485651195
v -5.04718161 3.96622753 4.11910725 0.537921846 0.545133054 0.595658898
v -2.28654003 9.79602528 -5.94923878 0.513725519 0.513725519 0.533333361
v -5.16770077 5.09196091 2.75989628 0.390867233 0.378989339 0.399525613
v -5.72840786 5.34690285 1.44468021 -0.444143444 -0.461541682 -0.437072664
v -5.77914906 5.64812374 2.80664921 0.62013334 0.608368635 0.619175911
v -7.48531914 6.53551769 2.10973263 0.577391207 0.540973783 0.538394332
v -7.48186922 6.34484386 2.39254665 0.581362069 0.559262395 0.566191137
v -5.9933033 6.07646465 1.01897526 0.827962935 0.784297526 0.775732458
v -3.57372212 5.64717388 -0.502914429 0.568973064 0.521835268 0.516779661
v -2.61729026 5.26250458 0.469641685 0.887573123 0.821418464 0.79167515
v -2.68683577 5.63283825 0.257979393 0.879513264 0.82527864 0.801375389
v -4.74870157 3.66843987 3.8158865 0.440927804 0.428579479 0.468502641
v -4.1490221 7.80916595 -5.30132675 0.910518944 0.927440166 0.936506629
v -7.36689091 3.75287914 6.34553814 0.587955832 0.558136165 0.560930133
v -3.09851336 9.00741196 -7.06658173 0.0169371329 0.0351628847 0.0804458633
v -7.37617636 4.54354763 4.8315382 0.610626221 0.590788424 0.599618256
v -6.17575645 3.64338541 4.64452457 0.486277342 0.458203942 0.455082834
v -3.42652464 6.69323254 5.70831776 0.278117687 0.282197028 0.313824087
v -1.62290883 6.28414917 -2.26962185 0.262706459 0.219070733 0.219457582
v -5.61206245 4.31999207 4.38692951 0.414223701 0.395875037 0.408782184
v -5.30905342 6.39517307 -1.40296555 0.284361124 0.234035254 0.230070695
v -7.29137897 3.94757271 -1.06394768 0.149562091 0.141364723 0.160972565
v -6.89711761 3.98127556 0.0197715759 0.0970158577 0.0932522714 0.115600049
v -5.92311144 4.07739353 3.04404545 0.2470918 0.223689198 0.232838631
v -6.09306383 3.59802246 3.2893362 0.179621845 0.155796275 0.166127801
v -7.59789467 3.47945642 1.10226536 0.423215777 0.416942924 0.427068472
v -7.45295429 3.57602262 3.26279163 0.618363321 0.595879495 0.593114555
v -7.37742472 5.08031178 -3.20271301 0.305933714 0.29597941 0.309941649
v -7.11736059 4.32486725 -1.99564075 0.229504228 0.2259202 0.245618939
v -7.25512457 6.08767223 3.17677402 0.699075818 0.689889252 0.715091288
v -7.26850986 4.70693445 -1.39861202 0.219607845 0.211764708 0.23137255
v -7.75762844 6.09698391 5.56175327 0.172299728 0.162570685 0.168791398
v -6.01226568 5.60748768 1.33411121 0.817236185 0.792628229 0.795711815
v -7.32855797 5.61680603 -1.95919132 0.245303571 0.223082066 0.22682111
v -6.47758007 5.26272154 3.07511806 0.599402964 0.579905689 0.584127486
v -6.55392027 4.78329849 2.77677631 0.633834779 0.608820081 0.612741649
v -7.77492619 3.82085133 2.57114887 0.29547897 0.272924632 0.278051615
v -7.22031879 5.12883472 0.976212502 0.169797972 0.140430778 0.145265952
v -5.60974503 4.12898254 6.37458324 0.672209024 0.632508218 0.632424772
v -1.09081137 5.63988161 -1.89522457 0.210842982 0.192204565 0.198944733
v -6.65491104 4.19989586 3.04207516 0.293818057 0.27087608 0.268779963
v -7.46749735 4.20850801 2.9318552 0.219149157 0.199793339 0.199775398
v -7.85610294 5.83264065 6.32932377 0.700053692 0.698219359 0.705279112
v -6.19006681 6.28387928 -1.70954514 0.244976461 0.214431986 0.214813501
v -7.08075094 6.56651592 -2.09195995 0.226220012 0.197039291 0.190965056
v -6.38693047 5.8280344 -0.55386734 0.194515899 0.175648391 0.17170386
v -7.26511765 5.44931698 2.91539669 0.583577871 0.564070344 0.569353223
v -7.87788343 6.28704786 -1.26291656 0.597567976 0.558475733 0.540873885
v -7.13136911 4.42404222 -2.61014938 0.238047674 0.2347655 0.250384569
v -6.91106558 4.37393904 -3.94485664 0.285768032 0.284220874 0.30666697
v -7.89396191 3.65960217 3.2156496 0.2028604 0.18572247 0.18914862
v -8.1835804 6.35506248 0.710368156 0.400927454 0.381783515 0.386945605
v -9.57492447 5.11628819 5.44024372 0.620418608 0.578868032 0.554006517
v -9.58843708 4.95693016 4.03884029 0.385845184 0.378340036 0.386584848
v -2.83264494 8.78308201 -5.14234924 0.735202491 0.73912406 0.757497251
v -1.7430712 5.70267868 -1.72782421 0.240812659 0.206569433 0.214259177
v -7.63498688 6.73197937 -1.68720055 0.628669679 0.60572952 0.606228352
v -6.8612318 5.89213085 2.99919033 0.614633322 0.59899497 0.600373149
v -7.20316648 4.16468573 -0.474306107 0.0981545299 0.0979019701 0.116230272
v -10.0537548 5.96374035 -1.94643402 0.709065378 0.67356962 0.642567635
v -7.5858674 7.74322224 -1.8684988 0.595422626 0.578494072 0.581962466
v -3.55816746 8.81059456 -5.10478115 0.312490106 0.315260142 0.327532172
v -4.36514664 4.38561726 5.32482052 0.709803939 0.674509823 0.674509823
v -4.11433077 5.65210438 6.0659399 0.678431392 0.670588255 0.670588255
v -7.81602097 5.98432922 -1.86210346 0.734163463 0.739050567 0.751408517
v -0.406003177 9.35798454 -4.87137699 0.837322176 0.839714468 0.856120944
v -8.10291958 6.47558928 0.240681648 0.170690373 0.159932092 0.175440967
v -8.43300152 6.32008553 0.368704796 0.756799221 0.737106442 0.743698537
v -8.23572922 6.18422699 1.67520809 -0.0203237217 -0.0449090637 -0.0389757194
v -8.15799141 7.2310133 -0.107931137 0.181645066 0.128160745 0.122002147
v -7.08415651 5.47887754 -1.28084087 0.199370265 0.181695282 0.183279499
v -9.45739841 5.14524508 6.24763203 0.676158965 0.631087065 0.598615229
v -3.20958185 7.68535995 -5.43316746 0.297699451 0.248458892 0.249862149
v -1.3898834 8.65424824 -5.11447716 0.775199294 0.773459494 0.784103155
v -0.939342976 9.52668095 -2.78257656 0.839579284 0.83762908 0.862646043
v -0.34792912 8.50822544 -5.85499573 0.657501042 0.659782469 0.686051548
v -8.00588322 6.87792015 -0.0811901093 0.721777797 0.702163219 0.686469555
v 0.219168365 8.67731094 -5.73174667 0.607776999 0.607517004 0.633258045
v -1.88075805 9.48945904 -2.59832382 0.910441577 0.909162283 0.941629171
v -0.377465427 8.79909325 -5.14678383 0.603949845 0.602288961 0.631789088
v -7.4279561 4.9086194 2.60570621 0.200719789 0.174239933 0.17086491
v -9.12644196 5.26690197 -9.41684151 0.197399572 0.164481983 0.174037829
v -9.60833836 5.12074089 1.64296818 0.600087166 0.571941733 0.582912982
v -9.63816547 5.26366138 2.41839695 0.285568058 0.235576138 0.228152364
v -9.22478294 5.28164673 0.619496346 0.353368521 0.324493468 0.336626381
v -3.68442583 4.08946037 -5.2889576 0.150813535 0.131729409 0.109005637
v -0.226163149 9.24804306 -3.22376537 0.760358036 0.721461892 0.70600307
v -1.13850176 7.46267796 -5.37814331 0.787407517 0.775177002 0.763699055
v -6.67277193 7.29399776 -2.72284031 0.262745112 0.223529413 0.219607845
v -4.11832094 7.12719059 6.90000439 0.414954185 0.42676723 0.493576139
v -0.164376915 8.16446686 -5.23954964 0.000863067457 0.0232702065 0.0829381347
v -9.58788109 5.20043182 0.163898468 0.606272221 0.54707104 0.478119522
v -7.91309071 7.22843361 -1.91244221 0.350261062 0.312409639 0.301400959
v -5.39116383 4.820086 -4.74956322 -0.281491727 -0.281573862 -0.255564779
v -2.54795694 5.26573706 -9.82036114 0.528950334 0.490906119 0.469494104
v -10.2617502 6.40518379 4.57623959 0.706501067 0.683911681 0.674566448
v -9.59177971 4.95861435 1.19692516 0.855118871 0.732026994 0.62002188
v -10.3399372 6.66668844 3.01409435 0.862779438 0.843922675 0.822736502
v -9.57615566 5.16577148 4.62267017 0.209276065 0.126949951 0.0904785022
v -9.58599377 4.73873425 0.343378067 0.753268063 0.723290503 0.702446759
v -9.9987402 6.07749367 1.13947392 0.387862533 0.323463798 0.30093354
v -10.0806055 6.30434275 1.72264004 0.621319234 0.591804266 0.581581652
v -9.92253399 6.25133514 2.79359913 0.355507374 0.282401234 0.247220472
v -9.94347 5.79791164 1.11580753 0.714245439 0.680531919 0.653415799
v -9.77401352 5.81061363 -1.48456669 0.265712827 0.222301409 0.217909232
v -9.65816975 5.3152895 -1.49373245 0.297466576 0.248109952 0.247310877
v -10.1745262 7.31031036 6.39292622 0.7603966 0.755295277 0.765982985
v -10.2347193 6.92035103 3.58626652 0.350626767 0.255428642 0.20575282
v -10.0460644 6.20756292 -0.360437393 0.700443625 0.676768064 0.657836616
v -10.1494226 6.44757652 -1.10323906 0.750396907 0.743377626 0.748350561
v -9.7080307 5.26124287 1.06037807 0.71997273 0.693478763 0.672652543
v -10.2208109 6.8339901 2.05024624 0.552244484 0.512189746 0.500739098
v -10.2283611 6.69738436 1.42503071 0.681013584 0.659573436 0.651480556
v -10.210804 7.20446968 -1.36619663 0.177164286 0.0924198776 0.0677569956
v -9.45280647 5.23946142 -0.91152668 0.401906043 0.357583195 0.340317219
v -10.2492361 6.89327335 1.46329212 0.437904179 0.392467618 0.37028268
v -9.69209003 5.07675266 0.580770493 0.267925739 0.209525242 0.202865168
v -9.6647768 5.65340233 -0.347117424 0.216910169 0.170418948 0.174129188
v -10.2078896 6.93347454 0.977562904 0.762972534 0.753130913 0.752306283
v -9.58259678 5.26619434 -0.337934494 0.570251584 0.521927655 0.481383592
v -7.69718885 7.72661591 -0.643280983 0.208772704 0.171486869 0.169748038
v -10.2945204 7.26886272 2.50651073 0.324066401 0.226483241 0.187425688
v -9.64717293 5.00074577 -0.396630287 0.715961695 0.688745439 0.674401402
v -9.70246601 5.16026974 -0.182262421 0.720744431 0.68982619 0.674202085
v -10.1847591 7.13562489 -0.298781395 0.653742552 0.624767125 0.62188828
v -3.2699182 7.96192837 -1.43932056 0.750066221 0.666054487 0.601168275
v -0.931437194 8.88454056 -1.9857254 0.623712361 0.551757872 0.504587531
v -10.1673441 6.64509106 1.60750294 0.332308412 0.249355331 0.215921819
v -9.74423027 5.38999128 -0.579698563 0.717271805 0.693103969 0.674216449
v -4.95911741 4.62086678 -6.20481777 0.477227032 0.454502642 0.452865869
v -3.28778768 4.89843369 -9.56305027 0.393189639 0.324907601 0.307899892
v -2.41680574 5.21528721 -8.58842468 0.595129132 0.565349102 0.541126192
v -10.2993784 7.50058651 3.88578892 0.318377614 0.227230355 0.180974022
v -3.05272412 9.41668415 -2.58545208 0.806922913 0.783650935 0.779092312
v -3.07232809 9.03315735 -1.94906235 0.730189502 0.661410272 0.625158846
v -5.11428928 8.17995453 -1.49140549 0.675302804 0.591662228 0.535505414
v -4.80533504 9.18814468 -2.0025692 0.698229671 0.64073354 0.602266967
v -5.34322023 9.75321007 -2.83458424 0.807121634 0.795888126 0.816716731
v -5.9381938 9.38308907 -2.32386017 0.795315921 0.772220075 0.768834591
v -7.41617823 8.59808445 5.12847614 0.050391797 -0.030590238 -0.00233888905
v -8.41896152 8.33860683 5.48711491 -0.257748485 -0.414536804 -0.436773807
v -7.49396038 10.0222387 4.89067364 0.890336931 0.894675672 0.928021491
v -8.04499245 8.05504799 -0.535886765 0.238980442 0.177598536 0.183019117
v -7.54915524 8.34091377 0.533472061 0.254676402 0.150914595 0.141032994
v -7.54058027 9.53309059 -2.53281593 0.581936896 0.515845537 0.464191586
v -7.57331657 9.77223301 0.387368202 0.942165434 0.927654147 0.937555075
v -7.53123331 8.45630169 3.00778675 0.294751942 0.223953426 0.208572
v -9.51885128 9.91692638 5.12741756 0.900592804 0.909732401 0.953091085
v -10.2406158 7.5713129 0.923752785 0.356627464 0.255505562 0.215168402
v -10.1230917 7.92132854 3.30677509 0.340091407 0.287248075 0.282155335
v -7.56198502 9.8743782 2.51034641 0.722862184 0.716212273 0.726046264
v -8.87436962 7.62950516 -1.55912876 0.377396047 0.334105164 0.324497104
v -9.41793442 9.79566193 1.79742146 0.903424263 0.913015187 0.961997032
v -8.15701294 9.85703182 0.845406532 0.949686646 0.961413383 0.997925043
v -9.43941212 7.9289093 -1.48303032 0.725354552 0.702320516 0.679483473
v -8.24938774 7.60252285 -0.514138222 0.194470793 0.129686326 0.130879134
v -8.08187389 9.69910431 -2.83148861 0.883292019 0.866730571 0.865926087
v -4.41021013 4.87389755 -8.84778023 0.527204573 0.49395749 0.49825725
v -10.110322 7.70098495 6.47022915 0.382727087 0.319848627 0.299701601
v -10.193656 7.66508484 6.67510319 0.701960802 0.68235296 0.68235296
v -10.1265659 7.63456726 6.22001934 0.702172935 0.686130524 0.690203011
v -10.7652216 8.53011322 4.54645824 0.701771438 0.698285818 0.728003681
v -10.8268843 8.36911011 5.68190098 0.630805314 0.564737976 0.515005648
v -10.2912769 7.76883602 5.58029079 0.395399004 0.333918214 0.318147868
v -10.166008 8.18810177 4.55116367 0.339829296 0.261549085 0.231498301
v -9.60029507 9.5498867 -0.198691368 0.968969047 1.06221437 1.14389205
v -10.5606804 8.55413246 5.56745243 0.592237532 0.603983939 0.654936731
v -10.7699575 8.40167236 4.29757977 0.527560472 0.477291793 0.418840736
v -9.74914169 7.59299088 -1.38155556 0.24849759 0.184228837 0.177057117
v -10.4130993 8.4074316 4.21772289 0.662381649 0.605900943 0.546429574
v -10.2934999 8.11583328 3.72832203 0.663605452 0.629237175 0.590612829
v -10.2150974 7.52345657 6.04386425 0.706456959 0.697953105 0.709662795
v -10.3440113 7.59312248 3.60775089 0.658587158 0.637402713 0.635720193
v -10.3081198 8.03304768 -2.83271885 0.679309845 0.645969748 0.621315002
v -10.3245411 7.34062195 4.29408741 0.468166798 0.40612942 0.382671684
v -10.2800503 7.62763214 2.24303722 0.816268682 0.781457663 0.756347358
v -10.3234529 8.28313828 -0.245818138 0.899584174 0.862482905 0.851145923
v -10.3382168 8.23831558 -1.15455818 0.873262107 0.830393791 0.807495415
v -9.74160767 9.19387627 -0.992429733 0.814342499 0.831220746 0.861849964
v -10.1187449 7.74970818 -0.13690567 0.703252733 0.675491035 0.652340114
v -10.3045759 7.90780354 -1.01424122 0.648719907 0.598265588 0.557167888
v -10.2725773 7.19433212 2.92544842 0.308327824 0.218255252 0.177440464
v -10.4342241 8.2674036 2.74478054 0.719702959 0.693644404 0.683056653
v -10.3802242 8.38062668 2.40694141 0.846577764 0.799761057 0.779925406
v -10.8350592 8.07159328 -0.11346817 0.245839879 0.240201518 0.290632367
v -10.696269 8.24594498 -0.346492767 0.582247317 0.598131776 0.641726851
v -10.6580753 8.3098278 0.794255257 0.673292041 0.686154127 0.716439664
v -10.7642937 8.38870144 2.78543949 0.494135797 0.493149489 0.525862873
v -9.65670204 9.4827404 0.795332909 0.848588645 0.851272047 0.88061595
v -10.7618847 8.2610178 1.93793392 0.615686297 0.568627477 0.505882382
v -9.73360729 9.4468317 2.09031773 0.838902056 0.844811678 0.879686594
v -9.78771496 9.44998837 3.05230999 0.836463273 0.839404881 0.878840268
v -10.7677917 8.44862843 1.74005222 0.588235319 0.600000024 0.643137276
v -10.6174107 8.10741997 -2.80249691 0.712324142 0.729338884 0.766987264
v -4.60487747 4.49127007 -13.1750517 0.128546879 0.120577738 0.147265539
v 0.303356469 5.02732086 -8.4037075 0.589972556 0.553289533 0.522830546
v 1.01084447 4.87937975 -11.0004292 0.501682878 0.252938479 0.25843218
v -0.0967381597 4.38114548 -10.4266872 0.296054959 0.334415793 0.351354688
v -1.91355002 4.49005604 -4.69467068 0.339099854 0.316047788 0.308734238
v -1.09400415 5.0839963 -7.51166582 0.631120503 0.621303141 0.628452659
v -0.681342125 4.82887363 -9.53487778 0.548226357 0.446759641 0.394328296
v -0.460267484 4.71282387 -6.82546043 0.583664477 0.536164999 0.508524776
v -0.270231962 5.08720684 -7.33363628 0.56996733 0.51954174 0.486230701
v -1.73718095 4.64564991 -10.8883286 0.466876358 0.218127534 0.217662558
v -1.17354262 4.23261786 -5.41516399 0.316633731 0.329743117 0.374904901
v 0.0866085887 5.2404747 -6.28856564 0.579683721 0.578282714 0.580750406
v -0.453127801 5.17204857 -8.5833292 0.612523198 0.569327712 0.507729173
v -1.38174295 4.90865993 -7.78198576 0.536183238 0.468666762 0.396478325
v -0.16422689 4.5707283 -8.3502636 0.441207647 0.380801499 0.351407409
v 0.364542067 5.13251972 -7.53589964 0.57084012 0.552282095 0.545708358
v -0.223879874 4.62171745 -7.64976454 0.593281209 0.566571355 0.543694079
v -0.397341251 5.68678188 -11.0351353 0.725616813 0.685811341 0.690706789
v -0.737003922 4.23583889 -8.23431969 0.481017649 0.421806306 0.380188525
v -1.88035297 4.59366894 -11.6898937 0.145135418 0.140290126 0.159961417
v -1.57694173 5.51389408 -8.15028763 0.663532853 0.650617957 0.629050016
v -1.11088681 5.02841043 -9.15853691 0.642894566 0.5843907 0.519134581
v -1.6560986 5.83982754 -9.40933228 0.590634465 0.567654192 0.518334866
v -0.589226246 5.27337837 -10.3807163 0.668213844 0.627230167 0.60020256
v -0.154447138 4.70741749 -10.0148678 0.353821129 0.295266211 0.273908854
v -1.76014054 4.66775036 -6.65580273 0.396338046 0.37434426 0.366951555
v 0.719213903 5.17452049 -10.2665663 0.539532185 0.49530679 0.476526707
v -1.08535814 5.34674692 -9.60410976 0.633788228 0.608457446 0.591301143
v -2.22898316 5.43988466 -10.3483915 0.636034191 0.599144697 0.569370925
v 1.05567431 3.78694773 -7.88542175 0.196078435 0.20784314 0.250980407
v -1.04830229 4.33271837 -7.55132341 0.507664263 0.447353959 0.404428452
v 0.011978209 4.62007618 -12.0869598 0.263979465 0.102006756 0.129898727
v -0.936285317 4.65897989 -10.4463997 0.387829751 0.308134645 0.304018438
v 0.0760219693 5.1476469 -9.40040016 0.694896221 0.674838185 0.65521282
v -1.67934608 5.28879356 -10.8408995 0.273855567 0.221182927 0.225140914
v -0.249704957 4.54631329 -12.5969105 0.634556413 0.350051463 0.344008386
v -1.04597485 4.76024723 -12.3556089 0.631681681 0.363570243 0.358984679
v -2.4607029 5.2912302 -8.03339672 0.523614228 0.518650532 0.514242768
v -2.35996151 3.94713974 -5.94449615 0.420011491 0.402097374 0.399905235
v -2.86696124 4.78501844 -6.742939 0.460300505 0.428640455 0.41215992
v -4.64805079 4.38601303 -5.62085915 0.425926596 0.415110677 0.42980355
v -3.60292053 4.83324766 -6.98169804 0.477766663 0.46762684 0.47937429
v -3.86156249 4.24604273 -6.28599167 0.373902351 0.346379876 0.334560633
v 1.54931974 4.34210682 -12.4167719 0.599246442 0.284610689 0.289441407
v -2.71581769 4.3088789 -7.83210564 0.475581855 0.449980259 0.421711594
v -4.52485561 4.17900753 -7.42044115 0.484821111 0.446073592 0.429699987
v -2.80594563 4.35136938 -12.4747906 0.119962104 0.112232715 0.141698465
v -1.54800725 4.59783936 -13.7608042 0.14948982 0.143731907 0.170506001
v -5.23277712 4.34223652 -7.8063612 0.393543482 0.347430587 0.325874835
v -3.11596942 4.50916195 -7.19003868 0.458770871 0.468597829 0.491008371
v -4.13298512 4.32235193 -8.84631634 0.429590106 0.361672848 0.333883882
v -3.12853479 4.37224531 -10.4108677 0.200000003 0.180392161 0.196078435
v -2.98714209 4.63240099 -10.4224176 0.205158517 0.178109124 0.191214442
v -3.84273767 4.23995256 -12.2830791 0.153929681 0.143507287 0.169380784
v -6.15548944 4.37370443 -4.22738934 0.161364585 0.156487063 0.175586
v -4.0129056 4.98540497 -12.9863815 0.0980392173 0.0862745121 0.109803922
v 0.0364758372 0.174551129 -28.6868706 0.360930145 0.369515389 0.403435856
v 2.20483303 0.206114769 -30.2617188 0.225732297 0.235675424 0.272912085
v -3.62334204 0.640130639 -24.4457607 0.144897312 0.151077539 0.184002891
v -2.55186129 0.204953074 -26.0327988 0.2310137 0.214802265 0.215290859
v -4.53010893 0.140241504 -33.0048828 0.315653533 0.283740133 0.318034649
v -4.22522593 -0.0657789707 -33.8145523 0.0928585902 0.107480422 0.139536068
v -4.60617828 3.73877716 -25.0150871 0.175953954 0.190016687 0.234355286
v -4.72591639 3.39537334 -24.9148483 0.12874724 0.129887044 0.157838061
v 1.44982004 0.230176926 -33.965435 0.355599463 0.278933048 0.33773765
v 0.88272661 -0.0571122766 -34.8483543 0.235669374 0.195762038 0.193282604
v 0.285725176 1.07862735 -26.5853119 0.11870604 0.118311562 0.138631046
v 0.0936531425 1.1821785 -26.2952728 0.204262376 0.194897905 0.201162368
v 0.38120383 0.997492075 -26.1893559 0.123503976 0.121601932 0.151305035
v 1.39279914 0.116176963 -24.7444 0.160001621 0.173666582 0.216215968
v 3.23743677 0.0467538834 -24.9592743 0.497817338 0.460206091 0.434426308
v 3.94269085 0.102331638 -31.3590851 0.438730627 0.429563373 0.425743163
v -5.36822462 0.266160131 -28.8955116 0.126187295 0.134030432 0.180172905
v -5.22898293 0.514048815 -26.9664459 0.205804214 0.210703596 0.275167942
v 0.271707952 0.101587534 -35.8127632 0.502808988 0.489655733 0.49112469
v -1.35665476 -0.029771924 -36.0449562 0.139369696 0.143629074 0.172209427
v -4.80964518 0.053571701 -31.2979202 0.112014607 0.115557849 0.147040561
v -2.0273602 0.18475914 -35.8878593 0.514524281 0.296442717 0.406035781
v -3.61274505 0.222377062 -34.6832275 0.453589946 0.375885606 0.439583361
v 1.65518713 4.3484869 -26.6171417 0.144510448 0.149975911 0.181705475
v 0.763411224 2.74668312 -26.7362251 0.153542742 0.159229383 0.192551211
v -0.467078269 3.60201788 -30.5871696 0.411370456 0.39856571 0.400331765
v -0.728162587 2.66381764 -30.7710686 0.508654058 0.497588903 0.489723742
v -0.552840173 0.270315051 -28.9406738 0.0451555364 0.0491028205 0.0707940087
v -3.36304784 0.124547958 -26.9537525 0.0772715211 0.0766794607 0.0935264677
v 1.5084753 0.00780034065 -34.2295418 0.246698856 0.0903597027 0.164050519
v -0.436211348 4.33712864 -29.2427616 0.241932228 0.262170523 0.311778337
v 0.990478337 0.281534433 -30.5456486 0.11701794 0.129291728 0.170600653
v -0.105633378 3.53414822 -30.0104027 0.304685891 0.351340741 0.427901179
v 0.28429991 2.60605955 -29.1368599 0.157683805 0.16237621 0.178781644
v 0.129670084 2.36959934 -29.6948204 0.234238952 0.227893144 0.234608129
v -0.345035076 0.0110019445 -28.966835 0.215210572 0.21825394 0.251314908
v -5.30449247 -0.0298712254 -28.7428551 0.171896517 0.161456004 0.173086733
v -1.6030041 3.98684311 -30.7170029 0.325156927 0.331683278 0.36930263
v -5.10958719 0.0156632662 -28.2163887 0.165636644 0.172722161 0.204644948
v -1.7167995 -0.0206454992 -28.1134109 0.118358009 0.12498568 0.161327094
v -3.05314016 -0.00579357147 -27.0102654 0.0650025979 0.0722920224 0.0645711422
v -1.05760539 4.20916939 -30.9129772 0.153377637 0.158976167 0.188650489
v -1.05280328 3.46512985 -30.6367798 0.129280001 0.140516669 0.195029214
v -0.72080642 4.16751146 -29.8643646 0.183982953 0.192173317 0.22751601
v -0.425937474 0.0639767647 -28.4289074 0.191293195 0.202704966 0.273718923
v -1.41228211 3.83750963 -30.0784874 0.175015897 0.17263788 0.202353731
v -1.89149094 3.37027884 -29.8458939 0.383085877 0.378302485 0.385525882
v -0.792276382 3.26433039 -29.9331741 0.212974444 0.220876992 0.2514489
v 0.909405887 0.040258646 -30.5729942 0.146227017 0.148493841 0.19552426
v 0.854017675 0.236455441 -30.7896748 0.171314061 0.180215105 0.226567775
v -0.97040385 3.14774132 -31.157938 0.186753601 0.203314245 0.263859183
v 0.203245342 3.68764734 -28.3672752 0.155674517 0.146932632 0.150648385
v -3.60408425 -0.0355038643 -26.6260395 0.138471633 0.124365896 0.139443964
v -1.39242029 4.35298872 -30.4251003 0.232062384 0.224749461 0.248105675
v -2.83800626 -0.0103263259 -25.588398 0.0891776681 0.0929335579 0.128574431
v 0.398813426 4.05659389 -28.4982147 0.21686697 0.222142637 0.249903291
v -3.83146548 -0.041026473 -26.7787819 0.146096304 0.146105826 0.18102096
v 2.01670432 -0.0244746208 -25.3103294 -0.000320694176 -0.00025666313 -0.000220064641
v 2.50779963 0.0453256369 -24.0342865 0.664879799 0.610746503 0.582787216
v -0.0717093349 0.380633593 -35.9807472 0.0659696162 0.0996209532 0.171074852
v -0.442144573 4.41760445 -28.7659569 0.178458452 0.175842017 0.197197318
v 1.04354763 2.97306132 -27.0063934 0.126961976 0.127599701 0.159795955
v -5.59466314 1.37769938 -25.6420975 0.147473544 0.148934901 0.160022035
v -4.77526474 3.19249916 -25.0843048 0.11681851 0.116775088 0.145226121
v 0.417487323 4.4588623 -28.8983936 0.184446722 0.185707286 0.216790721
v 0.182532012 4.29073143 -27.7617378 0.136851311 0.13703534 0.15717949
v 0.489232004 3.78565741 -27.855217 0.149571151 0.146113038 0.167209819
v -5.33355093 2.0552702 -25.4639721 0.142943576 0.143728718 0.173946008
v 0.989649951 2.67120409 -26.8253918 0.149984434 0.146932408 0.158266023
v 1.53147101 0.233423948 -32.4523087 0.315276891 0.235570669 0.288181961
v 0.17156142 0.0904482603 -35.5030556 0.493687212 0.442081243 0.443021834
v -3.93803382 0.0541268587 -34.0355911 0.140991047 0.1592329 0.178382188
v -5.48263025 0.591207266 -26.3332329 0.169007167 0.168979973 0.182202935
v -5.35738993 1.28075075 -25.9332123 0.0943837464 0.0988921747 0.120343015
v -1.65935206 -0.0286412239 -35.7273903 0.225313231 0.214503393 0.217990339
v -0.628757477 4.89686584 -29.124424 0.208648115 0.218357831 0.253612548
v -4.75478983 -0.027748704 -32.7581062 0.384581327 0.266162187 0.352541476
v -0.403698742 -0.0027974844 -28.0996552 0.105388634 0.106294997 0.124329112
v 0.144417226 -0.0121051073 -35.0867233 0.639215708 0.443137258 0.513725519
v 0.380529225 0.00468051434 -34.9005966 0.56078434 0.435294122 0.474509805
v 0.451857507 0.00665211678 -34.9819641 0.670588255 0.407843143 0.501960814
v 0.263490617 -0.0212106705 -35.2801323 0.34117648 0.301960796 0.321568638
v -5.45009804 0.271995187 -25.3403511 0.169533893 0.174882725 0.208189771
v -5.60885572 0.0257461667 -25.2521629 0.110656917 0.106849745 0.125940889
v -5.5569706 1.09087753 -26.1654243 0.217857197 0.228369132 0.280786633
v 1.60219598 -0.0269329548 -32.2265587 0.129097298 0.131552249 0.16702503
v -4.40213203 4.83648968 -24.6459599 0.237744272 0.24373956 0.291018635
v 0.825661004 4.31171608 -27.2348156 0.237064913 0.239584774 0.252545327
v 1.98035645 4.6601305 -26.5169601 0.114671692 0.118729539 0.144173175
v -2.12600827 0.00843054056 -26.4336929 0.0990376472 0.100606754 0.144687831
v 1.40278411 -0.00276839733 -32.2561455 0.232354254 0.186462641 0.228456602
v -2.59181547 0.0302400589 -35.7140236 0.480896235 0.321053952 0.410870671
v -5.16132498 0.287785649 -25.7651958 0.197170064 0.209815577 0.254920483
v 2.50925207 5.67242146 -26.2150269 0.0200676434 0.0274798051 0.0491234772
v 0.887445629 0.0479351282 -24.9710579 0.297342926 0.284524977 0.289728373
v -6.93666077 0.172810197 -24.2218513 0.206143603 0.208501011 0.243443891
v 1.49640131 0.0585799217 -24.2484837 0.261736065 0.257221818 0.274805695
v 1.04866934 0.0146278143 -25.5170135 0.552941203 0.521568656 0.513725519
v 0.975785792 -0.0280661583 -25.1181068 0.290196091 0.262745112 0.250980407
v 1.21189284 -0.0108275414 -25.5746765 0.514311135 0.480079234 0.458184749
v 0.817898929 -0.0142421722 -25.5687351 0.5220052 0.490025818 0.475363851
v -3.37448692 0.161627293 -25.2349815 0.0994348302 0.0927781686 0.115589641
v -0.991017461 -0.00282204151 -24.8875751 0.423529416 0.407843143 0.407843143
v -1.3726536 -0.0156838894 -25.0074043 0.58431375 0.576470613 0.592156887
v -1.21697915 0.00352245569 -24.7226105 0.227450982 0.223529413 0.227450982
v -0.926320195 -0.0146980286 -24.6147919 0.396078438 0.384313732 0.380392164
v -7.14231443 0.0339079499 -23.7340794 0.174597442 0.174690843 0.200227648
v -3.60954714 0.264980793 -24.5827065 0.0539679974 0.0636628717 0.10146457
v 1.42900348 -0.031263113 -36.0447083 0.392156869 0.376470596 0.384313732
v 1.42900229 1.27688646 -36.0447083 0.447058827 0.427450985 0.435294122
v 1.40123034 -0.0335831642 -19.9708099 0.400229692 0.375957727 0.376776755
v -2.55961418 0.0871037245 -20.418663 0.285905808 0.252408624 0.245492071
v -2.43858171 0.336513281 -21.2234211 0.522195876 0.499076039 0.514274657
v 0.792129815 0.00702631474 -22.6292057 0.380875349 0.369658649 0.360537589
v 2.9480803 0.108155131 -21.5046711 0.218589902 0.150093555 0.105874114
v 2.95764256 1.44732285 -22.0089436 0.529525518 0.596213579 0.53618598
v -1.47473025 0.0276605487 -22.555687 0.33726874 0.331220627 0.330093592
v -1.44921362 0.404313326 -22.322628 0.31708619 0.322531641 0.349155486
v -8.78951836 3.14741564 -20.7854118 1.11749589 1.08583534 0.764716685
v -8.99261284 3.21290207 -16.1117096 0.424234509 0.502377391 0.517467976
v -2.39003611 2.00724244 -22.1677284 0.460079044 0.550123751 0.457663327
v -2.71243215 0.914894104 -21.7082367 0.329593092 0.219597146 0.158309087
v 2.25209141 0.282622576 -24.1169357 0.165068969 0.17348443 0.207513288
v -9.17189407 5.41437817 -21.1833515 0.909470022 0.645809114 0.501238823
v 0.231601298 -0.0358474255 -21.2688217 0.358314782 0.353356034 0.351588875
v 0.188478053 0.0965015888 -19.0737629 0.11096514 0.0954975262 0.100042887
v -5.33360958 1.55349374 -21.5169315 0.693547726 0.397976995 0.213771224
v -5.51041222 1.84515619 -21.5216064 0.395885944 0.302582264 0.185025826
v 3.4313798 0.119910955 -23.4506302 0.455764174 0.429292798 0.415197432
v -5.49963093 1.79570913 -16.2894917 0.435563773 0.361483037 0.205653727
v -7.07409716 2.45318842 -19.8451805 0.246821716 0.194578677 0.148616567
v 0.539124429 1.52247 -21.988678 0.270027131 0.316437542 0.284470677
v -1.49041224 1.3979063 -20.0080185 0.203921571 0.176470593 0.160784319
v 0.945603549 0.979905009 -20.2206268 0.145098045 0.137254909 0.149019614
v -2.73804855 0.0248773098 -19.084774 0.210622638 0.190566763 0.188695326
v -2.02298021 0.0877342224 -20.5755577 0.186503962 0.155768752 0.153413966
v -2.50359392 4.62568235 -23.0407219 0.126499638 0.0880297124 0.0333098769
v -7.90814781 2.99888277 -21.2976456 0.509022117 0.637027204 0.632771432
v -6.50582838 6.17344522 -22.743042 1.11080408 0.684931993 0.271107197
v -0.610233366 0.309647322 -18.6262665 0.176470593 0.156862751 0.145098045
v -0.424426377 0.639541268 -18.9424362 0.187233269 0.162371278 0.140392452
v 8.20263577 -0.0311855078 -24.5412216 -3.16842699e-17 0 3.16842699e-17
v -1.47481692 -0.0298910141 -17.5008354 0.263292909 0.244206727 0.240462422
v -1.91890812 0.0371614695 -22.6777229 0.0035991862 -0.0397132039 -0.0575350225
v 2.70689774 0.824539304 -20.3436832 0.0599552244 0.0776409879 0.103791699
v 2.75515652 0.201298952 -18.2506256 0.0517646596 0.0504516028 0.0605257787
v -3.7286284 1.60626483 -23.509222 0.185186699 0.188649699 0.212724119
v -3.68630838 1.27520657 -23.5379372 0.125055254 0.118352242 0.132956758
v 2.71229959 0.118864298 -19.5296898 0.0965663195 0.0903736278 0.0993952304
v 4.93962383 0.103042364 -21.3579578 0.727356136 0.67045629 0.638109565
v -7.21332312 2.8245914 -18.3112431 0.382025719 0.31890583 0.201714829
v -7.1897974 2.69754744 -15.2700529 0.64138639 0.549454987 0.350171685
v 1.65202785 0.399454117 -18.3560829 0.141745582 0.133514166 0.145473018
v 2.77599168 3.65075445 -22.8243904 0.107111491 0.210461587 0.466149688
v 4.20813227 0.499762297 -23.4970322 0.116289668 0.122062758 0.134414852
v 1.12820458 0.0573458672 -19.6459084 -0.031681627 -0.0349916741 -0.0211866442
v -9.55065441 0.103153229 -18.9899693 -0.0134888068 0.00798492506 0.0595999174
v -2.34303403 0.00595718622 -21.14217 0.242034256 0.200078115 0.196814477
v -3.05202723 0.0266659856 -20.4770069 0.350916952 0.301704615 0.279603243
v -3.20444465 2.54824591 -14.6268835 0.174376816 0.17958948 0.213073298
v -3.10825109 2.30019522 -15.5698328 0.223610237 0.23202832 0.291652113
v -4.66314173 1.46179342 -19.872942 0.388235301 0.298039228 0.219607845
v -2.43652344 4.63885927 -23.6329918 0.152672574 0.156758919 0.170134261
v -1.28979456 5.05367184 -23.1739483 0.70732677 0.740264714 0.772452831
v -0.493911207 4.82809925 -23.1091881 1.16941643 1.03281558 0.882922292
v -1.90253353 2.22659397 -16.6200943 0.223389298 0.217119545 0.232498765
v -3.05791259 2.29389429 -16.3750134 0.191828668 0.207249567 0.264108807
v -3.98731327 0.990959644 -24.1366215 0.15345192 0.155823886 0.188034505
v -1.3976227 0.0137706995 -18.0555229 0.114591591 0.103962578 0.10869991
v 0.439682543 3.93345594 -22.6948624 0.12211854 0.127882376 0.157262474
v -2.87965441 3.86299753 -23.6811905 0.0952880383 0.0956190303 0.117117025
v -2.14020419 4.69012594 -23.8468513 0.12541081 0.128026754 0.155231431
v -3.38987684 2.37320518 -23.1330338 0.35551098 0.360368699 0.370268166
v -8.63033962 0.0960491896 -21.2890873 -0.427381486 -0.380828679 -0.314818412
v 1.15700483 4.2574172 -23.1183167 0.176156461 0.166735366 0.178859591
v 0.907591045 3.81114531 -23.0046406 0.385508478 0.335474163 0.317242563
v -0.450209618 2.23072243 -16.6256466 0.21141322 0.208347932 0.232113793
v -0.299867809 2.09774685 -15.6243267 0.236625597 0.232953697 0.257312924
v -1.75848961 2.43675518 -14.1441612 0.217089742 0.198327586 0.217750072
v -0.926879346 3.14407873 -13.9009256 0.268081278 0.167571604 0.187654763
v -2.81420708 2.20111561 -14.8016605 0.249860585 0.254808843 0.25961858
v -8.25960732 0.250544071 -21.9907761 0.516765356 0.525510848 0.571292222
v -2.20762444 2.46792603 -13.2275791 0.47669208 0.297222167 0.309023917
v 1.50330591 3.50452805 -22.6436157 0.178770453 0.212093338 0.279356211
v 0.714715302 3.26306534 -14.0128689 0.220522389 0.122339733 0.141682833
v -3.14109898 2.00817704 -17.1324196 0.345848143 0.315119177 0.276256979
v -4.74187517 1.39649868 -17.3813915 0.509803951 0.447058827 0.352941185
v -3.14050579 0.567363381 -16.0348339 0.0964642763 0.0928791165 0.112720206
v -3.2647984 0.82623744 -15.4202013 0.129920825 0.113034144 0.130576953
v 1.17070341 4.21042252 -23.8614807 0.182818159 0.173492998 0.191797018
v -1.53166556 0.893540144 -13.8062487 0.250980407 0.192156866 0.164705887
v 0.47268647 2.92052865 -14.7484388 0.235294119 0.211764708 0.23137255
v 1.63892984 4.05266094 -23.7337456 0.233077258 0.215987086 0.222885936
v -2.96537328 0.0519225597 -16.4410229 0.152463436 0.14854908 0.168411762
v -9.24004173 4.95432234 -16.2223396 0.286673754 0.2928271 0.31494078
v -3.00514746 2.387712 -16.9694443 0.219542623 0.198092923 0.199658468
v -2.36882281 2.06796122 -17.4918766 0.219607845 0.192156866 0.172549024
v -1.61795199 0.753327131 -18.1349297 0.254901975 0.20784314 0.152941182
v 0.577698886 3.4673481 -15.5725002 0.161970809 0.160855189 0.189449608
v 1.39315104 3.76782274 -14.4551115 0.274509817 0.270588249 0.294117659
v 2.29687595 5.19721842 -14.7727766 0.101685829 0.0859543607 0.114805646
v -3.76134491 3.33867168 -15.6479998 0.184826195 0.181560367 0.216783002
v 1.77401781 4.19518948 -13.7338257 0.634788096 0.248980343 0.258129239
v -0.168715119 4.3318553 -23.1042767 0.200780705 0.175651148 0.180986598
v 2.27760768 4.48255157 -13.3330173 0.277344257 0.278924316 0.345867574
v -2.29447722 3.0639801 -16.5471649 0.199378878 0.189806759 0.208825693
v -3.84933782 1.15013289 -23.5403538 0.149851114 0.154498532 0.176564664
v -3.27692723 2.08505964 -23.4083996 0.204578832 0.20455277 0.219225317
v -3.5636642 2.5229578 -13.6288967 0.203142732 0.19973287 0.227880016
v -3.10312486 5.71851921 -23.3507366 0.583615482 0.593899906 0.665904105
v 1.45509982 3.2624855 -23.9855099 0.417967826 0.372340709 0.362990081
v -3.15915108 2.14937997 -13.6226463 0.00492946897 0.00839600526 0.0301437899
v -3.70269775 2.89654732 -14.0625181 0.215947047 0.216636375 0.253491521
v -3.81636167 3.25667048 -15.0860615 0.140772015 0.139431268 0.16523549
v -3.0948298 -0.00959604979 -14.9854546 0.286427319 0.248509988 0.255695701
v -3.6916616 2.64811921 -16.4480381 0.12708506 0.128032789 0.155913085
v -2.7781713 4.36509752 -14.0242367 0.389993548 0.384395033 0.428340673
v 2.03610253 5.10816002 -24.4555817 0.333705038 0.311567694 0.319366604
v -3.39983392 3.17330599 -16.305479 0.141139239 0.13722004 0.160719976
v -7.0740099 2.4475441 -21.3205967 0.689084709 0.548290253 0.344212919
v -7.99603128 0.329703569 -22.8048401 0.302434474 0.305084676 0.338205218
v -2.68170571 4.3381815 -12.98528 0.13358596 0.142242983 0.171626762
v 1.05344987 4.43391991 -15.1787577 0.156650469 0.152748972 0.180210248
v -3.04231715 0.131667733 -16.9172211 0.142460451 0.132786959 0.156752154
v -2.18591571 0.162726998 -17.3524895 0.381614268 0.347724557 0.340984195
v -3.07832241 1.62942934 -14.7374563 0.164705887 0.149019614 0.149019614
v -2.4487493 0.705143809 -14.4088945 0.117575832 0.120698951 0.141932726
v -2.50246358 0.118577123 -15.3708992 0.251031458 0.225053072 0.203436092
v -2.47929716 0.0858851671 -14.3076706 0.106455073 0.112106346 0.128513545
v -3.0410099 3.30972958 -13.4106274 0.19159165 0.155299813 0.180292457
v -0.510342479 5.5074625 -14.9538851 0.145023271 0.139074355 0.168701932
v -1.76934135 5.59568214 -14.7318983 0.197569728 0.185944304 0.210243881
v -1.17689347 0.00628137589 -21.8865528 0.419607848 0.396078438 0.403921574
v -1.33091271 -0.030467391 -22.0118828 0.188235298 0.180392161 0.188235298
v -1.71656871 -0.0196423531 -21.7393761 0.13333334 0.125490203 0.129411772
v -8.273139 0.149477005 -22.2066879 0.14477995 0.14220427 0.154669657
v -2.98257875 2.19088173 -17.8881149 0.215686277 0.196078435 0.176470593
v -0.584207058 0.249949217 -13.3472872 0.171872616 0.155862972 0.149760604
v 2.36186266 4.51609468 -14.1284237 0.41568628 0.250980407 0.274509817
v -7.34248066 0.28787744 -23.3243904 0.191699758 0.204045787 0.242696613
v -7.31107187 -0.0263251066 -23.0602341 0.159426257 0.149060905 0.158730447
v -2.54802155 1.51542091 -21.512579 0.283314645 0.222167358 0.174042657
v -3.6849587 3.74226046 -15.4402456 0.0912837312 0.0832948312 0.118578039
v -2.59792948 1.06587029 -20.4395809 0.205682278 0.153270245 0.124342971
v -2.85599852 0.0790832043 -15.9183207 0.306525022 0.277851284 0.278342456
v -4.63933086 1.60618043 -14.4782915 0.435294122 0.400000006 0.305882365
v -1.30409968 -0.0124719143 -21.6071739 0.431372553 0.41568628 0.411764711
v 8.34053135 6.38361883 -21.553339 0.818251252 0.811187208 0.830201924
v 6.54159832 6.58692455 -21.911272 0.807481825 0.812749267 0.849058092
v 6.82849169 4.69424629 -22.7219772 0.592848361 0.570764661 0.562994242
v 8.45275021 4.53715515 -22.3676414 0.611568391 0.590976 0.57948947
v 4.73181438 8.9725008 -21.5544891 0.251606137 0.270109564 0.328732252
v 5.25984669 9.53109932 -20.2863846 0.184496984 0.18840982 0.227915734
v 6.50934601 5.94969273 -22.3238297 0.840374827 0.847335041 0.874338627
v 9.63449669 4.93123293 -22.1527443 0.655851245 0.61196059 0.586367726
v 11.4674435 4.89972973 -14.2312508 0.573670864 0.556446552 0.561982572
v 4.51322746 4.73497725 -21.4747467 0.603797972 0.451184064 0.352687329
v 8.07406712 4.94637775 -23.0316048 0.398041844 0.403194845 0.436879396
v 11.3674517 4.7159152 -17.6778049 0.463527322 0.490329951 0.536838889
v 10.9922256 5.01033354 -15.9268942 1.04448485 0.964866221 0.900998056
v 9.12033653 6.67465973 -19.3497066 0.819251001 0.8197698 0.830742717
v 7.82916498 6.88491535 -15.7600889 0.774564505 0.757774532 0.766594529
v 7.18471575 6.60656357 -15.6785259 0.733534217 0.68075937 0.664499223
v 11.1329355 4.63278246 -21.253664 0.411686122 0.427256554 0.471011907
v 8.64795017 6.96834278 -14.8584852 0.823823512 0.818748355 0.84067452
v 6.81454563 6.93912697 -21.3157349 0.905636132 0.913053155 0.947082877
v 10.7950201 4.31432152 -15.0486841 0.196228787 0.20003584 0.237816334
v 5.42345476 7.56773186 -16.043087 0.76145941 0.72126627 0.710665166
v 5.55132771 7.26339531 -15.5665627 0.528166533 0.384259105 0.325902551
v 8.56867313 6.87504101 -17.5571232 0.892349422 0.888616502 0.917349041
v 5.47422981 5.09229374 -24.4288483 0.199759334 0.221439019 0.285146981
v 5.71114969 4.23928499 -24.8147545 0.0336134061 0.0305735786 0.0562078357
v 5.25387383 5.07139587 -24.1251907 0.120707311 0.125734076 0.159884647
v 5.67927504 7.00627422 -17.568882 0.775440097 0.782493949 0.812403858
v 5.97802353 6.97613668 -18.9689846 0.782992959 0.782474101 0.801879585
v 5.67911768 5.45212698 -19.8733006 0.821794093 0.778662205 0.75959599
v 6.14266729 5.6710825 -21.9054909 0.764709711 0.749414384 0.748051286
v 5.78407192 5.15640593 -21.4431725 0.722463131 0.659373701 0.624788344
v 5.49641132 4.58434439 -23.8537903 0.530917346 0.488052398 0.463716835
v 4.66233873 6.51061153 -17.3182449 0.798181772 0.795048594 0.811224997
v 5.56422567 3.17892647 -22.3717022 0.592832386 0.54860568 0.50819248
v 5.35664845 4.41864061 -22.869976 0.575949073 0.536764979 0.515561342
v 5.66719389 4.72388792 -23.2686462 0.334246814 0.282297522 0.243652239
v 5.63023996 4.55305004 -24.1288795 0.554764092 0.558518291 0.583050728
v 5.70503044 4.2578969 -23.948019 0.231677294 0.222537532 0.217922881
v 5.33937883 5.47617054 -23.0802803 1.11881304 1.09424829 1.07749391
v 9.48674679 7.24910736 -19.4133911 0.194204956 0.227556124 0.314598978
v 5.00864458 5.39809227 -23.7968483 0.13925086 0.165022776 0.229117498
v 10.8233757 4.86920643 -20.7645302 0.952260435 0.841898859 0.79049933
v 7.15144205 7.25152206 -15.9968195 0.873622596 0.869550645 0.894483805
v 4.80540752 7.65405178 -16.9518585 0.799386621 0.80474633 0.837533414
v 10.6954145 4.10210943 -17.8235149 0.75468117 0.709132791 0.668659866
v 9.50281143 6.24503136 -21.141716 0.82366854 0.830835342 0.851405621
v 6.16766644 3.94672203 -25.3450012 0.170624062 0.190719113 0.248661593
v 5.99845362 4.23638201 -25.1888371 0.175244063 0.192778826 0.249420434
v 9.62193108 7.16895676 -19.0931568 0.0602027252 0.0897272378 0.164463088
v 3.71424532 5.72329807 -23.5239906 0.775430262 0.765375555 0.785906196
v 5.73469067 5.01957607 -24.4225006 0.191590786 0.212586507 0.277885854
v 5.51014328 5.03085709 -23.1105576 0.330601126 0.288453788 0.2671009
v 9.51662159 7.13494301 -17.2618427 0.396943629 0.384323627 0.390060186
v 9.28388405 7.1876049 -18.7018585 0.579633653 0.572174132 0.591699481
v 9.32276535 7.43176079 -17.5442734 0.523918688 0.535899222 0.595016718
v 10.4158077 3.44796848 -17.0179043 0.668310642 0.657647192 0.649032474
v 9.49941921 7.41298962 -16.2254715 0.465657383 0.454973102 0.474061161
v 9.34322834 6.83109665 -16.6821823 0.0499532707 0.0392480791 0.0452750772
v 9.68983364 7.43521118 -16.9972992 0.470264465 0.474051833 0.500190377
v 10.4218807 6.46100616 -15.2066536 0.78204608 0.780029237 0.808871865
v 9.25907612 6.71071148 -18.9424248 0.267394811 0.287272006 0.352727205
v 9.7638998 7.42040443 -14.2337627 1.09780443 1.09994984 1.10076797
v 9.72306538 6.7993679 -17.1711807 0.158954009 0.161883876 0.158204556
v 9.54989243 5.42446804 -21.7902374 0.807310224 0.8082546 0.812194824
v 10.3650827 6.08369446 -19.4114208 0.575282216 0.54505372 0.495200813
v 9.93821812 6.42757511 -19.4796696 0.85658288 0.854326904 0.869268179
v 10.337657 6.3186655 -17.0123482 0.823978007 0.81074965 0.817683399
v 4.89323664 5.11377525 -23.3624916 0.0138883041 0.016154699 0.0359601565
v 7.95865011 4.75304699 -14.3307695 0.748711109 0.684380889 0.670720756
v 4.51409483 5.69479322 -22.92869 0.750353754 0.701431632 0.684216797
v 6.44431067 4.89864874 -15.2773352 0.630252182 0.560256481 0.535259962
v 6.8535614 4.87411261 -13.2352839 0.648369074 0.593541563 0.579914153
v 5.16607571 5.5293231 -15.449192 0.771249771 0.680431604 0.606087446
v 7.29596472 5.41891003 -15.4341822 0.844792843 0.781845033 0.775714517
v 10.2597265 4.69839001 -22.2621689 0.563606083 0.53857553 0.518462539
v 9.99442577 4.32478857 -21.7576447 0.637764394 0.614972234 0.605333626
v 10.7299786 4.24926662 -20.7292557 0.602082968 0.573890805 0.542199314
v 7.67239046 5.77535391 -15.4912968 0.812900484 0.775570273 0.777085185
v 4.87903547 4.99281263 -22.5042496 0.615447104 0.545870543 0.514962673
v 2.91454196 6.32112503 -15.3237514 0.707814217 0.636334419 0.588467538
v 8.80664539 4.40783834 -22.3159084 0.575756669 0.53254658 0.483392835
v 8.53471279 3.89589167 -22.0636959 0.587148607 0.491414309 0.409146905
v 9.45424557 3.51474285 -21.5873184 0.645992458 0.641668975 0.632124186
v 4.83533096 0.0146199465 -25.2730103 0.510546207 0.485863715 0.469624102
v 6.22676849 3.20647764 -26.40905 0.182832271 0.199235424 0.250506967
v 6.22458553 2.78070545 -26.5455399 0.119449288 0.119072855 0.154547617
v 6.27417278 2.81677008 -26.8447266 0.151982248 0.159902364 0.198108748
v 5.50660467 0.00716567039 -26.6645164 0.41302985 0.39005217 0.380228579
v 6.5648551 0.0557403564 -28.9924698 0.628148794 0.603948414 0.5820871
v 6.1495204 -0.00885611773 -28.2631531 0.607365966 0.580094576 0.576333582
v 5.82465744 1.72277021 -27.688221 0.501941919 0.5034675 0.535074413
v 5.38094139 2.89529848 -24.5719719 0.39893648 0.387594044 0.411569864
v 6.52051163 1.9530561 -28.0644569 0.184767768 0.196741179 0.245427534
v 6.27173996 1.95623255 -28.0435181 0.199947447 0.206069902 0.244874701
v 5.55350637 1.93194246 -27.030817 0.633190632 0.656432629 0.711049557
v 5.82631969 1.47665095 -28.0269928 0.241073042 0.188066795 0.168662593
v 6.65527344 1.34083295 -28.2017822 0.0889856145 0.0707552955 0.0821663812
v 7.09308195 0.959185362 -28.3989086 0.142832085 0.143709973 0.169745803
v 6.86700535 0.870417237 -28.0271072 0.291520089 0.257719457 0.228803888
v 5.66767979 1.8285861 -27.4546013 0.468971938 0.469145983 0.509225905
v 6.02955198 1.55528688 -28.2204361 0.384962916 0.339389086 0.310007811
v 5.35605097 2.97669601 -24.3640404 0.46200037 0.453247875 0.475346178
v 5.46474171 3.08098269 -24.102066 0.597382128 0.591620088 0.605874896
v 9.67732048 0.200434923 -26.1473217 0.422615707 0.393099964 0.382597238
v 8.3082943 0.374157667 -26.5799332 0.104010105 0.108773634 0.126969904
v 8.60775757 0.469357967 -27.6270409 0.477275074 0.454293817 0.485098153
v 8.63027 0.422562599 -27.3326931 0.297890127 0.283718109 0.306312472
v 8.6930542 0.148736477 -28.0277367 0.536355853 0.488504052 0.455586344
v 7.97458696 0.148904681 -25.2078438 0.420915097 0.397698492 0.383674949
v 8.44755077 0.588039994 -27.5081444 0.578926563 0.558725715 0.548982382
v 7.50443029 0.865128636 -27.944664 0.312811762 0.299143791 0.29505232
v 8.60723495 1.01310682 -25.8369255 0.424432606 0.428372413 0.447153836
v 8.6513443 1.08022904 -25.7448807 0.624808252 0.635064542 0.663700283
v 8.71349621 0.827082157 -25.9170437 0.408480972 0.419566393 0.398484975
v 7.70734262 0.209121823 -27.8038673 0.345475584 0.348071814 0.366249025
v 8.47605133 1.63390994 -24.2140961 0.436829448 0.39440313 0.399243116
v 7.78498125 0.468839407 -24.9533539 0.131260529 0.137755886 0.17130506
v 7.75176287 0.092685461 -25.9300346 0.503612459 0.471890718 0.466150701
v 7.53168631 0.178419709 -25.2276764 0.316232324 0.304201126 0.312868476
v 7.71411085 0.29374063 -27.5198288 0.437691212 0.408905059 0.402149826
v 6.930408 0.105695486 -24.2884369 0.801656485 0.78803575 0.784386039
v 5.745965 0.329059124 -21.2158871 0.353120685 0.393372029 0.315997988
v 7.37173891 0.710105419 -21.0168877 0.38143003 0.421379477 0.35697028
v 5.20590639 2.02094388 -24.0572929 0.153060928 0.131427363 0.134077594
v 5.40273237 1.84315443 -24.1291962 0.490870208 0.519444942 0.554289639
v 4.96858788 0.12029624 -23.5718002 0.20204781 0.191975594 0.209443808
v 5.94575977 0.40718019 -23.7595558 0.116480544 0.117015265 0.161829621
v 8.30329037 1.79858208 -23.4185371 0.343661427 0.299800038 0.276200175
v 8.07518768 1.5319488 -23.3551331 0.316207767 0.273584217 0.254119396
v 8.33031654 1.94255829 -23.4593735 0.287319213 0.261404067 0.25270617
v 6.86324263 3.00637341 -22.0564537 0.625208199 0.57955569 0.531630754
v 7.37321234 0.145723581 -21.972311 0.340618223 0.331764162 0.326164931
v 3.48343658 4.9769907 -23.2788887 0.740961254 0.798643172 0.806204081
v 9.24052715 2.51205301 -21.2661858 0.0654576421 0.187312633 0.408084363
v 8.90456104 1.09872079 -20.6864624 0.366224885 0.403360903 0.388226658
v 8.3960247 1.80926609 -23.9507504 0.527456045 0.45271942 0.427816361
v 6.02877426 0.11394906 -21.805912 0.484200001 0.458950281 0.452307433
v 6.95071936 0.211002827 -20.0218239 -0.173071727 -0.215613902 -0.15384084
v 6.89969397 0.123966932 -24.013628 0.386949778 0.358074307 0.341610044
v 8.62895966 3.60391521 -23.2784042 0.618145525 0.649408102 0.71202451
v 8.75906563 3.59681606 -23.250679 0.482009977 0.47647202 0.494659603
v 10.3089132 3.37178183 -20.4396534 0.640375018 0.621030986 0.606777489
v 7.52389669 0.0826379061 -24.7524109 0.424106091 0.409021437 0.413444281
v 8.53777313 3.35323381 -23.283987 0.591776311 0.535080373 0.45237723
v 9.53344917 0.329844594 -17.9224644 0.278843999 0.287356019 0.270246893
v 5.45478392 0.0636678934 -23.2891998 0.415036023 0.376888901 0.355253249
v 9.27886295 1.07707572 -16.3286304 0.216552585 0.270068109 0.219390243
v 8.46754456 0.28885293 -15.0524311 0.109492317 0.104501903 0.100878619
v 8.51667976 0.275604367 -17.967453 0.232559621 0.227651492 0.237882733
v 9.23914242 1.00849533 -20.0484982 0.521656573 0.525535643 0.436232656
v 9.29116917 1.00691819 -15.6563168 0.445982099 0.529941559 0.429224104
v 9.22334862 0.834288836 -17.2932434 0.00689525297 0.0438855588 0.093204774
v 8.57990074 0.246910691 -16.4727516 0.221446499 0.212541297 0.200006634
v 9.87011719 2.41149187 -18.1680202 0.0115240933 0.270341635 0.585533321
v 9.80184937 2.29562092 -16.4019012 0.194226429 0.296408206 0.488190979
v 7.17120886 0.605821609 -24.6500854 0.16191037 0.169340953 0.203994647
v 9.78007126 0.241060257 -21.9143085 0.518790781 0.469772011 0.444039255
v 10.3621092 3.32722473 -16.1697178 0.854636729 0.820071697 0.775268912
v 10.3146515 2.91171169 -16.1142635 0.58604598 0.550288141 0.510079563
v 10.1318979 2.77772951 -19.5002289 0.8629812 0.686439335 0.403895378
v 10.2240486 2.81085491 -17.3593826 0.588924587 0.533371568 0.436554015
v 7.41453695 0.456894875 -24.5419159 0.181515127 0.187939495 0.221233174
v 8.92911816 0.206853151 -22.6447601 0.486198902 0.46501404 0.43740055
v -9.24793816 7.31920433 -21.1618156 0.888502955 0.811928153 0.771247506
v -9.82241249 7.18638325 -20.4906483 0.552615404 0.547619581 0.570348144
v -9.08036709 6.9959693 -22.5252628 0.707504034 0.687314689 0.683700919
v -8.82081318 7.45728302 -21.5920162 0.738639414 0.651556194 0.600685835
v -9.64337063 7.44865417 -17.218277 0.920968533 0.937649131 0.932634115
v -8.96845341 8.42400265 -18.0617695 0.884885728 0.854428589 0.847106814
v 3.1317482 5.18644238 -14.9455099 1.04251695 0.936929762 0.900938034
v 2.99091101 6.50426769 -17.4407177 0.829801202 0.817080736 0.832624853
v 3.6862731 5.35622549 -15.3539858 0.851923406 0.808223724 0.805544198
v 1.1378448 5.7658987 -15.4969349 0.884899914 0.857758224 0.856436551
v 1.35958123 5.40073586 -15.0797892 0.827555716 0.789081573 0.778046191
v 1.96169519 5.69915867 -15.383481 0.672576487 0.644797921 0.652940452
v -1.46742177 8.6009264 -25.0586109 0.161236942 0.166918039 0.2033007
v -0.931903183 8.56373787 -25.6571045 0.221393496 0.226405546 0.258027732
v -8.71663475 7.24938774 -22.0648365 0.980242133 0.906239808 0.843027711
v -7.73898792 8.06102943 -21.6977043 0.884621918 0.885495722 0.910241306
v -8.56420708 8.63655949 -20.2241802 0.912975371 0.820109904 0.759808838
v -9.49659157 6.91498804 -19.9421577 0.685956538 0.655420899 0.627913535
v -0.298075855 10.4260426 -22.0184498 0.33113113 0.376573056 0.47720319
v -10.0976915 7.17101192 -17.7721043 0.181488365 0.246137559 0.392863661
v -0.43562609 9.46532726 -22.235815 0.214863718 0.235057786 0.303002656
v -0.447977722 8.87438774 -22.4326267 0.204640582 0.218869999 0.275909156
v 2.02373219 6.51828718 -17.6019573 0.794425368 0.790748835 0.814488053
v -1.59811258 8.77894592 -24.4085426 -0.0534374155 -0.0285790749 0.0512049422
v -1.14297891 10.3482208 -22.7425804 1.17168462 1.18811107 1.21628869
v -0.180972517 6.14708519 -19.1893158 0.75494653 0.739706159 0.753104031
v -4.75215197 8.41065025 -21.1875114 0.888517797 0.876861691 0.886425674
v -1.03241813 8.41331959 -20.9764576 0.238056794 0.239809424 0.288864613
v 0.425827682 5.23301554 -21.1890926 0.647354245 0.620534539 0.607770503
v -8.9806242 8.83594513 -14.9690542 0.888318539 0.878033459 0.901194751
v -8.97266865 6.67478561 -21.9296494 0.7109828 0.680261374 0.671819091
v -6.33335543 8.16303921 -21.8779392 0.884185433 0.864440143 0.866503239
v -1.8898797 7.65002346 -21.9913406 0.185270458 0.207553148 0.2723791
v -6.90296125 6.92940998 -22.8632088 0.81019628 0.796336651 0.80081147
v -6.07827091 8.64912319 -18.7611427 0.678578138 0.669032872 0.670571625
v -1.2971009 8.24964333 -20.2225361 0.336402446 0.355313152 0.432651997
v -1.18531287 8.41736412 -21.6480007 0.176049873 0.179797292 0.234515145
v 2.19829249 9.45304489 -24.405138 0.223682716 0.24209328 0.312922388
v 0.168075025 7.97293091 -20.0396099 0.260578871 0.272849679 0.332003713
v -1.13420558 8.25856209 -19.729866 0.360983521 0.373636603 0.43104881
v -4.77479124 7.19921875 -22.8417358 0.817697704 0.806002021 0.828264594
v -0.365539074 8.38451004 -26.3683281 0.329864055 0.377479821 0.498845488
v -0.188584805 7.14821243 -27.3865814 0.266871601 0.309306085 0.448858619
v -0.950479507 7.45333481 -22.3163033 0.241070852 0.256871313 0.324091464
v 1.01585722 10.842679 -22.4107208 0.40947929 0.474861503 0.610200763
v 0.397185981 9.63007164 -21.4682579 0.327689618 0.383350968 0.488217026
v -0.444054306 6.546031 -26.3927383 0.120421395 0.117280588 0.151970625
v -0.788834989 7.53141308 -26.5245571 0.245400637 0.269481838 0.340538085
v -1.33717561 7.7468586 -21.8621368 0.329818159 0.351562113 0.430818498
v -0.827845037 6.03396034 -27.9253559 0.367006749 0.39869988 0.496300489
v -0.134355843 6.54583883 -27.8668518 0.556870401 0.617821455 0.764010072
v 0.887124121 7.76483536 -25.0847206 0.141206279 0.142213389 0.158983946
v -10.0591831 7.44160366 -15.2917633 0.824529588 0.734130561 0.684586883
v -0.851643085 7.02697563 -22.3532696 0.240606651 0.247702673 0.296469152
v 0.270162523 7.15618229 -24.7575645 0.173366949 0.178420216 0.214640886
v 0.15471822 6.82329273 -17.5021 0.695840359 0.700739622 0.727839768
v 2.13197207 7.25577545 -15.4577322 0.692358494 0.618533909 0.576756954
v -3.61969805 6.43181801 -23.9175644 0.691310644 0.68704623 0.701692581
v 0.990146577 8.39051437 -21.4384937 0.304513633 0.321760476 0.371171057
v -0.424894333 11.2381115 -25.5403633 0.535509408 0.581897974 0.688440084
v 0.0365396142 11.8783913 -24.6351967 0.389196604 0.454709142 0.58421582
v -9.6598835 7.1709528 -16.2350845 0.677360475 0.625354826 0.552839279
v -0.90234828 7.99833298 -23.8255024 0.197685122 0.195209891 0.223580807
v -10.0693703 7.4558382 -14.6749411 0.644068301 0.606614292 0.576735497
v 0.00105041265 7.38941765 -22.9227715 0.542574704 0.532505274 0.539206445
v -0.51106143 6.92895603 -23.0922298 0.607251287 0.581106603 0.585375667
v 0.158301294 6.46407652 -23.9996548 0.278826565 0.274885625 0.266820341
v 0.303966582 7.16771126 -23.447403 0.141576767 0.14899224 0.200320259
v -0.431335211 7.63650894 -24.2229347 0.129301786 0.13264586 0.163809702
v -8.47118664 8.76577282 -17.9374161 0.894233525 0.792614639 0.75594002
v 1.37641931 8.42748642 -25.4264107 0.220534101 0.225191638 0.267886311
v -1.5790329 8.31902599 -19.3920288 -0.0203530639 0.0176131949 0.136543721
v -2.65994954 7.08903599 -21.504797 0.507821977 0.492222965 0.489332646
v -1.84461653 7.77232933 -21.4114532 0.42320776 0.374836862 0.378529042
v -9.53275585 6.87722778 -18.5531445 0.71877557 0.677262962 0.645247638
v 1.89081597 8.23114491 -21.4571304 0.257376641 0.252464473 0.272317469
v 0.122050107 6.83366489 -25.6803436 0.12219575 0.134891838 0.171744898
v 0.352546513 7.14232731 -25.3578606 0.116771236 0.118232228 0.156647801
v -0.752991736 6.54318047 -22.1772537 0.263712496 0.248379052 0.254726887
v -0.404567003 6.7674799 -23.5320168 0.150511324 0.159893721 0.198883444
v -0.571098804 7.9657011 -24.7378025 0.100522541 0.0999592394 0.124986418
v -4.91450548 8.59987736 -15.9592619 0.756861508 0.690105081 0.655825019
v -0.166907489 7.47095871 -25.295105 0.059177056 0.0642726868 0.102419145
v 0.0775997043 8.74211979 -25.9763069 0.292761266 0.339864284 0.452988058
v -9.88825512 7.30498695 -13.0253687 0.693413913 0.637751937 0.568360209
v -9.71303272 7.06793213 -14.710681 0.694526434 0.672010481 0.671607733
v 4.19707441 5.11086369 -22.7643776 0.623906672 0.557267129 0.527463734
v -4.84555006 7.79414368 -22.2987289 0.820690095 0.811303735 0.828413546
v -0.875582874 7.26798344 -19.3300476 0.37281099 0.384858638 0.449743837
v -5.57350254 7.98654079 -15.8525801 0.758219779 0.698171735 0.68311882
v 0.386748374 7.86555099 -22.2111549 0.17077592 0.166296855 0.202715203
v 0.318726957 8.44989395 -21.8808155 0.260399222 0.275964946 0.326624751
v -3.79567218 8.6187973 -17.0498047 0.909200847 0.911803067 0.942980945
v -7.00256348 8.72500324 -18.3127594 0.89978528 0.894422352 0.910288393
v 1.5092361 6.53970146 -24.9312019 0.368864566 0.392697752 0.45829621
v 1.53740573 5.04330349 -21.9166622 0.447853595 0.390816748 0.379055887
v 0.616948903 5.0767293 -21.8512745 0.22033377 0.222765923 0.241374001
v 4.10987329 5.38645458 -24.0273132 0.165330499 0.15347591 0.164021045
v -1.62663949 10.8613882 -24.6910172 0.94647342 0.94607532 0.972360015
v 0.531361639 6.13867855 -26.0511093 0.107595921 0.117324986 0.153435305
v -6.76433039 8.86444378 -15.8504848 0.898806334 0.899476707 0.918121994
v -3.31135511 8.66790009 -16.2917881 0.841450214 0.831711948 0.855481267
v 1.40306401 6.85149765 -23.1488857 0.123440266 0.124265067 0.156073704
v 1.10580945 7.93676662 -24.5120525 0.035505522 0.0351839662 0.0656764433
v 0.34756273 7.16030598 -22.4236031 0.198745668 0.210659251 0.256087601
v -0.604567111 5.67154169 -20.616724 -0.268008083 -0.236876905 -0.183714092
v -5.9821806 7.37952423 -15.6489725 0.799083173 0.763736963 0.767223537
v -7.10974312 8.19981956 -13.7590084 0.763103306 0.744783044 0.752668262
v -6.79443693 7.70941353 -15.198884 0.778599203 0.754632592 0.760654688
v -1.42215443 11.2752094 -23.3525658 0.0156010156 0.0213697962 0.0756923407
v -4.49909496 6.732131 -15.68433 0.755850375 0.663092375 0.583262384
v -6.82426167 6.649405 -14.8048706 0.786170244 0.760051608 0.763263464
v 1.08700037 7.21119022 -21.9539204 0.194195032 0.201494709 0.244051412
v 1.65543914 6.62244129 -22.4179592 0.270403206 0.26131466 0.279320836
v 1.49778819 7.50923157 -24.103014 0.0801063627 0.0804451779 0.0990741253
v -0.165641069 11.9440422 -24.1735649 0.403326005 0.451447934 0.55120331
v 3.20604563 5.48390293 -23.631918 0.374880135 0.277882993 0.252349526
v 1.2828393 8.14021301 -24.9034615 0.161693886 0.163516253 0.191101059
v 1.67773223 5.22778034 -22.7071609 0.049763009 0.0015298659 0.0184612069
v -6.25518847 6.5770216 -15.4428148 0.802443206 0.767418921 0.76532495
v -4.40337753 8.50271511 -18.9465485 0.760421455 0.75557059 0.775622427
v -4.33450079 7.23557949 -19.7955666 0.692972779 0.686739981 0.699104011
v -1.81428194 10.4695978 -24.9578552 0.169189081 0.216174841 0.336380392
v -0.844385803 10.5803204 -25.9592152 0.264821321 0.290677518 0.373088658
v 1.37062836 11.4026489 -23.3611183 -0.172917798 -0.075147517 0.127858445
v 0.292830169 11.2188749 -25.3327351 0.929727793 0.941525459 0.961574793
v 2.23232269 5.62701797 -23.5820274 0.702122986 0.681673944 0.676112413
v 2.93258023 6.68605042 -21.585701 0.26518473 0.269367814 0.307856441
v 2.22208047 6.21074438 -23.073019 0.57035315 0.570640206 0.572301269
v 1.24761391 5.69631958 -23.809864 0.111710049 0.114157222 0.142035753
v 2.46412516 6.04816914 -26.058609 0.165278003 0.174156964 0.219959334
v 1.8099916 6.48163891 -23.0906181 0.201293275 0.194156602 0.228633687
v 2.47417974 6.3386755 -25.7394466 0.123683333 0.130777553 0.162785649
v 1.65085626 5.68336678 -24.2947578 0.306503505 0.26930654 0.291404933
v 1.22056198 5.99066925 -22.3592319 0.185519964 0.185660332 0.225446269
v 1.68011618 5.73199177 -22.5901146 0.16363427 0.167612329 0.190092415
v 1.54266167 6.2372179 -24.0364647 0.240072563 0.247644454 0.290228307
v 3.30395031 6.83359051 -22.7748146 0.237910807 0.234169886 0.265717655
v -1.04301441 11.1282768 -22.7649307 0.499775231 0.546977639 0.646203816
v -0.317393243 10.9683647 -22.4944649 0.427814573 0.481028289 0.600871861
v 2.69874167 6.8016243 -21.053669 0.166973263 0.179327786 0.231228516
v -2.01349545 9.85653114 -25.4219398 0.314358324 0.368660808 0.482776344
v 2.87590528 6.66107082 -21.8620739 0.218604967 0.217456996 0.225350857
v 2.96992183 6.99834394 -21.5876617 0.202044383 0.205553472 0.238900885
v -0.0333172083 10.5284462 -26.3144932 0.339793533 0.395252317 0.526330471
v 1.98978519 6.88357353 -19.9138947 0.361363024 0.367836088 0.403799385
v 1.81750751 6.83379173 -19.5130806 0.494117647 0.478431374 0.494117647
v 1.8070724 6.95568037 -19.7048512 0.34117648 0.352941185 0.396078438
v -2.77304125 6.7983532 -21.8425636 0.368194491 0.362128973 0.377361268
v 3.26530886 7.11458683 -25.1278114 0.171700329 0.175891951 0.221391931
v 2.74682617 7.06886864 -23.0893402 0.0888955221 0.114035994 0.147384748
v 1.97592282 7.25314808 -22.1776657 0.0375932306 0.0384208225 0.0624887235
v 3.33714104 7.19805908 -23.6819649 0.0821544826 0.0901441723 0.122216605
v 3.1445694 7.0929203 -25.3748341 0.183744401 0.200358123 0.250924796
v 1.10919523 6.51484776 -23.9612045 0.104575455 0.102945507 0.127237767
v 2.035712 9.34794998 -21.7020016 0.264943361 0.290353894 0.365621507
v 3.63232851 7.75671768 -15.8562593 0.701641738 0.656957507 0.64531517
v 2.06536365 8.1188755 -16.170372 0.87937963 0.871701062 0.910141766
v 0.813378513 7.24615097 -17.3182201 0.433935642 0.438728511 0.475185007
v 0.607697546 8.27443504 -17.0199986 0.737146854 0.732567132 0.760906696
v 1.77209973 6.95447874 -19.4831944 0.456156939 0.456372142 0.485393882
v 3.50027323 7.31494045 -23.3256798 0.227010757 0.226401687 0.240243152
v 3.77140474 7.34216785 -22.4843407 0.357976645 0.364869952 0.404199123
v 0.610430896 5.87428379 -27.0493469 0.227547586 0.237428233 0.277348816
v -1.69542754 8.34101868 -15.9356575 0.744179487 0.667026818 0.618035793
v 0.912469208 7.82400417 -15.650176 0.715910554 0.649072528 0.605312347
v 3.68449926 7.69426537 -22.8310871 0.433832318 0.453741968 0.514722228
v 3.59035015 7.57914543 -23.8994274 0.323490292 0.343937188 0.401495308
v 3.76451492 7.93380833 -23.1135979 0.409649432 0.455976725 0.557984054
v 2.30622101 7.44346333 -23.5855503 0.166777059 0.163470641 0.176834822
v 4.50585747 8.95800018 -21.4194241 0.293571383 0.314067006 0.391635984
v 3.44153929 8.14190197 -23.9731922 0.211287051 0.229463607 0.292853534
v 2.78660107 7.39329147 -22.6490555 0.181611717 0.186420873 0.222480699
v 2.97608566 8.21929169 -23.8401432 0.261491984 0.2637766 0.290593117
v 2.89639688 8.13633537 -22.5010147 0.188238099 0.212322146 0.289992332
v 4.6584239 8.79755878 -21.5180397 0.297480017 0.300238162 0.33439827
v 2.55680132 7.87663841 -22.1241608 0.211532652 0.2069612 0.243272364
v 2.91069579 9.00742722 -22.0774937 0.286571413 0.320906311 0.394874185
v 3.10011768 7.74817371 -23.8880882 0.160664126 0.170165583 0.212842375
v 2.4978056 8.09197426 -24.1756859 0.129853547 0.139679909 0.182525396
v 3.03197193 7.39655304 -24.9733086 0.0548466332 0.0682603717 0.129342198
v 1.93118691 8.457057 -24.8159752 0.149547145 0.162787572 0.214953706
v -4.18831205 7.41978836 -18.5932503 0.686687231 0.677637994 0.694816053
v 2.08392906 10.6149235 -22.6718998 0.310610563 0.375407249 0.500072718
v -2.61162305 7.59516048 -21.7452564 0.174485788 0.184948936 0.231738657
v 0.407606542 9.80818558 -26.2363186 0.251561671 0.287492096 0.390098989
v -1.08407736 6.13296032 -15.5641432 0.755029321 0.719742656 0.730083406
v -0.838871956 6.73686647 -17.9026127 0.788623929 0.785237849 0.802282393
v -1.9345361 6.67687416 -18.7372894 0.716131866 0.700634181 0.718826532
v -2.80533218 5.35789919 -13.7702799 0.159710184 0.146953568 0.16277802
v -3.71671152 5.43694878 -13.125576 0.21452333 0.194810152 0.223383293
v 0.318120182 5.56956387 -15.1526079 0.867315888 0.831525326 0.832551658
v -2.59087682 6.42705631 -15.5453215 0.774837375 0.716910779 0.700684965
v -2.22885466 5.92390347 -15.3607178 0.869155347 0.820769191 0.820064425
v -3.62496185 7.65969276 -17.4409218 0.674511433 0.669843495 0.67823869
v -3.99930906 7.06235313 -18.6973591 0.815579355 0.781528354 0.783118427
v -3.82837486 4.32179165 -13.9759607 0.20762895 0.199631736 0.220430925
v -2.58612823 6.30427265 -19.9484024 0.701854765 0.663914561 0.664711118
v -1.00485837 9.75378132 -26.0312653 0.239794403 0.230214313 0.255409956
v -2.47930551 5.11955357 -14.432538 0.218777239 0.207021296 0.223447949
v 1.25014591 5.02740145 -23.5205173 0.204521254 0.205377534 0.234898657
v -0.298985898 8.37764072 -16.2136955 0.946740806 0.958983958 1.00324595
v 0.0428718925 4.8253746 -23.2779293 0.367749125 0.338488191 0.33959955
v -4.44906425 7.02509165 -21.4335709 -0.0455774181 -0.0328681692 0.0218809322
v -4.46396255 6.55276489 -22.1633396 0.502629578 0.494486094 0.513604283
v 0.818612397 5.05306864 -26.7217941 0.300053895 0.290282965 0.289140105
v -2.21831417 4.86271048 -15.0067215 0.145098045 0.129411772 0.156862751
v 0.724256814 4.87903214 -27.7795181 0.284197122 0.30923447 0.379064023
v -4.4096446 6.81928444 -20.9651222 0.243769899 0.242179513 0.27040872
v -3.73752594 7.17905235 -21.5165653 0.643961668 0.625989079 0.637054741
v -3.21507907 6.82083035 -21.9464722 0.474817693 0.461656421 0.477268547
v -2.3851347 7.20125294 -17.535635 0.811059475 0.805003762 0.813838601
v -0.153676927 6.06547594 -24.0294952 0.111506663 0.113352291 0.135936573
v -0.276566267 4.52468491 -23.8224716 0.103146881 0.108803935 0.130516708
v -4.4633131 6.51831436 -21.2713852 0.0586659238 0.0579458065 0.0845755786
v -3.7101922 6.8895359 -21.5818443 0.676480293 0.654823601 0.64854604
v 0.0557102561 5.67126369 -23.6512299 0.078066051 0.0787885785 0.0926540866
v -0.0810028911 5.63341236 -28.4976082 0.208881408 0.284860969 0.462091416
v -4.09991121 6.46063137 -20.3007545 0.724614739 0.709145725 0.718983889
v 0.155307472 6.35167551 -22.5414944 0.0600606278 0.0861426443 0.133687764
v -0.334122717 6.41539574 -22.8391457 0.0395190679 0.0530059338 0.0854989737
v 0.203002155 4.70600319 -27.0750351 0.148616254 0.152404696 0.184758008
v 0.207571447 5.52736044 -22.636446 0.075408943 0.0418826044 0.0930002406
v 0.748672068 5.59822941 -26.2254143 0.155955583 0.164736494 0.212190211
v 0.198379695 5.37385511 -26.7214661 0.221897379 0.228870973 0.258385122
v 0.698385179 5.70405102 -26.5883369 0.267787248 0.290532023 0.356418163
v -0.476766646 4.95425844 -27.8799267 0.189303696 0.190894559 0.207450986
v 0.186387837 6.27880001 -26.1282425 0.213236496 0.227647319 0.274861246
v 1.16176176 5.9091754 -25.2458839 0.155918896 0.161275387 0.192536443
v 0.324829996 5.98090649 -25.1255722 0.292100102 0.290599197 0.328016579
v -0.410683811 6.08333015 -22.4221745 0.00340611255 0.00444045383 0.015897803
v -0.167188346 5.27440834 -22.1788673 0.139263138 0.137550488 0.151611149
v -3.12514257 6.92141962 -21.580883 0.533782363 0.511106312 0.535788119
v 1.04575348 6.2635231 -24.6001091 0.24686861 0.25434953 0.281006545
v -0.639462054 5.95914364 -23.6676769 0.312931061 0.293223292 0.302885324
v -3.84491158 6.84431553 -22.9042568 0.835725188 0.819416225 0.823573172
v -3.98426962 6.61330891 -23.4025021 0.84452641 0.818010509 0.815689564
v -1.43855822 5.20562649 -22.2020206 0.216132745 0.185690641 0.195773885
v 1.28847218 6.13074112 -24.0610657 0.306069732 0.302131176 0.309688866
v 0.148972452 5.26209545 -21.9445152 0.687979758 0.69030714 0.735303998
v -1.74979091 5.16083622 -22.5947475 0.592082441 0.542063892 0.520861328
v -1.13022375 5.75635815 -21.7800388 0.182454422 0.176722571 0.20289214
v -2.16470909 6.45688725 -23.0369263 0.4862324 0.486004353 0.487510264
v -1.58666086 5.58467484 -24.0164299 0.0974930301 0.103383124 0.138752833
v -2.04395056 5.41755009 -23.8402176 0.112294309 0.123669289 0.156965971
v -0.667650461 6.4814806 -23.593586 0.167642817 0.168054655 0.197087422
v -1.68953276 5.65518856 -23.5282555 0.340704054 0.306739837 0.294637024
v -1.85273814 5.30667877 -23.3542366 0.402018845 0.366828322 0.361914903
v -1.16543043 6.40681601 -23.7518272 0.625945091 0.624473691 0.650835395
v -0.318558753 5.21391392 -27.2698784 0.165370196 0.173656777 0.200916469
v -1.09982383 6.29474688 -23.0300598 0.567091942 0.554807365 0.578805983
v -2.53928947 6.19936609 -21.3992939 0.141214281 0.137039065 0.158909544
v -1.35220182 6.14661026 -23.8945484 0.176305145 0.173238337 0.207838163
v -2.35886574 6.43734026 -24.1875725 0.246617779 0.267245293 0.349459171
v -0.602790534 5.56355 -28.5269661 0.308850437 0.343941122 0.424549669
v -0.422099411 4.64804268 -30.7587147 0.127595529 0.127801478 0.158707708
v -1.23865199 5.33836651 -29.3403511 0.143234313 0.143245205 0.173132867
v -0.519157648 5.27544403 -29.6523514 0.216717079 0.227722093 0.284029156
v -1.46214271 4.81955481 -29.0120697 0.253592134 0.26762861 0.313822061
v -3.15588927 6.14563751 -24.1751175 0.495676994 0.45799014 0.439512342
v -1.04507124 7.40616035 -17.3604755 0.73559016 0.730532825 0.748923481
v -1.22938108 5.75409985 -30.1282425 0.256561786 0.257482916 0.270554632
v -3.56396294 6.2599926 -23.4231224 0.532958925 0.301013649 0.21286802
v -3.73131323 5.59696054 -24.3556042 0.269664556 0.255917132 0.269048512
v -4.23669243 5.28705883 -24.2865219 0.170171797 0.174164921 0.201902509
v -2.76903486 6.38767862 -22.2858658 0.537083983 0.493810028 0.472695678
v -2.42728496 5.92493439 -22.0211849 0.435468525 0.408071131 0.40912658
v -3.22047281 5.9537487 -21.0250225 0.764786243 0.722626388 0.715122581
v -3.40881109 5.93748474 -23.9773598 0.353390634 0.336122811 0.349410951
v -3.90950346 5.94619131 -24.2492828 0.154396787 0.175037414 0.225952089
v -2.9371891 6.37196541 -22.0982342 0.499660522 0.458386809 0.441380352
v -5.79569769 6.47304916 -23.5588379 0.593887389 0.509368002 0.492242068
v -3.13869166 5.55358887 -23.6946163 0.597877026 0.566201508 0.550149739
v -3.14916158 5.76153469 -23.6295376 0.3048006 0.287156463 0.283597201
v -2.9720583 5.50713587 -23.3750858 0.341188461 0.305488467 0.291734785
v -9.56881809 5.73663998 -16.0164375 0.770613134 0.743879914 0.739667177
v -3.23352385 5.52714252 -23.6397896 0.266666681 0.247058824 0.247058824
vt 1.63746989 0.0873562619 0
vt 1.65448296 0.0693554729 0
vt 1.67173588 0.0635983795 0
vt 1.34186983 0.127536684 0
vt 1.33093095 0.149346948 0
vt 1.32141078 0.11934533 0
vt 0.977297843 0.139953315 0
vt 0.966471672 0.125961721 0
vt 0.980673254 0.122480184 0
vt 1.64709902 0.738075256 0
vt 1.64315104 0.753672063 0
vt 1.63542926 0.741929531 0
vt 0.0774588361 0.525878906 0
vt 0.0838761255 0.539946616 0
vt 0.0675645694 0.54436785 0
vt 1.61763752 0.0892011151 0
vt 1.62356913 0.0719901696 0
vt 1.56745148 0.632574975 0
vt 1.54194784 0.652166903 0
vt 1.55445039 0.622261107 0
vt 0.63352859 0.962431908 0
vt 0.613816023 0.981645286 0
vt 0.631946921 0.95929426 0
vt 1.06326616 0.872504294 0
vt 1.05387437 0.872929156 0
vt 1.0379504 0.862695277 0
vt 1.44239545 0.369945645 0
vt 1.46585822 0.360706002 0
vt 1.45651352 0.393422723 0
vt 1.6623193 0.144930169 0
vt 1.6429038 0.109206297 0
vt 1.03900111 0.870817661 0
vt 1.03829992 0.861830354 0
vt 1.67197943 0.724897563 0
vt 1.66330457 0.748949826 0
vt 1.04302442 0.8495453 0
vt 1.06103897 0.843881667 0
vt 1.63877821 0.0384955034 0
vt 1.63348055 0.0502813309 0
vt 0.265919954 0.190266058 0
vt 0.250491738 0.16108571 0
vt 0.280897319 0.176388383 0
vt 0.21701996 0.0703487396 0
vt 0.206735939 0.100483194 0
vt 1.02167189 0.873408377 0
vt 1.04736209 0.879111946 0
vt 1.46092367 0.537894189 0
vt 1.48033178 0.464766532 0
vt 1.49210346 0.577842832 0
vt 0.831898808 0.292251468 0
vt 0.824034512 0.296052963 0
vt 0.829380572 0.286848128 0
vt 1.85053551 0.427906543 0
vt 1.84085727 0.323787153 0
vt 1.84780943 0.365824312 0
vt 0.620230854 0.958534658 0
vt 0.627207398 0.946036637 0
vt 1.45909166 0.490627944 0
vt 1.4535284 0.459104329 0
vt 1.7677027 0.431390077 0
vt 1.78407395 0.407972693 0
vt 1.78230262 0.441373736 0
vt 1.58056867 0.0765695199 0
vt 1.59656954 0.0656499341 0
vt 1.61091602 0.084980987 0
vt 1.77557492 0.469292194 0
vt 1.78353894 0.467248708 0
vt 0.804271698 0.255373687 0
vt 0.798282564 0.263459623 0
vt 0.792303205 0.264675975 0
vt 1.61388409 0.061839655 0
vt 1.57279992 0.789352536 0
vt 1.5905236 0.812035561 0
vt 1.59162736 0.821201026 0
vt 0.950441658 0.290735334 0
vt 0.959385276 0.290285259 0
vt 0.957703769 0.298834085 0
vt 0.293104231 0.203481063 0
vt 0.154825732 0.721173346 0
vt 0.146496207 0.756225467 0
vt 0.135369986 0.717848718 0
vt 0.770902932 0.312179804 0
vt 0.754790783 0.297278911 0
vt 0.761322916 0.303525954 0
vt 0.150824949 0.707271695 0
vt 1.64222062 0.136383608 0
vt 1.45803463 0.518169761 0
vt 0.29970786 0.187004194 0
vt 1.01411235 0.570336699 0
vt 1.00819731 0.563996017 0
vt 1.03091466 0.547299206 0
vt 1.30568373 0.476351589 0
vt 1.32695568 0.469406962 0
vt 1.32119167 0.493603081 0
vt 0.0905694887 0.751123786 0
vt 0.105236441 0.720084727 0
vt 0.100569166 0.766183197 0
vt 1.6676532 0.0926977471 0
vt 1.47143984 0.37199828 0
vt 0.702539206 0.0454186983 0
vt 0.706930339 0.0371188782 0
vt 0.719382882 0.038406495 0
vt 0.84394902 0.656865537 0
vt 0.779666662 0.683669508 0
vt 0.810352862 0.644672096 0
vt 0.886588871 0.508960485 0
vt 0.879827857 0.507433236 0
vt 0.877669334 0.497902066 0
vt 0.224558279 0.0663276762 0
vt 0.26834774 0.125252277 0
vt 0.284561396 0.155298263 0
vt 1.66910934 0.0150481639 0
vt 1.67676139 0.0172360279 0
vt 1.31902242 0.467471331 0
vt 1.31976545 0.461489111 0
vt 1.64444435 0.0165280998 0
vt 1.63816035 0.0229657702 0
vt 0.142472774 0.700893641 0
vt 0.0726421699 0.792489231 0
vt 0.134937555 0.789049506 0
vt 0.13035433 0.768211007 0
vt 0.31595403 0.234380201 0
vt 0.305859596 0.214567035 0
vt 1.6036638 0.839872539 0
vt 0.125406981 0.745875716 0
vt 0.112929456 0.781276286 0
vt 0.129744947 0.727276027 0
vt 0.340259701 0.585602582 0
vt 0.347022086 0.581700087 0
vt 0.350823909 0.600512028 0
vt 1.47065914 0.392370254 0
vt 0.639390707 0.50275141 0
vt 0.640618742 0.495601714 0
vt 0.651599169 0.507390559 0
vt 0.343217969 0.254693925 0
vt 0.326416016 0.250886053 0
vt 0.338069379 0.241968051 0
vt 1.03842509 0.571603954 0
vt 1.02459979 0.580552459 0
vt 1.03074121 0.560859263 0
vt 1.61289012 0.0756471977 0
vt 1.0513767 0.547819912 0
vt 1.02734125 0.520177424 0
vt 1.03790259 0.506394446 0
vt 0.897640169 0.717120767 0
vt 0.848762035 0.712448835 0
vt 0.546487689 0.179586977 0
vt 0.540837109 0.187755615 0
vt 0.533764839 0.175603524 0
vt 1.03597653 0.552098751 0
vt 1.03270495 0.5380885 0
vt 0.539230466 0.190368488 0
vt 0.883698225 0.345133334 0
vt 0.855632842 0.298273802 0
vt 0.860463858 0.298815995 0
vt 0.124410965 0.784751832 0
vt 0.872044742 0.310976595 0
vt 0.893516839 0.368388444 0
vt 0.88042146 0.415699631 0
vt 1.03994119 0.584476173 0
vt 1.06627607 0.610660076 0
vt 1.04053855 0.596579432 0
vt 1.29514813 0.119386613 0
vt 1.29424131 0.139101923 0
vt 1.58141673 0.0635597333 0
vt 1.5709362 0.110308088 0
vt 1.6040504 0.136280194 0
vt 1.56836593 0.133540541 0
vt 0.129041895 0.711934686 0
vt 0.121075116 0.717310369 0
vt 0.126852557 0.69729054 0
vt 0.544647098 0.188093647 0
vt 0.0499760956 0.855230391 0
vt 0.0935051292 0.8266958 0
vt 0.0978424251 0.795870602 0
vt 0.0921972692 0.810215712 0
vt 0.535156906 0.152389333 0
vt 0.548292756 0.155894637 0
vt 0.550323486 0.171555743 0
vt 0.688168406 0.429752499 0
vt 0.700325966 0.412018299 0
vt 0.707619786 0.413171262 0
vt 0.523161769 0.164784029 0
vt 0.559466004 0.176960498 0
vt 0.92489928 0.368726611 0
vt 0.940548718 0.346980572 0
vt 0.924842477 0.378300309 0
vt 0.526594937 0.494413853 0
vt 0.53197062 0.491185069 0
vt 0.531685531 0.503667831 0
vt 0.109689541 0.81100446 0
vt 0.103908196 0.822550952 0
vt 0.565690458 0.16399987 0
vt 0.0662882626 0.856629193 0
vt 1.18994904 0.0491368957 0
vt 1.11253989 0.00081362261 0
vt 1.19629991 0.0279233642 0
vt 0.690065026 0.673795342 0
vt 0.688713074 0.683463871 0
vt 0.685229957 0.672039211 0
vt 0.0823225975 0.50190407 0
vt 0.087513037 0.493552357 0
vt 0.0965203643 0.504699051 0
vt 0.859243929 0.716360927 0
vt 1.03534794 0.588919342 0
vt 0.830570877 0.695024371 0
vt 0.98407954 0.0615058616 0
vt 0.976879776 0.0538910814 0
vt 0.983379364 0.0474558249 0
vt 1.01930487 0.540429235 0
vt 0.905725062 0.383802712 0
vt 0.920939565 0.365574419 0
vt 0.88684386 0.746087372 0
vt 0.47407794 0.301603943 0
vt 0.465980828 0.313101023 0
vt 0.461987287 0.302572995 0
vt 0.218363628 0.11505799 0
vt 1.65040314 0.00574647076 0
vt 1.6710192 0.00293525937 0
vt 1.28587961 0.143910766 0
vt 1.31885183 0.176288754 0
vt 1.27606046 0.168755099 0
vt 1.54815412 0.620009542 0
vt 1.54211307 0.635084808 0
vt 0.93062073 0.351951718 0
vt 1.68114769 0.00255863089 0
vt 1.02990127 0.560433507 0
vt 1.45199323 0.428852916 0
vt 0.802179515 0.487423509 0
vt 0.806268811 0.482297897 0
vt 0.816255629 0.502017021 0
vt 0.652353644 0.392095745 0
vt 0.645976484 0.393555969 0
vt 0.644598603 0.381342888 0
vt 0.305077225 0.657753766 0
vt 0.311596364 0.670034826 0
vt 0.299445122 0.665239692 0
vt 1.57055354 0.150214434 0
vt 0.975032032 0.505124807 0
vt 0.975398123 0.4919267 0
vt 0.983530283 0.505388916 0
vt 0.732073188 0.436088055 0
vt 0.741412699 0.437185228 0
vt 0.728611887 0.454051465 0
vt 0.678845763 0.855332017 0
vt 0.689139724 0.852117896 0
vt 0.687912822 0.860757768 0
vt 1.56691837 0.609574258 0
vt 0.596875846 0.41003868 0
vt 0.607809424 0.401637077 0
vt 0.610348284 0.417867959 0
vt 0.794158161 0.567436278 0
vt 0.798227847 0.557761073 0
vt 0.806327581 0.569602251 0
vt 0.347601324 0.687615216 0
vt 0.355999738 0.663245022 0
vt 0.35559392 0.683013618 0
vt 0.65484035 0.921302974 0
vt 0.651831627 0.893328846 0
vt 0.661167502 0.907325268 0
vt 1.52703488 0.631802738 0
vt 1.54797494 0.607164919 0
vt 1.53613067 0.638703465 0
vt 0.551728487 0.382721841 0
vt 0.571969628 0.374431938 0
vt 0.554417729 0.391112745 0
vt 0.354849339 0.348448008 0
vt 0.373155683 0.337232053 0
vt 0.364827305 0.353238404 0
vt 0.562444687 0.397261381 0
vt 0.501151264 0.396893531 0
vt 0.514931321 0.38536042 0
vt 0.507919014 0.393206239 0
vt 0.56587404 0.398177028 0
vt 0.224055946 0.329050958 0
vt 0.209721327 0.327114463 0
vt 0.221890002 0.322341919 0
vt 1.54211855 0.671856344 0
vt 1.55064201 0.662072003 0
vt 1.55691183 0.668689489 0
vt 0.14201048 0.789943457 0
vt 0.835733831 0.339026332 0
vt 0.977337182 0.10558375 0
vt 0.981346726 0.112371325 0
vt 1.67919004 0.489033341 0
vt 1.61560512 0.491495281 0
vt 1.60501218 0.461500645 0
vt 0.5550071 0.147389889 0
vt 1.62452424 0.094070971 0
vt 0.988603532 0.117039949 0
vt 0.977630436 0.10624823 0
vt 0.993876874 0.122396097 0
vt 1.69166577 0.743603468 0
vt 1.30926013 0.469122469 0
vt 1.29864407 0.473114461 0
vt 0.277229369 0.0549338795 0
vt 0.264218748 0.058451809 0
vt 0.267945856 0.049920056 0
vt 0.805978477 0.303340137 0
vt 0.824473441 0.295290291 0
vt 0.667919934 0.895006776 0
vt 1.80544353 0.447208226 0
vt 1.80908871 0.463798374 0
vt 0.53322345 0.423282743 0
vt 0.539548457 0.413017362 0
vt 0.547251821 0.430341244 0
vt 0.542484224 0.302811474 0
vt 0.534403801 0.313263357 0
vt 0.529152989 0.300160378 0
vt 1.590114 0.516900778 0
vt 0.18303065 0.0741870329 0
vt 1.58413684 0.627144098 0
vt 0.763890266 0.413256079 0
vt 0.752896488 0.418632448 0
vt 0.764090121 0.395840853 0
vt 0.978916883 0.0798089877 0
vt 0.968435764 0.0649475083 0
vt 0.963561952 0.0512592345 0
vt 1.65884793 0.445566744 0
vt 1.67473996 0.463987291 0
vt 1.63843322 0.436552227 0
vt 0.990887165 0.0989382565 0
vt 0.98763448 0.0810643584 0
vt 0.984105408 0.0885334909 0
vt 1.57546163 0.647911608 0
vt 0.32100445 0.432081521 0
vt 0.310751557 0.436883271 0
vt 0.313862324 0.428125441 0
vt 1.62511718 0.435056686 0
vt 1.63001919 0.426878363 0
vt 1.64987445 0.436672807 0
vt 0.321594983 0.584257543 0
vt 0.317326754 0.589787841 0
vt 0.313147843 0.5835464 0
vt 0.111096844 0.786468089 0
vt 0.969347835 0.0644725338 0
vt 1.29875314 0.481423885 0
vt 1.28975034 0.482412517 0
vt 0.526038766 0.408996135 0
vt 0.949163616 0.31088987 0
vt 0.939992487 0.310376555 0
vt 0.947164834 0.301813185 0
vt 0.0122117456 0.322897881 0
vt -0.0020074097 0.321487516 0
vt 0.00579717429 0.316554636 0
vt 1.58821702 0.653744698 0
vt 0.272525519 0.648141801 0
vt 0.283678055 0.632715464 0
vt 0.281075925 0.643313825 0
vt 0.214024618 0.138711989 0
vt 0.220302254 0.134739414 0
vt 0.210064292 0.155274719 0
vt 1.69452882 0.491476387 0
vt 1.67874265 0.47570917 0
vt 1.02340186 0.474941343 0
vt 1.01857579 0.489305049 0
vt 1.01656222 0.476177752 0
vt 0.772603989 0.391286671 0
vt 0.969086647 0.0767405108 0
vt 0.970818281 0.0862792358 0
vt 0.718950033 0.0902600959 0
vt 0.714401484 0.0976520032 0
vt 0.704350233 0.0909074768 0
vt 0.652492464 0.514479876 0
vt 0.606116831 0.333386511 0
vt 0.616024196 0.335414946 0
vt 0.620088339 0.34741202 0
vt 0.0801361278 0.499506146 0
vt 0.854028225 0.29424727 0
vt 0.962784767 0.0383505337 0
vt 0.368371218 0.44930321 0
vt 0.386378139 0.430346072 0
vt 0.37710005 0.448544472 0
vt 1.29420662 0.0114837186 0
vt 1.29286277 0.0246499814 0
vt 1.28709209 0.00835094508 0
vt 0.850140333 0.641669035 0
vt 0.849708498 0.659259677 0
vt 0.842445791 0.655027032 0
vt 0.230447263 0.152291283 0
vt 0.222158954 0.14875257 0
vt 0.234762594 0.143499523 0
vt 0.0586398728 0.580616653 0
vt 0.0712086707 0.592405438 0
vt 0.0680899546 0.591393948 0
vt 1.65056622 0.00563533418 0
vt 0.617043674 0.419730514 0
vt 0.608963549 0.424500108 0
vt 0.600345552 0.418637812 0
vt 1.65152395 0.718248308 0
vt 0.288061619 0.0500507541 0
vt 0.298519194 0.299817234 0
vt 0.292778164 0.304476112 0
vt 0.287632138 0.297711402 0
vt 0.129132062 0.707821608 0
vt 0.128229603 0.682569623 0
vt 0.135243624 0.692150652 0
vt 0.11182043 0.62964499 0
vt 0.121888161 0.615424335 0
vt 0.121074229 0.635496438 0
vt 0.973660648 0.105817661 0
vt 1.05103648 0.843224585 0
vt 0.120792389 0.719944775 0
vt 0.704626501 0.150324911 0
vt 0.700400174 0.146280155 0
vt 0.70085746 0.151863918 0
vt 0.609417737 0.442393661 0
vt 0.617769301 0.424567878 0
vt 0.628125906 0.414629489 0
vt 1.28685713 0.504292428 0
vt 1.29388511 0.500492811 0
vt 0.284269899 0.625536561 0
vt 0.0582585186 0.301073343 0
vt 0.0640272126 0.293157578 0
vt 0.0698501468 0.291258126 0
vt 0.0738633871 0.33006829 0
vt 0.0715332031 0.320218951 0
vt 0.0835942328 0.32451129 0
vt 1.7878145 0.421574265 0
vt 1.80034721 0.448978812 0
vt 0.736161649 0.349198848 0
vt 0.71425873 0.36145407 0
vt 0.730704129 0.346590579 0
vt 1.31376624 0.470448613 0
vt 0.105538428 0.496600568 0
vt 0.102622293 0.489209443 0
vt 0.118327014 0.472804844 0
vt 0.99539727 0.539381504 0
vt 1.00711513 0.54072839 0
vt 0.989005923 0.549072206 0
vt 0.648402154 0.932752609 0
vt 0.646976173 0.944722176 0
vt 0.674241424 0.884652019 0
vt 0.682188451 0.875360548 0
vt 1.01038384 0.460232884 0
vt 1.30690384 0.48692739 0
vt 0.0961161405 0.507678747 0
vt 0.105016984 0.497058362 0
vt 0.479386538 0.203642711 0
vt 0.465385705 0.205810443 0
vt 0.465086251 0.196694598 0
vt 1.00171578 0.441859663 0
vt 1.67221916 0.455905706 0
vt 1.08216286 0.855651438 0
vt 1.08080828 0.866187513 0
vt 1.07123435 0.866076171 0
vt 1.63859379 0.721418977 0
vt 1.512012 0.630948603 0
vt 1.5265702 0.597249746 0
vt 0.97219032 -0.00485958206 0
vt 0.974368334 0.0147056887 0
vt 0.965094924 -0.000790994207 0
vt 1.34649026 0.110113561 0
vt 1.38451874 0.214023173 0
vt 1.33378708 0.0969039351 0
vt 1.82778943 0.221632853 0
vt 1.83531499 0.258649617 0
vt 1.82597232 0.22569631 0
vt 0.247186616 0.180714175 0
vt 0.229549378 0.172250956 0
vt 0.243547276 0.17303364 0
vt 0.860446811 0.657149315 0
vt 0.859192312 0.64336729 0
vt 0.869426131 0.642016709 0
vt 0.0701782331 0.597780585 0
vt 0.0650375634 0.607048452 0
vt 1.62356544 0.0724998042 0
vt 1.57309926 0.664302289 0
vt 1.68518782 0.493896633 0
vt 1.66372871 0.499061376 0
vt 1.67481017 0.491919011 0
vt 0.974699736 0.0259757154 0
vt 1.56158817 0.666098833 0
vt 1.64642584 0.680248976 0
vt 0.88468641 0.696842372 0
vt 0.879080892 0.684405744 0
vt 0.881787598 0.683822691 0
vt 0.140684739 0.634734869 0
vt 0.136243805 0.620869577 0
vt 0.144949198 0.622134149 0
vt 1.78437519 0.342800587 0
vt 1.7807008 0.323791176 0
vt 1.79220927 0.352348834 0
vt 1.87759233 0.369005471 0
vt 1.85867453 0.360892266 0
vt 1.87483132 0.366831124 0
vt 0.246413842 0.516800046 0
vt 0.238257244 0.529597402 0
vt 0.236571193 0.523391604 0
vt 1.37598479 0.209945366 0
vt 0.993165314 0.145567641 0
vt 0.195407733 0.088421464 0
vt 0.989900947 0.0645619705 0
vt 0.211283863 0.488347381 0
vt 0.200490564 0.500620604 0
vt 0.200798005 0.482780367 0
vt 1.58168387 0.795146883 0
vt 1.30989802 0.504168868 0
vt 0.729016542 0.444855064 0
vt 0.724408448 0.444595933 0
vt 0.736883223 0.428178668 0
vt 1.27863622 0.00338864909 0
vt 0.965125084 0.49300167 0
vt 0.634243011 0.953045487 0
vt 0.647531092 0.955833972 0
vt 0.363944203 0.337526083 0
vt 0.767188191 0.312615305 0
vt 0.330535352 0.707974792 0
vt 0.333754539 0.703877807 0
vt 0.335992754 0.723628044 0
vt 1.84714854 0.346444756 0
vt 0.986833155 0.101196848 0
vt 1.32840252 0.11534743 0
vt 1.33748496 0.11470563 0
vt 0.0773940608 0.649766445 0
vt 0.0788097531 0.64208746 0
vt 0.0807277188 0.66096431 0
vt 1.77183068 0.325694382 0
vt 0.772018194 0.311136454 0
vt 0.0825832859 0.653779805 0
vt 1.08117223 0.856232285 0
vt 0.393709987 0.40489313 0
vt 0.398962677 0.391039997 0
vt 0.404682696 0.398918599 0
vt 0.955155969 0.474433035 0
vt 0.932292163 0.46969378 0
vt 0.938614607 0.457848966 0
vt 1.84255576 0.310593605 0
vt 1.60885847 0.0999698564 0
vt 1.8629992 0.369936615 0
vt 1.60029936 0.640755594 0
vt 0.166606754 0.68621707 0
vt 0.986354887 0.898010135 0
vt 0.999532461 0.901002884 0
vt 0.992721558 0.907156646 0
vt 0.758377016 0.542055786 0
vt 0.759820461 0.551822066 0
vt 0.739201546 0.516785324 0
vt 0.16364108 0.712518811 0
vt 0.184749424 0.719478786 0
vt 0.0805488601 0.548583865 0
vt 1.85275483 0.376821935 0
vt 1.84769309 0.365659267 0
vt 0.289149314 0.242588773 0
vt 1.65921271 0.703119457 0
vt 1.67171526 0.705208957 0
vt 1.64128661 0.712320685 0
vt 0.151589274 0.67423898 0
vt 0.159939021 0.661930144 0
vt 0.166944355 0.687219203 0
vt 1.45860851 0.330911547 0
vt 0.0352346264 0.529805601 0
vt 0.0429618843 0.521137595 0
vt 0.0416135341 0.529903889 0
vt 0.514221013 0.353222489 0
vt 0.504263818 0.341458678 0
vt 0.504375637 0.33680746 0
vt 0.344863802 0.115272112 0
vt 0.348734766 0.121309914 0
vt 0.335022032 0.116662048 0
vt 0.142795876 0.700869858 0
vt 0.153356895 0.0121244248 0
vt 0.195190102 0.0387452208 0
vt 1.47196984 0.35953185 0
vt 1.60673702 0.53058219 0
vt 1.59496355 0.543322563 0
vt 1.60225046 0.525727332 0
vt 1.56411803 0.779691756 0
vt 1.56145668 0.768772244 0
vt 0.873143792 0.562372148 0
vt 0.878315747 0.565514922 0
vt 0.868207574 0.583557844 0
vt 1.47915208 0.373136759 0
vt 0.0710042864 0.440815121 0
vt 0.0722679421 0.431032807 0
vt 0.0886568502 0.408358574 0
vt 1.6023078 0.525780141 0
vt 1.59506536 0.544523656 0
vt 1.58264291 0.530952871 0
vt 1.58137321 0.541931868 0
vt 1.60069978 0.714662611 0
vt 1.61495519 0.716549933 0
vt 1.56984317 0.72588253 0
vt 1.60093701 0.735551834 0
vt 1.58185768 0.744692266 0
vt 1.56396449 0.746394098 0
vt 1.68713105 0.76351732 0
vt 0.150777489 0.0807587802 0
vt 1.53742015 0.58152622 0
vt 1.55611265 0.559435964 0
vt 1.5587393 0.578768313 0
vt 0.69905591 0.392220914 0
vt 0.702312887 0.390114397 0
vt 0.720171392 0.417656302 0
vt 0.168680459 0.654213369 0
vt 0.188602909 0.63248831 0
vt 0.178441599 0.658340931 0
vt 0.149507552 0.144402146 0
vt 0.148904324 0.152969658 0
vt 0.141096219 0.15507488 0
vt 1.61519957 0.738100052 0
vt 1.59201252 0.74632293 0
vt 1.62610602 0.728740156 0
vt 0.761767149 0.141450897 0
vt 0.78075248 0.148225605 0
vt 0.771872222 0.151441842 0
vt 0.174740478 0.630507648 0
vt 0.150875613 0.0825943872 0
vt 1.66737032 0.699376285 0
vt 0.178902313 0.636224985 0
vt 1.63460255 0.73473525 0
vt 0.087488614 0.420354098 0
vt 1.54917991 0.596502721 0
vt 0.163210109 0.150619566 0
vt 0.158881351 0.1550235 0
vt 1.62733793 0.696821749 0
vt 1.62254345 0.706494451 0
vt 1.43640542 0.342396349 0
vt 1.64631283 0.68340224 0
vt 1.58095574 0.712899148 0
vt 1.6342572 0.734448731 0
vt 1.61502421 0.737935126 0
vt 1.58127666 0.79548794 0
vt 0.0547739044 0.392463326 0
vt 0.0694271848 0.388245493 0
vt 0.064700529 0.403221369 0
vt 0.717585385 0.421451747 0
vt 1.56075239 0.548513651 0
vt 1.56604242 0.561677575 0
vt 1.55754817 0.587954044 0
vt 1.56553948 0.573235154 0
vt 0.17590785 0.0236771423 0
vt 0.143382683 0.340766966 0
vt 0.15328382 0.352810144 0
vt 0.146107212 0.357373476 0
vt 1.59055686 0.568512142 0
vt 1.59909868 0.554997623 0
vt 1.56814766 0.53658253 0
vt 0.431387395 0.307980001 0
vt 0.417862207 0.310318053 0
vt 0.417622149 0.291106731 0
vt 0.172391698 0.684135914 0
vt 0.412865996 0.294036299 0
vt 0.00724226283 0.131319374 0
vt 0.0355175398 0.141625479 0
vt 0.0315017328 0.175011843 0
vt 1.99209738 0.843947887 0
vt 1.98541272 0.825757802 0
vt 1.99864936 0.785772443 0
vt 1.33161783 0.43357262 0
vt 1.33788049 0.511804283 0
vt 1.33103144 0.468492568 0
vt 1.71156716 0.134398073 0
vt 1.72539103 0.158537239 0
vt 1.70794821 0.157943279 0
vt 1.61761165 0.631476402 0
vt 1.61913109 0.663964152 0
vt 1.73959947 0.125342593 0
vt 1.74070203 0.145573378 0
vt 1.61224759 0.671359837 0
vt 0.195465222 0.827370822 0
vt 0.163877636 0.848071218 0
vt 0.167141497 0.823998332 0
vt 0.181087852 0.806074262 0
vt 0.1694085 0.875907302 0
vt 0.844781101 0.458257705 0
vt 0.804742396 0.379455298 0
vt 0.0924744755 0.523782253 0
vt 0.096053347 0.550496161 0
vt 0.0815178901 0.552752376 0
vt 0.0865273401 0.563658893 0
vt 0.115952909 0.947624922 0
vt 0.108083054 0.94477129 0
vt 0.108278632 0.92900604 0
vt 1.60278547 0.628862619 0
vt 1.22088206 0.69486475 0
vt 1.20851755 0.703925312 0
vt 1.20223308 0.69247961 0
vt 0.0318369009 0.226248428 0
vt 0.0227261204 0.256125718 0
vt 0.0305763911 0.201424122 0
vt 0.0599021912 0.907746017 0
vt 0.0838790685 0.906720996 0
vt 0.0810672566 0.924768746 0
vt 0.15185383 0.797284424 0
vt 0.164544314 0.797289073 0
vt 1.60090923 0.492429018 0
vt 0.124257669 0.917548358 0
vt 0.251318216 0.457040995 0
vt 0.225624025 0.455094427 0
vt 0.240740851 0.452350438 0
vt 0.934891522 0.681679606 0
vt 0.934068024 0.668150425 0
vt 0.940473318 0.674943149 0
vt 0.775952399 0.711369634 0
vt 0.787784994 0.691710174 0
vt 0.794693768 0.716602325 0
vt 0.0238795634 0.0264064595 0
vt 0.0027639484 0.0286135543 0
vt 0.00459494302 0.0222006869 0
vt 0.0457166694 0.930259228 0
vt 1.67663527 0.139852658 0
vt 1.32105112 0.381720811 0
vt 1.3240968 0.358957916 0
vt 1.32593763 0.37686196 0
vt 0.00306041306 0.243876845 0
vt 0.024236124 0.289908677 0
vt 0.732533157 0.0281106867 0
vt 0.730894208 0.0195869785 0
vt 0.756298184 0.0290154237 0
vt 1.18303478 0.726118803 0
vt 1.16615498 0.711367548 0
vt 1.17964733 0.714071035 0
vt 0.791199386 0.307898134 0
vt 0.754535019 0.653104782 0
vt 1.27799869 0.811597824 0
vt 1.29747629 0.814478338 0
vt 1.29008508 0.818961143 0
vt 0.0940528214 0.574469984 0
vt 0.368022293 0.156814367 0
vt 0.356567204 0.146743461 0
vt 0.374129623 0.142828107 0
vt 1.4981705 0.545690656 0
vt 1.49524331 0.512688339 0
vt 1.50177741 0.483882576 0
vt 0.047498282 0.963214695 0
vt 0.0355581939 0.969169199 0
vt 0.0399508029 0.985852599 0
vt 0.0590737052 0.952391922 0
vt 0.189252123 0.750304103 0
vt 0.179211125 0.789035439 0
vt 0.626530528 0.750630975 0
vt 0.627523422 0.772172272 0
vt 0.621749818 0.78193593 0
vt 0.0565518662 0.140880778 0
vt 0.0745430589 0.137427777 0
vt 0.0662537739 0.147498503 0
vt 0.0360203013 0.27122137 0
vt 0.0816618651 0.940324366 0
vt 1.77118683 0.0234769173 0
vt 1.79612875 0.0468433127 0
vt 1.77197027 0.0566720925 0
vt 0.106275521 0.270690948 0
vt 0.100005403 0.271835685 0
vt 0.106094331 0.266910553 0
vt 0.0220570434 0.0210549068 0
vt 1.74590302 0.0977034196 0
vt 1.741117 0.096407406 0
vt 1.74634624 0.0788427591 0
vt 0.225954488 0.457318783 0
vt 0.234211013 0.440900773 0
vt 1.97917092 0.816656291 0
vt 1.97385931 0.849943459 0
vt 1.9707973 0.82198143 0
vt 0.939590573 0.700263321 0
vt 0.415681422 0.0307372473 0
vt 0.398725659 0.0357415974 0
vt 0.40646109 0.0296078045 0
vt 0.759717047 0.680947065 0
vt 0.79264611 0.727792382 0
vt 0.779750109 0.74388957 0
vt 1.32433128 0.425706476 0
vt 1.32445455 0.423630118 0
vt 1.33736265 0.467407554 0
vt 0.401373744 0.0389652662 0
vt 0.410131842 0.0365391672 0
vt 0.4081285 0.0414958261 0
vt 0.813794971 0.529214501 0
vt 0.807861328 0.536425829 0
vt 0.808656037 0.515212297 0
vt 0.812692046 0.49908039 0
vt 0.821612954 0.51025486 0
vt 0.787534654 0.757881045 0
vt 0.278403372 0.0305679869 0
vt 0.289904863 0.0263613649 0
vt 0.293153167 0.0330047868 0
vt 1.96406782 0.867582619 0
vt 0.820263505 0.537356377 0
vt 0.834923685 0.760346174 0
vt 0.855496705 0.747877181 0
vt 0.867062569 0.755310416 0
vt 0.826816738 0.800127089 0
vt 0.874070108 0.7690202 0
vt 1.17997611 0.714617789 0
vt 1.19459498 0.711096048 0
vt 0.863837361 0.741806209 0
vt 1.62406468 0.510582089 0
vt 1.32968736 0.42459172 0
vt 1.74112821 0.188283786 0
vt 1.74283481 0.154656604 0
vt 1.75924766 0.188338697 0
vt 0.186900243 0.783445895 0
vt 0.198156804 0.772561133 0
vt 1.76732767 0.0750738084 0
vt 1.76457644 0.11492154 0
vt 1.7461617 0.0978679433 0
vt 0.00904121436 0.321501881 0
vt 0.00080587744 0.284585267 0
vt 0.00681929756 0.268215805 0
vt 1.95341444 0.907852948 0
vt 0.0730513632 0.731439769 0
vt 0.0695587844 0.7482723 0
vt 0.0691252723 0.713416874 0
vt 1.73584831 0.206970721 0
vt 1.72081649 0.221867502 0
vt 1.70128238 0.206406638 0
vt 0.792463362 0.371396542 0
vt 1.57885826 0.464782447 0
vt 1.58796275 0.455551594 0
vt 1.61172271 0.433653533 0
vt 0.198500097 0.727716088 0
vt 0.358855605 0.433823198 0
vt 0.360194474 0.422977716 0
vt 0.364002436 0.433360487 0
vt 0.740504444 0.344905913 0
vt 0.71683377 0.341515124 0
vt 0.732109666 0.32640475 0
vt 0.932397425 0.654868543 0
vt 0.938581049 0.655901909 0
vt 0.936939538 0.662221253 0
vt 1.73552823 0.247944683 0
vt 1.75642383 0.225211665 0
vt 0.80243504 0.0492538773 0
vt 0.844190478 0.0549019352 0
vt 0.814692438 0.0563684888 0
vt 0.358859181 0.585185111 0
vt 0.35324195 0.614094198 0
vt 0.347884387 0.588956892 0
vt 1.78493035 0.00341075147 0
vt 1.81246471 0.00641825888 0
vt 1.81572366 0.0216631535 0
vt 1.19064724 0.695664823 0
vt 1.1847074 0.698256075 0
vt 1.16628218 0.697544575 0
vt 1.17793202 0.69157356 0
vt 0.866160691 0.792328775 0
vt 0.720044374 0.110458925 0
vt 0.700963855 0.113102823 0
vt 0.706636488 0.102082103 0
vt 0.870579064 0.812071204 0
vt 1.78808296 0.0910729319 0
vt 1.81608784 0.075673826 0
vt 1.8264029 0.0935287699 0
vt 0.996166945 0.674841106 0
vt 0.991233945 0.717669964 0
vt 0.991943121 0.682963312 0
vt 0.933933556 0.635308683 0
vt 0.93972218 0.637983561 0
vt 1.19507492 0.71097821 0
vt 1.53261721 0.458002031 0
vt 1.54521608 0.471617132 0
vt 0.580817461 0.196824551 0
vt 0.577048004 0.193672612 0
vt 0.584538877 0.191793337 0
vt 0.934621215 0.378901213 0
vt 0.946310103 0.376412511 0
vt 0.942003548 0.385766834 0
vt 0.795384943 0.0417011045 0
vt 0.819045484 0.0383691601 0
vt 0.813016474 0.0445842296 0
vt 0.320335746 0.00429247785 0
vt 0.350019157 0.0181456283 0
vt 0.319176286 0.0178926829 0
vt 0.345274955 0.0258299131 0
vt 1.78302801 0.211319402 0
vt 1.77845955 0.152969331 0
vt 1.80258977 0.187698379 0
vt 1.82189393 0.0836337507 0
vt 0.273293406 0.748401165 0
vt 0.278742522 0.73068881 0
vt 0.273375422 0.767584503 0
vt 0.593593597 0.436485827 0
vt 0.590368688 0.450927645 0
vt 0.580773413 0.44596082 0
vt 0.252713442 0.434956282 0
vt 0.232451871 0.41380766 0
vt 0.995390296 0.654945433 0
vt 0.996657073 0.672661901 0
vt 1.82536471 0.12019325 0
vt 1.81280077 0.127685666 0
vt 0.292552024 0.769114017 0
vt 1.80115473 0.147697747 0
vt 0.101321854 0.918183923 0
vt 0.289194942 0.338742167 0
vt 0.273942232 0.321474493 0
vt 0.293366909 0.32761687 0
vt 0.706431448 0.0464557596 0
vt 0.724398673 0.0400950499 0
vt 0.722213924 0.0665162429 0
vt 0.611914456 0.237703666 0
vt 0.601188123 0.220327318 0
vt 0.615147173 0.228530601 0
vt 1.64539492 0.635913908 0
vt 1.68326688 0.679472804 0
vt 1.64626026 0.667919695 0
vt 0.799553931 0.277594119 0
vt 0.792236328 0.261979014 0
vt 0.810203612 0.269851238 0
vt 0.707183361 0.0802904665 0
vt 0.705346107 0.0554067902 0
vt 0.251103401 0.743269742 0
vt 0.266867012 0.74565661 0
vt 0.232119128 0.753590822 0
vt 0.223331362 0.768365741 0
vt 0.250721067 0.785396218 0
vt 0.212617129 0.788401484 0
vt 0.212473303 0.776547372 0
vt 0.235320225 0.784424067 0
vt 0.741426051 0.684261143 0
vt 0.701823294 0.703803897 0
vt 0.613265157 0.212220594 0
vt 0.595287144 0.197901055 0
vt 0.621851981 0.206949309 0
vt 0.71431607 0.683727741 0
vt 0.706930459 0.675592959 0
vt 0.713977695 0.668148458 0
vt 0.946372449 0.404278845 0
vt 0.930933654 0.386481166 0
vt 1.58958948 0.516149342 0
vt 0.246896759 0.799330354 0
vt 0.725143731 0.713357687 0
vt 0.477301836 0.223893434 0
vt 0.466334581 0.239013568 0
vt 0.454345703 0.224850848 0
vt 0.925393939 0.394340068 0
vt 1.73489809 0.247689873 0
vt 0.0186229479 0.000578062609 0
vt 0.0520029627 0.008960668 0
vt 0.00872111786 0.00427127536 0
vt 0.251030385 0.456238657 0
vt 0.265549779 0.438944757 0
vt 0.29141596 0.751817703 0
vt 0.288651794 0.77981782 0
vt 0.293378115 0.815899551 0
vt 0.995887578 0.335746944 0
vt 0.988284349 0.364096791 0
vt 0.976212442 0.345270395 0
vt 0.264799297 0.776106894 0
vt 0.261367738 0.790867209 0
vt 0.266739577 0.819703579 0
vt 0.256151944 0.81003803 0
vt 0.349165887 0.44579339 0
vt 0.341153562 0.45777598 0
vt 0.336181641 0.442054182 0
vt 0.22965169 0.806438386 0
vt 0.179263413 0.353788316 0
vt 0.169802815 0.337068826 0
vt 0.196134612 0.34240517 0
vt 0.832173347 0.521374881 0
vt 0.84679997 0.508417606 0
vt 0.839592695 0.53100574 0
vt 1.6766696 0.638853431 0
vt 0.301007032 0.785738885 0
vt 0.926076591 0.40528664 0
vt 1.73890603 0.160661221 0
vt 0.586304426 0.824166596 0
vt 0.583134472 0.80837661 0
vt 0.595475554 0.778579533 0
vt 1.64337265 0.676805317 0
vt 1.15586388 0.718528271 0
vt 0.395285666 0.580477238 0
vt 0.385508895 0.58992368 0
vt 0.395462126 0.570877969 0
vt 0.311718911 0.37084201 0
vt 0.325408578 0.361715525 0
vt 0.329677224 0.380852729 0
vt 0.838382244 0.740627348 0
vt 0.860583067 0.7266922 0
vt 0.875646591 0.789551198 0
vt 0.745379686 0.0340247378 0
vt 1.51548874 0.931125462 0
vt 1.5189079 0.920899034 0
vt 1.51241708 0.95157373 0
vt 0.227429539 0.73133111 0
vt 0.365645587 0.655135155 0
vt 0.371737897 0.639892578 0
vt 0.372204959 0.661738575 0
vt 0.365426958 0.673154175 0
vt 0.373607993 0.676513553 0
vt 0.579186261 0.200471878 0
vt 0.780844986 0.391813338 0
vt 0.787092209 0.396763742 0
vt 0.778560221 0.406435519 0
vt 0.737981319 0.772959411 0
vt 0.730206609 0.736500442 0
vt 0.739497721 0.75703758 0
vt 1.73322821 0.677761972 0
vt 1.71424937 0.683212757 0
vt 1.73224926 0.662622094 0
vt 0.268493205 0.919293582 0
vt 0.231412888 0.888001144 0
vt 0.246365383 0.877893209 0
vt 1.77923524 0.282940149 0
vt 1.76930153 0.285178334 0
vt 1.76131117 0.271884114 0
vt 0.865016043 0.741785884 0
vt 0.690764308 0.78787595 0
vt 0.710037708 0.739959896 0
vt 0.746560276 0.788175225 0
vt 0.223378465 0.850107431 0
vt 1.99411333 0.898194849 0
vt 1.98482192 0.865553916 0
vt 1.83670712 0.0892034471 0
vt 0.155015618 0.542005241 0
vt 0.163865969 0.558068693 0
vt 0.152563989 0.55092603 0
vt 1.77692068 0.107934669 0
vt 1.32185113 0.335250646 0
vt 0.576238215 0.855895519 0
vt 0.570989072 0.853869617 0
vt 0.218312696 0.918198645 0
vt 0.689116001 0.341397762 0
vt 0.747259259 0.705818057 0
vt 1.25909054 0.0213819928 0
vt 1.23619604 0.0408652946 0
vt 0.751746476 0.729258478 0
vt 0.291410774 0.719585896 0
vt 0.306129068 0.74665457 0
vt 1.55118835 0.508615375 0
vt 1.5597949 0.497098505 0
vt 1.57838857 0.501884043 0
vt 0.283257425 0.861461759 0
vt 0.0394382924 0.362944007 0
vt 0.0326392576 0.353099644 0
vt 0.0437496752 0.354285091 0
vt 0.970552206 0.368525386 0
vt 0.769018471 0.352361232 0
vt 0.301239163 0.429624468 0
vt 0.287829638 0.443766534 0
vt 0.269768298 0.430574894 0
vt 1.31386423 0.771587253 0
vt 1.28413343 0.803431749 0
vt 1.28140211 0.767081439 0
vt 1.22973478 0.0722847432 0
vt 0.337843955 0.0331571326 0
vt 0.346584737 0.0370430127 0
vt 0.717999339 0.781874895 0
vt 1.32561731 0.777086079 0
vt 1.30950904 0.761051297 0
vt 0.329244524 0.708841383 0
vt 0.330322653 0.690998435 0
vt 0.335604072 0.697949171 0
vt 1.31006312 0.761175931 0
vt 0.27801919 0.457817525 0
vt 0.27777651 0.461427182 0
vt 1.71978366 0.642224014 0
vt 1.71566081 0.10604205 0
vt 1.27338517 0.169829801 0
vt 0.181740016 0.086669825 0
vt 0.178244755 0.0860635266 0
vt 0.186259359 0.0810067728 0
vt 0.769014716 0.741336226 0
vt 1.52211559 0.544185102 0
vt 1.51208425 0.543097317 0
vt 1.55317426 0.534069538 0
vt 0.614520252 0.136587143 0
vt 0.621485412 0.128995076 0
vt 0.628284812 0.129900426 0
vt 0.179451123 0.900845945 0
vt 1.75933444 0.313642412 0
vt 1.76143241 0.271926582 0
vt 0.763182104 0.317143708 0
vt 1.41364849 0.681293905 0
vt 1.38646829 0.695324898 0
vt 1.39512396 0.675886869 0
vt 1.10076535 0.527071774 0
vt 1.11429095 0.593849957 0
vt 1.10760224 0.563544333 0
vt 1.55229318 0.476566166 0
vt 1.54793775 0.473561645 0
vt 0.385942906 0.312868446 0
vt 0.384161174 0.325099975 0
vt 0.373784184 0.316276789 0
vt 1.21583247 0.711365223 0
vt 0.318079293 0.0179991797 0
vt 0.301243901 0.0209848247 0
vt 0.307842463 0.00474822242 0
vt 1.36485064 0.67324388 0
vt 1.38187814 0.665253818 0
vt 1.33221209 0.792048633 0
vt 1.55522585 0.491211474 0
vt 1.09015012 0.529387176 0
vt 1.09069252 0.506174743 0
vt 1.40872455 0.712558627 0
vt 1.42276478 0.687820673 0
vt 1.43482685 0.686765015 0
vt 1.43107378 0.678469837 0
vt 1.10130084 0.510024607 0
vt 1.72370124 0.687118948 0
vt 1.33376348 0.755806506 0
vt 1.32013083 0.792294562 0
vt 1.59248388 0.51925838 0
vt 0.29670009 0.443267763 0
vt 0.285460413 0.460148185 0
vt 0.0395518132 0.638835907 0
vt 0.0359587707 0.635586023 0
vt 0.0354982205 0.621902466 0
vt 1.74216366 0.15459305 0
vt 0.884318769 0.993305266 0
vt 0.898171425 0.998804986 0
vt 0.804366589 0.982558906 0
vt 0.806260109 0.986639142 0
vt 0.600758314 0.78115803 0
vt 0.614982665 0.739309072 0
vt 1.43798387 0.727585256 0
vt 1.42918777 0.719508767 0
vt 1.99193478 0.939039588 0
vt 0.684692562 0.057265114 0
vt 1.32069254 0.805291772 0
vt 0.797460139 0.410573244 0
vt 0.786719501 0.408719391 0
vt 0.80006218 0.400205702 0
vt 0.688837945 0.0823880956 0
vt 0.762483239 0.711732745 0
vt 0.771765053 0.691600978 0
vt 0.597179115 0.140290141 0
vt 0.624742627 0.142899007 0
vt 0.600544214 0.146308139 0
vt 0.953531802 0.13407895 0
vt 0.969837666 0.134554222 0
vt 0.962447882 0.140623972 0
vt 0.624190331 0.143127903 0
vt 0.761300266 0.680600822 0
vt 0.759408653 0.681413591 0
vt 1.99822295 0.922593951 0
vt 1.24187219 0.717230976 0
vt 1.24479091 0.740663648 0
vt 1.23544955 0.724122405 0
vt 0.788639009 0.386515439 0
vt 0.000807200558 0.189499334 0
vt 0.978866994 0.329134941 0
vt 0.701091766 0.563443542 0
vt 0.706881762 0.56795907 0
vt 0.696480453 0.578376114 0
vt 0.809187651 0.712583065 0
vt 0.808270693 0.728218913 0
vt 0.806297898 0.71373564 0
vt 0.315186173 0.356607854 0
vt 0.159260988 0.00389494142 0
vt 0.149658203 0.000809092657 0
vt 0.188369527 0.00229913974 0
vt 1.32051492 0.80512917 0
vt 1.33873069 0.773605883 0
vt 0.965293586 0.466544658 0
vt 0.954319358 0.456383079 0
vt 0.961738348 0.44375214 0
vt 1.75066233 0.356875181 0
vt 1.75517797 0.311292559 0
vt 1.12402534 0.556643844 0
vt 1.12605381 0.530686975 0
vt 1.12927794 0.5352543 0
vt 1.31858063 0.82287991 0
vt 1.37899649 0.702656865 0
vt 1.16042185 0.742907882 0
vt 1.18991172 0.750581145 0
vt 1.15977395 0.754020274 0
vt 0.672185719 0.46359244 0
vt 0.670660615 0.479189873 0
vt 0.666053414 0.471859425 0
vt 1.08260143 0.752897859 0
vt 1.08028412 0.766867876 0
vt 1.06672764 0.759240091 0
vt 0.0490722656 0.533030689 0
vt 0.0634566396 0.510562301 0
vt 0.0631577671 0.536865115 0
vt 0.324502528 0.664538085 0
vt 0.318262726 0.663918793 0
vt 0.32613337 0.643189549 0
vt 1.25842679 0.769578636 0
vt 0.18657282 0.14044109 0
vt 0.18046762 0.148644596 0
vt 0.155779362 0.154917628 0
vt 1.25263691 0.801539183 0
vt 1.2434082 0.782308102 0
vt 1.06241798 0.736561835 0
vt 1.08079314 0.74281925 0
vt 0.702449143 0.353259891 0
vt 0.750836015 0.298929393 0
vt 0.739633083 0.305240899 0
vt 0.738612354 0.293797851 0
vt 1.77429414 0.0829992443 0
vt 0.158521682 0.161140323 0
vt 1.51108599 0.467719018 0
vt 1.74416494 0.0602063723 0
vt 1.74798453 0.0411203615 0
vt 1.74723375 0.0522770248 0
vt 1.22159684 0.716243267 0
vt 0.690521717 0.375938147 0
vt 1.06204617 0.789336264 0
vt 0.729226172 0.075101383 0
vt 1.07543945 0.793170691 0
vt 1.05297852 0.815185428 0
vt 0.711690784 0.0160638914 0
vt 0.734682262 0.0127877891 0
vt 0.699552178 0.0166426245 0
vt 0.70355022 0.00483492576 0
vt 1.0947597 0.745978355 0
vt 1.09719682 0.762786806 0
vt 1.32542932 0.348261148 0
vt 1.09857035 0.799593389 0
vt 1.15518939 0.744357944 0
vt 1.14566803 0.708296299 0
vt 1.07709336 0.810011387 0
vt 1.10029542 0.808941007 0
vt 1.08620214 0.81506443 0
vt 1.90729511 0.793829978 0
vt 1.89903319 0.781417847 0
vt 1.90966821 0.772309065 0
vt 1.32729769 0.357769787 0
vt 1.49496365 0.55539304 0
vt 1.56131411 0.448290586 0
vt 0.227299213 0.472222865 0
vt 0.224508509 0.475341707 0
vt 0.223876953 0.469572634 0
vt 1.15582752 0.719023705 0
vt 1.18170643 0.741436005 0
vt 0.0938127935 0.450234056 0
vt 0.0995901078 0.438070476 0
vt 0.10258247 0.457704812 0
vt 1.49391973 0.5376634 0
vt 0.885476172 0.569105685 0
vt 0.885357201 0.588603199 0
vt 0.879958868 0.582876444 0
vt 1.32328081 0.227000266 0
vt 1.32035112 0.24473609 0
vt 1.31430733 0.224337146 0
vt 0.869464517 0.540516496 0
vt 0.851661503 0.53963536 0
vt 0.864279032 0.525191486 0
vt 1.770854 0.352044582 0
vt 1.32439017 0.288155466 0
vt 1.32682741 0.246174082 0
vt 0.634866476 0.756154597 0
vt 0.636376858 0.733408332 0
vt 1.74189138 0.687478185 0
vt 0.320884317 0.637769699 0
vt 1.51569319 0.967406154 0
vt 1.32471311 0.342492133 0
vt 0.71231693 0.64078176 0
vt 0.719962239 0.645302057 0
vt 0.709551275 0.650608599 0
vt 1.77083719 0.00132977439 0
vt 1.29519403 0.311922938 0
vt 1.3008132 0.278592676 0
vt 1.75488281 0.419686854 0
vt 0.87907666 0.582338274 0
vt 1.32553792 0.330060869 0
vt 1.68374467 0.112246372 0
vt 0.605312407 0.810334742 0
vt 0.595595181 0.819580853 0
vt 0.61393255 0.790638506 0
vt 1.31591666 0.341807008 0
vt 1.27710223 0.386244029 0
vt 1.32280314 0.405888647 0
vt 0.642141998 0.759286761 0
vt 0.636280715 0.778296769 0
vt 0.631377816 0.775809467 0
vt 1.32711685 0.339370638 0
vt 1.69826543 0.0703217387 0
vt 1.30534232 0.25892511 0
vt 1.31029463 0.250036567 0
vt 1.73900068 0.645872712 0
vt 0.595391154 0.843569696 0
vt 0.582288384 0.917985618 0
vt 0.58084172 0.887460113 0
vt 0.574489594 0.937080204 0
vt 0.093389079 0.4318524 0
vt 0.391979963 0.178466693 0
vt 0.388227075 0.177380905 0
vt 0.397116452 0.177718937 0
vt 1.71112597 0.0361151658 0
vt 0.930082858 0.375326931 0
vt 0.930151224 0.383845419 0
vt 0.927774012 0.375327915 0
vt 1.74216068 0.388353735 0
vt 1.32578623 0.212416396 0
vt 1.32279897 0.227572531 0
vt 0.626989543 0.772017419 0
vt 1.31270373 0.240258977 0
vt 1.73769116 0.668452621 0
vt 1.105214 0.798234403 0
vt 0.0492600203 0.00545778964 0
vt 1.81648302 0.0504048727 0
vt 0.565598965 0.969957888 0
vt 0.564005136 0.911520958 0
vt 1.21968472 0.694729805 0
vt 1.22267807 0.716875017 0
vt 1.74710929 0.0604688749 0
vt 1.74898934 0.0527909063 0
vt 0.746555328 0.0206644125 0
vt 1.30659735 0.201831207 0
vt 0.302989304 0.0182899348 0
vt 0.2815561 0.0234384574 0
vt 0.273214042 0.0157708023 0
vt 1.73803711 0.668682516 0
vt 0.365199834 0.0362395011 0
vt 0.35523814 0.00800078269 0
vt 0.371422559 0.00760522066 0
vt 0.291478038 0.166695297 0
vt 0.28936094 0.155093387 0
vt 0.297368288 0.159318656 0
vt 1.32170093 0.315520108 0
vt 1.5139457 0.911475956 0
vt 1.69304907 0.203182459 0
vt 1.14555049 0.707068682 0
vt 1.31143022 0.370951384 0
vt 0.668005466 0.371876121 0
vt 0.678727984 0.385802895 0
vt 0.669647157 0.350023687 0
vt 1.00130832 0.348083198 0
vt 0.374719918 0.000795352214 0
vt 0.391514271 0.00302848453 0
vt 1.84559488 0.0948729068 0
vt 1.20021856 0.739765286 0
vt 1.86853397 0.0934035033 0
vt 1.85363853 0.116235867 0
vt 1.85975778 0.130617693 0
vt 1.83512747 0.132176563 0
vt 1.84203994 0.203085586 0
vt 1.83772326 0.147410929 0
vt 1.84476352 0.190750107 0
vt 1.66505396 0.195242167 0
vt 1.68237257 0.207099482 0
vt 1.65944588 0.223763958 0
vt 0.675785363 0.409267992 0
vt 0.684467852 0.406034321 0
vt 0.689616084 0.431883484 0
vt 0.678740144 0.438245803 0
vt 0.766631305 0.370233953 0
vt 0.782021224 0.374969721 0
vt 0.764374375 0.377259791 0
vt 0.521269917 0.0675940514 0
vt 0.555609822 0.0687295869 0
vt 0.546842575 0.0727327019 0
vt 1.71050978 0.502322376 0
vt 1.86554277 0.15468064 0
vt 0.402811378 0.0587789454 0
vt 1.11367989 0.50302726 0
vt 0.619352758 0.234800264 0
vt 1.32958198 0.331683755 0
vt 1.32723165 0.3393915 0
vt 1.6885643 0.229100212 0
vt 0.763083339 0.383566499 0
vt 0.742124319 0.0333997346 0
vt 0.738110423 0.0349120088 0
vt 0.735662818 0.0333414115 0
vt 1.66985893 0.166204214 0
vt 1.09951091 0.774765134 0
vt 1.15716588 0.691586733 0
vt 1.74739218 0.0788263381 0
vt 1.83988595 0.14728345 0
vt 1.83300471 0.148869053 0
vt 0.150468394 0.00251381053 0
vt 0.146877959 0.00268544699 0
vt 0.141976386 -0.00188680761 0
vt 0.536920786 0.0618469901 0
vt 0.674716115 0.128009334 0
vt 0.675888538 0.134042636 0
vt 0.666560888 0.13093999 0
vt 1.21979117 0.759555638 0
vt 0.363074064 0.0406733155 0
vt 1.87946534 0.183747917 0
vt 1.30872869 0.821157277 0
vt 0.543383777 0.0566120185 0
vt 1.14439595 0.69151485 0
vt 0.643758297 0.539251328 0
vt 0.633450925 0.518611133 0
vt 0.647521973 0.523851991 0
vt 1.7451992 0.0344039612 0
vt 0.624776304 0.260682851 0
vt 0.643137813 0.245341644 0
vt 0.648410201 0.262186259 0
vt 0.616571784 0.255307913 0
vt 0.630631447 0.245103151 0
vt 0.729543746 0.806572199 0
vt 0.795230091 0.0448364727 0
vt 0.822053909 0.0538055636 0
vt 0.80123204 0.0498842411 0
vt 0.166940898 0.886615217 0
vt 0.647144735 0.358266532 0
vt 0.661466241 0.349671811 0
vt 0.659497738 0.368025005 0
vt 0.251371831 0.72591871 0
vt 0.272187591 0.731020629 0
vt 0.868187129 0.81917268 0
vt 0.195868611 0.703312457 0
vt 0.816421866 0.547437906 0
vt 1.59229505 0.439584345 0
vt 0.824535787 0.0642088875 0
vt 0.802001953 0.0589869805 0
vt 0.358734727 0.608345151 0
vt 0.365124732 0.613515317 0
vt 0.362192601 0.629857719 0
vt 0.0457737185 0.0256889295 0
vt 0.0289778691 0.0332330726 0
vt 0.0436678641 0.00783662498 0
vt 1.32774103 0.296518415 0
vt 1.33962691 0.256703526 0
vt 1.3344779 0.29887867 0
vt 0.980973661 0.424176544 0
vt 0.972106397 0.418092519 0
vt 0.977661908 0.410655737 0
vt 1.52454722 0.856536865 0
vt 1.54593086 0.848714888 0
vt 1.5611248 0.86120522 0
vt 1.53370249 0.868022501 0
vt 1.7520926 0.00865054037 0
vt 1.76661074 0.000190880368 0
vt 1.76853633 0.0251267217 0
vt 1.52010727 0.841808021 0
vt 1.51688921 0.882093608 0
vt 1.51856232 0.853536606 0
vt 1.3306309 0.319919854 0
vt 0.291620106 0.636178017 0
vt 0.302083343 0.646255434 0
vt 0.291778177 0.652281284 0
vt 0.668549836 0.698408663 0
vt 0.666610122 0.709707379 0
vt 0.653104544 0.708634913 0
vt 0.0717488155 0.0854442418 0
vt 0.0805097595 0.104916312 0
vt 0.0456195995 0.119684957 0
vt 1.51694179 0.897589028 0
vt 1.51999044 0.882045865 0
vt 1.32905376 0.304834187 0
vt 1.33227253 0.311439574 0
vt 1.72814548 0.00114509719 0
vt 1.74730706 0.00575705245 0
vt 1.74958694 0.0200657938 0
vt 0.917547226 0.65209949 0
vt 0.913572252 0.641673267 0
vt 0.92208308 0.647441328 0
vt 0.112479053 0.559480369 0
vt 0.113246277 0.543440282 0
vt 0.121683151 0.570946574 0
vt 0.223302588 0.359212041 0
vt 0.224522784 0.351183027 0
vt 0.225793213 0.365433276 0
vt 0.0566105358 0.0279403739 0
vt 0.0695124343 0.00865999702 0
vt 0.884354711 0.166661978 0
vt 0.872570753 0.192823485 0
vt 0.875754893 0.180826262 0
vt 0.369819075 0.00317388517 0
vt 0.370871693 0.00639495859 0
vt 0.363565683 0.00397736859 0
vt 0.490810871 0.546937585 0
vt 0.490068138 0.549304426 0
vt 0.489159584 0.534375489 0
vt 1.729231 0.735997021 0
vt 1.7094425 0.723600209 0
vt 1.7399683 0.727683604 0
vt 0.657563865 0.722461164 0
vt 1.33783257 0.287477911 0
vt 0.217738479 0.353544265 0
vt 1.70830119 0.729239702 0
vt 1.75036585 0.0200358555 0
vt 1.74971604 0.0325262919 0
vt 0.523134828 0.220747858 0
vt 0.520738482 0.227719605 0
vt 0.51795274 0.221596748 0
vt 1.5315541 0.724792302 0
vt 1.53638136 0.734741688 0
vt 1.51333761 0.734528661 0
vt 0.493943721 0.540622473 0
vt 0.497777343 0.547456145 0
vt 1.34778512 0.248953864 0
vt 0.0879679397 0.00719683152 0
vt 0.981717587 0.15454112 0
vt 0.964462876 0.155366376 0
vt 0.977794468 0.14158693 0
vt 0.686660409 0.677260041 0
vt 0.665724754 0.70892483 0
vt 0.355617315 0.327025533 0
vt 0.36677286 0.322707325 0
vt 0.375482649 0.328769028 0
vt 0.95120126 0.162180915 0
vt 0.955902219 0.15573673 0
vt 0.12900804 0.794507623 0
vt 0.130863413 0.799385488 0
vt 0.128017038 0.811159909 0
vt 1.62622428 0.526382685 0
vt 1.62238479 0.551826417 0
vt 1.61589992 0.542655945 0
vt 0.000979870092 0.121277727 0
vt 0.0129268356 0.0623223633 0
vt 0.110668547 0.820404232 0
vt 0.117626935 0.835527658 0
vt 0.940799713 0.699551105 0
vt 0.943755388 0.699624777 0
vt 0.941403389 0.705635786 0
vt 0.689315021 0.686245143 0
vt 0.687406242 0.698036313 0
vt 0.678576887 0.679325402 0
vt 0.922872722 0.0134895872 0
vt 0.894320369 0.0142059289 0
vt 0.888409138 0.0096632475 0
vt 1.60738814 0.588892698 0
vt 1.62100518 0.565297365 0
vt 0.0807544366 0.863150835 0
vt 0.0998533592 0.872199178 0
vt 1.61291885 0.55880475 0
vt 1.59911716 0.5544824 0
vt 1.61864889 0.582601488 0
vt 0.206821591 0.682742238 0
vt 1.53135169 0.845998824 0
vt 0.373342097 0.135356933 0
vt 0.377788812 0.133852035 0
vt 0.378701031 0.137267709 0
vt 0.00516594248 0.0963959992 0
vt 0.115417019 0.573850214 0
vt 1.55926096 0.853093088 0
vt 0.109717675 0.849510431 0
vt 0.0925132707 0.850990534 0
vt 0.101775102 0.834039748 0
vt 0.186071441 0.247653961 0
vt 0.171572745 0.256108433 0
vt 0.169781938 0.217344373 0
vt 0.623197258 0.0802922696 0
vt 0.627494991 0.0824887455 0
vt 0.608232975 0.0875873342 0
vt 0.117591396 0.835620999 0
vt 1.76884437 0.730430841 0
vt 1.7585218 0.767920077 0
vt 1.7912786 0.762039006 0
vt 0.11279317 0.00343969977 0
vt 0.117811844 0.093201004 0
vt 0.0682780668 0.35941267 0
vt 0.0674699917 0.373871833 0
vt 0.060967382 0.36259374 0
vt 0.952581942 0.334418088 0
vt 0.956439674 0.345429808 0
vt 0.947075188 0.344462901 0
vt 0.683039308 0.654179335 0
vt 0.716974854 0.081891194 0
vt 0.704052269 0.0870546401 0
vt 0.707057059 0.081625618 0
vt 0.100085929 0.625355899 0
vt 0.0913764834 0.628806472 0
vt 0.0890088305 0.611980498 0
vt 1.63143742 0.531349301 0
vt 1.62575686 0.514271975 0
vt 1.63272285 0.508498788 0
vt 1.61290884 0.557717562 0
vt 1.62257361 0.551932096 0
vt 0.301686794 0.634559691 0
vt 0.215161353 0.120992199 0
vt 0.223244563 0.128126621 0
vt 0.201310933 0.117422946 0
vt 1.61232805 0.595252275 0
vt 1.61927009 0.582474351 0
vt 0.900480032 0.187372863 0
vt 0.684549391 0.71315366 0
vt 0.212983653 0.692963243 0
vt 0.219852477 0.669690609 0
vt 0.232567966 0.697843671 0
vt 1.55106711 0.722259998 0
vt 1.55763555 0.716943562 0
vt 1.67457259 0.846668303 0
vt 1.61944926 0.863900483 0
vt 1.64718139 0.834355474 0
vt 0.102835633 0.722808003 0
vt 0.0978403687 0.701402068 0
vt 0.0993441418 0.688321054 0
vt 1.62892473 0.848131359 0
vt 0.599910557 0.100107834 0
vt 0.617714703 0.099959515 0
vt 0.150204808 0.638809204 0
vt 0.160122275 0.627642214 0
vt 0.158177674 0.639903069 0
vt 1.67494786 0.518615067 0
vt 1.68318653 0.538535416 0
vt 1.66936529 0.534544826 0
vt 0.458348632 0.169812784 0
vt 0.470952541 0.174512863 0
vt 0.447906941 0.18626754 0
vt 1.63655055 0.54061687 0
vt 0.112480633 0.00323091773 0
vt 0.131621584 0.0619478375 0
vt 0.120417252 0.031863559 0
vt 1.68968165 0.721437573 0
vt 1.65176678 0.512265623 0
vt 1.66297829 0.858635604 0
vt 1.67260504 0.859198928 0
vt 0.468722373 0.172589749 0
vt 0.467408717 0.170684233 0
vt 0.469774246 0.167196855 0
vt 0.647824466 0.725869596 0
vt 0.122531816 0.00391094573 0
vt 0.138535559 0.156111494 0
vt 0.144505799 0.151866019 0
vt 0.146270797 0.160964757 0
vt 1.63787639 0.862324893 0
vt 1.7091887 0.72339195 0
vt 0.132707641 0.0616056435 0
vt 0.139844805 0.0860863924 0
vt 0.961188078 0.32203716 0
vt 0.97274971 0.328488439 0
vt 0.864604354 0.176666036 0
vt 0.864378273 0.188472092 0
vt 1.69267488 0.857947052 0
vt 0.906600714 0.288158119 0
vt 0.915902972 0.27631554 0
vt 0.925827205 0.292840093 0
vt 0.142665699 0.00271010282 0
vt 1.71580374 0.715993047 0
vt 1.67634964 0.716546834 0
vt 0.114106543 0.00276227645 0
vt 1.60668707 0.851590216 0
vt 0.183414668 0.213901237 0
vt 0.12036401 0.031897556 0
vt 0.0817276686 0.107016586 0
vt 0.0886471272 0.106363319 0
vt 0.0904021338 0.115110405 0
vt 1.69854724 0.759421349 0
vt 1.76958799 0.231086835 0
vt 1.77957213 0.20659399 0
vt 1.77926135 0.232448742 0
vt 1.6237818 0.843309164 0
vt 0.647340178 0.657175541 0
vt 0.663624346 0.638429582 0
vt 0.662575424 0.659447074 0
vt 1.78981614 0.734491646 0
vt 0.233009651 0.697322011 0
vt 0.244002834 0.699694633 0
vt 0.644870996 0.698681116 0
vt 0.65427345 0.675945222 0
vt 0.668612003 0.674197733 0
vt 0.398759067 0.381457627 0
vt 0.394220799 0.423199445 0
vt 0.391970247 0.387526423 0
vt 0.293730587 0.690550148 0
vt 0.296093374 0.66475296 0
vt 0.302324027 0.678329349 0
vt 0.254364699 0.669889212 0
vt 0.26015684 0.706740558 0
vt 0.243601352 0.699450374 0
vt 0.386664987 0.3378084 0
vt 0.388305217 0.348754555 0
vt 0.283621937 0.673547685 0
vt 0.689245641 0.721773803 0
vt 0.687744141 0.727294803 0
vt 0.688389182 0.720649481 0
vt 0.290121645 0.646359384 0
vt 0.0578872114 0.71835047 0
vt 0.0559012964 0.711605847 0
vt 0.0568025038 0.710485935 0
vt 1.67139328 0.513212085 0
vt 0.893570423 0.692736328 0
vt 0.888076603 0.708012879 0
vt 0.888158441 0.68095088 0
vt 0.266224205 0.723713577 0
vt 0.270917118 0.710144401 0
vt 0.348829746 0.00628542621 0
vt 0.341918945 0.0074656303 0
vt 0.343415469 0.00645800354 0
vt 0.292373359 0.709009647 0
vt 0.302277386 0.731456637 0
vt 0.0153179727 0.0420744531 0
vt 0.0205393527 0.032155145 0
vt 0.276688248 0.71748513 0
vt 0.757228494 0.0118973218 0
vt 0.749267578 0.0107004242 0
vt 0.75591296 0.010959764 0
vt 0.750863254 0.360654742 0
vt 0.732538104 0.353054672 0
vt 0.74301815 0.348912716 0
vt 0.829455435 0.283672243 0
vt 0.822446048 0.269227594 0
vt 0.839943111 0.27743125 0
vt 0.27595979 0.69555968 0
vt 0.645912886 0.67067337 0
vt 0.646749198 0.681680024 0
vt 0.631880999 0.683597445 0
vt 0.276110649 0.696041882 0
vt 0.279264808 0.705889463 0
vt 0.287470728 0.693644106 0
vt 0.226342604 0.655791342 0
vt 0.282517761 0.547032654 0
vt 0.290318251 0.572143137 0
vt 0.271987408 0.542858362 0
vt 0.375845701 0.407559335 0
vt 0.390433431 0.401288301 0
vt 0.228644982 0.631738722 0
vt 0.253623456 0.657033443 0
vt 0.256239623 0.635177314 0
vt 0.305742532 0.454003453 0
vt 0.309853971 0.467539668 0
vt 0.299900413 0.471831322 0
vt 0.171491787 0.203698605 0
vt 0.248996079 0.671652615 0
vt 0.626763225 0.7177791 0
vt 0.637065649 0.711993098 0
vt 0.633394301 0.723600924 0
vt 0.395513475 0.365013152 0
vt 0.386515468 0.376387566 0
vt 0.30970481 0.725413203 0
vt 0.301904649 0.731958091 0
vt 0.291729897 0.709562242 0
vt 0.675414979 0.464547396 0
vt 0.684016824 0.46641466 0
vt 0.674305379 0.4817577 0
vt 0.712029099 0.605362594 0
vt 0.704544246 0.607239544 0
vt 0.710578024 0.592909157 0
vt 0.0475439429 0.380122989 0
vt 0.0481484793 0.368050247 0
vt 0.0548835509 0.378202766 0
vt 0.731538475 0.258004218 0
vt 0.717023253 0.258158088 0
vt 0.710949004 0.242270514 0
vt 0.475250751 0.342710137 0
vt 0.459105819 0.359648496 0
vt 0.462726146 0.34465766 0
vt 0.941065907 0.461079419 0
vt 0.941236436 0.449386239 0
vt 0.951352596 0.45351243 0
vt 1.69107819 0.539129972 0
vt 1.69688356 0.54925245 0
vt 1.77004611 0.255636692 0
vt 1.78020096 0.265458852 0
vt 1.76861608 0.264333934 0
vt 0.463947862 0.452796936 0
vt 0.453465074 0.442806959 0
vt 0.463156492 0.435349166 0
vt 0.0473287031 0.367861539 0
vt 0.0501485094 0.345661789 0
vt 0.627336442 0.731771708 0
vt 0.84600395 0.290085316 0
vt 0.879626095 0.690755665 0
vt 0.874274909 0.682504356 0
vt 0.874411941 0.656832755 0
vt 0.815473974 0.278969556 0
vt 0.827198446 0.290656149 0
vt 0.811528265 0.284038424 0
vt 0.272654563 0.672819912 0
vt 0.261508673 0.667888105 0
vt 0.211166412 0.649305582 0
vt 0.200655609 0.645412564 0
vt 0.201506466 0.632003784 0
vt 0.26768133 0.581533134 0
vt 0.260951638 0.569795609 0
vt 0.273408979 0.580286801 0
vt 0.0644500479 0.60545069 0
vt 0.0747972727 0.620113671 0
vt 0.0727817193 0.630850077 0
vt 1.56707323 0.819907844 0
vt 1.57834089 0.822196245 0
vt 1.5667932 0.8339656 0
vt 1.55872178 0.853838027 0
vt 1.55619586 0.81585747 0
vt 0.964135945 0.66063422 0
vt 0.957514346 0.646313965 0
vt 0.965588987 0.648099542 0
vt 0.213789254 0.692515135 0
vt 0.785576582 0.572457373 0
vt 0.79645592 0.554382563 0
vt 0.790368736 0.571061969 0
vt 0.462548435 0.514987111 0
vt 0.467407793 0.520186663 0
vt 0.462443739 0.528797925 0
vt 1.77886474 0.248882249 0
vt 0.627773345 0.75111717 0
vt 0.0756138042 0.419082284 0
vt 0.0717411041 0.404883921 0
vt 0.0769383311 0.409077764 0
vt 0.636622488 0.695483565 0
vt 0.624040365 0.699283719 0
vt 0.379651397 0.405431092 0
vt 0.331237108 0.486357212 0
vt 0.328765094 0.500612795 0
vt 0.316915572 0.488904625 0
vt 0.67404294 0.649746537 0
vt 0.671222508 0.62698102 0
vt 0.688640475 0.66437608 0
vt 0.692747653 0.654272556 0
vt 1.7931906 0.775717854 0
vt 0.534147501 0.391864836 0
vt 0.540235043 0.376689047 0
vt 0.54562664 0.391609311 0
vt 0.93791014 0.296401948 0
vt 0.983375311 0.312649041 0
vt 0.993711591 0.306646585 0
vt 0.99452585 0.32006827 0
vt -0.000240887122 0.701904118 0
vt 0.00855837669 0.691659749 0
vt 0.00707115978 0.712218642 0
vt 0.965406656 0.144383922 0
vt 0.0624382459 0.680110276 0
vt 0.0708750039 0.665658236 0
vt 0.0699863061 0.680521548 0
vt 1.68624878 0.540724397 0
vt 0.370252192 0.639301717 0
vt 0.360408276 0.639591336 0
vt 0.569984913 0.159073174 0
vt 0.562360644 0.162907094 0
vt 0.557344735 0.160658747 0
vt 0.662140071 0.659179568 0
vt 0.678293288 0.624460876 0
vt 0.624843836 0.093039237 0
vt 1.35558116 0.915501058 0
vt 1.3508004 0.896035016 0
vt 1.34948552 0.838785172 0
vt 1.54843318 0.837231517 0
vt 0.688386321 0.663474262 0
vt 0.682625651 0.63890326 0
vt 0.474543929 0.16882205 0
vt 1.52398908 0.866817772 0
vt 0.889422834 0.673707962 0
vt 0.876287222 0.659150183 0
vt 0.882407784 0.64921391 0
vt 0.570552409 0.535758138 0
vt 0.573894918 0.549407363 0
vt 0.56663686 0.547917068 0
vt 0.427370846 0.104853414 0
vt 0.417221546 0.106827855 0
vt 0.412885368 0.0977706313 0
vt 0.0923435763 0.640733182 0
vt 1.72066402 0.762648284 0
vt 1.62324691 0.838006616 0
vt 0.518271089 0.330711722 0
vt 0.518929303 0.315981805 0
vt 0.538616061 0.325224549 0
vt 1.66250181 0.546607375 0
vt 1.63477874 0.543057144 0
vt 0.99704051 0.305570036 0
vt 0.152862743 0.613967478 0
vt 0.160948992 0.609709263 0
vt 0.0827671513 0.70359838 0
vt 0.0748916045 0.696891665 0
vt 0.0912712812 0.681919336 0
vt 0.929170907 0.284116834 0
vt 0.558014572 0.528812766 0
vt 0.976002812 0.299625605 0
vt 1.78451264 0.240585908 0
vt 0.64234513 0.738322794 0
vt 1.62406731 0.843387663 0
vt 0.907957554 0.30444327 0
vt 0.544083297 0.31600374 0
vt 0.967390656 0.342529207 0
vt 0.0567465127 -0.00398855936 0
vt 0.0798977017 0.10470666 0
vt 0.207367182 0.726863146 0
vt 1.99221182 0.77576226 0
vt 1.57871699 0.595476151 0
vt 0.669104218 0.073314853 0
vt 0.680828035 0.0725624114 0
vt 0.668212891 0.0759276375 0
vt 0.70703274 0.249009505 0
vt 0.715840042 0.25423941 0
vt 0.711342871 0.257707745 0
vt 0.416951954 0.319258392 0
vt 0.422418177 0.341690451 0
vt 0.403551728 0.329008579 0
vt 1.31541467 0.566304684 0
vt 1.2900244 0.544423819 0
vt 1.29338145 0.509676278 0
vt 0.38979131 0.327129275 0
vt 0.394163519 0.340134442 0
vt 0.207314551 0.12280979 0
vt 0.202807367 0.18765901 0
vt 0.192849085 0.170958146 0
vt 0.508056641 0.00488414289 0
vt 0.515613854 -0.00652763527 0
vt 0.510723293 0.00665772334 0
vt 0.191390976 0.18519862 0
vt 0.67257148 0.995315015 0
vt 0.662564933 0.985507309 0
vt 0.673279464 0.984724462 0
vt 1.80457401 0.386946619 0
vt 0.951485097 0.62943393 0
vt 0.933772206 0.627088845 0
vt 0.943251133 0.616035759 0
vt 0.323036343 0.248912662 0
vt 1.57965851 0.893983424 0
vt 1.5792433 0.834134519 0
vt 1.59718919 0.908507586 0
vt 0.297436565 0.266171396 0
vt 0.953549743 0.530641496 0
vt 0.947124481 0.533530712 0
vt 0.940413833 0.524088323 0
vt 0.31836912 0.0734979883 0
vt 0.307746798 0.08081045 0
vt 0.295261294 0.0794454738 0
vt 1.87854421 0.405501813 0
vt 1.87393713 0.410450011 0
vt 0.970548987 0.267049938 0
vt 0.996341169 0.280895293 0
vt 0.976460636 0.290016204 0
vt 0.382820457 0.296116918 0
vt 0.404476672 0.280082494 0
vt 0.202654138 0.173823252 0
vt 0.201160952 0.189632565 0
vt 0.971566141 0.934577644 0
vt 0.98802501 0.943329096 0
vt 0.969221771 0.950164199 0
vt 0.990209043 0.592114329 0
vt 0.980777681 0.597294629 0
vt 0.979430616 0.587444246 0
vt 0.314040959 0.161537096 0
vt 0.311968058 0.162841693 0
vt 0.307861328 0.159267917 0
vt 0.478999197 0.0949812457 0
vt 0.479121119 0.0777785555 0
vt 0.483550459 0.0814329684 0
vt 1.3211565 0.518499255 0
vt 0.194664523 0.193674654 0
vt 0.95140034 0.598377705 0
vt 0.972209692 0.61578536 0
vt 0.959561944 0.620703042 0
vt 0.373099685 0.263945222 0
vt 0.947379589 0.643853784 0
vt 0.939858496 0.637537956 0
vt 0.950709343 0.628803134 0
vt 0.428163052 0.36931321 0
vt 0.123458117 0.594021857 0
vt 0.11351262 0.583670676 0
vt 0.117772028 0.578964114 0
vt 0.990322113 0.926883757 0
vt 1.31424212 0.573191166 0
vt 0.312914222 0.315256506 0
vt 0.355300099 0.0388182588 0
vt 0.354580879 0.0349546261 0
vt 0.359406829 0.0352444835 0
vt 1.28593683 0.601725817 0
vt 1.31207919 0.608053088 0
vt 1.31057537 0.624088526 0
vt 0.325356543 0.354128897 0
vt 0.35154292 0.3527399 0
vt 1.5852536 0.905675411 0
vt 0.599087179 0.0287747681 0
vt 0.605500579 0.0300419517 0
vt 0.600674629 0.0310057588 0
vt 0.959279239 0.972818911 0
vt 0.940835655 0.967468798 0
vt 0.952866435 0.959388196 0
vt 1.87449479 0.43065834 0
vt 0.259910733 0.464485794 0
vt 0.266288579 0.479849756 0
vt 0.258214265 0.488285094 0
vt 0.246659964 0.463893086 0
vt 0.860865712 0.565626502 0
vt 0.870972157 0.537205577 0
vt 0.875542879 0.554134548 0
vt 0.965120375 0.939512789 0
vt 0.783329368 0.418601543 0
vt 0.778708458 0.431357294 0
vt 0.769215882 0.430372775 0
vt 1.3064816 0.665701449 0
vt 1.27795565 0.663853407 0
vt 0.411131829 0.29404968 0
vt 1.8400805 0.50679493 0
vt 1.81853163 0.442263782 0
vt 1.82386458 0.444158912 0
vt 1.85779798 0.477278739 0
vt 1.85733855 0.506413162 0
vt 0.92999965 0.552161276 0
vt 0.944119036 0.544628143 0
vt 0.972255707 0.554605305 0
vt 1.31452632 0.586085975 0
vt 0.492240191 0.0836694166 0
vt 1.29927623 0.234568894 0
vt 1.27383637 0.179846451 0
vt 0.203234911 0.219752133 0
vt 1.65972579 0.168740734 0
vt 1.63409054 0.194423005 0
vt 1.30335307 0.701629698 0
vt 0.972359776 0.972263873 0
vt 1.85704815 0.537290156 0
vt 1.86072063 0.514619648 0
vt 0.210945442 0.234359518 0
vt 0.928460598 0.102779061 0
vt 0.913050294 0.0983972773 0
vt 0.922344685 0.0956954136 0
vt 0.912137985 0.259445816 0
vt 0.924315751 0.26733315 0
vt 0.917041421 0.271719456 0
vt 0.202413321 0.24852787 0
vt 1.25989795 0.216542244 0
vt 1.32283139 0.529069722 0
vt 1.46429753 0.552614093 0
vt 1.27042663 0.322297633 0
vt 1.22021723 0.351903439 0
vt 1.23152959 0.315943599 0
vt 1.47204375 0.607534289 0
vt 0.958761454 0.541039586 0
vt 0.937233746 0.480016559 0
vt 0.949310601 0.505939305 0
vt 0.946136236 0.534632027 0
vt 1.48048842 0.682408273 0
vt 1.47534597 0.64349854 0
vt 1.50093436 0.681430161 0
vt 1.86057568 0.434879988 0
vt 1.24327075 0.27439031 0
vt 1.28735137 0.269230962 0
vt 0.345164627 0.327231824 0
vt 1.86928868 0.493666619 0
vt 1.5944761 0.245429575 0
vt 1.58780396 0.306651711 0
vt 1.58515859 0.295984566 0
vt 1.79411817 0.483500987 0
vt 1.79845953 0.506299198 0
vt 1.65492165 0.217582345 0
vt 1.63165641 0.229083881 0
vt 0.394711584 0.225548431 0
vt 0.393055141 0.23521027 0
vt 1.62869668 0.282210678 0
vt 1.81314361 0.578410387 0
vt 1.80206263 0.541340292 0
vt 1.8228327 0.579346299 0
vt 1.40702796 0.292580664 0
vt 1.40631521 0.313466579 0
vt 0.0793577433 0.261762172 0
vt 0.0722933486 0.268496484 0
vt 0.0686035156 0.259186119 0
vt 1.783355 0.49243927 0
vt 0.35227254 0.339850962 0
vt 1.42009234 0.322443008 0
vt 0.924292505 0.255983979 0
vt 1.58449936 0.275068015 0
vt 1.57847965 0.268493354 0
vt 0.946657658 0.489433795 0
vt 1.64307129 0.351536661 0
vt 1.62590694 0.313062578 0
vt 1.64577675 0.319352776 0
vt 0.360577106 0.210526273 0
vt 1.60159755 0.159461394 0
vt 1.59852469 0.208554804 0
vt 1.57010865 0.181516737 0
vt 1.46893334 0.630551457 0
vt 0.821808517 0.222896904 0
vt 0.829227626 0.221611768 0
vt 0.834947526 0.224608332 0
vt 0.381591439 0.199583471 0
vt 0.985822201 0.25044468 0
vt 1.25459492 0.23648183 0
vt 0.394718617 0.225493774 0
vt 1.25896788 0.223823264 0
vt 1.56285632 0.199852943 0
vt 0.966949582 0.578789234 0
vt 0.969959021 0.597047865 0
vt 1.65071702 0.266627222 0
vt 1.24790895 0.258386731 0
vt 1.11863768 0.33048898 0
vt 1.14298928 0.327003419 0
vt 1.13591743 0.339490175 0
vt 1.12706256 0.332959801 0
vt 0.688076138 0.253977656 0
vt 0.694809318 0.249855474 0
vt 0.709917188 0.245878845 0
vt 0.809500456 0.542173386 0
vt 0.80354315 0.539107978 0
vt 0.801848054 0.533340931 0
vt 1.14622605 0.33237952 0
vt 1.14176273 0.343209475 0
vt 1.13532317 0.33724317 0
vt 1.29479229 0.750677407 0
vt 1.27503228 0.72795099 0
vt 1.27575696 0.696944296 0
vt 0.646498501 0.617986381 0
vt 0.651819289 0.620161772 0
vt 0.655566812 0.628051937 0
vt 0.240280107 0.487401992 0
vt 0.246810302 0.483265549 0
vt 0.247167379 0.491345823 0
vt 1.00025558 0.599694908 0
vt 0.98920083 0.611715138 0
vt 0.992354035 0.586059749 0
vt 1.14607298 0.331937283 0
vt 1.05094767 0.221266344 0
vt 1.06053352 0.223467812 0
vt 1.0613029 0.231324181 0
vt 1.034356 0.283973366 0
vt 1.04080462 0.264402777 0
vt 1.04918313 0.264870435 0
vt 0.249198169 0.479423195 0
vt 1.86714685 0.587811232 0
vt 1.8698498 0.595591366 0
vt 1.86121821 0.598182321 0
vt 1.85460842 0.58354497 0
vt 1.41498733 0.346012175 0
vt 1.89236951 0.55442363 0
vt 1.88530684 0.532933176 0
vt 1.89981866 0.53927964 0
vt 0.183834359 0.273891032 0
vt 0.18176873 0.264893115 0
vt 0.195189983 0.263065487 0
vt 0.20922026 0.443744928 0
vt 0.194398016 0.46247381 0
vt 0.191022664 0.443541765 0
vt 0.998944759 0.61128521 0
vt 0.99887675 0.621732831 0
vt 0.99319768 0.628120124 0
vt 0.858807385 0.160773501 0
vt 0.855622351 0.17401357 0
vt 0.851471126 0.167958334 0
vt 1.89322221 0.564248562 0
vt 1.87728298 0.557008266 0
vt 1.49838376 0.011528586 0
vt 1.50671852 0.0487292185 0
vt 1.48712957 0.00222721044 0
vt 1.30167317 0.737530708 0
vt 1.13668752 0.339767754 0
vt 1.15251958 0.348361641 0
vt 1.13357639 0.346249968 0
vt 1.96082103 0.708406508 0
vt 1.96134949 0.715235412 0
vt 1.94233286 0.710180938 0
vt 0.571533203 0.39819327 0
vt 0.58187753 0.379627228 0
vt 0.587966084 0.390818089 0
vt 1.32578325 0.605474114 0
vt 1.3455255 0.568653882 0
vt 1.35147679 0.652502477 0
vt 0.0619805381 0.459119737 0
vt 0.0475431606 0.461669832 0
vt 0.0595432073 0.453066528 0
vt 1.20783985 0.401218414 0
vt 1.21275294 0.387999028 0
vt 1.24423933 0.419893831 0
vt 1.20734966 0.409634858 0
vt 1.14539933 0.288402468 0
vt 1.14493394 0.309516221 0
vt 1.12931061 0.28121537 0
vt 1.13559699 0.392433643 0
vt 1.12774217 0.374669552 0
vt 1.51755536 0.0918643251 0
vt 1.52342248 0.11203853 0
vt 1.28055561 0.752806604 0
vt 1.27749574 0.74542284 0
vt 1.65100455 0.256322235 0
vt 0.982098937 0.295995235 0
vt 0.996932566 0.297439009 0
vt 1.42627525 0.355293274 0
vt 0.0453674272 0.448074579 0
vt 1.50972092 0.0860456526 0
vt 0.834883571 0.529216468 0
vt 0.842031658 0.551316142 0
vt 0.830706894 0.53423363 0
vt 1.95456994 0.750864148 0
vt 1.95790124 0.732125163 0
vt 1.04333794 0.288740247 0
vt 1.04764175 0.283030421 0
vt 1.14592826 0.313886732 0
vt 1.87260163 0.532358527 0
vt 1.15143788 0.382278264 0
vt 1.51751447 0.0812269673 0
vt 1.06205237 0.236966908 0
vt 0.35548231 0.200949848 0
vt 1.04120553 0.253939569 0
vt 0.700025439 0.600343645 0
vt 0.690636277 0.606130719 0
vt 0.691195428 0.594808996 0
vt 0.979368389 0.593064725 0
vt 0.99082005 0.603729188 0
vt 0.982380807 0.603370547 0
vt 1.11506236 0.293507159 0
vt 1.86297619 0.569251239 0
vt 0.342077285 0.303896934 0
vt 0.053655535 0.445041806 0
vt 1.47168744 0.656410158 0
vt 0.108717442 0.42645219 0
vt 0.100785084 0.412629634 0
vt 0.112676032 0.419472426 0
vt 0.135944277 0.230515331 0
vt 0.133137092 0.222972825 0
vt 0.151056811 0.229674533 0
vt 1.85715997 0.575304329 0
vt 0.45632121 0.356192827 0
vt 0.464517474 0.358292252 0
vt 0.442502588 0.358425856 0
vt 0.44980672 0.382501632 0
vt 1.25169587 0.391945779 0
vt 1.26233828 0.353123754 0
vt 1.25584376 0.37814945 0
vt 0.108780518 0.500655353 0
vt 0.11909987 0.501335263 0
vt 0.11002899 0.513150275 0
vt 1.27812552 0.761019588 0
vt 1.28714263 0.762208879 0
vt 1.62264299 0.351661801 0
vt 1.32331657 0.537220895 0
vt 1.34370947 0.536183953 0
vt 0.923695624 0.56565702 0
vt 1.33544266 0.685285151 0
vt 1.3285408 0.680608571 0
vt 0.705512404 0.267831385 0
vt 0.716499031 0.363154709 0
vt 0.70128715 0.366913319 0
vt 0.711174786 0.355310142 0
vt 1.62076163 0.338100255 0
vt 1.32826269 0.653324783 0
vt 1.32613194 0.63077867 0
vt 1.94125915 0.726741374 0
vt 1.93077719 0.710322201 0
vt 1.93961298 0.714999735 0
vt 0.944147527 0.604566813 0
vt 0.925286949 0.590247095 0
vt 0.932279587 0.574779987 0
vt 1.32817852 0.653294563 0
vt 1.99211133 0.704539061 0
vt 1.99254334 0.717772424 0
vt 1.97132421 0.702129066 0
vt 1.9967947 0.673734426 0
vt 0.675647199 0.127285138 0
vt 0.638874948 0.146644235 0
vt 0.661989331 0.129217282 0
vt 1.23757875 0.426513582 0
vt 1.22114587 0.417289168 0
vt 0.378427237 0.605795443 0
vt 0.386790693 0.616421163 0
vt 0.386308938 0.629076481 0
vt 0.918791175 0.615774035 0
vt 1.98302305 0.767117202 0
vt 0.116830185 0.515311599 0
vt 1.49297082 0.836053848 0
vt 1.496701 0.814032435 0
vt 1.5038116 0.832591295 0
vt 1.86073518 0.570498884 0
vt 1.85018134 0.539741576 0
vt 0.976981223 0.63945812 0
vt 0.66322726 0.999559402 0
vt 0.675046444 0.97309649 0
vt 0.647699535 0.981270015 0
vt 0.645321429 0.975511849 0
vt 0.812645555 0.213495061 0
vt 0.814446568 0.194037512 0
vt 0.829060137 0.199146435 0
vt 0.831706345 0.212855324 0
vt 0.685684443 0.606267989 0
vt 0.679931104 0.615918696 0
vt 0.680955231 0.604282677 0
vt 1.95158684 0.731486857 0
vt 1.94692385 0.718220532 0
vt 0.944695652 0.278067231 0
vt 0.93141222 0.280334145 0
vt 0.925456941 0.276294678 0
vt 0.960238993 0.549079537 0
vt 1.32179606 0.591632307 0
vt 0.352651775 0.0371723622 0
vt 0.756228328 0.315373808 0
vt 0.762844622 0.303598672 0
vt 0.764242232 0.308446676 0
vt 1.95184934 0.731419027 0
vt 0.985421479 0.708967447 0
vt 0.985800624 0.727177262 0
vt 0.979480386 0.71507746 0
vt 0.702840865 0.243600875 0
vt 1.9764185 0.673848927 0
vt 1.51061869 0.856919587 0
vt 0.940401852 0.637061536 0
vt 0.807563245 0.196239054 0
vt 0.968645096 0.534750342 0
vt 0.919980764 0.580417633 0
vt 0.924001932 0.565857172 0
vt 0.93190062 0.574346066 0
vt 0.661061525 0.632274389 0
vt 0.654110968 0.62964493 0
vt 0.656098545 0.611935973 0
vt 0.528292358 0.384929687 0
vt 0.524993181 0.394268721 0
vt 0.518683076 0.392071962 0
vt 1.15369439 0.40769434 0
vt 0.964722097 0.245084986 0
vt 1.02459621 0.62267971 0
vt 1.04090726 0.623033583 0
vt 1.02434289 0.645477951 0
vt 1.81535637 0.499380112 0
vt 0.544860542 0.357878119 0
vt 0.535445511 0.359801918 0
vt 0.535403848 0.348315358 0
vt 0.653280258 0.386848062 0
vt 0.656262577 0.37820375 0
vt 0.664413393 0.385497957 0
vt 0.947343111 0.480785966 0
vt 1.03447998 0.603123784 0
vt 1.04269576 0.612859547 0
vt 1.57731271 0.288851768 0
vt 1.58500481 0.276776701 0
vt 1.8394413 0.55734998 0
vt 1.81956708 0.523544848 0
vt 0.948594391 0.089418374 0
vt 0.931863189 0.102438256 0
vt 0.924072266 0.0924224481 0
vt 0.480712891 0.220353022 0
vt 0.481678158 0.206742153 0
vt 0.491467118 0.22045888 0
vt 0.504150391 0.0544161983 0
vt 0.528672516 0.0574202724 0
vt 0.520632446 0.0651734471 0
vt 1.34979248 0.183199361 0
vt 1.33958983 0.176684752 0
vt 1.34980071 0.178748548 0
vt 1.35374272 0.197999164 0
vt 0.918479383 0.347611487 0
vt 0.917503774 0.317544281 0
vt 0.936807752 0.334395766 0
vt 1.9110105 0.802818179 0
vt 1.86969554 0.797183096 0
vt 1.91291714 0.790496767 0
vt 0.91172719 0.527217031 0
vt 0.912941515 0.504726887 0
vt 0.932426274 0.520641923 0
vt 0.353583217 0.487722814 0
vt 0.343615055 0.488375187 0
vt 0.350387931 0.474336803 0
vt 0.411293983 0.428050816 0
vt 0.398907542 0.415840477 0
vt 0.412943184 0.414057046 0
vt 0.269118428 0.333757937 0
vt 0.259257197 0.331730247 0
vt 0.280001581 0.323830932 0
vt 0.94074297 0.504581451 0
vt 0.929171681 0.49232471 0
vt 1.40127707 0.373827696 0
vt 1.35899663 0.305284351 0
vt 1.38014293 0.284519672 0
vt 0.398353815 0.538502932 0
vt 0.404612541 0.526745141 0
vt 0.402764082 0.54022038 0
vt 0.920111477 0.54938674 0
vt 0.902503669 0.523880482 0
vt 0.507321298 0.478663117 0
vt 0.503589034 0.47575894 0
vt 0.502090693 0.465638369 0
vt 1.0672518 0.650964141 0
vt 1.06850493 0.656301379 0
vt 1.06584513 0.667885125 0
vt 0.937686205 0.315875322 0
vt 0.946179092 0.332090646 0
vt 0.026728902 0.641460478 0
vt 0.0321998261 0.643800557 0
vt 0.0310792811 0.707939029 0
vt 0.97416085 0.57841897 0
vt 0.980275214 0.577524602 0
vt 0.984437346 0.586203635 0
vt 0.938604891 0.540280044 0
vt 1.16255724 0.236686006 0
vt 1.18493342 0.221382916 0
vt 1.18813133 0.233946726 0
vt 1.18041599 0.249044031 0
vt 1.04685855 0.646444499 0
vt 1.06728053 0.625290036 0
vt 0.111875758 0.536568463 0
vt 0.100802779 0.545654178 0
vt 0.0979452729 0.517180443 0
vt 1.9356432 0.787847996 0
vt 1.92922175 0.799087346 0
vt 0.0288754757 0.730418324 0
vt 0.0231702346 0.745088995 0
vt 0.094511725 0.515448689 0
vt 0.0850804001 0.518430293 0
vt 0.0852567703 0.500605047 0
vt 0.151126787 0.58379817 0
vt 0.167919964 0.567773759 0
vt 0.161807075 0.567062676 0
vt 0.901599646 0.431691527 0
vt 0.867452323 0.45812121 0
vt 0.916485012 0.830257773 0
vt 0.938116431 0.758216858 0
vt 0.964136779 0.753175616 0
vt 0.888559341 0.510421097 0
vt 0.893832803 0.499545425 0
vt 1.04781616 0.663859308 0
vt 1.03861856 0.662758172 0
vt 1.82967055 0.524414957 0
vt 1.8306458 0.529354572 0
vt 0.916723549 0.434712589 0
vt 0.913709939 0.416142553 0
vt 0.918803692 0.48086518 0
vt 0.901388943 0.485159367 0
vt 0.881973267 0.485141844 0
vt 0.670567274 0.573983371 0
vt 0.662692189 0.588569283 0
vt 0.661460698 0.578111291 0
vt 0.932395518 0.30135411 0
vt 0.624995947 0.45362708 0
vt 0.634786427 0.454518378 0
vt 0.627658486 0.460558444 0
vt 1.82276249 0.507186651 0
vt 0.901402056 0.38486883 0
vt 1.56314206 0.255530268 0
vt 1.27220035 0.584893763 0
vt 1.25716257 0.562012255 0
vt 1.26892161 0.558488667 0
vt 1.26963687 0.60064888 0
vt 0.111600809 0.635032713 0
vt 0.102539822 0.634492338 0
vt 0.10935811 0.614699364 0
vt 0.95964998 0.686057627 0
vt 1.19148231 0.296516091 0
vt 1.18473387 0.288231283 0
vt 0.256785691 0.313694954 0
vt 0.266903281 0.310505062 0
vt 0.655147135 0.83828038 0
vt 0.624150455 0.836031079 0
vt 0.641231954 0.771641672 0
vt 1.56016707 0.238109887 0
vt 0.156777307 0.167582959 0
vt 0.180902719 0.176975191 0
vt 0.17473954 0.19110769 0
vt 0.153485343 0.183445945 0
vt 0.159663409 0.192064092 0
vt 0.959924579 0.34884584 0
vt 0.945092797 0.356028825 0
vt 0.952552855 0.342295051 0
vt 0.0847893581 0.641827762 0
vt 0.0936936587 0.655028939 0
vt 0.0908296555 0.666586995 0
vt 1.20525289 0.0769600496 0
vt 1.00024414 0.213009074 0
vt 0.772871912 0.238964736 0
vt 0.792734563 0.240022704 0
vt 0.780844271 0.249190375 0
vt 0.0340214074 0.599204957 0
vt 0.953835905 0.361343384 0
vt 1.18065155 0.285364181 0
vt 1.16113448 0.254128605 0
vt 1.33224142 0.177066967 0
vt 0.764839649 0.281793565 0
vt 0.758105993 0.303094387 0
vt 0.748512864 0.28060925 0
vt 0.96738559 0.370921731 0
vt 0.952690303 0.37269187 0
vt 0.0257524624 0.560890198 0
vt 0.02130449 0.564737856 0
vt 0.0236845054 0.491730452 0
vt 0.92970556 0.47273612 0
vt 0.0322773196 0.416730762 0
vt 0.0289052892 0.48882854 0
vt 0.0236938782 0.469168186 0
vt 0.433026284 0.533893883 0
vt 0.435521662 0.545178056 0
vt 0.427146912 0.545638144 0
vt 1.85078812 0.590888143 0
vt 1.83918786 0.58822906 0
vt 0.1808054 0.178685993 0
vt 0.193717167 0.172138393 0
vt 0.327521086 0.622759521 0
vt 0.329450548 0.609623015 0
vt 0.338865936 0.627685428 0
vt 0.975175202 0.595811844 0
vt 1.1518786 0.249199525 0
vt 1.1449492 0.226900592 0
vt 0.980461478 0.517102838 0
vt 0.968447745 0.512000084 0
vt 0.987651646 0.541101575 0
vt 0.979798496 0.517238796 0
vt 0.919405401 0.761823595 0
vt 1.04272854 0.626243412 0
vt 0.214600757 0.635930717 0
vt 0.219508201 0.645934939 0
vt 0.210596994 0.652551234 0
vt 0.959309161 0.377830207 0
vt 0.914881885 0.490736216 0
vt 0.749531806 0.275941163 0
vt 1.16796589 0.205282405 0
vt 0.889463246 0.501546979 0
vt 0.883154154 0.500474095 0
vt 1.16822326 0.227244183 0
vt 0.25078553 0.316075444 0
vt 0.900399446 0.758336663 0
vt 0.0563848019 0.563442945 0
vt 0.0597146973 0.574685693 0
vt 0.0480525158 0.57799542 0
vt 0.933723867 0.856837571 0
vt 0.227365881 0.324173033 0
vt 0.230851054 0.314158142 0
vt 0.241097555 0.325924993 0
vt 0.198184922 0.136392176 0
vt 0.905457079 0.495839059 0
vt 0.771178007 0.415163964 0
vt 0.760141015 0.403509021 0
vt 0.765803158 0.399121672 0
vt 1.32253492 0.189944446 0
vt 0.893869579 0.536169708 0
vt 0.703132451 0.627636373 0
vt 0.706381917 0.630433142 0
vt 0.695669115 0.650231898 0
vt 0.927888155 0.346966207 0
vt 0.224367052 0.338395536 0
vt 0.227249026 0.323897094 0
vt 0.758948922 0.270391971 0
vt 1.00460255 0.415579319 0
vt 0.994813263 0.421981514 0
vt 0.991572917 0.410513043 0
vt 0.789283752 0.420081735 0
vt 1.36515284 0.267914176 0
vt 1.35841286 0.279337108 0
vt 1.26346171 0.636147976 0
vt 1.22868335 0.62169683 0
vt 1.25805736 0.610890985 0
vt 0.935517669 0.490435988 0
vt 1.04115522 0.638177276 0
vt 1.34928215 0.266668737 0
vt 0.527319431 0.531348467 0
vt 0.523719549 0.51155901 0
vt 0.539852679 0.515861809 0
vt 0.756527722 0.895211756 0
vt 0.743941486 0.901464999 0
vt 0.736502409 0.87800467 0
vt 0.721235335 0.837752759 0
vt 0.737405479 0.864946246 0
vt 0.574918389 0.253780812 0
vt 0.564144373 0.247860998 0
vt 0.57435894 0.246482611 0
vt 0.696324944 0.905041516 0
vt 0.736387968 0.935664475 0
vt 0.676887035 0.546920061 0
vt 0.668873906 0.554470837 0
vt 0.669933558 0.542084455 0
vt 1.37913382 0.262710512 0
vt 1.38197386 0.28130573 0
vt 1.37686884 0.274160862 0
vt -0.000173037231 0.34527114 0
vt 0.0047323755 0.333494842 0
vt 0.0156094059 0.335253567 0
vt 1.19292343 0.34982422 0
vt 1.18735802 0.350513816 0
vt 1.18831742 0.323980331 0
vt 0.677482307 0.553624094 0
vt 0.686437488 0.550353765 0
vt 0.680635989 0.561090827 0
vt 0.756784081 0.855833471 0
vt 0.737897813 0.862199306 0
vt 0.750853419 0.847805142 0
vt 0.674953282 0.0494790934 0
vt 0.660811126 0.0624823235 0
vt 0.655666471 0.0516279787 0
vt 0.0118713481 0.341772646 0
vt 0.648871362 0.382532597 0
vt 0.0833368301 0.597589314 0
vt 0.0744628906 0.599637687 0
vt 0.0793507099 0.57310611 0
vt 1.02960443 0.732415199 0
vt 1.02153933 0.739098728 0
vt 1.02108181 0.717147112 0
vt 0.0804035738 0.616793096 0
vt 1.02825677 0.721513212 0
vt 1.02688503 0.706240535 0
vt 1.03095293 0.693714976 0
vt 1.18961537 0.211473837 0
vt 0.793168724 0.910128057 0
vt 0.777971268 0.912821352 0
vt 0.786551535 0.8972978 0
vt 0.786463201 0.927415192 0
vt 0.0268853847 0.400705874 0
vt 0.774130285 0.89053899 0
vt 0.0235915147 0.479214013 0
vt 0.475754172 0.413794816 0
vt 0.499390811 0.360052377 0
vt 0.499786973 0.385469377 0
vt 0.550318539 0.528611422 0
vt 0.542270601 0.50701648 0
vt 0.553317904 0.508287609 0
vt 0.537608504 0.523290038 0
vt 0.779043734 0.00195209542 0
vt 0.805402458 0.00174905697 0
vt 0.788553476 0.0149693685 0
vt 0.935878992 0.332674444 0
vt 0.948275089 0.332312703 0
vt 1.18826473 0.324627876 0
vt 1.18077672 0.324769199 0
vt 1.19129801 0.311494648 0
vt 0.77124387 0.810157716 0
vt 0.746580303 0.788632393 0
vt 0.770797253 0.792926311 0
vt 0.757116973 0.811296105 0
vt 0.208103061 0.938504875 0
vt 0.194534436 0.921558201 0
vt 0.209386557 0.930098712 0
vt 0.77855742 0.0271538198 0
vt 0.783161283 0.0409727432 0
vt 0.752289712 0.0350222178 0
vt 0.00982246082 0.606636286 0
vt 0.0175241083 0.594770908 0
vt 0.0189225208 0.620563686 0
vt 0.0086770542 0.598581314 0
vt 0.180728093 0.920069516 0
vt 1.19153774 0.29656443 0
vt 1.18153596 0.308023095 0
vt 1.18466985 0.288281232 0
vt 0.521878183 0.168880358 0
vt 0.497946471 0.158451781 0
vt 0.513599634 0.154113367 0
vt 0.797269106 0.925473154 0
vt 0.989249051 0.0237581711 0
vt 0.977783203 0.0172143765 0
vt 0.999393165 0.0174903292 0
vt 0.472803473 0.431260586 0
vt 0.467994183 0.442729652 0
vt 0.461181641 0.42704609 0
vt 0.788823962 0.188603401 0
vt 0.762223721 0.177535191 0
vt 0.79574728 0.176885113 0
vt 0.509581923 0.47148034 0
vt 0.524372399 0.433107436 0
vt 0.68065238 0.536183536 0
vt 0.689229786 0.527631462 0
vt 0.732660949 0.94818747 0
vt 0.748092711 0.944840431 0
vt 0.775292099 0.973739564 0
vt 0.693658173 0.842487335 0
vt 1.2252003 0.794637859 0
vt 1.2278986 0.804632306 0
vt 1.19852853 0.795698166 0
vt 1.18579483 0.798048496 0
vt 1.18876481 0.835457921 0
vt 0.837842405 0.282229871 0
vt 0.844745338 0.275538802 0
vt 0.852920711 0.283968717 0
vt 0.965495169 0.0964041799 0
vt 0.950917304 0.106842443 0
vt 0.944036722 0.0992108062 0
vt 1.03116357 0.741166651 0
vt 0.744731724 0.82950604 0
vt 1.2215445 0.836089313 0
vt 1.23006332 0.808974087 0
vt 1.08604038 0.830281019 0
vt 1.09343481 0.850657105 0
vt 1.06431448 0.839682996 0
vt 0.762357712 0.917286813 0
vt 0.25000903 0.982782304 0
vt 0.247942135 0.968304515 0
vt 0.142229766 0.637878537 0
vt 0.146834388 0.645415604 0
vt 0.143181443 0.651905 0
vt 0.774031878 0.889395356 0
vt 0.73736763 0.943344772 0
vt 0.178769663 0.483096987 0
vt 0.191189438 0.476852179 0
vt 0.196942374 0.498850614 0
vt 0.538434327 0.507535577 0
vt 0.557238042 0.049484361 0
vt 0.584762514 0.0584330633 0
vt 0.558801949 0.0563158579 0
vt 0.496310383 0.342324853 0
vt 0.498629928 0.348162383 0
vt 0.484615684 0.344990075 0
vt 0.749795079 0.99255085 0
vt 0.303549767 0.178834334 0
vt 0.295241863 0.171822727 0
vt 0.307621211 0.172265992 0
vt 0.938285172 0.0963573456 0
vt 0.595212102 0.481823117 0
vt 0.613972306 0.490252584 0
vt 0.600728869 0.506695628 0
vt 0.621248722 0.704526961 0
vt 0.623017311 0.7185179 0
vt 0.598488212 0.704773605 0
vt 0.464975327 0.362310499 0
vt 0.431055099 0.332799047 0
vt 0.42613548 0.323866308 0
vt 0.445363671 0.320168048 0
vt 1.21370816 0.201188058 0
vt 0.534172833 0.457729638 0
vt 0.52925384 0.475156248 0
vt 0.569674492 0.439754009 0
vt 0.618639469 0.526830912 0
vt 1.05227363 0.752644002 0
vt 1.0454905 0.777295291 0
vt 1.03549016 0.778167963 0
vt 0.581823885 0.460070938 0
vt 0.715377808 0.994770229 0
vt 0.529773653 0.403757095 0
vt 0.50399518 0.402825981 0
vt 0.577020168 0.44795838 0
vt 0.73789376 0.0523526073 0
vt 0.479440242 0.359453946 0
vt 0.983639896 0.461181492 0
vt 0.993899584 0.460786104 0
vt 0.999242008 0.473903269 0
vt 0.0267645251 0.466674417 0
vt 0.0410495587 0.47988078 0
vt 0.0333740041 0.483675152 0
vt 1.8816613 0.812803745 0
vt 0.784012198 0.167309001 0
vt 0.758760035 0.167568207 0
vt 0.386865914 0.370907277 0
vt 0.376523256 0.385497957 0
vt 0.367431641 0.367118925 0
vt 0.722528875 0.44506827 0
vt 0.714111328 0.426022261 0
vt 0.732871532 0.422383517 0
vt 0.60555476 0.467232436 0
vt 0.628563881 0.469182104 0
vt 0.747612298 0.874604046 0
vt 0.555070519 0.432899535 0
vt 0.0390901081 0.53240943 0
vt 0.0470851958 0.520237029 0
vt 0.0487477705 0.532104611 0
vt 0.596178293 0.537402153 0
vt 0.503987789 0.220746592 0
vt 0.49896574 0.215307295 0
vt 0.50846535 0.217609555 0
vt 0.804396451 0.478963912 0
vt 0.789585054 0.492910892 0
vt 0.79475832 0.475857913 0
vt 0.646145225 0.470552653 0
vt 0.625694513 0.538429081 0
vt 0.635427892 0.488884896 0
vt 0.801213205 0.254406184 0
vt 0.815295637 0.254480571 0
vt 0.807038963 0.262128472 0
vt 0.615791976 0.53892839 0
vt 0.771933436 0.498992473 0
vt 0.749943733 0.50819546 0
vt 0.758232236 0.496893466 0
vt 0.241568208 0.0234736595 0
vt 0.248150662 0.00297720497 0
vt 0.251993716 0.0147484569 0
vt 0.575282693 0.557759404 0
vt 0.580713272 0.533431113 0
vt 0.590395212 0.522498429 0
vt 1.03298891 0.793319345 0
vt 1.02137148 0.792290688 0
vt 1.34252322 0.252200931 0
vt 0.768230677 0.460390091 0
vt 0.779167056 0.435278416 0
vt 0.780787528 0.468644291 0
vt 1.03093135 0.766667724 0
vt 1.02411902 0.751948416 0
vt 0.271336168 0.0116672739 0
vt 0.285928816 0.00640024245 0
vt 0.800900519 0.472013354 0
vt 0.702120781 0.518516123 0
vt 0.744380951 0.524976134 0
vt 0.989441991 0.477779478 0
vt 0.981550038 0.490516841 0
vt 0.519937158 0.359861106 0
vt 0.537866831 0.376553833 0
vt 1.87154019 0.80873245 0
vt 1.86325383 0.800791621 0
vt 0.783255339 0.478849024 0
vt 0.307592541 0.410290986 0
vt 0.303014517 0.406269342 0
vt 0.311113775 0.403704703 0
vt 0.20798032 0.953258991 0
vt 0.210034415 0.977106214 0
vt 0.194620818 0.965673685 0
vt 0.231666371 0.967680991 0
vt 1.20302033 0.822274327 0
vt 1.24267006 0.838134706 0
vt 1.25930047 0.817529202 0
vt 1.10419011 0.845368266 0
vt 1.10216439 0.830878735 0
vt 1.86390972 0.825920343 0
vt 1.84435916 0.79987216 0
vt 1.86397076 0.797006309 0
vt 1.84179306 0.816317737 0
vt 1.09284878 0.879743576 0
vt 1.86262071 0.83977145 0
vt 1.86769533 0.863434851 0
vt 1.84294152 0.840448618 0
vt 1.84282589 0.862865448 0
vt 1.86492705 0.88256824 0
vt 0.902755022 0.564407647 0
vt 0.913083076 0.563668489 0
vt 0.907975495 0.59297204 0
vt 0.566232502 0.433501869 0
vt 0.980888844 0.570961118 0
vt 0.782575369 0.0744347274 0
vt 0.41294843 0.278016359 0
vt 0.422524214 0.272042215 0
vt 0.424379617 0.283935457 0
vt 0.136247247 0.680641711 0
vt 0.132819444 0.665861845 0
vt 0.141708076 0.665720582 0
vt 0.783603072 0.478901118 0
vt 1.02244806 0.787920415 0
vt 1.0243715 0.770482004 0
vt 1.03308558 0.76743257 0
vt 0.990090013 0.140618846 0
vt 1.00141656 0.138417035 0
vt 0.997251034 0.143310443 0
vt 0.95969218 0.906058371 0
vt 0.958794951 0.866667092 0
vt 0.967589617 0.860074222 0
vt 0.23747021 0.00736756204 0
vt 0.973090649 0.859368324 0
vt 1.20071971 0.257723838 0
vt 0.587141693 0.0493349321 0
vt 0.530400693 0.364684194 0
vt 0.607654989 0.588218927 0
vt 0.709392428 0.395945191 0
vt 0.712715089 0.391734958 0
vt 0.722147286 0.402975976 0
vt 1.1624949 0.35933423 0
vt 0.770144284 0.992122948 0
vt 1.1631248 0.39659062 0
vt 1.153355 0.348445684 0
vt 1.1585654 0.318259001 0
vt 1.16230536 0.359333545 0
vt 0.0929418355 0.648996055 0
vt 0.10284768 0.642101526 0
vt 0.0956371725 0.669964194 0
vt 0.923552215 0.461258978 0
vt 0.936191201 0.441103339 0
vt 0.94008863 0.447825611 0
vt 0.714420617 0.45442313 0
vt 0.710353255 0.445088595 0
vt 0.717238188 0.441477388 0
vt 1.3045156 0.399312019 0
vt 1.27915692 0.450565815 0
vt 0.0292566884 0.531589746 0
vt 0.0337615609 0.552645266 0
vt 0.995889664 0.643322885 0
vt 0.680320382 0.500324845 0
vt 1.25901389 0.441570669 0
vt 1.02152216 0.77099514 0
vt 1.73338962 0.50593096 0
vt 1.7422365 0.469520956 0
vt 0.200521067 0.220696762 0
vt 0.197661892 0.255573124 0
vt 0.193649054 0.253255248 0
vt 0.931598365 0.43900466 0
vt 0.939052641 0.418043226 0
vt 0.602485597 0.567199111 0
vt 0.837483227 0.491735369 0
vt 0.826558828 0.509599745 0
vt 0.830882013 0.48888281 0
vt 0.0656738281 0.487060457 0
vt 0.0656567886 0.473079711 0
vt 0.0736265928 0.488213688 0
vt 0.479890019 0.349408954 0
vt 0.474408835 0.35913077 0
vt 0.900695384 0.563759565 0
vt 1.25462139 0.695097804 0
vt 1.26756501 0.693090081 0
vt 1.27388 0.699232161 0
vt 0.97427994 0.640643597 0
vt 1.27669942 0.46035853 0
vt 1.25655472 0.456930488 0
vt 0.680500925 0.578473985 0
vt 0.687047958 0.592894554 0
vt 0.674464822 0.603750646 0
vt 0.929587424 0.553081632 0
vt 1.22756362 0.556019247 0
vt 1.24152958 0.509608924 0
vt 1.24995089 0.509044766 0
vt 0.980112731 0.622716725 0
vt 0.912622631 0.605003595 0
vt 0.908747613 0.593307257 0
vt 0.212815478 0.428439587 0
vt 0.222350746 0.443820804 0
vt 0.20706138 0.430163115 0
vt 1.18903029 0.349720716 0
vt 1.1685425 0.355253696 0
vt 0.559974909 0.974977314 0
vt 1.36650467 0.29395926 0
vt 1.16013181 0.277980357 0
vt 0.225303948 0.43430534 0
vt 0.0292761959 0.363643408 0
vt 0.0341890343 0.37131536 0
vt 0.0295515098 0.377598822 0
vt 0.391488463 0.396627486 0
vt 0.379343033 0.391424686 0
vt 0.392403007 0.384168833 0
vt 1.18175459 0.357196391 0
vt 1.27886152 0.501036108 0
vt 1.28039348 0.453271359 0
vt 1.29617953 0.442412734 0
vt 1.1657809 0.415167093 0
vt 1.27180624 0.5297665 0
vt 0.324620426 0.608932674 0
vt 0.325080276 0.589895606 0
vt 0.333307505 0.594976366 0
vt 0.462848157 0.47881785 0
vt 0.472532868 0.470917225 0
vt 0.475314736 0.478660524 0
vt 0.229704201 0.911944389 0
vt 1.71853673 0.55266428 0
vt 1.69698775 0.550050735 0
vt 1.22458112 0.688503623 0
vt 1.25933814 0.665144563 0
vt 0.593944073 0.224447191 0
vt 0.583951652 0.219427064 0
vt 0.590373158 0.213046074 0
vt 0.033852309 0.484797746 0
vt 0.035117723 0.499949038 0
vt 0.804510415 0.514585853 0
vt 0.213134766 0.489736944 0
vt 0.229167581 0.474637836 0
vt 0.226231098 0.496257156 0
vt 1.20336318 0.838307142 0
vt 1.0666616 0.707538843 0
vt 1.06810772 0.682985067 0
vt 1.0686245 0.723388195 0
vt 1.06153095 0.73426497 0
vt 0.970305383 0.0248288251 0
vt 0.968713045 0.0296846535 0
vt 0.940337539 0.0244010538 0
vt 0.673412085 0.107501261 0
vt 0.675273776 0.0962901935 0
vt 0.686629117 0.0993347615 0
vt 1.16279233 0.309103251 0
vt 1.26290774 0.557452738 0
vt 0.472926527 0.0350878388 0
vt 0.486439049 0.0275936779 0
vt 0.48224178 0.0365912654 0
vt 0.332927555 0.660025239 0
vt 0.331287414 0.707839668 0
vt 0.326515764 0.700171828 0
vt 0.326923221 0.665312827 0
vt 0.573835611 0.973556101 0
vt 0.942764342 0.408551335 0
vt 0.996386409 0.571965575 0
vt 0.192867696 0.205601051 0
vt 1.3714304 0.351789922 0
vt 0.941663027 0.924240351 0
vt 0.117546633 0.441682041 0
vt 0.117788032 0.432165027 0
vt 0.121093512 0.439144254 0
vt 1.36941695 0.367780894 0
vt 1.18427122 0.414757878 0
vt 0.974230826 0.0130593786 0
vt 0.97779876 0.0105168074 0
vt 0.995069027 0.0128940251 0
vt 0.340409756 0.0674227029 0
vt 0.349784702 0.068377018 0
vt 0.356003851 0.0764442086 0
vt 0.960960746 0.921474159 0
vt 0.975477815 0.598867595 0
vt 0.722898901 0.654965341 0
vt 0.731947958 0.638361931 0
vt 0.730149627 0.660991848 0
vt 0.747389853 0.577160716 0
vt 0.766751707 0.583980262 0
vt 0.738691866 0.590338826 0
vt 0.612723172 0.0620928966 0
vt 0.593735754 0.0642505065 0
vt 0.607039392 0.0501101203 0
vt 0.98489517 0.574438989 0
vt 0.990532875 0.577798545 0
vt 0.976197183 0.23929204 0
vt 1.15091872 0.311449379 0
vt 0.0251005925 0.299547076 0
vt 0.00252749445 0.311264098 0
vt -0.00244846218 0.303060859 0
vt 0.753116369 0.52123636 0
vt 0.762652934 0.50726366 0
vt 0.765330136 0.526951313 0
vt 0.951954782 0.305318147 0
vt 0.971389055 0.29189077 0
vt 0.972709477 0.313415021 0
vt 1.08305526 0.735631227 0
vt 1.08966112 0.722830832 0
vt 1.09148312 0.699508309 0
vt 0.354498804 0.0815677121 0
vt 0.360246092 0.0822122172 0
vt 0.35315302 0.0863087028 0
vt 0.923968196 0.421696663 0
vt 0.917780519 0.424955517 0
vt 0.917362452 0.427912951 0
vt 0.792884588 0.480345339 0
vt 1.09547067 0.681150436 0
vt 1.08079743 0.647535205 0
vt 0.659423828 0.400689572 0
vt 0.673762977 0.407061428 0
vt 0.659054518 0.413152874 0
vt 1.83129883 0.856493592 0
vt 0.144067228 0.693115115 0
vt 0.137662366 0.685294032 0
vt 0.142051697 0.677070081 0
vt 1.83212173 0.848406494 0
vt 1.83568561 0.833083987 0
vt 0.620712161 0.0605970547 0
vt 0.630048513 0.0536007471 0
vt 0.0710025579 0.114385463 0
vt 0.0896993577 0.115623139 0
vt 0.0829493701 0.127685443 0
vt 0.522000074 0.341339111 0
vt 0.508444667 0.337935895 0
vt 0.504150391 0.325428694 0
vt 0.627985418 0.542165399 0
vt 0.630470514 0.55834949 0
vt 0.618408203 0.542680323 0
vt 0.717145801 0.275495082 0
vt 0.723026216 0.282656044 0
vt 0.706298828 0.291747957 0
vt 0.998177707 0.254640549 0
vt 1.20271075 0.0500580929 0
vt 0.747502923 0.0731725916 0
vt 0.00319180009 0.417139411 0
vt 0.015008389 0.40724051 0
vt 0.00755674392 0.430699587 0
vt 0.190867379 0.476509213 0
vt 0.199155733 0.461096615 0
vt 0.201448351 0.466911018 0
vt 0.182535365 0.5022645 0
vt 0.191247091 0.492416948 0
vt 0.190927997 0.505366683 0
vt 0.0253426246 0.427531183 0
vt 0.97333014 0.460769415 0
vt 0.970373452 0.425578237 0
vt 0.983664453 0.454491645 0
vt 0.638588905 0.468352139 0
vt 0.977551043 0.422879845 0
vt 0.989537477 0.431741387 0
vt 1.8110714 0.483780354 0
vt 0.723987579 0.607492566 0
vt 0.720774114 0.596013606 0
vt 0.254202187 0.212598994 0
vt 0.270048231 0.203270093 0
vt 0.271606922 0.207421601 0
vt 0.956436515 0.503138602 0
vt 0.963500023 0.489701122 0
vt 1.8989799 0.527521908 0
vt 0.654362142 0.727183878 0
vt 0.689942658 0.728606403 0
vt 0.113525391 0.657958865 0
vt 0.113617837 0.636944115 0
vt 0.122415885 0.638451099 0
vt 0.208383068 0.676513553 0
vt 0.200439453 0.66427052 0
vt 0.207411349 0.649773836 0
vt 0.196533203 0.489013582 0
vt 0.20431301 0.466013998 0
vt 0.213111058 0.464507014 0
vt 0.372980416 0.356771946 0
vt 0.386028498 0.344664156 0
vt 0.37686348 0.354894906 0
vt 0.368829519 0.365375698 0
vt 1.22613311 0.566088319 0
vt 1.227759 0.590207756 0
vt 1.23240137 0.603504419 0
vt 0.737098277 0.644346714 0
vt 0.757066369 0.627340376 0
vt 0.765208006 0.649774313 0
vt 1.90113235 0.836576223 0
vt 1.9373976 0.830144465 0
vt 0.13214609 0.466671318 0
vt 0.115263872 0.41823554 0
vt 0.136336386 0.442159802 0
vt 1.21728098 0.654746711 0
vt 1.20420396 0.637597561 0
vt 1.25105965 0.602385879 0
vt 0.323136657 0.0926780775 0
vt 0.333912075 0.0845082551 0
vt 0.328241318 0.087780714 0
vt 0.708017886 0.0350048952 0
vt 0.701502383 0.0388182588 0
vt 0.699825108 0.0354869105 0
vt 0.552944481 0.226160496 0
vt 0.555794239 0.234741315 0
vt 0.548219442 0.226820081 0
vt 1.78392148 0.583348095 0
vt 1.7762059 0.565352857 0
vt 1.79922593 0.580428779 0
vt 1.77968705 0.84064877 0
vt 1.78852892 0.834344387 0
vt 1.77968884 0.862839282 0
vt 0.0615858249 0.162843674 0
vt 0.0836412609 0.158194736 0
vt 0.0631479993 0.166269973 0
vt 0.240791172 0.549573064 0
vt 0.234141603 0.54949069 0
vt 0.236833274 0.544348955 0
vt 1.46694005 0.770591915 0
vt 1.47132719 0.742338002 0
vt 1.48496556 0.788227439 0
vt 1.17164671 0.648722172 0
vt 1.17633367 0.664642394 0
vt 1.78726065 0.608861446 0
vt 1.80807543 0.613197446 0
vt 1.80204296 0.556057453 0
vt 1.46283317 0.764560938 0
vt 1.45692551 0.738632441 0
vt 0.293509334 0.0727723166 0
vt 0.319423795 0.0646807849 0
vt 0.316646606 0.0693319291 0
vt 0.108991772 0.611962557 0
vt 0.0950931832 0.601771772 0
vt 0.0977887362 0.592750251 0
vt 0.334716082 0.629520178 0
vt 0.332183301 0.656274438 0
vt 0.329264045 0.634502888 0
vt 0.0874087736 0.385718793 0
vt 0.0978339836 0.400584042 0
vt 0.0946319923 0.406466067 0
vt 1.22808027 0.607977331 0
vt 1.4745971 0.792559743 0
vt 0.380835742 0.346243799 0
vt 1.92959023 0.236400127 0
vt 1.9269973 0.212339371 0
vt 1.93184793 0.224223748 0
vt 1.92918825 0.812044919 0
vt 0.457141995 0.261698008 0
vt 0.42167598 0.256035835 0
vt 0.447383553 0.229219705 0
vt 0.820142627 0.727460742 0
vt 0.816546142 0.747101367 0
vt 0.816976607 0.735651255 0
vt 1.97198844 0.275200456 0
vt 1.98988104 0.260811597 0
vt 1.98116291 0.278926939 0
vt 0.863504291 0.654889703 0
vt 0.86586982 0.654216468 0
vt 0.861578643 0.663237035 0
vt 1.99605083 0.207094103 0
vt 1.99028301 0.232834488 0
vt 1.97659278 0.227694571 0
vt 1.76148152 0.57786411 0
vt 1.7567997 0.566641092 0
vt 1.4800204 0.81112045 0
vt 1.9179517 0.259761333 0
vt 0.862613201 0.555850208 0
vt 0.8540892 0.564456403 0
vt 0.857561767 0.548930347 0
vt 0.59685266 0.400455445 0
vt 0.587102234 0.414449811 0
vt 0.594588637 0.386044502 0
vt 0.374180168 0.482879132 0
vt 0.368002653 0.469953835 0
vt 0.37554583 0.473752022 0
vt 0.880584061 0.519384742 0
vt 0.869075954 0.534086287 0
vt 0.865434051 0.502301693 0
vt 0.0769496933 0.307507545 0
vt 0.0762913823 0.318131715 0
vt 0.0704329088 0.309812158 0
vt 0.929225922 0.448067158 0
vt 0.917432487 0.452095747 0
vt 0.929972529 0.43839258 0
vt 0.785996795 0.00960281678 0
vt 0.781502306 0.0121286679 0
vt 0.778490722 0.0116101168 0
vt 0.0990846306 0.423271596 0
vt 0.110303856 0.433436215 0
vt 0.110567741 0.441410005 0
vt 0.55370599 0.0779822096 0
vt 0.590378702 0.0665187538 0
vt 0.564730823 0.0786522925 0
vt 0.104688294 0.432979017 0
vt 0.113135241 0.424721986 0
vt 0.11468523 0.432052374 0
vt 0.0827193633 0.353198141 0
vt 0.023598589 0.383211613 0
vt 0.024376465 0.388427645 0
vt 0.021214338 0.387285411 0
vt 0.105628893 0.425056726 0
vt 0.102484599 0.424629539 0
vt 0.115444653 0.421313852 0
vt 0.101069614 0.423533142 0
vt 0.107506678 0.395962507 0
vt 0.112231933 0.373195589 0
vt 0.487156183 0.297932148 0
vt 0.471627742 0.292919397 0
vt 0.49195537 0.282512426 0
vt 1.96672237 0.335152864 0
vt 1.97033584 0.308138341 0
vt 1.98684549 0.302053064 0
vt 1.87423682 0.825637162 0
vt 1.1323365 0.726365864 0
vt 1.12663329 0.720809281 0
vt 1.12972534 0.719546556 0
vt 0.270472497 0.252343655 0
vt 0.291489929 0.258231848 0
vt 0.272265553 0.259483755 0
vt 1.11603248 0.708542347 0
vt 1.13741672 0.713103294 0
vt 0.0515810885 0.270614654 0
vt 0.041846469 0.280818671 0
vt 0.0344079621 0.266177297 0
vt 1.94943571 0.257373035 0
vt 1.9516257 0.241636813 0
vt 1.96331894 0.266768396 0
vt 1.98823285 0.279500127 0
vt 1.78845799 0.818106115 0
vt 1.96086884 0.244553864 0
vt 0.368276179 0.487902641 0
vt 0.584534049 0.131450564 0
vt 0.565188885 0.135532692 0
vt 0.601215482 0.108586982 0
vt 1.96824372 0.219074562 0
vt 1.96666825 0.23814778 0
vt 0.526760638 0.222517893 0
vt 0.534840822 0.225090772 0
vt 0.537229896 0.232699886 0
vt 1.9755919 0.214669824 0
vt 0.339434206 0.0391478799 0
vt 0.332217336 0.0397402309 0
vt 0.330593735 0.0374352373 0
vt 0.706053913 0.142795995 0
vt 0.698018134 0.141296953 0
vt 0.704517782 0.140128165 0
vt 0.482427269 0.274549842 0
vt 0.61081475 0.121678509 0
vt 1.13441086 0.771731913 0
vt 1.13283813 0.784567356 0
vt 1.11402512 0.768763065 0
vt 1.93680131 0.798842192 0
vt 0.139416307 0.422247827 0
vt 0.124511302 0.40831396 0
vt 0.127225503 0.385913432 0
vt 0.0276549105 0.913785338 0
vt 0.027707668 0.948751271 0
vt 0.0205886681 0.982876718 0
vt 0.92918247 0.216935977 0
vt 0.896123946 0.217753604 0
vt 0.937131524 0.192176625 0
vt 0.910001338 0.2204476 0
vt 0.5876894 0.071955584 0
vt 0.597372949 0.0913529843 0
vt 0.502082825 0.127365828 0
vt 1.98857009 0.279589117 0
vt 1.22804248 0.608031094 0
vt 1.22822809 0.591228008 0
vt 0.357903719 0.688236833 0
vt 0.354989767 0.709391057 0
vt 0.354033679 0.698684454 0
vt 1.26982856 0.88630116 0
vt 1.27867842 0.863442361 0
vt 1.2869736 0.882864058 0
vt 1.80813801 0.580635607 0
vt 0.564572215 0.0783890411 0
vt 0.505948603 0.0418708809 0
vt 0.512444198 0.0418586023 0
vt 0.512553096 0.0477564856 0
vt 1.22168779 0.571433365 0
vt 0.168502048 0.477741838 0
vt 0.148412257 0.420542777 0
vt 1.96318567 0.365036845 0
vt 0.0433317088 0.645116031 0
vt 0.0419744067 0.627628267 0
vt 0.0501883738 0.637693942 0
vt 1.13301718 0.72500819 0
vt 1.13767838 0.750208497 0
vt 1.11426032 0.741666973 0
vt 1.1361258 0.800286591 0
vt 0.252292752 0.259648204 0
vt 0.245088816 0.271105587 0
vt 0.157028213 0.178997144 0
vt 0.145332217 0.174275503 0
vt 0.150502026 0.170772284 0
vt 1.76177001 0.622908711 0
vt 1.78909338 0.61450088 0
vt 1.78481507 0.623133779 0
vt 0.208139509 0.620607078 0
vt 0.201582268 0.624230504 0
vt 0.1937989 0.613682568 0
vt 1.80783498 0.620374978 0
vt 1.13059616 0.701532662 0
vt 0.658116698 0.0300733075 0
vt 0.645222843 0.0228688698 0
vt 0.66652602 0.0234411135 0
vt 0.90926826 0.326638311 0
vt 0.906276762 0.333240807 0
vt 0.889188766 0.341827959 0
vt 0.951511621 0.432372957 0
vt 0.946834028 0.426255196 0
vt 0.957211256 0.41584152 0
vt 0.951107621 0.158899635 0
vt 0.944559693 0.164725319 0
vt 0.944327891 0.149834439 0
vt 1.76894629 0.615846395 0
vt 1.73836601 0.60036099 0
vt 0.691578269 0.0352471843 0
vt 0.68887639 0.0206918027 0
vt 0.696346581 0.0256311391 0
vt 1.93573785 0.218785211 0
vt 0.412276298 0.0108642699 0
vt 0.430279404 0.00834396016 0
vt 0.411693245 0.0140099581 0
vt 0.90572834 0.188122854 0
vt 0.910811543 0.165597335 0
vt 1.6863085 0.827903271 0
vt 1.68367422 0.771647215 0
vt 1.69779181 0.787177682 0
vt 0.954571486 0.116165608 0
vt 0.95308423 0.131302267 0
vt 0.786918879 0.220436871 0
vt 0.764333546 0.207621217 0
vt 0.777483582 0.196309492 0
vt 1.11600745 0.757697523 0
vt 1.12661481 0.761964202 0
vt 0.0771605596 0.358812779 0
vt 0.133310542 0.394354492 0
vt 0.129857123 0.381987095 0
vt 0.145838052 0.380583674 0
vt 0.884432614 0.308360934 0
vt 0.871781409 0.304788917 0
vt 0.875118792 0.297191441 0
vt 1.99205613 0.239104867 0
vt 0.626244128 0.280272663 0
vt 0.617490172 0.284367859 0
vt 0.619026601 0.269156843 0
vt 0.920761943 0.619161248 0
vt 0.328058422 0.202761561 0
vt 0.313693851 0.191178501 0
vt 0.32236132 0.194102138 0
vt 1.98263323 0.350264966 0
vt 0.652809143 0.198318839 0
vt 0.646208167 0.207807064 0
vt 0.635655224 0.2097767 0
vt 1.96720934 0.299316436 0
vt 1.96456993 0.315445542 0
vt 1.96457875 0.294499427 0
vt 0.795624018 0.205146909 0
vt 0.415277392 -0.000171080057 0
vt 0.412990272 0.00870933011 0
vt 1.26604819 0.85008651 0
vt 0.355591446 0.300181389 0
vt 0.345299602 0.288239628 0
vt 0.352630198 0.294119865 0
vt 1.14199746 0.763328791 0
vt 1.14184868 0.771725059 0
vt 0.723410726 0.000710128865 0
vt 0.738681197 0.00980499573 0
vt 0.716212988 0.0074079358 0
vt 0.677180171 0.0140498178 0
vt 0.213583827 0.466588736 0
vt 0.228244424 0.466470718 0
vt 0.136219814 0.144503623 0
vt 0.143699527 0.153306246 0
vt 0.132630333 0.150718495 0
vt 1.94734764 0.254144907 0
vt 1.93811166 0.261541694 0
vt 1.93759489 0.242833465 0
vt 0.0534668863 0.200039968 0
vt 0.0610796772 0.206794605 0
vt 0.0493649207 0.211790919 0
vt 0.629013121 0.294671267 0
vt 0.64221257 0.285982639 0
vt 0.632585108 0.276343644 0
vt 0.958240449 0.48218447 0
vt 0.942466974 0.488597035 0
vt 0.948368788 0.47571829 0
vt 1.78679633 0.632947624 0
vt 0.318733305 0.0851011872 0
vt 1.95009518 0.234407201 0
vt 1.94646752 0.233238488 0
vt 0.676837444 0.217190608 0
vt 0.684623957 0.232987344 0
vt 0.664456308 0.224146858 0
vt 0.111764356 0.373657942 0
vt 0.815487146 0.725635588 0
vt 1.28862238 0.828056514 0
vt 1.3013494 0.844741404 0
vt 0.6881392 0.506844759 0
vt 0.682964206 0.503513396 0
vt 0.690986991 0.492767692 0
vt 0.659164429 0.236728132 0
vt 0.636879086 0.236270741 0
vt 0.649651825 0.231282011 0
vt 0.097266525 0.358021855 0
vt 0.105423324 0.359673262 0
vt 0.0923460945 0.361794949 0
vt 0.894725919 0.627328455 0
vt 0.896261156 0.597770035 0
vt 0.909063637 0.622113645 0
vt 0.117116913 0.34886837 0
vt 1.96559525 0.31630227 0
vt 0.226622179 0.27520889 0
vt 0.289691448 0.0828095675 0
vt 0.283491135 0.0783530325 0
vt 0.284868658 0.0724903569 0
vt 0.791441977 0.0729541928 0
vt 0.78320545 0.0685123876 0
vt 0.801647246 0.0650082305 0
vt 0.111776836 0.458490521 0
vt 0.11883904 0.460508168 0
vt 1.23191619 0.695916474 0
vt 0.398369014 0.199562505 0
vt 0.384624779 0.189099699 0
vt 0.398626387 0.191877097 0
vt 0.0689004436 0.513520062 0
vt 0.0724845678 0.519864202 0
vt 0.0645081997 0.527851045 0
vt 0.0710912868 0.339056849 0
vt 0.102018587 0.368479192 0
vt 0.412406117 0.230836466 0
vt 0.440372437 0.208923519 0
vt 1.93203247 0.284944773 0
vt 1.95914423 0.338745564 0
vt 0.760290444 0.00967130437 0
vt 0.167369068 0.353948414 0
vt 0.152656972 0.369511753 0
vt 0.145051017 0.357674628 0
vt 0.131603271 0.341720194 0
vt 0.108312398 0.346462369 0
vt 0.118040174 0.314175636 0
vt 0.197286174 0.250562996 0
vt 0.21273607 0.246615425 0
vt 0.205902159 0.249472037 0
vt 0.0449822582 0.998722851 0
vt 0.0380547009 0.997005105 0
vt 0.0535081625 0.983303189 0
vt 0.599335194 0.0362671986 0
vt 0.563132942 0.0286767334 0
vt 0.584505498 0.0286077112 0
vt 0.228904277 0.0550962277 0
vt 0.230248809 0.0603875443 0
vt 0.211620122 0.0566564426 0
vt 0.070103623 0.337604195 0
vt 0.105031461 0.273222357 0
vt 0.113570064 0.269745916 0
vt 0.117711976 0.28076911 0
vt 0.0956486985 0.302307636 0
vt 0.0974828452 0.290272087 0
vt 0.10662809 0.291009694 0
vt 0.483751357 0.545946717 0
vt 0.479482949 0.535762787 0
vt 0.492601693 0.538879216 0
vt 0.424516737 0.268553644 0
vt 0.42312029 0.26112774 0
vt 0.346462935 0.21011512 0
vt 0.332754523 0.21495609 0
vt 0.679552376 0.0354983285 0
vt 0.0964152291 0.149350211 0
vt 0.102007233 0.139340967 0
vt 0.10883715 0.145800531 0
vt 1.92493272 0.175864115 0
vt 0.800278664 0.199986577 0
vt 0.796551824 0.20506689 0
vt 1.76969945 0.631502748 0
vt 0.879044116 0.292677373 0
vt 0.217924491 0.47201997 0
vt 0.240177006 0.234007865 0
vt 0.237955809 0.236202106 0
vt 0.231594354 0.229422942 0
vt 0.218939796 0.236882195 0
vt 0.133249551 0.540040493 0
vt 0.127327561 0.544000983 0
vt 0.119004704 0.540055633 0
vt 0.237707451 0.221962824 0
vt 0.245526195 0.230127856 0
vt 0.699772716 0.385801047 0
vt 0.687880516 0.390019029 0
vt 0.695908487 0.373281628 0
vt 1.72464597 0.801430583 0
vt 1.71014345 0.812231421 0
vt 0.231261104 0.466685653 0
vt 0.22901237 0.463771254 0
vt 0.239262596 0.457447261 0
vt 0.900864005 0.346108377 0
vt 0.888835669 0.353538156 0
vt 0.557297587 0.41745764 0
vt 0.533318341 0.393341184 0
vt 0.551397622 0.406014144 0
vt 0.283968121 0.0714711845 0
vt 0.271261752 0.0753495395 0
vt 0.280941039 0.0652918667 0
vt 0.80603826 0.0703173727 0
vt 0.896776617 0.341610342 0
vt 0.136793882 0.179741994 0
vt 0.144352287 0.186247051 0
vt 0.890149355 0.30039221 0
vt 0.677591145 0.0425494276 0
vt 0.779217541 0.502933085 0
vt 0.777806103 0.515476465 0
vt 0.766820312 0.512101769 0
vt 0.313077241 0.406362265 0
vt 0.318490028 0.40877986 0
vt 0.313802809 0.417934775 0
vt 0.668518662 0.259072602 0
vt 0.447018355 0.0886317566 0
vt 0.438239604 0.0805935413 0
vt 0.451373935 0.093448095 0
vt 0.65691191 0.0428067259 0
vt 0.113741986 0.515762687 0
vt 0.604326308 0.380058974 0
vt 0.601238787 0.363903761 0
vt 0.60908699 0.357475013 0
vt 0.758479774 0.19884412 0
vt 0.677993119 0.115943924 0
vt 0.708338857 0.1388679 0
vt 0.684672236 0.128972948 0
vt 0.614664555 0.274483204 0
vt 0.138196439 0.323107511 0
vt 1.97988617 0.668807149 0
vt 1.97327197 0.659714758 0
vt 1.99420619 0.667476475 0
vt 0.121638946 0.675652385 0
vt 0.115246519 0.653440833 0
vt 0.125624791 0.656885743 0
vt 0.161055416 0.253301531 0
vt 0.152591452 0.253702849 0
vt 0.160872251 0.250207156 0
vt 0.522622645 0.53291744 0
vt 0.516125143 0.539459765 0
vt 0.505026221 0.529564917 0
vt 0.628875136 0.989647448 0
vt 0.636122823 0.975561142 0
vt 0.902160704 0.151409477 0
vt 0.62025851 0.272734314 0
vt 0.642862499 0.267048925 0
vt 1.71171916 0.766581833 0
vt 0.64427048 0.0249450281 0
vt 0.120239995 0.528638244 0
vt 0.120960891 0.516594112 0
vt 0.127283528 0.521125078 0
vt 1.17630398 0.685109496 0
vt 1.82909238 0.641590655 0
vt 1.81456482 0.588758409 0
vt 1.82120645 0.602842808 0
vt 1.83178067 0.607638896 0
vt 0.299110562 0.290995121 0
vt 0.284850478 0.272793233 0
vt 0.291128844 0.264469057 0
vt 0.407930255 0.226894617 0
vt 0.401759654 0.233540714 0
vt 0.40426144 0.223247275 0
vt 1.84953916 0.644622386 0
vt 1.81201267 0.651779473 0
vt 0.622354448 0.241847619 0
vt 0.621773303 0.226129085 0
vt 0.188965976 0.12233261 0
vt 0.201334894 0.126063704 0
vt 0.165681094 0.130005553 0
vt 0.870043755 0.583932698 0
vt 0.878646314 0.588183403 0
vt 0.875204921 0.596238911 0
vt 0.0205032304 0.989649057 0
vt 0.0321190581 0.99106729 0
vt 0.0497446023 0.609680712 0
vt 1.30045116 0.822263539 0
vt 1.81170809 0.644419074 0
vt 0.487709999 0.240924582 0
vt 0.471958131 0.23816365 0
vt 0.481649518 0.230859354 0
vt 0.798928916 0.23652184 0
vt 0.788616598 0.234474614 0
vt 0.797430038 0.22326614 0
vt 1.85076833 0.656902313 0
vt 0.277347356 0.511271119 0
vt 0.271073282 0.499712408 0
vt 0.282762587 0.508627117 0
vt 0.763847649 0.222014636 0
vt 0.891626298 0.639003694 0
vt 0.884251177 0.645334721 0
vt 0.886076212 0.627578318 0
vt 0.602254212 0.299242586 0
vt 0.0385167152 0.607428193 0
vt 0.865074515 0.590471208 0
vt 0.884929478 0.598706067 0
vt 0.0634334609 0.144031554 0
vt 0.0510322265 0.152856886 0
vt 0.0549536422 0.145378113 0
vt 0.445855588 0.438971698 0
vt 0.450556815 0.420134604 0
vt 0.46091938 0.426218182 0
vt 0.886368096 0.223049462 0
vt 0.953977704 0.23505947 0
vt 0.877460718 0.226822749 0
vt 1.84908068 0.622339845 0
vt 1.85062742 0.606692314 0
vt 0.285036325 0.0345041342 0
vt 0.298582822 0.0314422548 0
vt 0.291056305 0.0416803807 0
vt 0.623694003 0.282324284 0
vt 0.00571576227 0.639902532 0
vt 0.00239889091 0.61325115 0
vt 0.00818370841 0.608240962 0
vt 0.223876625 0.00876529887 0
vt 0.218512386 0.00610860344 0
vt 0.2256511 -0.00051505008 0
vt 0.870389223 0.629698157 0
vt 1.00266051 0.0575428307 0
vt 0.985271931 0.056274794 0
vt 0.992694974 0.054673072 0
vt 0.743447661 0.320629001 0
vt 0.737046421 0.312479943 0
vt 0.75142777 0.312591344 0
vt 0.249833882 0.175790355 0
vt 0.244944677 0.181586742 0
vt 0.226408362 0.186524987 0
vt 1.48081505 0.761656463 0
vt 1.47099257 0.742622495 0
vt 1.49065471 0.729320884 0
vt 0.954903185 0.330643207 0
vt 0.947491825 0.318612188 0
vt 0.958096981 0.321983486 0
vt 0.786075652 0.225018442 0
vt 0.771088362 0.233297631 0
vt 0.274929851 0.141993374 0
vt 0.289497465 0.14663057 0
vt 0.279959321 0.146066561 0
vt 0.419732422 0.292915642 0
vt 0.421880543 0.281629682 0
vt 0.428990513 0.28624928 0
vt 0.315595686 0.0258014202 0
vt 0.311594337 0.0352970362 0
vt 1.56432629 0.812424719 0
vt 1.50701642 0.827994168 0
vt 1.57492518 0.809129 0
vt 0.265058875 0.281062692 0
vt 0.413255095 0.0392818041 0
vt 0.418976218 0.0338826887 0
vt 0.434707731 0.0359100327 0
vt 0.26077494 0.303608865 0
vt 0.871272266 0.641986787 0
vt 0.912160397 0.63640672 0
vt 0.826663971 0.0812036693 0
vt 0.82303679 0.0798344761 0
vt 0.843609393 0.0744089335 0
vt 0.0126052555 0.644485772 0
vt 0.346144736 0.641597033 0
vt 0.347222507 0.662719071 0
vt 0.338032335 0.626172245 0
vt 0.246493772 0.275653541 0
vt 0.238316253 0.0521509573 0
vt 0.241197765 0.0419955999 0
vt 0.249459192 0.0354431272 0
vt 0.237417147 0.0559344962 0
vt 1.71803367 0.772866845 0
vt 1.86445618 0.644666314 0
vt 0.404277265 0.00894023478 0
vt 0.568622231 0.244333506 0
vt 0.565563738 0.243716359 0
vt 0.551483154 0.229912341 0
vt 0.237739801 0.00420054421 0
vt 0.0769518837 0.294873863 0
vt 0.0979004353 0.289813936 0
vt 0.0833422467 0.3012411 0
vt 0.00485348096 0.145563915 0
vt 0.00344243087 0.158558682 0
vt 0.00101531099 0.155449226 0
vt 1.24455559 0.780493677 0
vt 0.702004373 0.121618226 0
vt 0.515410781 0.294116616 0
vt 0.512658536 0.285380721 0
vt 0.525995731 0.292134792 0
vt 0.932142794 0.430022746 0
vt 0.0698196813 0.298809886 0
vt 0.074334152 0.278674692 0
vt 1.83681762 0.639223397 0
vt 1.98899484 0.630644739 0
vt 1.9623071 0.637247562 0
vt 0.782213271 0.0914797336 0
vt 0.7920084 0.0847212896 0
vt 0.784139514 0.0909631699 0
vt 0.440748066 0.385082304 0
vt 0.43672803 0.366683275 0
vt 0.448571473 0.392460763 0
vt 0.0952000618 0.287999302 0
vt 0.0648273006 0.306868255 0
vt 0.608445764 0.353993028 0
vt 0.62931484 0.370691538 0
vt 0.627777874 0.377785087 0
vt 0.708655596 0.120622866 0
vt 1.40113032 0.766616046 0
vt 1.38810301 0.759000421 0
vt 0.141175523 0.234353796 0
vt 0.157163501 0.226176932 0
vt 0.158446312 0.233297989 0
vt 0.355337471 0.0946833715 0
vt 0.372190297 0.100362718 0
vt 0.372554392 0.102709919 0
vt 0.833742559 0.00057226402 0
vt 0.849157572 0.00584726129 0
vt 0.830279291 0.030617971 0
vt 0.0967613012 0.468454838 0
vt 0.106581554 0.45129627 0
vt 0.108448148 0.451503813 0
vt 1.92473316 0.276771158 0
vt 1.9236474 0.281724751 0
vt 0.731705964 0.497350484 0
vt 1.41663909 0.757619917 0
vt 1.4177531 0.747426271 0
vt 1.42232108 0.749203146 0
vt 1.26332271 0.813502967 0
vt 0.85061264 0.0369041152 0
vt 1.81737256 0.775473058 0
vt 1.821468 0.762319207 0
vt 1.83468485 0.759690762 0
vt 0.151779279 0.337629527 0
vt 0.168654576 0.322847635 0
vt 1.21234977 0.78414458 0
vt 1.2286334 0.786196291 0
vt 1.33906507 0.813708782 0
vt 1.32025731 0.823879838 0
vt 1.33384979 0.812326908 0
vt 1.33709908 0.832676709 0
vt 1.92483485 0.345043927 0
vt 1.89507771 0.318218052 0
vt 1.92867887 0.300193369 0
vt 0.356378525 0.371844769 0
vt 0.340783596 0.272448987 0
vt 0.334766299 0.268718719 0
vt 0.337978929 0.261345506 0
vt 1.38375366 0.719231188 0
vt 0.162426978 0.24521932 0
vt 0.367363781 0.0880558118 0
vt 0.366592348 0.0860192403 0
vt 1.42684758 0.731030107 0
vt 0.54759109 0.54636544 0
vt 0.5481143 0.537565887 0
vt 0.557789922 0.551804841 0
vt 0.506327987 0.0917680338 0
vt 0.502229393 0.0964272097 0
vt 0.48456955 0.0966246948 0
vt 0.358619809 0.371298492 0
vt 0.595548511 0.0222681351 0
vt 0.593982518 0.0231932588 0
vt 0.588114321 0.0199362002 0
vt 0.797119141 0.396240145 0
vt 0.801419139 0.388989389 0
vt 0.798683405 0.398235172 0
vt 0.595287681 0.43073678 0
vt 0.596784055 0.41846016 0
vt 0.600278497 0.41589123 0
vt 1.92427123 0.254505098 0
vt 0.506118059 0.0915602595 0
vt 0.530309439 0.0821203068 0
vt 0.593055069 0.436202943 0
vt 0.578360379 0.436834127 0
vt 0.580696881 0.426095903 0
vt 0.249091953 0.0470858701 0
vt 1.3061316 0.874760509 0
vt 0.361178696 0.093036145 0
vt 0.337500095 0.0882065594 0
vt 0.941395521 0.997713804 0
vt 0.945151269 0.992256284 0
vt 1.00355935 0.990718365 0
vt 0.223815158 0.035002131 0
vt 0.742948115 0.490347594 0
vt 0.609338522 0.557940483 0
vt 0.613697708 0.56115526 0
vt 0.597320914 0.568896234 0
vt 0.776531339 0.52710259 0
vt 0.771963 0.51573807 0
vt 0.782875121 0.522608578 0
vt 1.83347964 0.777643621 0
vt 1.8560456 0.750840366 0
vt 1.85612607 0.77469635 0
vt 0.279498011 0.477384001 0
vt 0.279991478 0.481627733 0
vt 0.265099734 0.469601721 0
vt 0.130126953 0.283935457 0
vt 0.130730808 0.279124767 0
vt 0.133976072 0.282936633 0
vt 0.592717767 0.0443519615 0
vt 0.594905078 0.0444661416 0
vt 0.608414769 0.0517942645 0
vt 0.531721294 0.153609827 0
vt 0.523323238 0.159771308 0
vt 0.519044816 0.150900245 0
vt 1.72163165 0.569779813 0
vt 1.8436532 0.753272235 0
vt 1.83005548 0.745336711 0
vt 1.84046125 0.73978734 0
vt 0.694609344 0.391137898 0
vt 0.707725704 0.382509351 0
vt 0.712398946 0.39022395 0
vt 0.815909803 0.722537041 0
vt 0.814713895 0.705169857 0
vt 0.821499228 0.714850843 0
vt 0.223729119 0.188367531 0
vt 0.22437048 0.19183059 0
vt 0.2202169 0.191966012 0
vt 1.84564149 0.639065742 0
vt 0.724501491 0.127022281 0
vt 0.718532026 0.117148854 0
vt 0.733892679 0.121231608 0
vt 0.756364346 0.507253468 0
vt 0.745271266 0.517253876 0
vt 0.74148196 0.512050927 0
vt 0.887480736 0.15921995 0
vt 0.648711681 0.517525613 0
vt 0.660473108 0.495001078 0
vt 0.662619531 0.510650814 0
vt 1.9595679 0.657226145 0
vt 0.849865198 0.490855932 0
vt 0.856441736 0.499665499 0
vt 0.847347736 0.494293094 0
vt 0.60461843 0.433337927 0
vt 0.598537564 0.437862247 0
vt 0.511386454 0.984620869 0
vt 0.531580687 0.979844213 0
vt 0.525202692 0.988556266 0
vt 0.719437003 0.620415032 0
vt 0.726148844 0.615573585 0
vt 0.726621807 0.638181925 0
vt 0.0325513408 0.86812067 0
vt 0.034417402 0.887908936 0
vt 0.720999777 0.637067139 0
vt 0.363626063 0.227884203 0
vt 0.343674958 0.227171317 0
vt 0.354598075 0.221922711 0
vt 1.87804484 0.837801158 0
vt 0.653326929 0.00746345194 0
vt 0.639887571 0.00445391657 0
vt 0.646678329 0.000744661898 0
vt 0.578250766 0.422613889 0
vt 0.559376538 0.041184742 0
vt 0.566525638 0.0380460434 0
vt 0.578827798 0.0446927659 0
vt 0.593825221 0.457207978 0
vt 1.08556843 0.642873704 0
vt 1.09061205 0.65089941 0
vt 0.1018783 0.277138561 0
vt 0.111821488 0.286465108 0
vt 0.10769897 0.284588188 0
vt 0.608779013 0.0255503934 0
vt 0.613649309 0.0205925591 0
vt 0.60558182 0.0457382873 0
vt 0.608990371 0.0445860401 0
vt 1.18834352 0.776324511 0
vt 1.11828482 0.793677449 0
vt 0.731953323 0.430614591 0
vt 0.753085494 0.421917945 0
vt 0.745664239 0.436279207 0
vt 0.378287554 0.361249506 0
vt 0.375443369 0.368974775 0
vt 0.369540632 0.360037416 0
vt 0.253049999 0.0519940518 0
vt 0.272043794 0.049796287 0
vt 0.857683718 0.0153199015 0
vt 0.831298828 0.48803702 0
vt 0.834847093 0.464714497 0
vt 0.847969055 0.467683524 0
vt 0.428301007 0.082763575 0
vt 0.431415141 0.0496097393 0
vt 0.449085683 0.0465666391 0
vt 0.94334811 0.314572752 0
vt 0.978443265 0.321013361 0
vt 0.776128292 0.566735446 0
vt 0.811380982 0.568229675 0
vt 0.808346272 0.588580072 0
vt 0.819228709 0.0489759035 0
vt 0.832350671 0.0519449301 0
vt 1.96568346 0.625667632 0
vt 0.259483874 0.0557338037 0
vt 1.09815013 0.648028135 0
vt 0.843034565 0.564858735 0
vt 0.823425353 0.558762193 0
vt 1.11896038 0.733343661 0
vt 0.409029067 0.219049096 0
vt 0.805288851 0.567208707 0
vt 0.446951449 0.0345688649 0
vt 0.459444463 0.0651821494 0
vt 0.99300468 0.988690734 0
vt 0.710538149 0.307307512 0
vt 0.727798879 0.320064902 0
vt 0.711207747 0.314632088 0
vt 0.137400657 0.247075036 0
vt 0.658772409 0.605288744 0
vt 0.654373646 0.588013411 0
vt 0.667613208 0.604806781 0
vt 1.33418202 0.839063883 0
vt 1.33786964 0.849021435 0
vt 1.33221734 0.85293448 0
vt 0.976380587 0.153149545 0
vt 0.981536508 0.159888953 0
vt 0.96860683 0.158399656 0
vt 0.7945382 0.0869871452 0
vt 0.84662056 0.0488817394 0
vt 1.92343557 0.261821121 0
vt 0.138085067 0.340862215 0
vt 0.31228897 0.446481287 0
vt 0.302571386 0.447288811 0
vt 0.299949706 0.432105541 0
vt 1.31983197 0.855245054 0
vt 0.801419556 0.0877988562 0
vt 0.821845114 0.107064329 0
vt 0.787797928 0.0942261219 0
vt 0.41160211 0.0540229194 0
vt 0.411334008 0.0503441691 0
vt 0.41182512 0.0469955802 0
vt 0.571151853 0.133099034 0
vt 0.57965219 0.14088656 0
vt 0.574222147 0.13867791 0
vt 0.90822047 0.0214411598 0
vt 0.910873711 0.043938864 0
vt 0.205807462 0.302362323 0
vt 0.417925179 0.125006452 0
vt 0.416316628 0.120498933 0
vt 0.465905577 0.101323918 0
vt 0.903232157 0.29817152 0
vt 0.887152016 0.289236218 0
vt 0.90016818 0.285319269 0
vt 0.897110522 0.146971434 0
vt 0.899431586 0.149564415 0
vt 0.883793116 0.152613774 0
vt 0.770499945 0.472866416 0
vt 0.761529684 0.487144291 0
vt 0.762758195 0.472180903 0
vt 0.859007537 0.0451189391 0
vt 0.869251847 0.0646815673 0
vt 0.854721844 0.00705191121 0
vt 0.874632061 0.0131105194 0
vt 0.506150186 0.153088823 0
vt 0.461513579 0.168367028 0
vt 0.502845287 0.138857543 0
vt 0.0971146747 0.250789553 0
vt 0.0484792963 0.261232346 0
vt 0.0728243738 0.250100285 0
vt 0.300149679 0.0565720052 0
vt 0.305274189 0.0583666004 0
vt 0.322580963 0.0685367137 0
vt 1.73204863 0.585556567 0
vt 1.85000288 0.780474603 0
vt 1.87558818 0.784995079 0
vt 0.8166852 0.0736333802 0
vt 0.831335127 0.0835770741 0
vt 0.590531051 0.444555879 0
vt 0.588774621 0.460326463 0
vt 0.580393553 0.458797216 0
vt 0.777587891 0.00755961658 0
vt 0.778414428 0.00663449289 0
vt 0.790082395 0.0121649411 0
vt 0.116686143 0.23103407 0
vt 0.142308548 0.233987272 0
vt 0.12711671 0.240652591 0
vt 0.378469527 0.365718544 0
vt 0.388920456 0.356196702 0
vt 0.390297949 0.371878624 0
vt 1.94526875 0.649650812 0
vt 0.714985967 0.570617914 0
vt 0.716107726 0.552959442 0
vt 0.740825653 0.556974232 0
vt 0.0166719742 0.352577448 0
vt 0.00517184334 0.356213778 0
vt 0.0132353036 0.349158078 0
vt 0.71365577 0.499558866 0
vt 1.87076378 0.226018995 0
vt 1.8419987 0.20282568 0
vt 0.0804826766 0.305586129 0
vt 0.746553659 0.246556997 0
vt 0.743653357 0.264036298 0
vt 0.734794021 0.248251051 0
vt 0.119533874 0.290507883 0
vt 0.125908971 0.278436959 0
vt 0.132987291 0.291359037 0
vt 0.11500182 0.295543879 0
vt 0.539373755 0.206799716 0
vt 0.559121728 0.209181562 0
vt 0.561311066 0.226454109 0
vt 0.614927471 0.146631211 0
vt 0.626879692 0.146657899 0
vt 0.611761868 0.155209675 0
vt 0.728035271 0.491590828 0
vt 0.731840968 0.484779119 0
vt 0.743009865 0.489832819 0
vt 0.929548085 0.027007103 0
vt 0.451105475 0.541572273 0
vt 0.446175367 0.530807853 0
vt 0.456056446 0.528092802 0
vt 1.88241565 0.202195302 0
vt 0.568682909 0.217327803 0
vt 0.915749729 0.10531152 0
vt 0.891669333 0.0865737274 0
vt 0.904447556 0.0944573805 0
vt 1.20620918 0.789071083 0
vt 1.93434501 0.636843085 0
vt 0.221393034 0.0381352641 0
vt 0.223242104 0.0362089165 0
vt 1.88962305 0.283326358 0
vt 1.86378908 0.28521508 0
vt 1.88343942 0.262312263 0
vt 0.354740828 0.633065999 0
vt 0.350264519 0.627749681 0
vt 0.35896489 0.626216531 0
vt 0.75693351 0.236222014 0
vt 0.758370578 0.255683899 0
vt 1.86671734 0.349331886 0
vt 1.87765908 0.330198139 0
vt 1.87697256 0.339211613 0
vt 0.998390913 0.717360675 0
vt 0.996365428 0.706185222 0
vt 0.999711692 0.714711726 0
vt 0.445572585 0.134946883 0
vt 0.413545221 0.149389297 0
vt 0.36596626 0.44158116 0
vt 0.366696656 0.444415569 0
vt 0.356637627 0.441952884 0
vt 0.735798597 0.269363075 0
vt 0.733157396 0.249752715 0
vt 0.371828914 0.081948474 0
vt 0.398777395 0.073024936 0
vt 0.376726687 0.103791431 0
vt 0.393131644 0.0617145933 0
vt 0.73228395 0.46588406 0
vt 0.457908303 0.0736466348 0
vt 0.586698294 0.0403760411 0
vt 0.582939029 0.0352312662 0
vt 0.700178444 0.539021134 0
vt 0.740844548 0.541664541 0
vt 0.426718175 0.1778678 0
vt 0.649189293 0.399955153 0
vt 0.642680645 0.409600139 0
vt 0.637993038 0.411793143 0
vt 0.351560473 0.451459646 0
vt 0.347085595 0.444340378 0
vt 0.34780556 0.620530188 0
vt 0.339183182 0.608030319 0
vt 0.341451406 0.602566957 0
vt 0.265427142 0.459760576 0
vt 0.724384844 0.481011182 0
vt 0.720557213 0.486277282 0
vt 0.715902925 0.480320394 0
vt 0.0610295348 0.244373247 0
vt 0.0819848627 0.241330653 0
vt 0.713263512 0.561164021 0
vt 1.85716796 0.255646348 0
vt 1.8502872 0.253186464 0
vt 1.84757948 0.251304716 0
vt 0.423456192 0.107746363 0
vt 0.440720022 0.106415264 0
vt 1.69798779 0.587975085 0
vt 1.69751549 0.574461937 0
vt 0.69840014 0.138456166 0
vt 0.929043651 0.0192431863 0
vt 0.856464267 0.141948536 0
vt 0.217078835 0.253625095 0
vt 0.227614149 0.257424384 0
vt 0.22063607 0.262445956 0
vt 0.282173693 0.252844274 0
vt 0.275947005 0.242967844 0
vt 0.286588788 0.244259208 0
vt 0.707150459 0.449312091 0
vt 0.716239095 0.462426037 0
vt 0.680303752 0.45747003 0
vt 1.62366974 0.586101592 0
vt 1.65297365 0.579168141 0
vt 1.62606454 0.601284325 0
vt 0.894667864 0.116351038 0
vt 0.855580091 0.0556547232 0
vt 0.859003723 0.0490688607 0
vt 0.912182391 0.0780347288 0
vt 0.91490531 0.0469104983 0
vt 0.499564081 0.131688744 0
vt 0.000446714577 0.474633753 0
vt 0.0158691183 0.479061842 0
vt 0.00191867317 0.482885599 0
vt 0.0375827998 0.237398013 0
vt 0.0386775956 0.248059303 0
vt 0.0335522182 0.23682934 0
vt 1.88679075 0.741850615 0
vt 1.88818491 0.747966766 0
vt 0.416515678 0.107531816 0
vt 1.88736272 0.768607736 0
vt 1.85441864 0.352555454 0
vt 1.85766172 0.330694944 0
vt 1.90300143 0.7327829 0
vt 1.91198683 0.744519293 0
vt 0.0514835939 0.48539567 0
vt 0.0528541505 0.500869334 0
vt 0.0422944352 0.492340386 0
vt 0.577363372 0.189654365 0
vt 0.846836269 0.164333194 0
vt 0.845396638 0.169793636 0
vt 0.844111443 0.148890749 0
vt -0.0017108341 0.355021328 0
vt 0.00525867101 0.343614906 0
vt 0.705603898 0.478176057 0
vt 0.859369695 0.176854178 0
vt 0.713357031 0.498229653 0
vt 0.931999803 0.0578648485 0
vt 0.919357121 0.0920424983 0
vt 1.85936475 0.319199562 0
vt 1.87939394 0.306649655 0
vt 0.369068265 0.0695860982 0
vt 0.368276775 0.0685420483 0
vt 0.225375712 0.151342407 0
vt 0.243112117 0.149251282 0
vt 0.239786491 0.157068074 0
vt 0.415606171 0.0467061773 0
vt 0.00608865637 0.0591587238 0
vt 0.00245232205 0.0600667633 0
vt 0.0163231306 0.0551658645 0
vt 0.0963375866 0.279689938 0
vt 0.955416501 0.533214808 0
vt 0.96408546 0.524792969 0
vt 0.968861163 0.533294916 0
vt 0.593717515 0.196151033 0
vt 0.596898735 0.194080472 0
vt 0.613176525 0.201248035 0
vt 0.586440504 0.430364043 0
vt 0.439608783 0.0730633065 0
vt 0.463410884 0.0798452646 0
vt 0.457527965 0.0820401534 0
vt 0.302318722 0.186972082 0
vt 0.295407683 0.187071875 0
vt 0.3036668 0.177596435 0
vt 0.9890818 0.242591038 0
vt 0.981862366 0.239759549 0
vt 0.989789367 0.239435196 0
vt 0.667202711 0.0123112435 0
vt 0.686507583 0.00598627608 0
vt 0.354444593 0.615431309 0
vt 0.355187654 0.617451668 0
vt 0.530034661 0.144039303 0
vt 0.763144553 0.472620815 0
vt 1.67251313 0.595021665 0
vt 0.670209169 0.0584023781 0
vt 0.68336004 0.0531266965 0
vt 0.687336922 0.0587673411 0
vt 0.0121412147 0.482165724 0
vt 0.00731046917 0.505664289 0
vt 0.309815407 0.449374139 0
vt 0.312848866 0.4430857 0
vt 0.318297923 0.440950751 0
vt 0.242520735 0.341682673 0
vt 0.246527612 0.333213091 0
vt 0.256759882 0.334275603 0
vt 0.429579407 0.10162735 0
vt 0.919531465 0.10374064 0
vt 0.0578765906 0.227431357 0
vt 0.0600491427 0.236073941 0
vt 0.0497663803 0.246741042 0
vt 0.70802927 0.118752986 0
vt 0.89244473 0.0179775581 0
vt 0.353531986 0.654901445 0
vt 0.346940339 0.679127574 0
vt 0.347703844 0.660220146 0
vt 0.721090317 0.0946155936 0
vt 0.729500413 0.0800001919 0
vt 0.736220479 0.0900967568 0
vt 0.731654942 0.324443132 0
vt 0.692789435 0.505643785 0
vt 0.62521714 0.158325896 0
vt 0.0126130497 0.508580625 0
vt 0.327706873 0.259962022 0
vt 0.354580998 0.247029975 0
vt 0.33860153 0.257695466 0
vt 0.408587247 0.134682745 0
vt 0.387779742 0.140646517 0
vt 0.383742183 0.129014224 0
vt 0.829100192 0.168952033 0
vt 1.87173367 0.321225733 0
vt 0.692548335 0.505013764 0
vt 0.278842062 0.30464825 0
vt 0.293097854 0.303791553 0
vt 0.30261153 0.33019051 0
vt 0.169951677 0.332777947 0
vt 0.182411075 0.331693113 0
vt 0.173212752 0.336462766 0
vt 0.399352819 0.227031559 0
vt 0.451723814 0.374845654 0
vt 0.444572061 0.371339291 0
vt 0.44256407 0.371674478 0
vt 0.948471308 0.294258535 0
vt 0.956179619 0.286588013 0
vt 0.953452587 0.301213533 0
vt 0.726148188 0.481071204 0
vt 0.12268725 0.237585589 0
vt 0.109588668 0.240473732 0
vt 0.10627605 0.232461795 0
vt 0.721735299 0.58417064 0
vt 1.87386298 0.788581729 0
vt 0.350237072 0.261768341 0
vt 0.631170154 0.0408633016 0
vt 0.6088866 0.0450205356 0
vt 1.89290297 0.649869025 0
vt 1.88811374 0.630983233 0
vt 1.91976535 0.634309947 0
vt 0.831771553 0.257609844 0
vt 0.807888567 0.282815099 0
vt 0.818671823 0.265174478 0
vt 0.84537524 0.0676908419 0
vt 0.762368083 0.158756301 0
vt 0.780502319 0.150975034 0
vt 0.777703583 0.165007591 0
vt 0.723735034 0.59403801 0
vt 1.89275169 0.340704679 0
vt 1.89087379 0.351791501 0
vt 1.87770569 0.652608633 0
vt 0.925076902 0.260353088 0
vt 0.908016682 0.270506531 0
vt 0.907167792 0.267916888 0
vt 1.8783927 0.358423978 0
vt 0.906668842 0.11337354 0
vt 0.94230932 0.0336402208 0
vt 1.89082456 0.792645395 0
vt 1.65526009 0.266320974 0
vt 1.67968345 0.235038012 0
vt 0.930039108 0.657526433 0
vt 0.919380903 0.65620023 0
vt 0.927661479 0.627545536 0
vt 0.690814078 0.517023921 0
vt 0.166234672 0.336983293 0
vt 0.980590582 0.158884048 0
vt 0.980561197 0.15392983 0
vt 0.991494656 0.150265262 0
vt 0.701987743 0.536219418 0
vt 0.62414521 0.198303446 0
vt 0.61632812 0.197215572 0
vt 0.6284495 0.189555958 0
vt 0.361164242 0.264184803 0
vt 0.341012508 0.27319327 0
vt 0.363867313 0.272138506 0
vt 0.4299784 0.187269613 0
vt 0.438939363 0.186329663 0
vt 0.179567069 0.321437269 0
vt 0.743937969 0.373951763 0
vt 0.740790904 0.375440389 0
vt 0.742675602 0.363309622 0
vt 0.63823235 0.0284087248 0
vt 0.81086266 0.242978677 0
vt 0.827457845 0.247487336 0
vt 0.825892627 0.254432797 0
vt 0.582888603 0.139668927 0
vt 0.342755824 0.582101405 0
vt 0.334500134 0.588114321 0
vt 0.33126086 0.577481925 0
vt 1.86604893 0.260837644 0
vt 1.87736118 0.255252868 0
vt 1.68043864 0.248739228 0
vt 1.67714548 0.270217925 0
vt 0.61330843 0.39025262 0
vt 0.602371037 0.406057507 0
vt 0.610291064 0.387163311 0
vt 0.8567276 0.0462771058 0
vt 0.0454070866 0.228334561 0
vt 0.346956313 0.598824799 0
vt 0.0798787698 0.152474493 0
vt 0.0680259094 0.153953478 0
vt 0.073185809 0.145512909 0
vt 1.67819035 0.307327479 0
vt 1.67517662 0.314036876 0
vt 1.67708993 0.27047804 0
vt 1.7036227 0.290243953 0
vt 1.68067026 0.261441618 0
vt 0.393534243 0.163747028 0
vt 0.416846067 0.156009912 0
vt 1.64949739 0.353806138 0
vt 1.64879131 0.325246125 0
vt 1.67133355 0.326850116 0
vt 0.590913296 0.458876252 0
vt 1.88242924 0.298369586 0
vt 1.88703418 0.24998866 0
vt 1.12491572 0.683977306 0
vt 1.13281012 0.683372617 0
vt 1.70458043 0.236088619 0
vt 1.88342535 0.315998346 0
vt 0.86049521 0.51928699 0
vt 0.857181251 0.507182062 0
vt 0.86787492 0.513155878 0
vt 1.91986823 0.273595095 0
vt 0.33536008 0.422456473 0
vt 1.13238573 0.644328237 0
vt 1.11496925 0.636176884 0
vt 1.13449907 0.635183632 0
vt 0.686543405 0.572505414 0
vt 0.68337059 0.572911441 0
vt 0.685925543 0.563328564 0
vt 0.606030345 0.428061455 0
vt 1.61803484 0.579564929 0
vt 0.892258465 0.571126878 0
vt 0.887806714 0.562730789 0
vt 0.897967339 0.56242162 0
vt 1.70689774 0.321274877 0
vt 1.68886578 0.317624122 0
vt 1.69321907 0.317096174 0
vt 1.13156533 0.623283863 0
vt 0.401030928 0.179542512 0
vt 0.396396667 0.171095192 0
vt 0.225600436 0.314416707 0
vt 0.232222959 0.333226979 0
vt 0.220612839 0.336951435 0
vt 1.1025995 0.684541225 0
vt 1.1144346 0.679611087 0
vt 0.826537013 0.177379772 0
vt 0.400335759 0.189557791 0
vt 1.10479271 0.608831346 0
vt 1.11564672 0.619300246 0
vt 1.11897361 0.64465028 0
vt 1.67956817 0.316864401 0
vt 0.147688329 0.542157054 0
vt 0.150230765 0.532299101 0
vt 0.152628973 0.537709117 0
vt 0.820060968 0.175194204 0
vt 1.67706692 0.324098289 0
vt 0.958517015 0.0908717364 0
vt 0.948689938 0.0780526325 0
vt 0.958038807 0.0802620351 0
vt 0.0882354826 0.636075616 0
vt 0.0787478611 0.616934061 0
vt 0.0816405341 0.623134494 0
vt 1.09927702 0.625995874 0
vt 1.67507589 0.338468254 0
vt 1.67817819 0.330127776 0
vt 0.215358377 0.28221485 0
vt 0.232813552 0.311462253 0
vt 1.67773879 0.335834026 0
vt 0.809899151 0.129832968 0
vt 0.841368318 0.139814317 0
vt 0.598477125 0.0561072677 0
vt 0.591530442 0.059415739 0
vt 0.580146313 0.0547506623 0
vt 1.67260468 0.348880976 0
vt 1.13195121 0.576346993 0
vt 1.13191569 0.589154482 0
vt 1.70933962 0.340995491 0
vt 1.70080316 0.265660405 0
vt 1.69419515 0.340376884 0
vt 0.56008327 0.990423977 0
vt 0.551722467 0.993917346 0
vt -0.0114270942 0.505893409 0
vt 1.10340762 0.667750537 0
vt 1.12677491 0.666043401 0
vt 1.13384283 0.657655835 0
vt 1.13569808 0.651505947 0
vt 0.227979466 0.285756707 0
vt 1.69010866 0.605089426 0
vt 1.72859251 0.619382977 0
vt 0.0583091564 0.190663248 0
vt 0.0475192778 0.162186503 0
vt 0.540774524 0.983792484 0
vt 1.90197539 0.180577084 0
vt 1.89993119 0.208358303 0
vt 1.13551831 0.597987473 0
vt 1.13189209 0.589156449 0
vt 0.404168099 0.207206666 0
vt 1.93194449 0.182565793 0
vt 1.94228351 0.191608712 0
vt 1.69718885 0.308978766 0
vt 1.10573065 0.648783863 0
vt 1.11965215 0.645276606 0
vt 0.398801863 0.183185831 0
vt 1.11473525 0.680219412 0
vt 0.904754519 0.716479182 0
vt 0.902449727 0.70806253 0
vt 0.912241757 0.692290127 0
vt 1.69371355 0.362985373 0
vt 1.69760311 0.352627724 0
vt 0.984616995 0.237894878 0
vt 0.982899785 0.238715842 0
vt 0.975646198 0.232249364 0
vt 1.13323021 0.665387273 0
vt 0.938492537 0.0836690292 0
vt 1.11772263 0.668099821 0
vt 0.964563549 0.401099652 0
vt 0.96559608 0.396945894 0
vt 0.967321992 0.399609149 0
vt 0.211945295 0.26951763 0
vt 0.39447841 0.172047123 0
vt 1.68007755 0.316553503 0
vt 0.603729725 0.542791307 0
vt 0.604795516 0.539914906 0
vt 0.611748278 0.545606613 0
vt 0.605635822 0.548733652 0
vt 0.200127199 0.283643156 0
vt 0.105402529 0.666353464 0
vt 0.099157989 0.668633938 0
vt 0.100990765 0.662659168 0
vt 0.217811257 0.0064973603 0
vt 0.1967531 0.0151831573 0
vt 1.92606974 0.652308404 0
vt 1.70829093 0.281466961 0
vt 1.6870569 0.35670957 0
vt 1.13413274 0.672411561 0
vt 1.14031267 0.67543447 0
vt 1.13130367 0.669837832 0
vt 1.13473153 0.663412929 0
vt 1.68150568 0.342141658 0
vt 0.0982657373 0.673356771 0
vt 0.390194058 0.147022799 0
vt 0.822435677 0.161574751 0
vt 0.773198903 0.639779806 0
vt 0.013012467 0.550622821 0
vt 0.00818921346 0.561590195 0
vt 0.00581923733 0.543390095 0
vt 0.533718407 0.284668833 0
vt 0.543288231 0.266269594 0
vt 0.546171188 0.285592616 0
vt 0.00536851957 0.560811341 0
vt 0.00151415239 0.56363517 0
vt 0.00215913658 0.554475129 0
vt 1.93886209 0.182641566 0
vt 1.10635638 0.693344831 0
vt 0.00462663965 0.564071774 0
vt 1.11786652 0.755029023 0
vt 1.95034301 0.179518625 0
vt 1.9624126 0.184052631 0
vt 1.7438972 0.639246047 0
vt 1.74354959 0.623966217 0
vt 1.76904809 0.631930053 0
vt 1.75761497 0.639703214 0
vt 1.17147064 0.764802814 0
vt 0.682490289 0.569941163 0
vt 1.87387979 0.641802967 0
vt 0.819312811 0.836712599 0
vt 0.827459574 0.800512552 0
vt 0.836476386 0.835227251 0
vt 1.69546056 0.621922195 0
vt 0.235308066 0.317691326 0
vt 0.456218094 0.00140659942 0
vt 0.443281949 0.0232528467 0
vt 0.442249328 0.0159660839 0
vt 0.437153339 0.000776822329 0
vt 0.456374377 0.0170144662 0
vt 1.91475117 0.651964128 0
vt 1.13128722 0.563673258 0
vt 0.148129731 0.302567244 0
vt 0.182061076 0.288298368 0
vt 0.152643129 0.287366688 0
vt 0.178949878 0.27867803 0
vt 1.87877357 0.661280572 0
vt 1.71718431 0.627985656 0
vt 1.73195326 0.629715264 0
vt 0.474087179 0.263760239 0
vt 0.484229356 0.26798439 0
vt 0.472395837 0.277695268 0
vt 0.1116184 0.624348164 0
vt 0.111254208 0.621075094 0
vt 0.113343298 0.608047426 0
vt 0.963054061 0.0102290707 0
vt 0.910690367 0.0155738508 0
vt 0.94482559 0.00976634584 0
vt 1.81260455 0.294926763 0
vt 1.81976783 0.312126189 0
vt 1.82265818 0.313117296 0
vt 0.811783433 0.869301915 0
vt 0.80426085 0.925686896 0
vt 0.801038861 0.907343626 0
vt 0.540714085 0.984116316 0
vt 1.00193834 0.155479684 0
vt 0.844157457 0.912708104 0
vt 0.852783442 0.87608701 0
vt 0.548658252 0.226231098 0
vt 0.200312227 0.284156382 0
vt 0.10301619 0.141884357 0
vt 0.110615827 0.133018896 0
vt 0.122469626 0.128111333 0
vt 1.79555726 0.342438906 0
vt 1.82307196 0.331587195 0
vt 0.455762297 0.000487098092 0
vt 0.485313118 0.187539801 0
vt 0.470335692 0.19154565 0
vt 0.477687865 0.17921792 0
vt 0.0470852666 0.329660952 0
vt 1.87586772 0.789976776 0
vt 1.80896699 0.256842107 0
vt 1.78993511 0.297888339 0
vt 1.78736103 0.265318096 0
vt 1.66206574 0.608621538 0
vt 0.184422418 0.110486917 0
vt 0.176336095 0.105728984 0
vt 0.191203445 0.108075373 0
vt 0.118013881 0.313823819 0
vt 0.113184884 0.307897091 0
vt 0.136740491 0.297572941 0
vt 0.227111742 0.279461861 0
vt 0.228720218 0.285801828 0
vt 1.66903722 0.624370754 0
vt 0.791140676 0.944053888 0
vt 0.798337579 0.926459074 0
vt 0.811729789 0.944775403 0
vt 1.46303296 0.645561337 0
vt 1.43804348 0.664777815 0
vt 1.42171788 0.614176452 0
vt 0.929448962 0.106916867 0
vt 0.466107041 0.182390273 0
vt 0.82110399 0.946159065 0
vt 0.807332933 0.926359236 0
vt 1.84602702 0.638370037 0
vt 0.94480437 0.105825618 0
vt 0.0506387539 0.346902817 0
vt 0.96482563 0.387593627 0
vt 0.965087891 0.382673889 0
vt 0.973397255 0.374732167 0
vt 1.62048173 0.592889845 0
vt 1.60488498 0.600511909 0
vt 1.653162 0.627690554 0
vt 0.0189339835 0.352033645 0
vt 1.80568945 0.223910242 0
vt 0.513686538 0.283545464 0
vt 0.499671221 0.27596423 0
vt 0.513758361 0.277838677 0
vt 1.63020504 0.629287839 0
vt 0.308446974 0.0423794724 0
vt 0.321566761 0.0554151945 0
vt 0.291369438 0.049170319 0
vt 0.330739498 0.589274287 0
vt 0.321655244 0.590281606 0
vt 0.329068124 0.578325927 0
vt 0.0978561342 0.139286354 0
vt 0.45364958 0.374981731 0
vt 0.457686931 0.377766848 0
vt 0.45806843 0.38860032 0
vt 0.312116027 0.45480752 0
vt 0.866807282 0.827278912 0
vt 0.866045773 0.831181109 0
vt 0.622831285 0.548866451 0
vt 0.634216666 0.53228128 0
vt 0.637280583 0.541827261 0
vt 1.35064268 0.52677393 0
vt 1.34814596 0.532001972 0
vt 0.991605222 0.760770977 0
vt 0.985209286 0.780538797 0
vt 1.4785763 0.729615629 0
vt 0.397710592 0.0296381898 0
vt 0.398307383 0.0245824754 0
vt 0.401627392 0.0304799005 0
vt 0.107655615 0.244335815 0
vt 0.0959474072 0.236715659 0
vt 0.101408467 0.238214344 0
vt 1.35555494 0.546659648 0
vt 1.35001123 0.548449218 0
vt 1.34813225 0.531996191 0
vt 0.461856753 0.400388151 0
vt 0.457876891 0.394402891 0
vt 0.792823076 0.531752944 0
vt 0.77816081 0.545472205 0
vt 0.788073301 0.532206178 0
vt 1.73237669 0.273045301 0
vt 1.72808409 0.280376464 0
vt 1.72856402 0.267292231 0
vt 1.08980072 0.578863859 0
vt 1.71903646 0.281733006 0
vt 1.71775019 0.277954727 0
vt 1.46135664 0.673783541 0
vt 1.47226179 0.678217232 0
vt 0.24160324 0.345050901 0
vt 0.232950583 0.348971784 0
vt 0.22697182 0.34367913 0
vt 0.850984216 0.893028975 0
vt 1.09157991 0.568391502 0
vt 1.09671354 0.565853 0
vt 1.96084547 0.912655354 0
vt 1.97897768 0.181748211 0
vt 1.97491133 0.207225591 0
vt 0.0835283771 0.589013994 0
vt 0.0877131075 0.580389142 0
vt 0.091838792 0.590363026 0
vt 1.09214282 0.549236536 0
vt 1.72744823 0.341155231 0
vt 1.72140241 0.352334172 0
vt 1.71933317 0.339288682 0
vt 1.71317112 0.29841888 0
vt 0.106392331 0.315028995 0
vt 1.78403461 0.228689313 0
vt 1.71539164 0.271004587 0
vt 1.35799825 0.57544744 0
vt 1.36457109 0.579673588 0
vt 0.785748899 0.551647067 0
vt 0.779925346 0.552354991 0
vt 1.71925509 0.243861869 0
vt 1.72302818 0.251385361 0
vt 0.837055385 0.942084849 0
vt 0.833527148 0.948744595 0
vt 0.826773942 0.945412278 0
vt 0.842114985 0.280141205 0
vt 0.830764949 0.254042923 0
vt 0.837799788 0.259439617 0
vt 1.97378647 0.179730654 0
vt 1.48590255 0.722715676 0
vt 0.372178584 0.592008948 0
vt 0.375140697 0.58538425 0
vt 0.377349019 0.598154545 0
vt 1.09744239 0.598335624 0
vt 1.72934711 0.295420438 0
vt 0.665991545 0.127264097 0
vt 1.71875072 0.302972138 0
vt 0.478910893 0.0926907957 0
vt 0.474005938 0.0965636969 0
vt 0.474018395 0.0937031284 0
vt 0.775550365 0.138410926 0
vt 0.76550144 0.146813452 0
vt 0.769948483 0.134237364 0
vt 0.843576312 0.545555055 0
vt 0.852656603 0.518566906 0
vt 0.857369184 0.51830703 0
vt 1.92720425 0.249727771 0
vt 1.36189783 0.591591477 0
vt 0.774882972 0.135086551 0
vt 0.341972291 0.596721768 0
vt 0.0755824819 0.332644314 0
vt 0.0773765221 0.340082943 0
vt 0.67054981 0.110386938 0
vt 0.0585139804 0.29649052 0
vt 0.0541811064 0.278781116 0
vt 0.0630511716 0.293337077 0
vt 0.858536959 0.857151151 0
vt 0.856389463 0.869287014 0
vt 0.616643667 0.229839757 0
vt 1.75686586 0.255905092 0
vt 1.93195033 0.66082263 0
vt 1.35061967 0.552393675 0
vt 1.75303447 0.306426525 0
vt 1.74769318 0.303273827 0
vt 1.74814284 0.28860411 0
vt 1.72993231 0.300978005 0
vt 0.984067321 0.824962795 0
vt 0.977382898 0.86907202 0
vt 0.981345534 0.837517023 0
vt 1.3561902 0.552022576 0
vt 0.682064235 0.555321336 0
vt 0.670896113 0.569242239 0
vt 0.670035005 0.566398561 0
vt 0.667289138 0.594975293 0
vt 1.3494873 0.548575342 0
vt 0.381468236 0.585262358 0
vt 0.376525491 0.60131824 0
vt 0.984228551 0.840680718 0
vt 1.44411135 0.696038842 0
vt 0.0558102801 0.433282346 0
vt 0.0491045415 0.424944997 0
vt 0.049610652 0.41870448 0
vt 0.428182751 0.397033036 0
vt 0.837485373 0.928539336 0
vt 0.0233649034 0.488595515 0
vt 0.012570533 0.508141935 0
vt 0.0135246515 0.494560629 0
vt 1.45355749 0.608887374 0
vt 0.179884925 0.119418882 0
vt 0.177182019 0.13320598 0
vt 0.177001953 0.122582577 0
vt 0.310372144 0.690912783 0
vt 0.311004549 0.676239371 0
vt 0.317421138 0.660005331 0
vt 0.0500497147 0.689914703 0
vt 0.0393066406 0.658371091 0
vt 0.0454869941 0.672232687 0
vt 0.98509264 0.801648259 0
vt 0.985294223 0.780547023 0
vt 0.674397647 0.554507196 0
vt 1.99441159 0.177202597 0
vt 1.99989355 0.164249539 0
vt 0.348683566 0.741189659 0
vt 0.347643435 0.74650836 0
vt 0.345386446 0.715017974 0
vt 1.71593821 0.238042668 0
vt 0.660301268 0.496486753 0
vt 0.673520088 0.497208208 0
vt 0.669437826 0.505159497 0
vt 0.987200677 0.79779464 0
vt 0.184824884 0.00958751328 0
vt 0.188229591 0.0188917853 0
vt 0.0672009587 0.307242751 0
vt 1.09546554 0.629325747 0
vt 1.08987617 0.612559497 0
vt 0.860717356 0.199002355 0
vt 0.845674694 0.202911064 0
vt 0.851456523 0.194182649 0
vt 1.09520328 0.604812264 0
vt 0.0684335083 0.301411003 0
vt 0.0634382516 0.30673629 0
vt 0.0662362427 0.291377395 0
vt 1.71891463 0.281856745 0
vt 0.236253694 0.189732373 0
vt 0.228432059 0.189807057 0
vt 0.221266478 0.180796623 0
vt 0.728109121 0.645536542 0
vt 0.72472924 0.641401827 0
vt 0.717571437 0.651414335 0
vt 1.10040057 0.619286597 0
vt 1.7308445 0.300648481 0
vt 1.74764156 0.322857022 0
vt 1.72795415 0.341087937 0
vt 0.829322398 0.483436048 0
vt 0.827592969 0.473116696 0
vt 0.829116046 0.479004323 0
vt 0.979886711 0.872685969 0
vt 1.09078872 0.561740875 0
vt 0.865714669 0.841902912 0
vt 0.131241933 0.623594999 0
vt 0.122710884 0.624208152 0
vt 0.131412953 0.61005038 0
vt 1.71703994 0.322763175 0
vt 0.0497335196 0.429582089 0
vt 1.72192657 0.233976617 0
vt 1.74787593 0.337734491 0
vt 0.196525469 0.326007962 0
vt 0.663399398 0.489705622 0
vt 0.745482266 0.652299583 0
vt 0.745256364 0.654933751 0
vt 0.742431641 0.645642102 0
vt 0.869042993 0.824505806 0
vt 1.72239411 0.236759678 0
vt 0.864295065 0.841575384 0
vt 1.7211262 0.240629911 0
vt 0.0409721807 0.223978251 0
vt 0.0426748209 0.23158747 0
vt 0.0309979618 0.226713717 0
vt 0.586775661 0.283854425 0
vt 0.601996899 0.299159974 0
vt 0.563893318 0.298040658 0
vt 0.19819802 0.0077800313 0
vt 0.180120125 0.103550337 0
vt 0.162852153 0.0993711576 0
vt 0.181645438 0.0951327607 0
vt 0.681223273 0.559182703 0
vt 0.252060562 0.0720829517 0
vt 0.248373508 0.0620858744 0
vt 0.263793498 0.0587481074 0
vt 0.321843535 0.222930655 0
vt 0.314600736 0.215451911 0
vt 0.332681626 0.220968217 0
vt 1.86582124 0.606716156 0
vt 0.0686477348 0.654901505 0
vt 0.0681205243 0.665224612 0
vt 0.061204154 0.665002763 0
vt 0.0178438872 0.509588301 0
vt 0.506244302 0.358110398 0
vt 0.499216288 0.350422472 0
vt 0.506634057 0.349102408 0
vt 0.27313441 0.480435044 0
vt 0.267625809 0.485041708 0
vt 0.266015977 0.476015359 0
vt 0.871426404 0.641031146 0
vt 0.598477423 0.276527464 0
vt 0.567924321 0.275944978 0
vt 0.553718567 0.292192429 0
vt 0.333280832 0.0315023474 0
vt 0.322949708 0.0317260325 0
vt 0.330759108 0.0233199652 0
vt 0.620251238 0.12672779 0
vt 0.610695779 0.117922008 0
vt 0.631623864 0.115206726 0
vt 0.181662753 0.227004677 0
vt 0.184038758 0.219872773 0
vt 0.191737846 0.224032894 0
vt 0.459673613 0.455972254 0
vt 0.472167015 0.45457989 0
vt 0.466903716 0.46542269 0
vt 0.191726327 0.356978804 0
vt 0.185791016 0.351709932 0
vt 0.193166375 0.355003566 0
vt 0.699514389 0.087978974 0
vt 0.692901134 0.0946996287 0
vt 0.680928946 0.0927030966 0
vt 0.848073721 0.233502522 0
vt 0.849125266 0.223491639 0
vt 0.860296607 0.229278788 0
vt 0.322618335 0.358027428 0
vt 0.313098878 0.359199613 0
vt 0.322106421 0.347513765 0
vt 0.596237838 0.261577606 0
vt 0.573732257 0.257651091 0
vt 0.583613396 0.250964314 0
vt 0.160154849 0.109655306 0
vt 0.667494118 0.598994553 0
vt 0.340392292 0.0994801819 0
vt 0.35754469 0.0944549292 0
vt 0.352604032 0.106392995 0
vt 1.42568862 0.647243261 0
vt 0.811794221 0.06470301 0
vt 0.848574281 0.242340311 0
vt 0.83895582 0.224609688 0
vt 0.548985898 0.419608057 0
vt 0.562411368 0.416396111 0
vt 0.551582873 0.427150369 0
vt 0.801075399 0.302107275 0
vt 0.790720701 0.297333926 0
vt 0.796627939 0.291297048 0
vt 0.690735579 0.08464019 0
vt 1.90582395 0.667546868 0
vt 0.0378194936 0.217278525 0
vt 0.0424798019 0.225103423 0
vt 1.3208158 0.814430416 0
vt 1.75314009 0.306538343 0
vt 0.460219711 0.0859893113 0
vt 0.541915357 0.265702128 0
vt 0.554133952 0.255545586 0
vt 0.557939827 0.275181651 0
vt 0.720566273 0.264246315 0
vt 0.72489816 0.273465544 0
vt 0.708296657 0.275404245 0
vt 0.827593744 0.610760331 0
vt 0.125054359 0.151514456 0
vt 0.707635164 0.268576711 0
vt 0.473247677 0.278889388 0
vt 1.72649324 0.355005592 0
vt 0.438889444 0.0242125783 0
vt 0.42797339 0.0344358757 0
vt 0.421791196 0.0307448469 0
vt 1.74200749 0.350505143 0
vt 0.173569068 0.0885710567 0
vt 0.720949113 0.276053518 0
vt 0.189406708 0.649071515 0
vt 0.193690777 0.640931666 0
vt 0.198007762 0.652090967 0
vt 1.11424923 0.726765513 0
vt 0.697656751 0.218830436 0
vt 0.723009884 0.216192156 0
vt 0.696038663 0.230792522 0
vt 0.828667521 0.0121615892 0
vt 0.832869887 0.0127265761 0
vt 0.8036955 0.0133608365 0
vt 0.955682814 0.173434809 0
vt 0.944780886 0.169606715 0
vt 0.952676296 0.16424349 0
vt 0.313073248 0.0380288884 0
vt 0.132738441 0.41046524 0
vt 0.131357059 0.404210478 0
vt 0.146824151 0.396736175 0
vt 0.616082251 0.00738569908 0
vt 0.608829796 0.00716193626 0
vt 0.591219783 0.00288287806 0
vt 0.47239247 0.0321016125 0
vt 0.455994308 0.0332448706 0
vt 0.460386246 0.0196837541 0
vt 0.172233865 0.0887207389 0
vt 0.162903145 0.0908428058 0
vt 0.554434776 0.32641831 0
vt 0.564627349 0.310939699 0
vt 0.578805089 0.341164172 0
vt -0.0025282139 0.272611529 0
vt 0.00221018074 0.256329954 0
vt 0.00797982886 0.266279072 0
vt 0.824477732 0.632559538 0
vt 0.850726008 0.618849277 0
vt 0.78996408 0.635992169 0
vt 0.788598835 0.619509101 0
vt 0.811634779 0.624337435 0
vt 0.837877989 0.642894268 0
vt 0.807635128 0.63884753 0
vt 0.897822201 0.19905518 0
vt 0.874714315 0.212925225 0
vt 0.884607196 0.204133719 0
vt 0.954134285 0.0687471777 0
vt 0.940682769 0.0514477789 0
vt 0.959703743 0.0594983101 0
vt 0.966710329 0.0602629371 0
vt 0.69753325 0.0397490561 0
vt 0.702521682 0.0506599732 0
vt 0.685238481 0.050622616 0
vt 0.61701709 0.285964191 0
vt 0.605720043 0.287641525 0
vt 0.425695032 0.27813223 0
vt 0.432253748 0.280982047 0
vt 0.430689842 0.288791597 0
vt 0.827297688 0.23939985 0
vt 0.549798191 0.295847684 0
vt 0.0625778809 0.139395609 0
vt 0.0526573919 0.138268009 0
vt 0.0519116633 0.130881697 0
vt 0.710270643 0.101689465 0
vt 0.743820727 0.214881569 0
vt 0.758676231 0.20892258 0
vt 0.796423197 0.220997706 0
vt 0.806484818 0.227261126 0
vt 0.712739408 0.445510715 0
vt 0.706760943 0.442273378 0
vt 0.710442781 0.433923244 0
vt 0.770671844 0.118688948 0
vt 0.743394852 0.21516344 0
vt 0.740955651 0.226138279 0
vt 0.583880305 0.27755782 0
vt 0.584792912 0.267193884 0
vt 0.759891808 0.619342387 0
vt 0.530965626 0.548103571 0
vt 0.535908818 0.529077828 0
vt 0.544894397 0.542435825 0
vt 0.46483776 0.0433017202 0
vt 0.476674676 0.042715665 0
vt 0.469966263 0.0519914553 0
vt 1.33167565 0.809913397 0
vt 0.604522109 0.265739739 0
vt 0.573711157 0.272998482 0
vt 0.578136742 0.286482602 0
vt 1.14017129 0.803604186 0
vt 1.13002515 0.806409478 0
vt 0.634385884 0.0901157781 0
vt 0.639325142 0.0807332397 0
vt 0.656977117 0.0896182209 0
vt 0.143629804 0.0885813907 0
vt 0.147409573 0.105198182 0
vt 0.527473867 0.239940554 0
vt 0.55468756 0.249145597 0
vt 0.534493506 0.255373657 0
vt 0.601768374 0.253809392 0
vt 0.58617878 0.244348243 0
vt 0.602392852 0.246505961 0
vt 0.51769352 0.277080268 0
vt 0.536489666 0.257135212 0
vt 0.267735124 0.211096779 0
vt 0.276715845 0.212062374 0
vt 0.267424464 0.219911292 0
vt 0.463785857 0.256429493 0
vt 0.659887791 0.0808307454 0
vt 0.525772274 0.247189522 0
vt 0.218560338 0.319175899 0
vt 0.444951981 0.0466860458 0
vt 0.463739574 0.0379977375 0
vt 0.861512542 0.571817338 0
vt 0.557728529 0.24455291 0
vt 0.643641233 0.0948563665 0
vt 0.546562016 0.315762281 0
vt 0.551438808 0.293778211 0
vt 0.563211322 0.298263818 0
vt 0.919973373 0.263914764 0
vt 0.912353516 0.247267261 0
vt 0.924883842 0.245398074 0
vt 0.870285153 0.223338366 0
vt 0.872548103 0.219347134 0
vt 0.505206585 0.257036179 0
vt 0.795944512 0.531883955 0
vt 0.804403782 0.548748016 0
vt 0.7951473 0.54989022 0
vt 1.51507711 0.832733512 0
vt 1.5361408 0.821980417 0
vt 0.865822077 0.235109508 0
vt 0.868196964 0.233094797 0
vt 0.844937623 0.629093349 0
vt 1.43837273 0.681020856 0
vt 0.913019598 0.281544596 0
vt 0.90592891 0.272335887 0
vt 0.912789583 0.276191145 0
vt 0.547080576 0.315430313 0
vt 0.742321551 0.105754025 0
vt 0.72249037 0.101699241 0
vt 0.725959539 0.0974448919 0
vt 0.80400008 0.644173622 0
vt 0.797149777 0.645424187 0
vt 0.773504496 0.409089625 0
vt 0.781213582 0.404225677 0
vt 0.778273284 0.413269252 0
vt 0.670770943 0.0963085741 0
vt 0.676538885 0.0889779031 0
vt 0.849333644 0.63515383 0
vt 0.708530843 0.133498177 0
vt 0.716403723 0.12611489 0
vt 0.720187902 0.133968025 0
vt 0.800120533 0.292435288 0
vt 0.12069235 0.143260986 0
vt 0.10957592 0.149534315 0
vt 1.7298131 0.763299942 0
vt 0.517244339 0.246231556 0
vt 0.499272764 0.246736124 0
vt 0.527304471 0.239412576 0
vt 0.0199071486 0.537566781 0
vt 0.0157234669 0.5184201 0
vt 0.0199251659 0.518651724 0
vt 0.812890649 0.603065848 0
vt 0.267976761 0.635237992 0
vt 0.261147857 0.642342567 0
vt 0.259652376 0.630175233 0
vt 0.189432353 0.263595939 0
vt 0.197825849 0.260501862 0
vt 0.194759414 0.274261951 0
vt 0.92635113 0.0591928735 0
vt 0.78065145 0.24766624 0
vt 0.767637134 0.250569195 0
vt 0.77396059 0.241428569 0
vt 0.688786507 0.21575895 0
vt 0.769860744 0.420980394 0
vt 0.00765711116 0.536765873 0
vt 0.676788092 0.0454386733 0
vt 0.775028646 0.629269719 0
vt 0.0065716072 0.517554164 0
vt 0.745881498 0.614126921 0
vt 1.51513636 0.863596737 0
vt 0.496847987 0.266485661 0
vt 0.48518768 0.250840425 0
vt 0.49138239 0.265587419 0
vt 0.464888752 0.259275943 0
vt 0.673106492 0.251816958 0
vt 0.681391478 0.247719347 0
vt 0.673594415 0.258416921 0
vt 0.7349931 0.630878985 0
vt 0.728337407 0.623335242 0
vt 0.353423625 0.276940882 0
vt 0.337346613 0.289976895 0
vt 0.341853827 0.275301605 0
vt 0.580380261 0.317512661 0
vt 0.648479879 0.224412411 0
vt 0.44361192 0.308271915 0
vt 0.595173776 0.307582349 0
vt 0.53229475 0.240605474 0
vt 0.457011998 0.24518922 0
vt 0.464695901 0.257642478 0
vt 0.25325501 0.179267302 0
vt 0.247945622 0.17727679 0
vt 0.254261047 0.171874851 0
vt 0.793711722 0.537373543 0
vt 0.794465303 0.518158376 0
vt 0.806123674 0.528685987 0
vt 1.13940358 0.802787602 0
vt 1.14121199 0.784133434 0
vt 0.491374969 0.266589463 0
vt 0.498568863 0.27610445 0
vt 0.877247691 0.505671799 0
vt 0.188705474 0.162784919 0
vt 0.175664231 0.165959924 0
vt 0.179810062 0.157305405 0
vt 0.00107575837 0.420854211 0
vt -0.00218624505 0.414927483 0
vt 0.00431718677 0.410279244 0
vt 0.871575177 0.160391703 0
vt 0.873758316 0.153448105 0
vt 0.888696551 0.155524328 0
vt 0.68872565 0.095830366 0
vt 0.544520259 0.295638591 0
vt 0.532513142 0.299720317 0
vt 0.245964646 0.164745644 0
vt 0.239717603 0.170804098 0
vt 0.22725971 0.171202466 0
vt 0.248305708 0.175385803 0
vt 0.161033764 0.34762162 0
vt 0.626384735 0.216528267 0
vt 0.648833752 0.222016439 0
vt 0.878528833 0.533680379 0
vt 1.92336226 0.270711929 0
vt 0.638613284 0.239166647 0
vt 0.648711383 0.222953677 0
vt 0.239404321 0.169213608 0
vt 0.230186522 0.181303933 0
vt 0.386961132 0.441412747 0
vt 0.396148473 0.422154963 0
vt 0.402615577 0.433515251 0
vt 0.405116439 0.429797024 0
vt 0.680425525 0.107363597 0
vt 0.149386302 0.402230412 0
vt 0.0647685453 0.215968207 0
vt 0.427782387 0.27758953 0
vt 0.650125325 0.230286136 0
vt 1.14121163 0.781973243 0
vt 0.448110819 0.194946393 0
vt 1.7276876 0.826395929 0
vt 0.711329401 0.263817042 0
vt 0.710404038 0.258111924 0
vt 0.719750047 0.256236821 0
vt 0.625941396 0.2008356 0
vt 0.869657636 0.197982743 0
vt 0.8573066 0.203870073 0
vt 0.859603405 0.195065781 0
vt 1.95092988 0.239463165 0
vt 0.380896598 0.15323709 0
vt 0.380913854 0.159855708 0
vt 0.365348011 0.160629347 0
vt 0.992510259 0.513588786 0
vt 0.983642578 0.508614302 0
vt 0.990979254 0.494813144 0
vt 0.358101815 0.159402817 0
vt 0.356763273 0.177619949 0
vt 0.928369403 0.426613957 0
vt 0.93160814 0.440655082 0
vt 0.920163572 0.437842131 0
vt 0.660400391 0.25366202 0
vt 0.673210442 0.237026289 0
vt 0.684438169 0.241679907 0
vt 0.67887491 0.517524123 0
vt 0.686754584 0.507645249 0
vt 1.92961645 0.748194218 0
vt 0.719746888 0.385679096 0
vt 0.71220845 0.417891353 0
vt 0.705394328 0.427376449 0
vt 0.702169418 0.41923371 0
vt 0.363654941 0.451969475 0
vt 0.767414391 0.570750415 0
vt 0.0912799165 0.668267727 0
vt 0.087868765 0.679614782 0
vt 0.0919823274 0.660315514 0
vt 0.731047511 0.460199207 0
vt 0.61486733 0.85813868 0
vt 0.572509766 0.381591707 0
vt 0.576001585 0.361238211 0
vt 0.59550935 0.366299659 0
vt 0.0251968335 0.379638582 0
vt 0.00219726562 0.364346534 0
vt 0.027018765 0.35631606 0
vt 0.410400391 0.0560238548 0
vt 0.721943438 0.361403614 0
vt 0.557534754 0.530262947 0
vt 0.734573901 0.616280675 0
vt 1.26153147 0.599435806 0
vt 0.559366822 0.203857318 0
vt 0.538330078 0.203300014 0
vt 0.562836647 0.189360633 0
vt 1.18881035 0.832781732 0
vt 1.15761185 0.773920059 0
vt 1.1774714 0.807891607 0
vt 0.584801435 0.00364858448 0
vt 0.562336326 0.0041447673 0
vt 0.575065136 0.000396617252 0
vt 0.159572914 0.886837602 0
vt 0.140630975 0.923833191 0
vt 0.158874929 0.877899945 0
vt 0.863484561 0.491426378 0
vt 0.864455342 0.48339501 0
vt 0.872712791 0.489398628 0
vt 1.3742311 0.644006729 0
vt 1.39123118 0.633012414 0
vt 1.38815331 0.643740535 0
vt 0.380297482 0.997752309 0
vt 0.350408942 0.993076622 0
vt 0.401130468 0.993782222 0
vt 0.463498324 0.538446009 0
vt 0.460637271 0.530892491 0
vt 0.468825608 0.526948392 0
vt 0.0104252547 0.402113378 0
vt 0.000348986068 0.398662388 0
vt 0.00745711615 0.379331678 0
vt 0.493906707 0.318830818 0
vt 0.493876964 0.328980297 0
vt 0.484835774 0.325131238 0
vt 1.64592242 0.820869029 0
vt 1.64537728 0.802862048 0
vt 1.65545285 0.812403917 0
vt 0.922105014 0.396904647 0
vt 0.915787518 0.402759939 0
vt 0.913562477 0.392923534 0
vt 0.156961516 0.206074685 0
vt 0.146713912 0.201093197 0
vt 0.16425404 0.198812842 0
vt 1.61010706 0.430498838 0
vt 1.61204016 0.408784837 0
vt 1.62732935 0.419746161 0
vt 0.346897095 0.729948759 0
vt 0.340565562 0.707586825 0
vt 0.345621645 0.69187814 0
vt 1.38135886 0.616130114 0
vt 1.39357042 0.62581569 0
vt 1.64254367 0.792592347 0
vt 1.64692044 0.777046084 0
vt 1.65612519 0.802309215 0
vt 0.0443186797 0.582451999 0
vt 0.0546263158 0.611274183 0
vt 0.0544391535 0.615050137 0
vt 1.43695152 0.738825083 0
vt 1.42449474 0.763598979 0
vt 1.43233585 0.737123311 0
vt 1.44312394 0.746456504 0
vt 1.43065166 0.722537041 0
vt 1.44684184 0.745331585 0
vt 0.844831944 0.179962814 0
vt 0.861379087 0.178188145 0
vt 0.853444457 0.187734395 0
vt 0.346532047 0.668786764 0
vt 0.350224376 0.190161273 0
vt 0.347373307 0.183743045 0
vt 0.356667012 0.178882167 0
vt 0.0490132011 0.568553686 0
vt 0.0494018719 0.580140889 0
vt 1.22617102 0.879125595 0
vt 1.17870903 0.875672996 0
vt 1.22908592 0.874727726 0
vt 0.603427708 0.0830796733 0
vt 0.60834074 0.0792851523 0
vt 0.635225296 0.067781426 0
vt 0.431763053 0.996727705 0
vt 0.439447671 0.994389892 0
vt 1.99689734 0.511078775 0
vt 1.98392689 0.511177182 0
vt 1.98058462 0.493930519 0
vt 1.6503458 0.766839802 0
vt 1.65190625 0.775559604 0
vt 0.133348614 0.946001589 0
vt 1.95852005 0.522182584 0
vt 0.460205078 0.404547542 0
vt 0.463009119 0.40065375 0
vt 0.464465082 0.401587039 0
vt 0.152464822 0.139240488 0
vt 0.12286716 0.127819762 0
vt 0.115639336 0.118748032 0
vt 0.462888181 0.406982332 0
vt 1.6576134 0.818033576 0
vt 1.82625425 0.745326459 0
vt 1.83117342 0.737524807 0
vt 1.84247017 0.734098375 0
vt 1.79248977 0.835918605 0
vt 1.79649854 0.835818231 0
vt 1.79840553 0.858789206 0
vt 0.923742473 0.632326782 0
vt 0.912632465 0.633553207 0
vt 0.914211929 0.621342599 0
vt 0.139413506 0.644991457 0
vt 0.134674892 0.667633474 0
vt 0.136298344 0.649928749 0
vt 0.33467707 0.61302954 0
vt 0.333933026 0.616658151 0
vt 0.334898114 0.594084263 0
vt 1.93367338 0.529179454 0
vt 0.843052328 0.00109811139 0
vt 0.886256754 0.00497935293 0
vt 0.848617554 0.00309600658 0
vt 1.66987848 0.81646508 0
vt 1.67429698 0.796049237 0
vt 0.0220262203 0.389144868 0
vt 1.98692119 0.488411903 0
vt 1.64178813 0.757088304 0
vt 0.922509372 0.641975045 0
vt 0.863725781 0.191268355 0
vt 0.087169081 0.981797457 0
vt 0.120433129 0.959926069 0
vt 0.10727904 0.971403003 0
vt 0.54195255 0.00119876221 0
vt 0.561977208 0.00457395334 0
vt 0.533353865 0.0046450072 0
vt 1.46813905 0.792842746 0
vt 1.79410958 0.862322152 0
vt 1.664554 0.824555874 0
vt 1.3638438 0.626968205 0
vt 0.197642878 0.161250979 0
vt 0.184066474 0.170798808 0
vt 0.187216535 0.165159896 0
vt 1.40012074 0.631945312 0
vt 1.80095577 0.907258153 0
vt 1.80327928 0.848348141 0
vt 1.80787563 0.850978613 0
vt 1.41875267 0.766631782 0
vt 1.88190699 0.601729214 0
vt 1.88934362 0.570573628 0
vt 1.89227545 0.571914017 0
vt 1.6754576 0.875064731 0
vt 1.63506269 0.874857008 0
vt 1.68310773 0.873552859 0
vt 1.39205825 0.607762873 0
vt 1.38376319 0.607212663 0
vt 0.148227602 0.195014939 0
vt 0.343539625 0.439965069 0
vt 0.341940612 0.443533927 0
vt 0.325183749 0.41662088 0
vt 1.46170056 0.77659446 0
vt 1.96589553 0.818851054 0
vt 1.95143032 0.851961136 0
vt 1.95256877 0.845599473 0
vt 1.60344338 0.872460961 0
vt 1.92177176 0.860951602 0
vt 1.89131677 0.863923609 0
vt 1.9111613 0.857446849 0
vt 0.154302746 0.260297596 0
vt 0.147452027 0.259324819 0
vt 0.181255922 0.258756131 0
vt 0.214093983 0.992629468 0
vt 0.17252779 0.99710089 0
vt 0.180796936 0.993860066 0
vt 1.38986361 0.595466018 0
vt 1.43431628 0.719299853 0
vt 1.88877964 0.613989174 0
vt 0.325447708 0.402228445 0
vt 1.94679487 0.80972445 0
vt 1.94840813 0.848174274 0
vt 1.94515395 0.834123671 0
vt 0.914435685 0.990191579 0
vt 0.995598853 0.95948863 0
vt 0.994486094 0.964644134 0
vt 1.80376911 0.910785258 0
vt 1.54480076 0.75561434 0
vt 1.53636873 0.75374198 0
vt 1.49332547 0.726453722 0
vt 1.36445296 0.656824827 0
vt 1.37696195 0.656358957 0
vt 1.37000263 0.662748158 0
vt 0.967161596 0.982106984 0
vt 0.945109367 0.991361558 0
vt 0.919606328 0.996224761 0
vt 1.81819022 0.747388899 0
vt 0.102162085 0.105714723 0
vt 1.35962033 0.636295617 0
vt 0.156837508 0.255351216 0
vt 0.0666182041 0.981375635 0
vt 0.0727049932 0.97781378 0
vt 1.79494905 0.886688828 0
vt 1.79891956 0.88997376 0
vt 0.295900255 0.467474729 0
vt 0.293005645 0.461654037 0
vt 0.298655182 0.467623562 0
vt 0.655904412 0.465368658 0
vt 0.649829209 0.463713616 0
vt 0.655479372 0.457747787 0
vt 1.95141482 0.851850271 0
vt 1.92609096 0.853782713 0
vt 1.66957462 0.786188662 0
vt 0.292581648 0.469282448 0
vt 1.72697294 0.878203034 0
vt 1.74233997 0.877221882 0
vt 0.115142837 0.961961627 0
vt 1.41058755 0.789038599 0
vt 1.40499079 0.793778062 0
vt 0.138685748 0.589074075 0
vt 0.129607826 0.616563916 0
vt 0.125552639 0.620083511 0
vt 0.277059734 0.555802107 0
vt 0.271728516 0.559326053 0
vt 0.272860974 0.554276228 0
vt 0.786825359 0.564208865 0
vt 0.781494141 0.560684919 0
vt 0.781711519 0.556206107 0
vt 1.92148101 0.856479168 0
vt 0.138038427 0.5809654 0
vt 1.15119374 0.744084656 0
vt 1.86394203 0.723451436 0
vt 0.890761793 0.000701646844 0
vt 1.97222531 0.498194814 0
vt 1.16820347 0.876061976 0
vt 1.17417085 0.878156185 0
vt 1.8696332 0.725035727 0
vt 0.187420189 0.256236047 0
vt 1.9119482 0.724290371 0
vt 1.8852489 0.714923263 0
vt 1.89337742 0.716358602 0
vt 1.7184329 0.873506486 0
vt 1.73319638 0.873594344 0
vt 1.93592083 0.736085653 0
vt 1.93672717 0.745800734 0
vt 1.92388129 0.730781913 0
vt 0.216464192 0.626079023 0
vt 0.208602309 0.625004232 0
vt 0.216585442 0.613928914 0
vt 0.157540068 0.590285718 0
vt 0.14316085 0.616159678 0
vt 0.150533766 0.598053575 0
vt 0.224512219 0.995358884 0
vt 1.90731359 0.548267066 0
vt 1.8950665 0.845691144 0
vt 0.665798724 0.731933534 0
vt 0.656727672 0.69860816 0
vt 0.663303852 0.704463005 0
vt 1.14256215 0.861866891 0
vt 1.10852516 0.877457201 0
vt 1.10573924 0.874152064 0
vt 0.297402054 0.0653564855 0
vt 0.279807597 0.042713128 0
vt 0.280647576 0.0387164317 0
vt 0.805622518 0.0220733695 0
vt 0.821797371 0.0173430257 0
vt 0.828258574 0.0205572918 0
vt 0.347110301 0.723703623 0
vt 0.348380923 0.70014137 0
vt 0.351664364 0.703920186 0
vt 1.8684082 0.857303917 0
vt 0.122216016 0.253839642 0
vt 0.34955588 0.996286631 0
vt 0.467332542 0.210131332 0
vt 0.490727991 0.229287356 0
vt 0.475051045 0.221657231 0
vt 0.350995183 0.726492643 0
vt 0.264200568 0.994022012 0
vt 1.93138826 0.858986259 0
vt 1.81155169 0.785099089 0
vt 1.89383698 0.63156414 0
vt 0.250177622 0.0208107252 0
vt 1.14277816 0.733610868 0
vt 1.14475656 0.729664087 0
vt 1.13495553 0.88105756 0
vt 1.7984271 0.919971287 0
vt 1.79388452 0.925066352 0
vt 1.99666512 0.485313118 0
vt 2.00363231 0.476741999 0
vt 0.905368865 0.226633236 0
vt 0.872758627 0.21574682 0
vt 0.866343081 0.210796222 0
vt 1.25599515 0.878179252 0
vt 1.25553846 0.874227285 0
vt 0.114945404 0.256409705 0
vt 0.85534668 0.156829029 0
vt 0.858045518 0.152749598 0
vt 0.879223585 0.167606652 0
vt 0.35166055 0.00421907287 0
vt 0.327431917 0.00130130176 0
vt 0.370192856 0.00113286509 0
vt 0.804248095 0.0281508807 0
vt 1.94556046 0.764252365 0
vt 0.322762191 0.109986223 0
vt 0.341699213 0.128662005 0
vt 0.318032265 0.114600316 0
vt 1.13212883 0.87720108 0
vt 0.0977948457 0.587032259 0
vt 0.0969633535 0.575324297 0
vt 0.0988006294 0.570832372 0
vt 0.062121328 0.41528973 0
vt 0.0594382361 0.41772452 0
vt 0.0593172871 0.411395937 0
vt 0.633861125 0.0762357861 0
vt 0.295555264 0.991770625 0
vt 1.80713511 0.774146378 0
vt 0.0578613281 0.412329227 0
vt 1.97223842 0.498228163 0
vt 1.93729591 0.521352351 0
vt 1.93843532 0.516157925 0
vt 1.89680934 0.627250969 0
vt 0.342867941 0.665736318 0
vt 0.268959254 0.413097262 0
vt 0.256850839 0.418953657 0
vt 0.289954126 0.339747965 0
vt 1.62358248 0.395724744 0
vt 1.59736753 0.416461736 0
vt 1.57944453 0.394792855 0
vt 0.649060488 0.193977445 0
vt 0.689020395 0.172603562 0
vt 0.693031371 0.210023254 0
vt 0.650761127 0.164839104 0
vt 0.347900391 0.84741199 0
vt 0.407179296 0.543504119 0
vt 0.527670085 0.782290578 0
vt 0.0742632151 0.278023452 0
vt 0.0591340363 0.265269578 0
vt 0.0636012629 0.264888942 0
vt 0.60395515 0.90169549 0
vt 0.62781173 0.922897279 0
vt 0.667796612 0.149318203 0
vt 0.648103893 0.133033454 0
vt 0.158292383 0.567421615 0
vt 0.156066701 0.564641118 0
vt 0.163743705 0.555458367 0
vt 0.786538184 0.954377174 0
vt 0.788279176 0.934936225 0
vt 0.796383083 0.967873991 0
vt 0.785037577 0.983930409 0
vt 0.796918333 0.966813862 0
vt 1.60757113 0.368029773 0
vt 1.63739574 0.35727933 0
vt 0.243045345 0.573753357 0
vt 0.240415484 0.561471283 0
vt 0.243753567 0.557664633 0
vt 0.0272075143 0.820599079 0
vt 0.0205407217 0.843313873 0
vt 0.93564415 0.269911528 0
vt 0.955614865 0.28257519 0
vt 0.949892223 0.291426986 0
vt 1.5951705 0.338850766 0
vt 1.55455399 0.343003273 0
vt 1.59004653 0.318988532 0
vt 0.914716125 0.71838975 0
vt 0.908536732 0.714883327 0
vt 0.912455261 0.690784276 0
vt 0.472571194 0.807440579 0
vt 0.930134833 0.257636636 0
vt 0.939492166 0.257682264 0
vt 1.63291025 0.885106206 0
vt 1.59388852 0.878279984 0
vt 1.62067926 0.879003704 0
vt 1.57333982 0.32513684 0
vt 0.631900012 0.126031846 0
vt 0.623214006 0.158801824 0
vt 1.11476064 0.83993572 0
vt 1.13719749 0.850675046 0
vt 1.11886466 0.852270246 0
vt 0.418862075 0.952607214 0
vt 0.452403903 0.907957435 0
vt 0.430405527 0.955551982 0
vt 0.141590923 0.366260082 0
vt 0.164330855 0.402789921 0
vt 0.159458607 0.401748627 0
vt 1.59110999 0.430135459 0
vt 0.460498452 0.20729658 0
vt 0.276842356 0.551323295 0
vt 1.1153127 0.826843083 0
vt 1.12868619 0.813208997 0
vt 1.15723443 0.827747226 0
vt 0.870757818 0.265037179 0
vt 0.850520968 0.242665425 0
vt 0.872082472 0.253075987 0
vt 1.1404103 0.805729091 0
vt 1.1657927 0.799556971 0
vt 1.57133603 0.347646147 0
vt 0.732648849 0.118522413 0
vt 0.73679322 0.109830476 0
vt 0.750577092 0.14671661 0
vt 0.073670961 0.697554111 0
vt 0.0761440396 0.730248928 0
vt 0.0739764348 0.740303636 0
vt 0.208308026 0.0230129603 0
vt 0.218488827 0.0298229232 0
vt 0.191650391 0.0349120088 0
vt 0.846332014 0.258359641 0
vt 1.60468626 0.882199228 0
vt 0.805882394 0.991842806 0
vt 1.60772574 0.410653919 0
vt 1.59751368 0.424425632 0
vt 1.23678839 0.847766221 0
vt 1.21319461 0.840779901 0
vt 1.24901974 0.845815718 0
vt 1.1655581 0.811937273 0
vt 1.40288782 0.828907788 0
vt 1.41471732 0.831027865 0
vt 1.3921026 0.84121412 0
vt 0.310272157 0.305478722 0
vt 0.30639109 0.31598407 0
vt 0.299725384 0.311707556 0
vt 0.726476967 0.123626068 0
vt 0.53371352 0.0571413673 0
vt 0.522333205 0.0516770072 0
vt 0.508220196 0.030279953 0
vt 0.750972569 0.395319581 0
vt 0.743408203 0.383100599 0
vt 0.756411374 0.374975294 0
vt 0.460672468 0.070052661 0
vt 0.475320131 0.0538802333 0
vt 0.482579201 0.0661771223 0
vt 0.743250012 0.371434033 0
vt 0.462423593 0.0864052474 0
vt 0.488980353 0.0457549281 0
vt 0.511153221 0.0469938964 0
vt 0.759909689 0.362263232 0
vt 0.0799418017 0.279367715 0
vt 0.44971171 0.949135125 0
vt 1.5982424 0.42454958 0
vt 0.36734432 0.399974316 0
vt 0.355161369 0.434326082 0
vt 0.345947266 0.405803174 0
vt 0.144919276 0.954447031 0
vt 0.151058584 0.941059113 0
vt 0.173549548 0.941214979 0
vt 0.459598154 0.890525341 0
vt 0.500422359 0.90100199 0
vt 0.369603753 0.130364954 0
vt 0.355764955 0.137427911 0
vt 0.353356332 0.127308995 0
vt 0.38399595 0.424161255 0
vt 0.375429422 0.425669312 0
vt 0.368512511 0.417469203 0
vt 1.20105016 0.84752655 0
vt 1.19315684 0.848682582 0
vt 0.287555248 0.383254796 0
vt 0.30217427 0.364867657 0
vt 0.370941848 0.107602023 0
vt 0.957350194 0.288063794 0
vt 0.329844564 0.365192682 0
vt 0.321197748 0.356420577 0
vt 0.338113368 0.366973996 0
vt 0.590927839 0.948534191 0
vt 0.604037762 0.993556559 0
vt 0.369742811 0.933439374 0
vt 0.370902628 0.898629308 0
vt 0.408165604 0.89999181 0
vt 0.406024933 0.938140273 0
vt 1.89019203 0.402668923 0
vt 1.91795206 0.406355053 0
vt 0.0270997193 0.773677707 0
vt 0.33852011 0.232478201 0
vt 0.330456346 0.216362774 0
vt 0.335212469 0.220091611 0
vt 0.581290483 0.971162319 0
vt 0.61186707 0.183551341 0
vt 1.88644838 0.473427743 0
vt 0.874136686 0.973321795 0
vt 0.896840751 0.892965555 0
vt 0.905886948 0.954983413 0
vt 0.900289059 0.357393891 0
vt 0.913310289 0.353013813 0
vt 0.904504836 0.365397364 0
vt 0.922005415 0.238048032 0
vt 0.302480191 0.126591265 0
vt 0.285070956 0.106673077 0
vt 0.308284461 0.110649444 0
vt 0.808353484 0.171591803 0
vt 0.816093683 0.182899281 0
vt 0.775233746 0.131328315 0
vt 1.15944195 0.844334126 0
vt 0.665997565 0.426427007 0
vt 0.672265887 0.436704427 0
vt 0.658684969 0.429544568 0
vt 0.499243677 0.0586869419 0
vt 0.111285605 0.262244105 0
vt 0.107924856 0.265403569 0
vt 0.0979749337 0.271188706 0
vt 0.520572603 0.0214418527 0
vt 0.53522712 0.0207790434 0
vt 0.535604179 0.0508332737 0
vt 0.588215828 0.997511506 0
vt 0.238703147 0.257470578 0
vt 0.23255904 0.257995158 0
vt 0.226379901 0.256293386 0
vt 0.922951818 0.260548711 0
vt 0.574911952 0.993691146 0
vt 0.519545972 0.347572446 0
vt 0.528749228 0.333846003 0
vt 0.543788731 0.341444224 0
vt 0.843044639 0.271376461 0
vt 0.833167136 0.270828873 0
vt 0.300650626 0.0979305655 0
vt 0.284714669 0.0907665938 0
vt 0.46171391 0.196658865 0
vt 0.741277039 0.212810367 0
vt 0.738318384 0.18463327 0
vt 0.895320892 0.369103432 0
vt 0.312391251 0.102137573 0
vt 1.56467855 0.376435965 0
vt 1.42655826 0.843698502 0
vt 1.4223069 0.860231042 0
vt 0.165749595 0.994155407 0
vt 0.14561592 0.995794952 0
vt 0.190535456 0.977033496 0
vt 0.186219171 0.96206975 0
vt 0.354816824 0.242663682 0
vt 0.325966895 0.236987278 0
vt 0.910225451 0.347553492 0
vt 0.342455328 0.159117058 0
vt 0.336170673 0.155264586 0
vt 0.152741879 0.223732069 0
vt 0.150924951 0.226318255 0
vt 0.143798828 0.223852709 0
vt 0.503084898 0.905536175 0
vt 0.512114167 0.974160671 0
vt 0.0514929779 0.262248158 0
vt 0.0198677164 0.703999639 0
vt 0.0150791723 0.703110814 0
vt 0.0220458321 0.623714268 0
vt 0.275692552 0.418764025 0
vt 0.648396194 0.0633417219 0
vt 0.674274206 0.0657910407 0
vt 0.660986245 0.0759276375 0
vt 0.501076162 0.0368504114 0
vt 0.769987643 0.366070777 0
vt 0.250719458 0.304409623 0
vt 0.251420349 0.306559682 0
vt 0.257816881 0.318742454 0
vt 0.974042058 0.479806423 0
vt 0.965138257 0.487070441 0
vt 0.973361015 0.475304484 0
vt 0.836766064 0.550233006 0
vt 0.818942606 0.556311905 0
vt 0.827193677 0.546905518 0
vt 1.40177381 0.864273489 0
vt 0.575265944 0.490662009 0
vt 0.600539446 0.467839152 0
vt 0.126890764 0.956434846 0
vt 0.023069812 0.432881773 0
vt 0.00984452665 0.454833895 0
vt 0.00497730309 0.432244569 0
vt 0.33359015 0.44929719 0
vt 0.337110251 0.461669832 0
vt 0.320490897 0.43973276 0
vt 0.658447266 0.458661586 0
vt 0.674501836 0.445672333 0
vt 0.660209656 0.467529207 0
vt 1.36655545 0.842731714 0
vt 0.568810999 0.503883302 0
vt 0.579669476 0.507222772 0
vt 0.576693177 0.517110288 0
vt 0.0375835523 0.660993755 0
vt 0.0323398635 0.680747867 0
vt 0.0325164422 0.658890247 0
vt 0.978596866 0.469521374 0
vt 0.203967765 0.261848986 0
vt 0.212070659 0.259135693 0
vt 0.798342168 0.16347976 0
vt 0.808291614 0.175736189 0
vt 1.190063 0.858331084 0
vt 1.17796636 0.863446295 0
vt 0.0983253494 0.684907496 0
vt 0.0957925543 0.68302834 0
vt 0.104070254 0.667304397 0
vt 0.866525054 0.280193865 0
vt 0.183837891 0.662704825 0
vt 0.191621512 0.64819777 0
vt 0.188081309 0.671871006 0
vt 0.742362559 0.0825415924 0
vt 0.761820436 0.101829551 0
vt 0.222735047 0.025189776 0
vt 0.524015367 0.790483832 0
vt 1.09722197 0.882495999 0
vt 1.102525 0.877955496 0
vt 0.540683389 0.924389303 0
vt 0.700456023 0.203824654 0
vt 1.17602396 0.872145832 0
vt 0.527844965 0.9155792 0
vt 0.899113595 0.977635026 0
vt 0.677601337 0.151163608 0
vt 0.118271828 0.105320983 0
vt 0.0993629396 0.103079088 0
vt 0.120984115 0.0979640111 0
vt 0.736700773 0.0988972411 0
vt 0.119414322 0.612059414 0
vt 0.110136807 0.613997638 0
vt 0.110821135 0.596501946 0
vt 0.684535146 0.131015718 0
vt 0.684543431 0.144287005 0
vt 0.659423828 0.144132093 0
vt 0.53060621 0.352344215 0
vt 1.43243694 0.822265029 0
vt 0.704274058 0.183977947 0
vt 0.649222553 0.452168822 0
vt 0.64098984 0.464925498 0
vt 0.642711461 0.446346104 0
vt 0.964155495 0.416367412 0
vt 0.953293741 0.410277426 0
vt 0.960092843 0.40056029 0
vt 0.599860191 0.553097308 0
vt 0.599845171 0.544514358 0
vt 0.611878335 0.555419803 0
vt 1.5256083 0.334634155 0
vt 0.390206724 0.931525826 0
vt 1.09427118 0.879254997 0
vt 0.178038657 0.264335006 0
vt 0.173946932 0.280029207 0
vt 0.160357654 0.268313825 0
vt 0.19256261 0.262364089 0
vt 0.681845784 0.146912232 0
vt 0.699405193 0.144080654 0
vt 0.828229487 0.188419506 0
vt 0.563710272 0.750902712 0
vt 0.681648672 0.464756995 0
vt 0.674871981 0.461179733 0
vt 0.672773361 0.452119291 0
vt 0.813160062 0.700171351 0
vt 0.80599314 0.699435055 0
vt 0.805831909 0.683392286 0
vt 0.838696778 0.199752241 0
vt 0.517977893 0.344044536 0
vt 0.521010876 0.330617517 0
vt 0.555251062 0.772666693 0
vt 0.936151803 0.219214395 0
vt 0.929207683 0.233439013 0
vt 0.925054491 0.219820365 0
vt 0.727389276 0.136485726 0
vt 0.721161604 0.147119418 0
vt 0.713518202 0.138251796 0
vt 0.554270089 0.780632436 0
vt 0.538976073 0.783713937 0
vt 0.577108681 0.52562952 0
vt 0.237728819 0.0207791682 0
vt 0.725531042 0.133223116 0
vt 1.20897663 0.84632504 0
vt 0.135901466 0.346519977 0
vt 0.144745082 0.360564619 0
vt 0.698505342 0.200165495 0
vt 0.509495199 0.0172366109 0
vt 0.79832381 0.253547758 0
vt 0.774377465 0.27226615 0
vt 0.779965043 0.262722373 0
vt 0.767692327 0.133511141 0
vt 0.149547502 0.219999209 0
vt 1.12182748 0.860609472 0
vt 0.661596894 0.443114638 0
vt 0.66115284 0.456260413 0
vt 0.91652447 0.220975772 0
vt 0.915147007 0.227294818 0
vt 0.913330078 0.224708632 0
vt 0.922273159 0.224829271 0
vt 0.918914735 0.69066292 0
vt 0.923918307 0.675901592 0
vt 0.924688935 0.688143909 0
vt 0.517889321 0.469871074 0
vt 0.527743936 0.460534781 0
vt 0.52889204 0.477294832 0
vt 0.215091854 0.0348998755 0
vt 0.216712385 0.0402221195 0
vt 0.197276503 0.0405006595 0
vt 0.95341748 0.40245834 0
vt 0.997166514 0.0812320411 0
vt 0.988918364 0.0762167349 0
vt 0.999423325 0.0817434415 0
vt 0.726119339 0.105527766 0
vt 0.559392154 0.0411195941 0
vt 0.798047841 0.249419019 0
vt 0.807847261 0.241333187 0
vt 0.959745288 0.382947266 0
vt 0.979529142 0.405029207 0
vt 0.95876801 0.389546543 0
vt 0.603550673 0.722195029 0
vt 0.923078775 0.0213191509 0
vt 0.96095866 0.0150962556 0
vt 0.965375304 0.0194166042 0
vt 0.833447456 0.530599833 0
vt 0.969872475 0.430372953 0
vt 0.95413357 0.426675886 0
vt 0.559802353 0.3983199 0
vt 0.552140057 0.403614104 0
vt 0.553052723 0.395584494 0
vt 0.315453619 0.116796695 0
vt 0.930428803 0.428344905 0
vt 0.939218283 0.411058813 0
vt 0.938904285 0.421224743 0
vt 0.123620331 0.547942996 0
vt 0.129210755 0.549726427 0
vt 0.128123149 0.562350512 0
vt 0.949199319 0.252991885 0
vt 0.95043081 0.245327786 0
vt 0.966543317 0.248443305 0
vt 0.240294412 0.0326012559 0
vt 0.595929146 0.462051004 0
vt 0.93749994 0.0228073057 0
vt 0.48482269 0.832539022 0
vt 0.164978221 0.262834758 0
vt 0.729991019 0.0721668974 0
vt 1.35072744 0.858039737 0
vt 0.295272827 0.132111058 0
vt 0.218977958 0.617812097 0
vt 0.225226924 0.609762371 0
vt 0.227048889 0.621826053 0
vt 0.610958636 0.461375535 0
vt 0.602783203 0.43971929 0
vt 0.619524121 0.445875645 0
vt 0.78569293 0.55915904 0
vt 0.165283203 0.379720479 0
vt 1.03283036 0.333262444 0
vt 1.02565932 0.317881584 0
vt 0.574010074 0.414231688 0
vt 0.566108763 0.401983112 0
vt 0.578929842 0.41385746 0
vt 1.54654622 0.198692277 0
vt 1.53278196 0.173562109 0
vt 1.53275549 0.145462498 0
vt 0.307813168 0.949856281 0
vt 0.329013467 0.926108837 0
vt 0.329714894 0.945493281 0
vt 0.37160483 0.456530571 0
vt 0.426276684 0.465225697 0
vt 0.416051835 0.530702055 0
vt 1.08216858 0.493318409 0
vt 1.03906131 0.468511254 0
vt 1.05964756 0.468617082 0
vt 0.397659719 0.447805494 0
vt 0.3815687 0.479267389 0
vt 0.365973115 0.472971022 0
vt 1.02226102 0.376133829 0
vt 1.01174474 0.370925009 0
vt 1.46678388 0.835101485 0
vt 1.49109757 0.820473254 0
vt 1.48335838 0.863038361 0
vt 0.392773926 0.498523176 0
vt 0.414462268 0.540804863 0
vt 1.55861962 0.254557222 0
vt 1.55162323 0.248425633 0
vt 0.999462485 0.427069575 0
vt 0.371222585 0.455989778 0
vt 0.37147963 0.448053807 0
vt 1.03401804 0.2844235 0
vt 0.442648768 0.490242869 0
vt 0.663167059 0.397337705 0
vt 0.655245245 0.398250103 0
vt 0.67495656 0.379377276 0
vt 0.345524877 0.722974241 0
vt 0.340248704 0.740787685 0
vt 0.341259003 0.717611313 0
vt 0.258988053 0.966234863 0
vt 0.275439829 0.958565831 0
vt 0.274940073 0.976974726 0
vt 1.92926121 0.698387384 0
vt 1.95456827 0.687842131 0
vt 1.95586932 0.69865787 0
vt 0.580946147 0.23963283 0
vt 0.576552272 0.242717564 0
vt 0.573046565 0.229492456 0
vt 0.692086577 0.63633275 0
vt 0.683746159 0.622130632 0
vt 0.692448616 0.615660727 0
vt 0.440186441 0.456382871 0
vt 0.433677554 0.448350042 0
vt 0.415894955 0.423540026 0
vt 0.176679134 0.142925888 0
vt 0.16951935 0.136406705 0
vt 0.17308645 0.132896036 0
vt 1.99059296 0.886214077 0
vt 1.98065186 0.883595407 0
vt 1.97903967 0.840786636 0
vt 1.01082265 0.875374734 0
vt 1.01408935 0.865365326 0
vt 1.02272022 0.897707283 0
vt 0.620336413 0.185959235 0
vt 0.614413917 0.195077196 0
vt 0.613384306 0.19393447 0
vt 0.00305431173 0.588913918 0
vt 0.0159479287 0.543319225 0
vt 0.0111899609 0.574905574 0
vt 0.407543123 0.440868855 0
vt 0.133609891 0.578328907 0
vt 0.127502069 0.581151307 0
vt 0.135310531 0.550559103 0
vt 0.860339403 0.152317181 0
vt 0.862127781 0.146065399 0
vt 0.869639337 0.152086675 0
vt 1.0213834 0.902893901 0
vt 1.01516175 0.893426716 0
vt 0.460076839 0.00859491993 0
vt 0.457209736 0.000653607713 0
vt 0.479593396 0.0240228269 0
vt 0.136684567 0.555197954 0
vt 0.321381599 0.501926661 0
vt 0.312030435 0.496367246 0
vt 0.315558612 0.492328703 0
vt 1.35899186 0.739971876 0
vt 1.33579457 0.732318163 0
vt 1.0078131 0.854667246 0
vt 1.00287497 0.822578669 0
vt 0.644094527 0.3995426 0
vt 0.649452209 0.403825164 0
vt 1.34387124 0.79685837 0
vt 1.3386569 0.760192037 0
vt 1.98501205 0.801113486 0
vt 1.95064926 0.794697165 0
vt 0.824811339 0.134113967 0
vt 0.837847292 0.142366901 0
vt 0.825440943 0.144960597 0
vt 0.434138209 0.373674214 0
vt 0.444301277 0.420754611 0
vt 1.36396611 0.814990878 0
vt 1.47777903 0.308777541 0
vt 1.45491242 0.322780907 0
vt 1.46470547 0.310105652 0
vt 1.46868372 0.864431381 0
vt 1.46071124 0.858215988 0
vt 0.450884789 0.448729098 0
vt 0.461540431 0.48533231 0
vt 0.455666393 0.488425076 0
vt 0.440391958 0.527237952 0
vt 1.96570146 0.692038774 0
vt 1.95618451 0.697781682 0
vt 0.137657821 0.552623928 0
vt 0.698777378 0.548665762 0
vt 0.711093783 0.561365426 0
vt 0.707155883 0.559436262 0
vt 1.49566138 0.897264659 0
vt 1.514557 0.876168907 0
vt 1.5102241 0.897276759 0
vt 1.92257977 0.671433568 0
vt 1.94146395 0.661028922 0
vt 1.00909817 0.446532816 0
vt 1.01546907 0.439706832 0
vt 0.518119752 0.00992251001 0
vt 0.503528178 0.0178869069 0
vt 1.47608447 0.321302056 0
vt 1.51972508 0.29550156 0
vt 1.03668785 0.455981493 0
vt 0.505436718 0.0270956624 0
vt 0.0115372213 0.584608078 0
vt 0.795304716 0.149985239 0
vt 0.792114437 0.144683406 0
vt 0.80939275 0.145682916 0
vt 0.138271466 0.560404003 0
vt 0.139986753 0.545507848 0
vt 0.665128052 0.383809924 0
vt 1.95093656 0.775533855 0
vt 1.49308717 0.864306986 0
vt 1.48573029 0.855134845 0
vt 0.442941666 0.483170897 0
vt 0.456325054 0.515537381 0
vt 0.386858344 0.486021191 0
vt 0.395335615 0.521754086 0
vt 0.369045854 0.487814337 0
vt 1.48467922 0.287452757 0
vt 1.49225903 0.293021828 0
vt 0.139952555 0.152634531 0
vt 0.139635921 0.146422952 0
vt 0.148977414 0.143408209 0
vt 1.53937924 0.275054961 0
vt 1.96001363 0.815296829 0
vt 0.605641603 0.188265249 0
vt 0.591788054 0.197328076 0
vt 0.592381835 0.191825047 0
vt 1.0032568 0.218305528 0
vt 0.989341974 0.209377825 0
vt 0.991726875 0.207788095 0
vt 0.0130390273 0.663605571 0
vt 0.0161784552 0.676727116 0
vt 0.00930686668 0.661518872 0
vt 1.07809234 0.480883271 0
vt 0.512123108 0.541642427 0
vt 0.496037692 0.556008935 0
vt 0.503159046 0.535956204 0
vt 0.736418664 0.0920406356 0
vt 0.726167858 0.0993225351 0
vt 0.729927957 0.0951317325 0
vt 0.40392819 0.545209825 0
vt 0.384884119 0.551432788 0
vt 0.0126537317 0.673347116 0
vt 0.441561252 0.454062432 0
vt 1.96596277 0.814794362 0
vt 1.98299313 0.818622828 0
vt 1.95524895 0.669244468 0
vt 0.711879849 0.300212532 0
vt 0.709118009 0.30523622 0
vt 0.705670059 0.295611382 0
vt 0.631475389 0.3674151 0
vt 0.609602213 0.367515564 0
vt 0.615181148 0.366048217 0
vt 1.9639132 0.691534281 0
vt 0.576428652 0.237687483 0
vt 0.5788486 0.223812416 0
vt 0.708155513 0.328923732 0
vt 0.698217869 0.28693831 0
vt 0.70566833 0.29612276 0
vt 1.88763154 0.683810055 0
vt 1.47470081 0.870082319 0
vt 1.49228227 0.800292492 0
vt 0.949902952 0.143773243 0
vt 0.960581183 0.152413294 0
vt 0.956427455 0.151997924 0
vt 0.326106995 0.955116212 0
vt 0.395313531 0.565480053 0
vt 0.45955193 0.524745822 0
vt 0.462411731 0.485343903 0
vt 0.230620101 0.350558847 0
vt 0.221011415 0.355882734 0
vt 0.217995301 0.34287867 0
vt 1.34284747 0.826904535 0
vt 0.284950286 0.937659383 0
vt 0.263471574 0.944354355 0
vt 0.272761047 0.931816041 0
vt 1.08622849 0.487678587 0
vt 0.279999703 0.946640909 0
vt 1.35557187 0.836658061 0
vt 1.0086211 0.420603544 0
vt 1.46767843 0.882871807 0
vt 1.45668614 0.879114091 0
vt 1.48633242 0.328631014 0
vt 1.48958075 0.327179909 0
vt 1.36365604 0.841531157 0
vt 1.03133619 0.452509671 0
vt 1.54972184 0.273819536 0
vt 0.210340828 0.349487275 0
vt 0.192131236 0.333102256 0
vt 0.198127195 0.333627135 0
vt 0.36526683 0.0679352954 0
vt 0.348409742 0.0846521184 0
vt 0.34154734 0.086052306 0
vt 0.617412329 0.404454499 0
vt 0.624427617 0.396072984 0
vt 0.615929544 0.409467012 0
vt 0.106023997 0.260612607 0
vt 0.090325579 0.261529952 0
vt 0.0903020054 0.255880922 0
vt 0.351142317 0.635734618 0
vt 0.354017437 0.642390072 0
vt 0.362759978 0.659863651 0
vt 0.0687898695 0.503986001 0
vt 0.0704948008 0.497745961 0
vt 0.0872687995 0.461853355 0
vt 0.0127588203 0.0488435477 0
vt 0.00827120151 0.0428557694 0
vt 0.018949924 0.0442512259 0
vt 0.217401609 0.351793826 0
vt 0.217255235 0.355832666 0
vt 0.666507721 0.209835425 0
vt 0.673290789 0.216769487 0
vt 0.662615955 0.211130276 0
vt 0.365395069 0.062100023 0
vt 0.045936849 0.423330426 0
vt 0.0525501855 0.404329509 0
vt 0.0604505353 0.400535792 0
vt 0.606973886 0.509792566 0
vt 0.597384632 0.507324696 0
vt 0.583008289 0.489432871 0
vt 0.71208483 0.681086659 0
vt 0.719842672 0.66661036 0
vt 0.718120635 0.672816873 0
vt 0.844758987 0.453558654 0
vt 0.84507525 0.448957324 0
vt 0.863029659 0.49878931 0
vt 0.044040665 0.426615745 0
vt 0.0390377305 0.444591522 0
vt 0.0883478522 0.459140837 0
vt 0.0315962099 0.448156208 0
vt 1.72465611 0.442633361 0
vt 1.71235001 0.422218174 0
vt 1.73119473 0.409577221 0
vt 0.508426368 0.303680509 0
vt 0.517406821 0.303924054 0
vt 0.505916119 0.310978293 0
vt 0.788322091 0.52020961 0
vt 0.783977091 0.493934304 0
vt 0.784191191 0.492372006 0
vt 0.0585881919 0.437807918 0
vt 0.0578423478 0.44180429 0
vt 0.0634419024 0.416077852 0
vt 0.358720601 0.660398126 0
vt 0.856646001 0.524523437 0
vt 0.832722485 0.472314715 0
vt 0.836405158 0.478973866 0
vt 0.866280854 0.501613379 0
vt 0.0660413429 0.414996713 0
vt 0.953082561 0.710417509 0
vt 0.947220504 0.700442672 0
vt 0.949507713 0.703025639 0
vt 0.327570915 0.109252416 0
vt 1.70128596 0.402475357 0
vt 0.626565039 0.396180093 0
vt 0.640590966 0.420888424 0
vt 0.636333942 0.418301404 0
vt 1.70866954 0.443773925 0
vt 0.491837204 0.31784305 0
vt 0.493096173 0.313512504 0
vt 0.637776613 0.359488517 0
vt 0.689166367 0.408227444 0
vt 0.701108992 0.419582456 0
vt 0.689053535 0.412246674 0
vt 0.692707598 0.41061601 0
vt 0.302870035 0.699758828 0
vt 0.313135117 0.677801013 0
vt 0.305669248 0.70286119 0
vt 0.647033215 0.446779102 0
vt 0.791405499 0.521544755 0
vt 0.694084406 0.561252058 0
vt 0.688807011 0.551559627 0
vt 0.696005106 0.539242625 0
vt 0.691688776 0.577455401 0
vt 1.00241292 0.442377001 0
vt 0.991635919 0.445816308 0
vt 0.996292114 0.428788632 0
vt 0.697654724 0.707952917 0
vt 0.689594209 0.700310051 0
vt 0.693552852 0.685868084 0
vt 1.70083249 0.414745003 0
vt 1.70750511 0.439124942 0
vt 1.69628894 0.466725796 0
vt 1.66969597 0.435829192 0
vt 0.690517962 0.541714907 0
vt 0.690841317 0.662323117 0
vt 0.695888758 0.667076766 0
vt 1.68100131 0.393159091 0
vt 1.68650126 0.457329631 0
vt 0.519425631 0.294138104 0
vt 0.531060576 0.298305243 0
vt 0.533189714 0.29749015 0
vt 0.197275937 0.424255818 0
vt 0.180319875 0.445934117 0
vt 0.651440263 0.200713351 0
vt 0.411011994 0.26734677 0
vt 0.413392276 0.257843941 0
vt 0.420682937 0.255004823 0
vt 0.658969522 0.216178432 0
vt 0.826777935 0.518621504 0
vt 0.815538287 0.532736659 0
vt 0.819363594 0.523860991 0
vt 0.8298648 0.513985872 0
vt 1.6532433 0.417500079 0
vt 0.73584789 0.374549359 0
vt 0.731893182 0.37501207 0
vt 0.721415043 0.357434064 0
vt 0.213741183 0.405888259 0
vt 0.305754721 0.0944363996 0
vt 0.299386919 0.0876972228 0
vt 0.314745605 0.0912586376 0
vt 0.70081383 0.590041161 0
vt 0.689710796 0.581723869 0
vt 0.700621963 0.59477216 0
vt 0.0723138079 0.140454322 0
vt 0.0863198265 0.136769861 0
vt 0.0884189457 0.146995515 0
vt 0.700167716 0.583689868 0
vt 1.69440138 0.404921025 0
vt 0.0746952668 0.391171247 0
vt 0.33195734 0.881212115 0
vt 1.64775836 0.390899718 0
vt 0.252779812 0.0418241695 0
vt 0.259692997 0.0435382947 0
vt 0.256856143 0.050148394 0
vt 0.002337866 0.679473042 0
vt 0.00635060295 0.654429257 0
vt 0.00568377227 0.680296481 0
vt 0.307689637 0.887238503 0
vt 0.310590297 0.923421383 0
vt 1.37740409 0.520967901 0
vt 1.3702091 0.512742817 0
vt 1.38364935 0.489598334 0
vt 0.59972775 0.242566437 0
vt 0.57679069 0.24244678 0
vt 0.0051784208 0.656502843 0
vt 0.284694284 0.947650909 0
vt 0.062968947 0.685088277 0
vt 0.060769327 0.688885331 0
vt 0.0592167601 0.666456103 0
vt 0.344593883 0.878467679 0
vt 0.37333104 0.877525926 0
vt 1.13977563 0.48554489 0
vt 1.15271676 0.527141154 0
vt 1.13898039 0.530386388 0
vt 1.67944026 0.388837248 0
vt 1.69220448 0.397590637 0
vt 0.265200138 0.522249222 0
vt 0.262669861 0.51931572 0
vt 0.270378888 0.502954006 0
vt 0.982086718 0.626251459 0
vt 0.987953186 0.624574423 0
vt 0.989632845 0.641686022 0
vt 0.991076469 0.641404629 0
vt 0.264117181 0.520996988 0
vt 1.38495445 0.40669325 0
vt 0.0550800748 0.153503835 0
vt 0.0423796102 0.140659019 0
vt 0.0491326302 0.136401013 0
vt 1.18728352 0.467167974 0
vt 1.18763614 0.456970423 0
vt 1.20025659 0.472234905 0
vt 1.19131768 0.482300609 0
vt 1.19036579 0.524677098 0
vt 1.16678023 0.493745357 0
vt 0.669287264 0.906320214 0
vt 0.677414954 0.919832587 0
vt 0.656901419 0.948487699 0
vt 0.73624754 0.234386638 0
vt 0.720867157 0.238600746 0
vt 0.702932417 0.23376967 0
vt 1.39858413 0.451187074 0
vt 1.39295876 0.428001612 0
vt 1.41397238 0.446064711 0
vt 1.39879584 0.517573237 0
vt 1.16726446 0.543873727 0
vt 1.15116441 0.548703432 0
vt 1.19958735 0.450632334 0
vt 0.672041476 0.891219258 0
vt 0.682779789 0.896218181 0
vt 0.9247576 0.381719619 0
vt 0.909570873 0.394623041 0
vt 0.915064454 0.376954228 0
vt 1.16756034 0.466852605 0
vt 1.65270734 0.827941179 0
vt 1.68626094 0.837285578 0
vt 1.67531407 0.836429417 0
vt 0.945817709 0.960578978 0
vt 0.92979306 0.966315448 0
vt 1.15993512 0.479839146 0
vt 0.682227969 0.896165907 0
vt 0.677385032 0.919501841 0
vt 0.69208312 0.957946181 0
vt 1.14947569 0.47416687 0
vt 1.16162467 0.513175786 0
vt 1.15106177 0.46128881 0
vt 1.15757596 0.460394859 0
vt 0.681396544 0.971418023 0
vt 0.658743262 0.959957719 0
vt 0.0631877556 0.478468686 0
vt 0.0524738654 0.497782856 0
vt 0.0613947585 0.464784831 0
vt 1.15438497 0.407434344 0
vt 1.1312958 0.398626775 0
vt 1.13460541 0.44266066 0
vt 0.432482123 0.0926121101 0
vt 0.473181188 0.0889967605 0
vt 0.447959304 0.0975361243 0
vt 0.0501274243 0.732963502 0
vt 0.0557718351 0.720779955 0
vt 0.0528586023 0.732792675 0
vt 0.0550969765 0.649654269 0
vt 0.0574097112 0.646860421 0
vt 0.697645068 0.241020858 0
vt 0.694689989 0.237776518 0
vt 1.67753518 0.355706215 0
vt 1.70446825 0.359287709 0
vt 1.67626631 0.878660321 0
vt 1.67874825 0.877928019 0
vt 1.68700302 0.883588314 0
vt 1.42560649 0.521086991 0
vt 1.43548417 0.506084323 0
vt 1.65389192 0.384287477 0
vt 1.35870039 0.519005656 0
vt 1.71428442 0.344272763 0
vt 0.0999052525 0.67079711 0
vt 0.108680688 0.634465575 0
vt 0.113279261 0.643282831 0
vt 1.59745002 0.850055337 0
vt 1.62480927 0.831837654 0
vt 1.65254629 0.828232348 0
vt 0.277695298 0.915934026 0
vt 0.10126771 0.669255257 0
vt 1.65116668 0.877902925 0
vt 1.66098619 0.884004235 0
vt 0.0796225294 0.379973054 0
vt 0.084243305 0.381271988 0
vt 0.0506163165 0.392697096 0
vt 0.0471010096 0.38515982 0
vt 0.0658818781 0.385562718 0
vt 1.18870342 0.535562694 0
vt 0.102514602 0.564530075 0
vt 0.10615968 0.589656174 0
vt 0.0986760855 0.560564101 0
vt 0.281649679 0.0393454842 0
vt 1.65625417 0.359101951 0
vt 0.0542263649 0.71649909 0
vt 0.0839747488 0.15691568 0
vt 0.0818009675 0.15736641 0
vt 0.0553942174 0.153747842 0
vt 0.211872101 0.672799289 0
vt 0.210353285 0.676687241 0
vt 0.215540484 0.65050441 0
vt 0.108921468 0.593423724 0
vt 0.77478224 0.236444324 0
vt 0.955214798 0.674861073 0
vt 0.952138901 0.668403983 0
vt 0.952062547 0.668664277 0
vt 0.623421371 0.392598808 0
vt 0.662709832 0.23988457 0
vt 0.659261584 0.244991213 0
vt 0.651679575 0.245055884 0
vt 0.687265635 0.235346913 0
vt 0.691799641 0.232957751 0
vt 0.687673986 0.239573136 0
vt 0.0532274581 0.702238798 0
vt 0.0501600802 0.698710799 0
vt 0.0494816378 0.691342175 0
vt 0.65392679 0.239014491 0
vt 0.771872878 0.233195439 0
vt 1.67878938 0.832980871 0
vt 0.285555124 0.893583477 0
vt 0.399651647 0.0126725556 0
vt 0.402817994 0.0153607521 0
vt 0.394785583 0.0150230359 0
vt 0.705555141 0.981243253 0
vt 1.13812208 0.549111724 0
vt 1.87356937 0.674223959 0
vt 1.86118102 0.675378263 0
vt 1.86276782 0.669043303 0
vt 0.172435299 0.60879308 0
vt 0.180707023 0.613925219 0
vt 0.18140465 0.628842235 0
vt 0.184508219 0.620275676 0
vt 0.320713401 0.565135717 0
vt 0.302819848 0.537801027 0
vt 0.343818367 0.49713701 0
vt 0.179387033 0.592124343 0
vt 0.220652416 0.607484996 0
vt 0.198134437 0.611053109 0
vt 0.636385143 0.317438841 0
vt 0.632703483 0.30369696 0
vt 0.666395307 0.342832774 0
vt 0.640249968 0.351724625 0
vt 0.656179965 0.338782996 0
vt 0.210830703 0.558683157 0
vt 0.241860151 0.590092063 0
vt 0.818258107 0.151010871 0
vt 0.810206294 0.154325902 0
vt 0.802341938 0.147965521 0
vt 1.95289731 0.483467489 0
vt 1.95727849 0.424770206 0
vt 1.97228324 0.435264379 0
vt 0.620624363 0.306726933 0
vt 0.579794586 0.00721315155 0
vt 0.161143437 0.601066828 0
vt 0.148780838 0.550196469 0
vt 0.341732562 0.392939925 0
vt 0.335882455 0.368528306 0
vt 0.34981364 0.398413628 0
vt 0.329686135 0.503827274 0
vt 0.487321347 0.996027708 0
vt 0.469591647 0.977434516 0
vt 0.500850916 0.98282057 0
vt 0.921873868 0.947185278 0
vt 0.925532877 0.957455695 0
vt 0.904837549 0.975431383 0
vt 0.300382823 0.510826409 0
vt 0.172518194 0.608867168 0
vt 0.0268794801 0.858593881 0
vt 0.0201085992 0.937264442 0
vt 0.0214644894 0.896146297 0
vt 0.904224873 0.985872567 0
vt 0.62958318 0.349146575 0
vt 0.642568767 0.340078235 0
vt 1.42909229 0.551289618 0
vt 1.44013 0.542446613 0
vt 1.43932962 0.562763274 0
vt 1.88926351 0.664943874 0
vt 1.87269139 0.67383039 0
vt 1.89966393 0.668434918 0
vt 0.215913951 0.624395251 0
vt 1.44433534 0.594343781 0
vt 1.4287076 0.590468347 0
vt 1.4611901 0.582412302 0
vt 0.690007031 0.339401007 0
vt 0.486449778 0.498320758 0
vt 0.480049342 0.478182077 0
vt 0.492384642 0.484797835 0
vt 0.198312402 0.610342026 0
vt 0.1847727 0.620115459 0
vt 0.940777719 0.916880131 0
vt 0.120169662 0.486755937 0
vt 0.673825264 0.102411397 0
vt 0.672961235 0.109423764 0
vt 0.659707427 0.0977808014 0
vt 0.134337902 0.522559881 0
vt 0.736284912 0.303508937 0
vt 0.727658272 0.300807625 0
vt 0.732039332 0.29320848 0
vt 0.131288186 0.513209701 0
vt 0.436844528 0.982023895 0
vt 0.928636312 0.926102757 0
vt 0.239170477 0.220127165 0
vt 0.240391925 0.203449816 0
vt 0.259896815 0.214342222 0
vt 1.95735908 0.361166894 0
vt 1.95246947 0.386328906 0
vt 0.4649297 0.997617602 0
vt 1.97340822 0.466077715 0
vt 0.806757987 0.218071938 0
vt 0.807264566 0.223093107 0
vt 0.799851298 0.221841902 0
vt 0.166764319 0.547614455 0
vt 0.146056294 0.504376292 0
vt 0.190840796 0.546708226 0
vt 0.326420248 0.57404685 0
vt 0.402614772 0.152506977 0
vt 0.396560907 0.150573954 0
vt 0.414056003 0.15726842 0
vt 0.102501556 0.473296702 0
vt 0.0958257169 0.473555923 0
vt 0.0863631293 0.433945835 0
vt 0.194674 0.555957437 0
vt 0.335143149 0.956956744 0
vt 0.94106859 0.891642153 0
vt 0.9510113 0.879084587 0
vt 1.8215543 0.841312885 0
vt 1.7987746 0.832881391 0
vt 1.82460165 0.826117754 0
vt 0.995270669 0.251096964 0
vt 0.991728663 0.240345731 0
vt 0.99688226 0.243031099 0
vt 0.271090239 0.625707388 0
vt 0.128701717 0.490458608 0
vt 1.0957396 0.825702548 0
vt 1.09982383 0.813879192 0
vt 1.10618162 0.823963106 0
vt 0.170476153 0.556717217 0
vt 1.98041379 0.387962848 0
vt 0.356516719 0.954231143 0
vt 0.183717951 0.508273959 0
vt 0.207141563 0.549602091 0
vt 1.76914608 0.889810205 0
vt 1.76266992 0.888172209 0
vt 1.73100972 0.784913182 0
vt 1.75697505 0.80715847 0
vt 1.73590362 0.793811798 0
vt 1.41960704 0.615203142 0
vt 0.385496527 0.572522283 0
vt 0.341085583 0.571540058 0
vt 1.74287629 0.724348366 0
vt 1.73858666 0.706623375 0
vt 1.75208962 0.700713933 0
vt 1.69903123 0.828273654 0
vt 1.72450256 0.842014134 0
vt 1.70784032 0.848641932 0
vt 0.163330987 0.560657442 0
vt 1.76017678 0.710326374 0
vt 0.759890497 0.453645349 0
vt 0.751514852 0.457538754 0
vt 0.750258446 0.435692072 0
vt 0.159375861 0.55166024 0
vt 0.770774305 0.54846096 0
vt 0.758523285 0.54849875 0
vt 0.770458221 0.537933588 0
vt 1.77285016 0.863384426 0
vt 0.359804511 0.963279903 0
vt 0.341653258 0.377156556 0
vt 1.95836079 0.395882934 0
vt 1.95322359 0.409544259 0
vt 0.397958875 0.199294955 0
vt 0.387031525 0.208312184 0
vt 0.387854844 0.199316427 0
vt 1.06128109 0.833497703 0
vt 1.09002817 0.816196024 0
vt 0.362607837 0.238586366 0
vt 0.235217705 0.254463822 0
vt 0.212628111 0.247996286 0
vt 0.23588489 0.247191921 0
vt 1.05112302 0.818394899 0
vt 1.07803285 0.497259259 0
vt 1.09554434 0.50166446 0
vt 0.972543657 0.980205297 0
vt 0.976709664 0.975032985 0
vt 1.79599977 0.810987175 0
vt 1.79946101 0.800975025 0
vt 1.80945325 0.793536544 0
vt 0.625196457 0.201652765 0
vt 0.605050743 0.197823346 0
vt 0.607107162 0.189143687 0
vt 0.346762747 0.582915127 0
vt 0.334714115 0.0442144275 0
vt 0.348539948 0.0426135771 0
vt 0.363578349 0.0453294441 0
vt 1.74753821 0.688036263 0
vt 0.299577177 0.507604063 0
vt 0.302458912 0.496589601 0
vt 0.305427253 0.504149079 0
vt 0.318177044 0.46200636 0
vt 0.318339378 0.457752705 0
vt 0.324427843 0.450636387 0
vt 0.0801192671 0.728448391 0
vt 0.0799448937 0.722691655 0
vt 0.081781961 0.725746155 0
vt 1.09016562 0.816943228 0
vt 0.391838133 0.610723138 0
vt 0.386072546 0.607078314 0
vt 0.389292687 0.596111119 0
vt 0.653548062 0.491745383 0
vt 0.647342682 0.478244007 0
vt 0.654131532 0.476490766 0
vt 1.79744244 0.812342942 0
vt 1.82021797 0.819517016 0
vt 1.10836494 0.492245793 0
vt 0.0340065844 0.458155245 0
vt 0.0438140519 0.447759926 0
vt 0.0412118174 0.459224641 0
vt 0.647956252 0.466791689 0
vt 0.278546631 0.24130787 0
vt 0.249485478 0.246835887 0
vt 0.273690075 0.220838577 0
vt 1.77057052 0.719998062 0
vt 1.05629623 0.838310301 0
vt 1.0503844 0.826713085 0
vt 0.374586314 0.965153396 0
vt 0.407329321 0.150736645 0
vt 0.403278232 0.148543864 0
vt 0.418186963 0.142697155 0
vt 0.52082932 0.1821298 0
vt 0.50701654 0.192784145 0
vt 0.511841536 0.178676531 0
vt 0.891300201 0.536690652 0
vt 0.882514596 0.560134113 0
vt 0.88490361 0.534614563 0
vt 1.47498453 0.816885471 0
vt 1.46567678 0.804484367 0
vt 0.24156642 0.232725143 0
vt 1.43298995 0.331442147 0
vt 1.42971838 0.322419614 0
vt 0.809244692 0.217798486 0
vt 0.822126865 0.223067999 0
vt 0.813274801 0.232820958 0
vt 1.40023923 0.816743016 0
vt 1.40574026 0.794409454 0
vt 1.04343736 0.831895649 0
vt 1.04949427 0.840661287 0
vt 1.03894949 0.850431323 0
vt 1.11142135 0.499984711 0
vt 0.509453893 0.496123016 0
vt 0.509179711 0.491755635 0
vt 0.53315556 0.51096034 0
vt 1.39882028 0.810382605 0
vt 1.42200804 0.324876219 0
vt 1.39284086 0.833484948 0
vt 1.3980751 0.811433375 0
vt 0.626245141 0.404245973 0
vt 0.622479439 0.416095674 0
vt 0.61676228 0.398290604 0
vt 0.657299936 0.261477292 0
vt 0.654626667 0.252472639 0
vt 0.668598771 0.255836457 0
vt 0.0428210646 0.529689074 0
vt 0.0503629036 0.540318429 0
vt 0.0471275896 0.561346769 0
vt 1.74888003 0.850331128 0
vt 1.72376835 0.854921997 0
vt 1.73220336 0.835751712 0
vt 0.623522639 0.452318698 0
vt 0.628297746 0.438100815 0
vt 0.63517797 0.44545871 0
vt 0.958534896 0.330985844 0
vt 0.938557267 0.33499372 0
vt 0.945143342 0.331099063 0
vt 1.44788384 0.327474445 0
vt 0.335085124 0.970346391 0
vt 0.338746011 0.986893892 0
vt 0.301209301 0.958495259 0
vt 0.0815592781 0.722796023 0
vt 1.76695406 0.813786387 0
vt 1.74579263 0.767915666 0
vt 1.77693808 0.798019469 0
vt 0.821782231 0.235904545 0
vt 0.355558157 0.299419165 0
vt 0.359666914 0.309021235 0
vt 0.343714267 0.304361612 0
vt 0.804249942 0.730645895 0
vt 0.798228264 0.705154955 0
vt 0.804290891 0.73092711 0
vt 1.55857253 0.883802056 0
vt 1.55124676 0.863949418 0
vt 1.56611848 0.884202957 0
vt 0.772171855 0.439350873 0
vt 0.758740842 0.442057699 0
vt 0.757578909 0.430598438 0
vt 0.357578039 0.359149545 0
vt 0.479642659 0.431900114 0
vt 0.493479431 0.460509539 0
vt 0.477634668 0.431575567 0
vt 0.398378551 0.187376931 0
vt 0.391656101 0.187262952 0
vt 0.392188489 0.183161736 0
vt 0.740195632 0.3931683 0
vt 0.744908988 0.387775213 0
vt 0.751515448 0.396478236 0
vt 1.90123808 0.70630914 0
vt 0.320492655 0.473314524 0
vt 0.300662756 0.471070498 0
vt 0.343252152 0.461746275 0
vt 0.378759116 0.64949131 0
vt 0.376514196 0.648616135 0
vt 0.374857068 0.627928138 0
vt 0.0802807286 0.27187112 0
vt 0.0953444019 0.275155604 0
vt 0.0826169029 0.280059159 0
vt 0.500648201 0.471965373 0
vt 0.491662949 0.180587977 0
vt 0.506881416 0.179168209 0
vt 0.25012219 0.459635466 0
vt 0.229867831 0.48477298 0
vt 0.247283429 0.459686369 0
vt 1.57511914 0.842253208 0
vt 1.56631267 0.870254219 0
vt 1.57129264 0.840880692 0
vt 0.492332041 0.473632753 0
vt 1.92927837 0.704349577 0
vt 0.556584895 0.363179952 0
vt 0.570114613 0.361742437 0
vt 0.565666974 0.367492884 0
vt 0.484908193 0.188855112 0
vt 0.492850572 0.167307943 0
vt 0.917018294 0.714089155 0
vt 0.916675806 0.719070852 0
vt 0.915112019 0.713495255 0
vt 0.993548214 0.194704145 0
vt 0.972063661 0.200408489 0
vt 0.991984248 0.186920807 0
vt 0.370323151 0.287600309 0
vt 0.357753515 0.292841583 0
vt 0.361186355 0.283785999 0
vt 0.0656091496 0.563536406 0
vt 0.061486356 0.578955829 0
vt 0.0555525199 0.538571715 0
vt 0.711664319 0.326435328 0
vt 0.715266228 0.322567821 0
vt 0.720169365 0.321526945 0
vt 1.40168869 0.821700215 0
vt 1.76556766 0.830176771 0
vt 1.76433647 0.844457209 0
vt 1.75891542 0.826421261 0
vt 0.72784692 0.289907068 0
vt 0.731904149 0.272447169 0
vt 0.742739618 0.273984998 0
vt 0.638219714 0.392924994 0
vt 0.636655986 0.389812052 0
vt 0.641954541 0.395420521 0
vt 0.814184427 0.49432525 0
vt 0.825401545 0.473074079 0
vt 0.816428125 0.494090348 0
vt 0.359702259 0.68352896 0
vt 0.364311516 0.682815969 0
vt 0.365401238 0.688012183 0
vt 0.234633908 0.513256252 0
vt 1.43374228 0.577142775 0
vt 1.44413364 0.573229492 0
vt 1.39652026 0.83929795 0
vt 0.0861782953 0.288152844 0
vt 0.749096334 0.566340923 0
vt 0.753432989 0.561447144 0
vt 0.755088031 0.574771345 0
vt 0.0670217425 0.572721541 0
vt 1.56404448 0.901477993 0
vt 0.140003458 0.607401431 0
vt 0.138395905 0.628724396 0
vt 0.133336708 0.627523661 0
vt 0.375685096 0.304982334 0
vt 0.166144162 0.577750981 0
vt 0.171736449 0.582447648 0
vt 0.16827257 0.5868994 0
vt 1.75029886 0.816082478 0
vt 1.74552369 0.832515776 0
vt 1.73616421 0.815615892 0
vt 0.00552851055 0.692730367 0
vt 0.00110968226 0.694459319 0
vt 0.00246701157 0.676012993 0
vt 1.50809169 0.810946524 0
vt 1.49554574 0.802436233 0
vt 1.51121581 0.801701605 0
vt 0.362396121 0.431108832 0
vt 0.370308042 0.438774765 0
vt 0.363653868 0.443814814 0
vt 1.87646258 0.698511004 0
vt 0.764754295 0.422353387 0
vt 0.770702124 0.43535462 0
vt 0.370632589 0.319036901 0
vt 0.301954955 0.493013471 0
vt 1.56794536 0.906942844 0
vt 1.85848439 0.707528055 0
vt 0.362352401 0.675480306 0
vt 0.735034168 0.2727606 0
vt 0.550399482 0.351702303 0
vt 0.556318104 0.341391385 0
vt 1.74659967 0.806199849 0
vt 0.991616249 0.167629763 0
vt 0.315185368 0.958543062 0
vt 0.132566869 0.681377411 0
vt 0.130708069 0.677558541 0
vt 0.128093198 0.667598844 0
vt 0.315677941 0.699752808 0
vt 0.306775749 0.699140549 0
vt 0.316638917 0.694174528 0
vt 1.74946964 0.849587262 0
vt 0.977777779 0.161517948 0
vt 1.47057867 0.821067452 0
vt 0.855830014 0.152584836 0
vt 0.849836767 0.158687279 0
vt 0.8442294 0.15356414 0
vt 0.939782739 0.189476758 0
vt 0.952619493 0.175054312 0
vt 0.562024772 0.37542516 0
vt 1.75492203 0.869971454 0
vt 0.629813671 0.325866967 0
vt 0.593649089 0.31752491 0
vt 0.595300138 0.308518857 0
vt 0.955373943 0.240462646 0
vt 0.988198221 0.207516745 0
vt 0.335883558 0.359334081 0
vt 1.49717867 0.758711696 0
vt 1.50700796 0.754611671 0
vt 1.51364207 0.766491175 0
vt 0.636873543 0.0271355286 0
vt 0.614844978 0.0328322314 0
vt 0.606324196 0.0227433927 0
vt 0.975526452 0.386101931 0
vt 0.97047025 0.375763774 0
vt 0.985876679 0.379978567 0
vt 0.988907814 0.219602868 0
vt 0.967243075 0.236733422 0
vt 0.985609114 0.371390581 0
vt 0.993639171 0.367312193 0
vt 1.73738694 0.87349683 0
vt 0.358387709 0.311051518 0
vt 0.370560169 0.321415514 0
vt 0.35373196 0.321410567 0
vt 1.54451144 0.807793915 0
vt 1.53763568 0.812094927 0
vt 1.55151117 0.786163032 0
vt 0.310292333 0.137552857 0
vt 0.316937953 0.126115501 0
vt 0.325968504 0.132699057 0
vt 0.361070096 0.0525439903 0
vt 0.341495842 0.0653734282 0
vt 0.347519279 0.0523644313 0
vt 0.327588201 0.0558131225 0
vt 1.34701467 0.858201921 0
vt 1.81970513 0.818554521 0
vt 1.83879113 0.799506187 0
vt 1.68985689 0.858906627 0
vt 0.287186235 0.521555603 0
vt 0.768321931 0.450747132 0
vt 0.76625067 0.469866216 0
vt 0.760852098 0.462837785 0
vt 0.242197007 0.0691205189 0
vt 0.228126377 0.067868568 0
vt 0.243777767 0.0622485653 0
vt 0.5929389 0.138367653 0
vt 0.601139963 0.161724836 0
vt 0.565272093 0.150677159 0
vt 0.75251174 0.455123037 0
vt 0.102273203 0.349070013 0
vt 0.0872717574 0.333314657 0
vt 0.103545114 0.333627135 0
vt 0.08548823 0.351181179 0
vt 1.82735157 0.681223273 0
vt 1.84692001 0.671765447 0
vt 0.630909741 0.00979110692 0
vt 0.620566249 0.00700954115 0
vt 0.38827616 0.182470426 0
vt 0.144603074 0.219062999 0
vt 0.133736297 0.187179729 0
vt 0.481245875 0.532322288 0
vt 0.496931314 0.519981742 0
vt 0.495650947 0.533710361 0
vt 1.83095729 0.834298193 0
vt 1.83024108 0.85130322 0
vt 0.44028312 0.991662383 0
vt 1.53714466 0.775051236 0
vt 1.54947639 0.775345922 0
vt 0.245411754 0.607279301 0
vt 0.0145046907 0.470153183 0
vt 0.0220816266 0.454113632 0
vt 0.0243363157 0.462543219 0
vt 0.732196033 0.391944796 0
vt 0.720317543 0.397216082 0
vt 0.716299295 0.388305783 0
vt 0.242165625 0.547579825 0
vt 0.273789167 0.538680971 0
vt 0.269101948 0.559993804 0
vt 0.372796893 0.186621904 0
vt 0.613967776 0.355144858 0
vt 1.80414999 0.686146438 0
vt 1.80866373 0.678043187 0
vt 1.79909801 0.8331846 0
vt 1.81618631 0.849488974 0
vt 1.53810453 0.759623051 0
vt 0.322664142 0.0668404773 0
vt 0.600350738 0.355402648 0
vt 0.139617592 0.984076262 0
vt 0.132932916 0.988968253 0
vt 0.409688115 0.952946067 0
vt 0.390423119 0.956571341 0
vt 0.393485129 0.944146037 0
vt 1.79791915 0.837063015 0
vt 1.43334448 0.82645452 0
vt 1.43043971 0.790656805 0
vt 1.45074213 0.802807808 0
vt 1.79337311 0.80752027 0
vt 1.79123592 0.791662455 0
vt 1.80222213 0.798738539 0
vt 1.82941341 0.786294758 0
vt 0.94817698 0.702679038 0
vt 0.947025239 0.681209505 0
vt 0.95758158 0.699380457 0
vt 0.574462891 0.348053724 0
vt 0.580666125 0.340240061 0
vt 0.595179081 0.360720098 0
vt 1.32476962 0.864753246 0
vt 1.31721365 0.873895943 0
vt 1.32372963 0.863729894 0
vt 0.221642092 0.194465473 0
vt 0.250051558 0.185612291 0
vt 0.549564779 0.0130432677 0
vt 0.558380723 0.0173607897 0
vt 0.543637693 0.0143796038 0
vt 0.385154486 0.167130306 0
vt 0.15362452 0.0123044252 0
vt 0.153425843 0.00663230335 0
vt 0.184452415 0.0112929307 0
vt 0.332467288 0.130760804 0
vt 1.77553058 0.69066608 0
vt 0.746680021 0.392698824 0
vt 0.754889727 0.393781215 0
vt 0.74911797 0.404078603 0
vt 0.0833537802 0.23879227 0
vt 0.140282124 0.225287065 0
vt 0.173359051 0.111758195 0
vt 0.1796619 0.109015122 0
vt 0.187970802 0.116417162 0
vt 0.31148085 0.0351547301 0
vt 0.273512781 0.571479917 0
vt 0.267626405 0.559693515 0
vt 0.277332336 0.560621738 0
vt 0.488181263 0.315029293 0
vt 0.496381581 0.300029993 0
vt 0.497630596 0.310324192 0
vt 0.212278545 0.236966506 0
vt 0.224715233 0.242873445 0
vt 0.919721901 0.425386935 0
vt 0.912896454 0.421939135 0
vt 0.922275484 0.415385813 0
vt 0.486479402 0.459983408 0
vt 0.284013331 0.576468766 0
vt 0.320115179 0.396508425 0
vt 0.319164723 0.390096009 0
vt 0.339013815 0.394304454 0
vt 0.523658395 0.215162486 0
vt 0.521887004 0.221006542 0
vt 0.432163566 0.0189548153 0
vt 0.422899753 0.0225901809 0
vt 0.423416615 0.0182582419 0
vt 0.43706134 0.0199200213 0
vt 0.318637073 0.405745476 0
vt 0.326696187 0.416291147 0
vt 0.832208216 0.142717794 0
vt 0.830287397 0.150713533 0
vt 0.475296915 0.520092368 0
vt 0.498689055 0.501743317 0
vt 0.258912086 0.0931602046 0
vt 0.2723113 0.0873487443 0
vt 0.276294917 0.0932417586 0
vt 0.263215691 0.611821532 0
vt 0.26324445 0.619573712 0
vt 0.248804525 0.614704967 0
vt 0.511694372 0.177843198 0
vt 0.501960218 0.166116029 0
vt 1.00308061 0.817186415 0
vt 1.02049851 0.819718361 0
vt 1.01882482 0.831186771 0
vt 0.804948211 0.192611486 0
vt 0.795239449 0.185119346 0
vt 0.798839092 0.18551226 0
vt 0.792072952 0.19114019 0
vt 0.522105455 0.479600191 0
vt 0.518129051 0.486852288 0
vt 0.511243224 0.477223754 0
vt 0.0346596017 0.184610531 0
vt 0.0523148775 0.186266884 0
vt 0.0387944058 0.194829255 0
vt 0.316220015 0.396777064 0
vt 0.932368755 0.215320006 0
vt 0.944138944 0.224041089 0
vt 0.942700863 0.231673792 0
vt 0.320385784 0.565977514 0
vt 0.319373876 0.57771337 0
vt 0.302538097 0.561083734 0
vt 0.339525342 0.0612001456 0
vt 0.344424933 0.0711713806 0
vt 0.333825529 0.0795757994 0
vt 0.0795408487 0.693238199 0
vt 0.0774799362 0.656165242 0
vt 0.0823070705 0.66342169 0
vt 1.77985823 0.790311456 0
vt 1.78948927 0.791771591 0
vt 1.52721 0.819880307 0
vt 1.71526718 0.867399573 0
vt 0.932037532 0.414791018 0
vt 0.929924607 0.402651221 0
vt 0.933014572 0.413976997 0
vt 0.0116771422 0.661887407 0
vt 0.00504679698 0.652689993 0
vt 0.0156990197 0.657681286 0
vt 0.786891401 0.0200818721 0
vt 0.755310237 0.0226264652 0
vt 0.745529175 0.0130380318 0
vt 0.413916349 0.944507837 0
vt 0.242857322 0.251536548 0
vt 0.506263435 0.237697318 0
vt 0.497392684 0.227361158 0
vt 0.513262868 0.222946778 0
vt 1.78189838 0.822813869 0
vt 1.02715623 0.836731732 0
vt 1.01172769 0.840311289 0
vt 1.01776481 0.834981799 0
vt 0.503391147 0.49445942 0
vt 0.502435327 0.498426259 0
vt 0.498444498 0.489809036 0
vt 0.499067724 0.504813313 0
vt 0.742886901 0.442354858 0
vt 1.40695596 0.602678418 0
vt 1.40239036 0.612530172 0
vt 1.39900553 0.5973472 0
vt 0.547797263 0.238069177 0
vt 0.535970867 0.235705882 0
vt 0.552603245 0.231035262 0
vt 0.911475539 0.321983248 0
vt 0.880945861 0.327354699 0
vt 0.888440073 0.315225393 0
vt 0.417897046 0.970270336 0
vt 0.517913878 0.198827356 0
vt 0.957358837 0.483161658 0
vt 0.947899699 0.468767434 0
vt 0.96310842 0.480981767 0
vt 0.0991769657 0.484621793 0
vt 0.110199742 0.46601823 0
vt 0.108535036 0.481438071 0
vt 0.340387791 0.0458290651 0
vt 0.319694668 0.048537422 0
vt 0.334299743 0.040530961 0
vt 0.154970884 0.422289431 0
vt 0.153103307 0.405291378 0
vt 0.1665335 0.40768674 0
vt 0.509968996 0.170127451 0
vt 0.523836017 0.170936406 0
vt 0.518322647 0.177693799 0
vt 0.0599160641 0.120461233 0
vt 0.0705581307 0.117504321 0
vt 0.0542587005 0.122231133 0
vt 0.438852131 0.0218108464 0
vt 1.40871787 0.591033638 0
vt 0.199556366 0.434151918 0
vt 0.199291572 0.424318701 0
vt 0.207747668 0.419256598 0
vt 0.695549071 0.408031136 0
vt 0.686782718 0.40173173 0
vt 0.690528035 0.394865215 0
vt 0.944656789 0.443306416 0
vt 0.950989723 0.43697387 0
vt 0.949239314 0.451863706 0
vt 0.0306068324 0.189871922 0
vt 0.368956149 0.698490322 0
vt 0.36669594 0.690187097 0
vt 0.367446542 0.688171685 0
vt 0.302032143 0.165187657 0
vt 0.308685064 0.162354603 0
vt 0.319171697 0.177985683 0
vt 0.148772582 0.281893283 0
vt 0.143473998 0.283362865 0
vt 0.145640641 0.275167733 0
vt 0.601022899 0.181778312 0
vt 0.58807528 0.18644169 0
vt 0.0595022067 0.340883672 0
vt 0.0702239871 0.345407158 0
vt 0.0675376654 0.353137463 0
vt 0.476238161 0.317097306 0
vt 0.472229838 0.331065357 0
vt 0.463356704 0.318381786 0
vt 0.70298785 0.622029841 0
vt 0.707568169 0.615805805 0
vt 0.714912653 0.620092094 0
vt 0.709151089 0.623342216 0
vt 0.0152900871 0.646409273 0
vt 0.762243152 0.494812071 0
vt 0.766130924 0.508055985 0
vt 0.760617852 0.504351914 0
vt 0.307599485 0.611743569 0
vt 0.289815545 0.606432915 0
vt 0.305981934 0.601174712 0
vt 0.178111106 0.485343277 0
vt 0.172445282 0.476809978 0
vt 0.179965675 0.476256758 0
vt 0.305417746 0.615325689 0
vt 0.505496919 0.229216397 0
vt 0.520251513 0.237035364 0
vt 0.36877203 0.273815066 0
vt 0.360419303 0.2655828 0
vt 0.368565559 0.265542567 0
vt 0.897584438 0.282589346 0
vt 0.889782071 0.278813392 0
vt 0.91056639 0.242338419 0
vt 0.329398155 0.141342893 0
vt 0.331845254 0.136119172 0
vt 0.341467738 0.13105014 0
vt 0.407608926 0.96561259 0
vt 0.389187038 0.966707706 0
vt 0.390562534 0.956345797 0
vt 0.3495408 0.42074275 0
vt 0.335936517 0.421226025 0
vt 0.343618363 0.410627067 0
vt 0.962093294 0.159426197 0
vt 0.968528032 0.157696575 0
vt 0.961139619 0.166563615 0
vt 0.316208184 0.609323919 0
vt 0.314690739 0.607643545 0
vt 0.316935271 0.595238566 0
vt 0.457430661 0.966353059 0
vt 0.435320675 0.965882897 0
vt 0.438313425 0.959984243 0
vt 1.02833068 0.848162889 0
vt 0.251041621 0.351330638 0
vt 0.244614482 0.351793706 0
vt 0.243865371 0.345902473 0
vt 0.919823885 0.354509532 0
vt 0.918175101 0.367200136 0
vt 0.910327017 0.361548215 0
vt 0.750402391 0.518757522 0
vt 0.747409105 0.520240188 0
vt 0.741438746 0.515452862 0
vt 0.671169341 0.116887249 0
vt 0.660167277 0.114914551 0
vt 0.6482566 0.0969065651 0
vt 0.498611271 0.236038253 0
vt 0.644283175 0.117451847 0
vt 1.44727421 0.783844054 0
vt 0.0812069476 0.688582778 0
vt 0.408944041 0.971344352 0
vt 0.309049428 0.0758153051 0
vt 0.314176142 0.0650112405 0
vt 0.333677262 0.402041167 0
vt 1.43842185 0.571161926 0
vt 1.42495728 0.583141804 0
vt 1.42090881 0.567380309 0
vt 1.45214736 0.850136161 0
vt 1.44359779 0.843583345 0
vt 1.45544946 0.829240739 0
vt 0.573981702 0.02338125 0
vt 0.575631499 0.0172713902 0
vt 0.583612859 0.0166636258 0
vt 0.615109503 0.0737201199 0
vt 0.606613994 0.0776058212 0
vt 0.608139932 0.0627227277 0
vt 0.891611099 0.305367321 0
vt 0.34117353 0.135472313 0
vt 0.902711987 0.650693059 0
vt 0.907391012 0.641823292 0
vt 0.908862114 0.654956162 0
vt 0.253031224 0.0974964574 0
vt 0.411993325 0.0219765417 0
vt 0.410273105 0.01686568 0
vt 0.476666689 0.467713565 0
vt 0.463687599 0.344305277 0
vt 0.464340895 0.338138402 0
vt 0.733225703 0.312086254 0
vt 0.737860024 0.324282646 0
vt 0.718507111 0.315194905 0
vt 0.31564182 0.582434177 0
vt 0.511705935 0.189444885 0
vt 0.517586768 0.198812246 0
vt 0.296330869 0.588865221 0
vt 0.342422575 0.669177175 0
vt 0.332963586 0.681727409 0
vt 0.338478655 0.666841865 0
vt 0.477872223 0.306880504 0
vt 1.63326967 0.765282989 0
vt 1.6219101 0.78364253 0
vt 0.551469445 0.138200119 0
vt 0.562412381 0.144557476 0
vt 0.549610376 0.144937992 0
vt 0.375171781 0.348509789 0
vt 0.363783091 0.355954975 0
vt 0.372806698 0.348712415 0
vt 1.01142275 0.846406996 0
vt 0.878022194 0.25440979 0
vt 0.884438336 0.233067274 0
vt 0.00620175665 0.454326063 0
vt 0.00292386161 0.452103883 0
vt 0.00509603089 0.441709757 0
vt 0.705290914 0.673335612 0
vt 0.699067175 0.657313228 0
vt 0.711969614 0.661852002 0
vt 0.140247747 0.113049112 0
vt 0.161855116 0.117256299 0
vt 0.132566392 0.118350931 0
vt 0.291012466 0.62399143 0
vt 0.609986484 0.189348072 0
vt 0.615621448 0.0207550824 0
vt 0.614002883 0.0107186465 0
vt 1.40748584 0.638029695 0
vt 1.39949512 0.631785989 0
vt 1.45819795 0.820757449 0
vt 0.0139396917 0.451088816 0
vt 0.0159891825 0.458127111 0
vt 0.00174916862 0.465812206 0
vt 0.319157958 0.0429863706 0
vt 0.75486815 0.0148303481 0
vt 0.338583916 0.402843475 0
vt 0.317207366 0.596362889 0
vt 0.324089736 0.612681031 0
vt 1.43390942 0.577358544 0
vt 0.0723600835 0.137761399 0
vt 0.059035223 0.133349761 0
vt 0.0846823305 0.134220213 0
vt 0.581071317 0.189706102 0
vt 0.466252744 0.328874052 0
vt 0.09575627 0.333530128 0
vt 0.0868932605 0.323269188 0
vt 0.104278184 0.317202628 0
vt 0.56440264 0.151892424 0
vt 0.480731606 0.452108204 0
vt 0.47332105 0.45308724 0
vt 0.463176161 0.440857023 0
vt 0.509944618 0.502121329 0
vt 0.553822577 0.153158337 0
vt 0.566261113 0.153122142 0
vt 0.558193028 0.159807101 0
vt 0.0816431865 0.589858592 0
vt 0.0742141604 0.584444225 0
vt 0.069158636 0.553975642 0
vt 0.631723285 0.117087863 0
vt 0.915796757 0.0114394929 0
vt 0.923771739 0.00616515614 0
vt 0.937118709 0.01274087 0
vt 1.26134837 0.847678542 0
vt 1.2361834 0.848000526 0
vt 0.73778969 0.462448776 0
vt 0.73478961 0.413888544 0
vt 0.726068616 0.397387266 0
vt 0.731589735 0.402799159 0
vt 0.250271618 0.60283047 0
vt 0.263915509 0.579406142 0
vt 0.280114859 0.59075731 0
vt 0.972626567 0.00259954622 0
vt 0.993625402 0.00574660627 0
vt 0.982501209 0.0083885882 0
vt 1.48996711 0.771304548 0
vt 1.4864229 0.762078941 0
vt 1.84665072 0.78559792 0
vt 0.0431099012 0.657388985 0
vt 0.0411677249 0.648392916 0
vt 0.0508217141 0.652606726 0
vt 1.63872731 0.815725267 0
vt 1.44264853 0.763779759 0
vt 1.42772126 0.759440422 0
vt 0.938709021 0.0524534956 0
vt 0.937393248 0.0438359641 0
vt 0.958902121 0.0497683808 0
vt 0.966046751 0.473070621 0
vt 0.247902974 0.572469592 0
vt 0.493972957 0.0754165798 0
vt 0.481318593 0.0680251345 0
vt 0.510570288 0.0816779062 0
vt 0.981984377 0.00348628801 0
vt 0.0691814199 0.550420702 0
vt 0.463957816 0.975030959 0
vt 1.43195784 0.859611511 0
vt 1.41023386 0.886792183 0
vt 1.41944921 0.872374654 0
vt 0.543655753 0.365895003 0
vt 0.542800128 0.356142282 0
vt 0.553158045 0.368341953 0
vt 1.41149759 0.623684168 0
vt 1.6325742 0.792202592 0
vt 1.24810004 0.837398529 0
vt 1.26085424 0.839104891 0
vt 0.714164436 0.622441471 0
vt 0.710837722 0.622400343 0
vt 0.718012094 0.614351094 0
vt 0.737417996 0.387159377 0
vt 0.743391216 0.403488159 0
vt 0.0158241596 0.379957169 0
vt 0.0085660601 0.3806023 0
vt 0.00894761644 0.374297708 0
vt 0.238621786 0.499460816 0
vt 0.272769213 0.595548749 0
vt 0.365000725 0.191447645 0
vt 0.362380892 0.101343103 0
vt 0.349232137 0.104286097 0
vt 0.361753613 0.0970449522 0
vt 0.806647062 0.178829119 0
vt 0.81604135 0.167132661 0
vt 0.820871472 0.176038548 0
vt 0.0819480792 0.4433164 0
vt 0.0706948712 0.445201516 0
vt 0.0780126005 0.439321697 0
vt 0.470891118 0.334969282 0
vt 0.27592966 0.581608474 0
vt 0.293354124 0.595955193 0
vt 1.4181751 0.8841995 0
vt 0.158957824 0.130317807 0
vt 0.357096583 0.196046636 0
vt 0.090935342 0.315881014 0
vt 0.250678569 0.601742029 0
vt 1.77210319 0.782939136 0
vt 0.601638734 0.228771329 0
vt 0.588777304 0.22551173 0
vt 0.597098827 0.218143016 0
vt 0.884587824 0.287721366 0
vt 0.886646867 0.282116771 0
vt 0.294006884 0.0701518655 0
vt 0.286390841 0.0853257179 0
vt 0.275856107 0.0699718669 0
vt 1.6298027 0.799484432 0
vt 0.519503117 0.0834519789 0
vt 0.23739019 0.554102898 0
vt 0.118845321 0.49633339 0
vt 0.111943945 0.496161819 0
vt 0.111751005 0.487699568 0
vt 0.204378262 0.442073137 0
vt 0.201260179 0.441398233 0
vt 0.20494996 0.436415285 0
vt 0.278982639 0.629625022 0
vt 0.369442999 0.189614594 0
vt 0.374753416 0.186727315 0
vt 0.359920919 0.191135257 0
vt 0.848600626 0.214421079 0
vt 0.842077792 0.221628085 0
vt 0.833105385 0.215672567 0
vt 0.479407996 0.323973358 0
vt 0.267168939 0.63255024 0
vt 0.071586363 0.231396884 0
vt 0.0603442602 0.610896409 0
vt 0.0590721481 0.605294168 0
vt 0.0617217682 0.610583425 0
vt 0.360712469 0.106210753 0
vt 0.245372072 0.588569403 0
vt 1.46327817 0.809243739 0
vt 1.52321649 0.763764024 0
vt 1.52567279 0.747530401 0
vt 0.515660524 0.522019327 0
vt 0.946302831 0.392181486 0
vt 0.94802475 0.391794652 0
vt 0.946466565 0.395466298 0
vt 1.4630971 0.838997126 0
vt 1.90498376 0.711045802 0
vt 1.88693333 0.718292296 0
vt 1.89447522 0.712743998 0
vt 0.943927705 0.467716277 0
vt 0.940811753 0.459766775 0
vt 0.947419882 0.459814936 0
vt 0.0371786505 0.569618583 0
vt 0.0491791368 0.568606198 0
vt 0.640627801 0.385663986 0
vt 0.630940378 0.376071393 0
vt 0.639892399 0.378569305 0
vt 0.871775329 0.273357779 0
vt 0.712240636 0.629289448 0
vt 0.124901175 0.608187854 0
vt 0.120708391 0.606769443 0
vt 0.120942175 0.596613944 0
vt 0.3373124 0.664568186 0
vt 0.33605656 0.654450715 0
vt 0.343594551 0.665351391 0
vt 0.907762349 0.696117938 0
vt 0.904019356 0.696834862 0
vt 0.903969884 0.691658676 0
vt 1.46368194 0.828001201 0
vt 0.883592963 0.530762732 0
vt 0.887547553 0.517233253 0
vt 0.888812661 0.528568029 0
vt 0.380295455 0.634366274 0
vt 0.384948522 0.632438958 0
vt 0.390454739 0.638657212 0
vt 0.814308763 0.982344806 0
vt 0.815781474 0.973980784 0
vt 0.849122584 0.986234188 0
vt 0.878076553 0.216492906 0
vt 0.894252658 0.208816901 0
vt 0.896725535 0.217964649 0
vt 1.81978273 0.716097832 0
vt 1.49910462 0.789170504 0
vt 0.835008204 0.223390639 0
vt 1.93057716 0.405098438 0
vt 0.721447468 0.358608365 0
vt 0.726622641 0.373391241 0
vt 0.714555979 0.359270602 0
vt 0.233713031 0.54501009 0
vt 0.422442645 0.971883833 0
vt 0.988060594 0.395970196 0
vt 0.984610438 0.37946251 0
vt 0.997414768 0.389054745 0
vt 0.562052965 0.422148764 0
vt 0.557671249 0.41209814 0
vt 0.569563806 0.423207521 0
vt 0.101636507 0.11285992 0
vt 0.0961814597 0.130782217 0
vt 0.0930570662 0.124400564 0
vt 0.27685079 0.596767128 0
vt 1.45276618 0.784389257 0
vt 1.50653732 0.744836628 0
vt 0.565920472 0.416060537 0
vt 1.92231894 0.482392579 0
vt 0.0925763696 0.124789335 0
vt 1.46409512 0.824854136 0
vt 0.633966565 0.0236445609 0
vt 0.624462306 0.0231087394 0
vt 0.62593776 0.021614017 0
vt 0.332684696 0.389563322 0
vt 0.464068979 0.499598145 0
vt 0.473042935 0.48905468 0
vt 0.481188029 0.504241824 0
vt 0.467462301 0.493171334 0
vt 0.472749829 0.489605069 0
vt 1.94709766 0.444501311 0
vt 1.45758593 0.593039274 0
vt 0.555897534 0.927380741 0
vt 0.559449375 0.963255763 0
vt 0.284586579 0.484794259 0
vt 0.344372183 0.991854072 0
vt 0.254556984 0.981424868 0
vt 0.289583445 0.982613206 0
vt 0.800777495 0.141465753 0
vt 0.212693065 0.50156492 0
vt 1.94115567 0.493266165 0
vt 1.94701564 0.465759069 0
vt 1.84236193 0.717234373 0
vt 0.0511680692 0.532783568 0
vt 0.553346217 0.982609153 0
vt 0.406029761 0.992671132 0
vt 0.363131911 0.973442733 0
vt 0.863665104 0.976598263 0
vt 1.45487821 0.567846537 0
vt 0.161077961 0.213957042 0
vt 0.174790412 0.225310996 0
vt 0.151776135 0.217232093 0
vt 0.358016253 0.961289346 0
vt 0.344053 0.963769853 0
vt 0.284324497 0.48445183 0
vt 0.261985302 0.486894757 0
vt 0.261769235 0.522734344 0
vt 0.242011413 0.526773274 0
vt 0.238250628 0.546833277 0
vt 0.571685791 0.371747077 0
vt 0.230285645 0.220086291 0
vt 0.300514519 0.470413238 0
vt 0.402337253 0.977060735 0
vt 0.382807761 0.969980955 0
vt 0.280806124 0.512586474 0
vt 0.238836125 0.323559344 0
vt 0.245104536 0.313626736 0
vt 0.24762556 0.319374949 0
vt 0.118756823 0.966304243 0
vt 0.273268282 0.112067945 0
vt 0.0537356362 0.340034425 0
vt 0.0696439594 0.335936338 0
vt 0.063704595 0.349365145 0
vt 0.559193373 0.332912445 0
vt 0.207869619 0.989327013 0
vt 0.643388033 0.341073126 0
vt 0.640582919 0.32944724 0
g biely_cln_u2_v1_group
usemtl boatMaterial
f 2/1 6/2 3/3
f 2/4 4/5 21/6
f 33/10 34/11 16/12
f 2/1 44/16 45/17
f 51/18 30/19 52/20
f 42/24 41/25 57/26
f 58/27 47/28 59/29
f 15/30 4/31 2/1
f 56/32 57/33 41/25
f 60/34 61/35 33/10
f 62/36 63/37 42/24
f 62/36 42/24 57/26
f 14/38 6/2 65/39
f 27/45 56/32 21/46
f 31/47 11/48 24/49
f 69/53 7/54 37/55
f 32/58 12/59 11/48
f 20/60 72/61 73/62
f 74/63 29/64 19/65
f 9/66 20/60 67/67
f 19/65 29/64 30/71
f 75/72 76/73 77/74
f 4/31 15/30 5/86
f 31/47 36/87 32/58
f 20/89 70/90 72/91
f 90/92 27/93 18/94
f 14/38 3/3 6/2
f 1/98 15/30 2/1
f 48/99 59/29 47/28
f 35/112 13/113 14/38
f 27/93 54/114 68/115
f 39/116 14/38 94/117
f 65/39 6/2 45/17
f 76/73 87/124 77/74
f 61/35 34/11 33/10
f 48/99 43/131 59/29
f 110/138 73/139 108/140
f 97/141 19/65 30/71
f 1/98 2/1 3/3
f 50/142 93/143 49/144
f 106/150 72/91 105/151
f 109/160 126/161 121/162
f 35/112 14/38 39/116
f 4/5 27/163 21/6
f 4/5 28/164 27/163
f 74/63 100/165 29/64
f 74/63 19/65 111/166
f 9/167 111/166 19/65
f 9/167 119/168 111/166
f 110/138 106/150 105/151
f 50/142 126/161 109/160
f 135/195 136/196 137/197
f 134/205 73/139 109/160
f 105/151 72/91 63/210
f 40/218 16/219 35/112
f 18/220 28/164 5/221
f 147/222 18/220 5/221
f 30/19 100/223 52/20
f 93/143 50/142 105/151
f 29/224 100/223 30/19
f 4/5 5/221 28/164
f 35/112 16/219 66/226
f 108/227 106/150 110/138
f 11/48 12/59 26/228
f 109/160 110/138 50/142
f 9/167 125/238 119/168
f 52/20 100/223 92/248
f 83/261 75/262 77/263
f 70/90 63/210 72/91
f 65/278 163/279 159/280
f 159/285 168/286 169/287
f 44/16 2/1 46/289
f 50/142 110/138 105/151
f 175/293 61/35 60/34
f 64/294 90/92 172/295
f 138/302 139/303 67/67
f 11/48 31/47 32/58
f 159/285 179/310 168/286
f 51/18 52/20 89/312
f 162/319 94/320 161/321
f 164/325 30/19 51/18
f 161/321 184/329 60/330
f 161/321 60/330 171/331
f 164/325 163/279 30/19
f 173/337 149/338 172/295
f 185/346 164/325 89/312
f 65/353 159/285 167/354
f 91/355 128/356 158/357
f 38/374 43/375 151/376
f 40/386 35/112 39/116
f 33/10 171/390 60/34
f 164/325 51/18 89/312
f 166/402 63/37 62/36
f 138/410 149/338 181/411
f 108/419 73/62 72/61
f 134/420 67/67 73/62
f 90/92 64/294 53/424
f 158/357 156/435 91/355
f 18/94 23/436 90/92
f 45/17 6/2 2/1
f 91/355 156/435 176/442
f 33/10 16/12 171/390
f 67/67 20/60 73/62
f 94/320 162/319 39/443
f 97/444 45/445 103/446
f 45/17 30/71 65/39
f 41/25 21/46 56/32
f 16/12 40/447 171/390
f 91/448 176/449 75/262
f 7/453 69/454 11/455
f 151/456 102/457 38/458
f 26/228 43/131 11/48
f 97/141 30/71 45/467
f 165/468 164/325 185/346
f 163/469 165/470 160/471
f 93/143 91/355 49/144
f 43/375 38/374 11/455
f 7/54 38/458 102/457
f 160/473 179/474 159/280
f 181/481 173/482 177/483
f 93/143 128/356 91/355
f 140/484 17/485 177/486
f 24/490 11/455 69/454
f 167/354 161/321 94/320
f 65/278 30/19 163/279
f 159/280 163/279 160/473
f 54/114 90/92 53/424
f 95/497 76/73 75/72
f 18/94 17/498 23/436
f 43/375 48/502 151/376
f 59/29 26/228 58/27
f 11/455 38/374 7/453
f 105/151 63/210 93/143
f 91/448 75/262 83/261
f 159/285 161/321 167/354
f 103/446 42/24 63/37
f 22/511 37/55 7/54
f 164/325 165/468 163/279
f 41/513 42/514 2/4
f 41/513 2/4 21/6
f 181/481 149/518 173/482
f 26/228 59/29 43/131
f 54/114 27/93 90/92
f 169/287 161/321 159/285
f 103/446 63/37 97/521
f 8/528 7/54 102/457
f 19/65 20/529 9/167
f 3/3 14/38 13/113
f 189/530 17/485 140/484
f 185/346 89/312 190/531
f 194/542 37/543 189/530
f 197/545 47/546 198/547
f 47/28 58/27 198/551
f 48/99 47/28 207/564
f 222/565 208/566 223/567
f 220/568 196/569 75/72
f 80/573 48/99 207/564
f 223/577 208/578 204/579
f 212/580 204/579 208/578
f 204/581 195/582 215/583
f 219/584 224/585 195/582
f 226/586 215/583 195/582
f 211/587 34/11 61/35
f 206/589 213/590 205/591
f 219/584 201/601 210/602
f 195/582 200/603 201/601
f 47/546 197/545 207/609
f 226/586 195/582 224/585
f 195/582 217/611 200/603
f 206/589 220/613 176/449
f 213/616 197/545 218/617
f 58/27 217/618 198/551
f 197/545 213/616 206/619
f 218/617 197/545 195/582
f 204/581 215/583 223/620
f 217/621 201/622 200/603
f 75/72 196/569 95/623
f 213/590 218/628 227/629
f 213/590 227/629 205/591
f 196/630 220/613 206/589
f 205/591 227/629 199/631
f 202/636 208/566 216/637
f 218/628 195/638 204/579
f 198/547 217/611 195/582
f 196/630 206/589 205/591
f 227/629 218/628 204/579
f 195/582 197/545 198/547
f 219/584 195/582 201/601
f 220/613 75/262 176/449
f 232/647 231/648 228/649
f 237/650 234/651 233/652
f 240/653 241/654 242/655
f 243/656 239/657 190/531
f 240/653 252/658 250/659
f 258/660 165/468 239/657
f 124/675 190/531 89/312
f 282/676 283/677 247/678
f 278/687 169/287 168/286
f 239/657 185/346 190/531
f 242/655 305/702 240/653
f 315/703 316/704 238/705
f 314/711 318/712 317/713
f 321/716 322/717 323/718
f 293/723 270/724 295/725
f 229/740 269/741 230/742
f 238/747 309/748 301/749
f 329/752 233/753 338/754
f 328/762 348/763 237/650
f 185/346 239/657 165/468
f 234/651 237/650 236/764
f 338/754 233/753 313/777
f 317/784 318/712 304/785
f 237/650 233/652 328/762
f 169/287 184/329 161/321
f 258/787 160/471 165/470
f 237/650 250/788 238/705
f 236/789 237/790 244/791
f 231/794 251/795 238/796
f 233/753 257/800 313/777
f 124/675 243/656 190/531
f 313/804 344/805 351/806
f 294/808 281/809 169/287
f 184/329 281/809 254/810
f 169/287 281/809 184/329
f 313/804 351/806 241/654
f 257/821 236/789 303/822
f 296/829 333/830 295/831
f 366/832 347/833 292/834
f 246/835 366/832 292/834
f 287/841 312/842 335/843
f 314/711 317/713 304/849
f 332/850 345/851 295/725
f 236/789 244/791 303/822
f 390/865 308/866 354/867
f 293/868 335/843 312/842
f 371/879 245/880 335/843
f 308/866 355/882 354/867
f 229/740 296/829 295/831
f 346/893 409/894 388/895
f 239/657 243/656 346/893
f 160/471 258/787 179/919
f 257/926 344/805 313/804
f 319/952 409/894 346/893
f 238/796 251/795 244/791
f 313/804 241/654 338/955
f 238/796 244/791 237/790
f 401/959 239/657 346/893
f 245/880 287/841 335/843
f 423/960 292/834 318/712
f 427/971 429/972 262/973
f 401/959 346/893 388/895
f 445/987 444/988 448/989
f 241/654 240/653 250/659
f 298/993 433/994 434/995
f 232/647 256/1001 251/1002
f 371/879 335/843 445/1003
f 308/866 284/1007 245/880
f 429/1008 316/704 315/703
f 137/197 437/1014 436/1015
f 365/1019 431/1020 367/1021
f 461/1031 373/1032 370/1033
f 452/1034 436/1015 437/1014
f 283/677 366/832 247/678
f 295/831 269/741 229/740
f 348/763 238/705 250/788
f 460/1038 461/1031 290/1039
f 461/1031 370/1033 290/1043
f 448/989 409/894 457/1046
f 252/658 361/1047 309/748
f 452/1034 437/1014 471/1048
f 444/1053 334/1054 409/1055
f 433/994 446/1060 434/1061
f 249/1063 455/1064 463/1065
f 369/1066 426/1067 472/1068
f 340/1069 341/1070 294/808
f 336/1074 283/677 282/676
f 455/1064 282/1078 464/1079
f 460/1038 463/1080 461/1031
f 319/952 457/1046 409/894
f 431/1020 365/1019 364/1081
f 353/1082 358/1083 369/1066
f 248/1084 352/1085 235/1086
f 352/1085 249/1063 280/1087
f 360/1088 369/1066 358/1083
f 444/988 445/987 334/1089
f 460/1038 290/1039 280/1090
f 308/866 245/880 355/882
f 466/1091 461/1031 463/1080
f 334/1054 401/1092 409/1055
f 241/654 250/659 237/1098
f 409/894 401/959 388/895
f 235/1086 476/1105 478/1106
f 251/1002 256/1001 244/1107
f 463/1080 464/1109 466/1091
f 263/1125 244/1107 256/1001
f 367/1021 179/310 365/1019
f 455/1126 469/1127 368/1128
f 341/1070 365/1019 345/851
f 464/1142 322/717 466/1091
f 448/989 444/988 409/894
f 249/1143 463/1080 460/1038
f 464/1079 463/1065 455/1064
f 249/1063 352/1085 248/1084
f 249/1143 460/1038 280/1090
f 455/1064 249/1063 248/1084
f 375/1147 424/1148 446/1060
f 479/1149 337/1150 473/1151
f 282/1152 322/717 464/1142
f 368/1153 282/1078 455/1064
f 379/1154 380/1155 487/1156
f 484/1160 488/1161 489/1162
f 370/1033 373/1032 320/1169
f 483/1173 485/1174 320/1169
f 484/1160 485/1175 483/1176
f 245/880 284/1007 287/841
f 284/1007 285/1181 287/841
f 258/787 401/1092 179/919
f 333/1183 332/850 295/725
f 494/1184 492/1185 481/1186
f 324/1187 336/1074 282/676
f 484/1160 489/1162 485/1175
f 309/748 494/1184 301/749
f 490/1189 489/1162 488/1161
f 490/1189 491/1191 497/1192
f 373/1032 483/1173 320/1169
f 484/1160 493/1197 482/1198
f 316/704 429/1008 498/1199
f 484/1160 482/1198 488/1161
f 491/1191 488/1161 499/1200
f 499/1201 482/1202 423/960
f 482/1198 499/1200 488/1161
f 500/1203 497/1192 491/1191
f 499/1200 487/1204 501/1205
f 499/1206 501/1207 500/1208
f 499/1200 500/1203 491/1191
f 401/959 258/660 239/657
f 301/1209 316/704 498/1199
f 334/1054 335/1210 293/723
f 312/842 230/742 269/741
f 332/850 480/1211 345/851
f 379/1154 423/1215 465/1216
f 293/723 312/1220 270/724
f 506/1224 507/1225 508/1226
f 504/1230 433/994 298/993
f 495/1231 507/1225 505/1232
f 445/987 335/1235 334/1089
f 429/972 315/1237 262/973
f 365/1019 293/723 345/851
f 503/1238 498/1199 429/1008
f 411/1242 296/829 229/740
f 305/702 361/1047 240/653
f 517/1243 509/1244 495/1231
f 504/1230 518/1245 375/1147
f 504/1230 375/1147 446/1060
f 287/841 285/1181 312/842
f 446/1060 433/994 504/1230
f 321/716 373/1032 322/717
f 516/1247 503/1238 429/1008
f 361/1047 305/702 495/1248
f 517/1243 519/1252 520/1253
f 315/703 238/705 363/1254
f 428/1258 301/1209 498/1199
f 238/705 348/763 363/1254
f 361/1047 495/1248 505/1259
f 495/1231 513/1260 297/1261
f 457/1046 521/1262 448/989
f 495/1231 509/1244 513/1260
f 361/1047 505/1259 309/748
f 365/1019 179/310 293/723
f 318/712 292/834 347/833
f 309/748 505/1259 502/1271
f 458/1275 375/1147 518/1245
f 502/1276 505/1232 506/1277
f 507/1225 330/1279 508/1226
f 512/1280 448/989 521/1262
f 252/658 240/653 361/1047
f 379/1281 487/1204 499/1200
f 232/647 251/1002 231/648
f 270/1283 269/741 295/831
f 282/1286 368/1128 324/1287
f 428/1288 481/1289 231/794
f 506/1224 508/1226 515/1291
f 309/748 502/1271 494/1184
f 345/851 293/723 295/725
f 448/989 512/1295 445/987
f 297/1261 507/1225 495/1231
f 466/1091 373/1032 461/1031
f 466/1091 322/717 373/1032
f 305/1302 519/1252 495/1231
f 429/972 427/971 486/1303
f 474/1304 242/655 351/806
f 423/960 482/1305 292/834
f 312/842 285/1181 230/742
f 306/1306 520/1253 519/1252
f 242/655 241/654 351/806
f 168/286 179/310 367/1021
f 445/1003 512/1313 371/879
f 362/1314 314/711 304/849
f 521/1315 527/1316 512/1313
f 527/1316 528/1317 418/1318
f 526/1319 510/1320 525/1321
f 306/1322 473/1323 529/1324
f 474/1304 305/702 242/655
f 367/1021 278/687 168/286
f 518/1245 523/1335 458/1275
f 530/1336 525/1321 510/1320
f 418/1318 371/879 527/1316
f 426/1067 470/1338 337/1150
f 503/1238 516/1247 481/1340
f 503/1238 481/1340 428/1341
f 479/1342 473/1323 474/1304
f 426/1067 369/1066 470/1338
f 510/1320 418/1318 530/1336
f 314/711 465/1216 423/1215
f 336/1074 304/849 283/677
f 418/1318 528/1317 530/1336
f 362/1314 336/1074 324/1287
f 306/1322 519/1347 305/702
f 423/1215 318/712 314/711
f 337/1150 479/1149 426/1067
f 379/1281 499/1200 423/1348
f 331/1349 292/834 482/1305
f 301/1350 428/1288 231/794
f 465/1216 314/711 362/1314
f 336/1074 362/1314 304/849
f 418/1318 511/1351 387/1352
f 238/796 301/1350 231/794
f 368/1128 421/1360 324/1287
f 473/1323 306/1322 474/1304
f 531/1362 525/1321 530/1336
f 281/809 345/851 480/1211
f 312/842 269/741 270/1283
f 495/1231 519/1252 517/1243
f 512/1313 527/1316 371/879
f 304/785 318/712 347/833
f 342/1363 322/717 282/1152
f 360/1088 470/1338 369/1066
f 283/677 304/785 347/833
f 305/702 474/1304 306/1322
f 331/1349 482/1305 493/1365
f 341/1070 340/1069 364/1081
f 492/1185 494/1184 496/1369
f 437/1014 137/197 136/196
f 480/1211 538/1388 281/809
f 558/1397 559/1398 555/1399
f 569/1403 554/1404 553/1405
f 569/1403 553/1405 544/1406
f 570/1407 565/1408 539/1409
f 559/1410 571/1411 572/1412
f 429/1008 492/1413 516/1247
f 429/972 566/1423 558/1424
f 558/1424 566/1423 571/1411
f 581/1425 429/1008 558/1397
f 581/1425 578/1426 429/1008
f 575/1427 582/1428 555/1429
f 496/1369 502/1271 575/1427
f 492/1413 578/1426 481/1340
f 578/1426 492/1413 429/1008
f 587/1450 538/1451 480/1452
f 555/1399 559/1398 570/1454
f 538/1451 587/1450 594/1456
f 555/1457 231/794 578/1458
f 542/1462 595/1463 541/1464
f 559/1398 586/1467 570/1454
f 539/1409 231/794 555/1457
f 539/1409 555/1457 570/1407
f 600/1482 604/1483 605/1484
f 609/1498 216/637 608/1499
f 614/1502 216/1503 604/1483
f 216/1503 605/1484 604/1483
f 608/1499 612/1504 609/1498
f 222/565 600/1482 605/1484
f 569/1403 549/1506 554/1404
f 581/1425 558/1397 555/1399
f 553/1405 554/1404 568/1512
f 486/1303 566/1423 429/972
f 481/1289 578/1458 231/794
f 332/1523 547/1524 480/1452
f 296/1525 547/1524 332/1523
f 559/1410 558/1424 571/1411
f 601/1541 621/1542 620/1543
f 216/637 609/1498 202/636
f 608/1499 614/1544 604/1545
f 606/1550 609/1498 612/1551
f 208/566 222/565 605/1484
f 555/1429 496/1369 575/1427
f 215/583 620/1557 621/1558
f 621/1542 601/1541 600/1482
f 226/1559 556/1560 595/1561
f 598/1565 595/1561 556/1560
f 211/587 61/35 175/293
f 584/1571 616/1572 585/1573
f 600/1482 602/1577 604/1483
f 60/34 254/1581 175/293
f 620/1543 542/1582 601/1541
f 542/1462 620/1557 595/1463
f 222/565 223/577 600/1482
f 621/1542 600/1482 223/577
f 590/1583 226/1559 629/1584
f 556/1560 226/1559 590/1583
f 557/1593 556/1560 590/1583
f 175/293 254/1581 594/1456
f 594/1456 254/1581 538/1594
f 215/583 226/586 595/1463
f 595/1463 620/1557 215/583
f 629/1584 226/1559 224/1601
f 254/1581 281/1606 538/1594
f 60/34 184/1607 254/1581
f 175/293 594/1456 587/1450
f 583/1609 598/1565 556/1560
f 175/293 635/1615 211/587
f 632/1616 567/1617 625/1618
f 547/1524 587/1450 480/1452
f 595/1561 598/1565 591/1619
f 296/1525 332/1523 333/1623
f 584/1571 542/1582 541/1648
f 616/1572 623/1718 573/1719
f 659/1720 515/1721 477/1722
f 662/1747 667/1748 617/1749
f 662/1747 568/1750 643/1751
f 568/1750 662/1747 617/1749
f 625/1618 515/1721 661/1762
f 411/1777 547/1524 296/1525
f 615/1792 585/1573 616/1572
f 547/1801 540/1802 548/1803
f 643/1751 568/1750 554/1404
f 554/1404 549/1506 599/1804
f 298/993 477/1722 515/1721
f 619/1808 569/1403 544/1406
f 547/1524 545/1819 587/1450
f 175/293 545/1819 635/1615
f 595/1561 591/1619 541/1820
f 637/1824 602/1825 585/1573
f 601/1541 542/1582 585/1573
f 601/1541 585/1573 602/1825
f 584/1571 585/1573 542/1582
f 545/1819 175/293 587/1450
f 515/1721 625/1618 576/1835
f 583/1609 591/1837 598/1565
f 216/637 208/566 605/1484
f 539/1844 228/649 231/648
f 609/1498 99/1845 202/636
f 496/1369 494/1184 502/1271
f 688/1855 679/1856 177/1857
f 181/481 177/483 679/1870
f 177/1857 17/498 688/1855
f 194/542 189/530 140/484
f 712/1875 684/1876 713/1877
f 677/1885 725/1886 140/484
f 688/1855 17/498 147/1906
f 680/1920 679/1856 688/1855
f 759/1925 760/1926 761/1927
f 725/1886 194/542 140/484
f 713/1877 758/1930 712/1875
f 69/53 725/1886 769/1937
f 764/1949 702/1950 759/1925
f 702/1952 691/1953 759/1954
f 69/53 685/1955 775/1956
f 680/1920 762/1960 759/1925
f 147/1906 17/498 18/94
f 5/221 773/1962 772/1963
f 37/55 194/542 69/53
f 181/481 679/1870 759/1954
f 5/86 707/1965 773/1966
f 764/1949 767/1967 702/1950
f 763/1969 775/1956 756/1970
f 680/1920 759/1925 679/1856
f 760/1926 759/1925 762/1960
f 759/1954 691/1953 181/481
f 761/1927 764/1949 759/1925
f 688/1979 772/1963 773/1962
f 772/1980 688/1855 147/1906
f 24/49 700/1981 31/47
f 750/1982 767/1983 764/1984
f 700/1981 24/49 698/1985
f 738/1990 777/1991 776/1992
f 685/1955 69/53 684/1993
f 761/1994 782/1995 750/1982
f 685/1955 684/1993 712/1997
f 701/1998 786/1999 720/2000
f 67/67 788/2001 789/2002
f 773/1966 751/2003 782/2004
f 750/2007 782/2004 751/2003
f 701/2008 784/2009 790/2010
f 775/2011 776/2012 24/490
f 67/67 789/2002 784/2009
f 69/53 194/542 725/1886
f 734/2016 67/67 784/2009
f 763/2018 776/2012 775/2011
f 719/2020 703/2021 701/1998
f 750/1982 764/1984 761/1994
f 686/2023 733/2024 705/2025
f 775/2011 24/490 69/454
f 734/2027 784/2028 735/2029
f 699/2030 776/1992 777/1991
f 782/1995 762/2036 773/1962
f 699/2030 698/1985 24/49
f 776/1992 699/2030 24/49
f 9/66 67/67 734/2016
f 680/2038 688/1979 773/1962
f 784/2028 701/1998 798/2039
f 701/1998 720/2000 719/2020
f 733/2024 750/2007 749/2042
f 762/2036 680/2038 773/1962
f 760/2043 782/1995 761/1994
f 760/2043 762/2036 782/1995
f 804/2044 805/2045 806/2046
f 804/2044 806/2046 803/2047
f 794/2054 799/2055 811/2056
f 803/2057 715/2058 778/2059
f 707/1965 751/2003 773/1966
f 806/2046 805/2045 794/2069
f 804/2070 803/2071 820/2072
f 803/2057 778/2059 767/1967
f 816/2073 821/2074 822/2075
f 805/2077 808/2078 811/2079
f 811/2079 796/2080 805/2077
f 776/2012 763/2018 809/2081
f 778/2082 770/2083 783/2084
f 829/2097 815/2098 778/2082
f 810/2099 804/2100 809/2101
f 803/2057 767/1967 814/2102
f 806/2103 800/2104 807/2105
f 830/2106 714/2107 825/2108
f 729/2112 809/2113 817/2114
f 803/2118 814/2119 831/2120
f 820/2121 803/2118 831/2120
f 829/2122 715/2123 815/2124
f 733/2024 749/2042 705/2025
f 807/2105 813/2125 822/2126
f 715/2123 805/2045 804/2044
f 767/1967 778/2059 702/1950
f 821/2127 816/2128 804/2100
f 808/2129 805/2130 715/2058
f 753/2131 749/2042 750/2007
f 809/2081 763/2018 810/2134
f 817/2136 809/2101 804/2100
f 714/2107 668/2140 681/2141
f 812/2142 816/2073 813/2143
f 752/2144 794/2069 805/2045
f 815/2098 763/1969 743/2145
f 800/2104 834/2146 807/2105
f 821/2127 804/2100 824/2147
f 804/2070 820/2072 807/2148
f 824/2150 804/2070 807/2148
f 778/2082 815/2098 770/2083
f 804/2100 816/2128 817/2136
f 807/2105 834/2146 813/2125
f 824/2150 807/2148 822/2075
f 816/2073 822/2075 813/2143
f 810/2157 815/2124 715/2123
f 810/2158 763/1969 815/2098
f 715/2123 804/2044 810/2157
f 715/2058 803/2057 808/2129
f 738/1990 766/2161 777/1991
f 805/2077 796/2080 752/2168
f 814/2119 767/1983 723/2173
f 767/1983 750/1982 733/2174
f 767/1983 733/2174 835/2175
f 767/1983 835/2175 723/2173
f 799/2179 808/2129 803/2057
f 807/2180 799/2179 803/2057
f 723/2181 733/2024 686/2023
f 738/2182 776/2183 809/2113
f 753/2131 750/2007 751/2003
f 817/2114 781/2185 672/2186
f 15/30 707/1965 5/86
f 723/2181 835/2191 733/2024
f 817/2114 682/2192 687/2193
f 670/2194 726/2195 827/2196
f 814/2119 723/2173 831/2120
f 672/2186 682/2200 817/2114
f 674/2201 673/2202 714/2107
f 729/2112 817/2114 687/2193
f 674/2201 831/2203 686/2204
f 830/2208 826/2209 831/2120
f 683/2214 668/2140 673/2202
f 689/2216 681/2217 668/2218
f 831/2203 714/2107 830/2106
f 715/2219 752/2168 778/2220
f 673/2202 668/2140 714/2107
f 669/2233 833/2234 681/2141
f 695/2239 738/2182 729/2112
f 670/2194 833/2234 669/2244
f 729/2112 738/2182 809/2113
f 714/2107 831/2203 674/2201
f 681/2141 833/2234 714/2107
f 831/2203 723/2249 686/2204
f 689/2216 668/2218 780/2250
f 813/2125 834/2146 832/2263
f 788/2265 730/2266 789/2267
f 784/2009 789/2002 731/2268
f 147/222 5/221 772/1963
f 139/2276 123/2277 788/2265
f 139/303 788/2001 67/67
f 720/2000 722/2278 719/2279
f 784/2009 708/2280 790/2010
f 797/2281 708/2280 784/2009
f 784/2028 798/2039 735/2029
f 868/2291 869/2292 870/2293
f 868/2291 874/2294 869/2292
f 880/2298 883/2299 268/2300
f 897/2315 867/2316 898/2317
f 849/2326 848/2327 895/2328
f 871/2338 912/2339 886/2340
f 871/2338 886/2340 893/2341
f 884/2342 123/2277 192/2343
f 915/2347 902/2348 268/2300
f 858/2364 797/2365 884/2342
f 858/2366 696/2367 797/2281
f 884/2380 797/2281 731/2268
f 696/2367 708/2280 797/2281
f 881/2382 701/1998 703/2021
f 920/2383 877/2384 915/2385
f 877/2384 920/2383 906/2386
f 886/2340 927/2391 933/2392
f 798/2039 701/1998 862/2398
f 701/1998 881/2382 862/2398
f 136/196 935/2410 936/2411
f 893/2341 891/2417 892/2418
f 874/2294 912/2419 869/2292
f 849/2326 895/2328 858/2364
f 123/2277 121/162 192/2343
f 692/2435 847/2436 708/2280
f 884/2342 192/2343 849/2326
f 871/2338 893/2341 917/2443
f 871/2338 917/2443 847/2444
f 125/238 734/2027 735/2029
f 884/2342 900/2450 123/2277
f 471/1048 936/2411 935/2410
f 943/2457 936/2411 471/1048
f 943/2457 944/2460 936/2411
f 790/2010 708/2280 847/2436
f 268/2300 902/2348 880/2298
f 874/2294 886/2475 912/2419
f 891/2417 893/2341 933/2392
f 884/2342 849/2326 858/2364
f 886/2340 933/2392 893/2341
f 946/2488 898/2317 934/2489
f 875/2490 876/2491 878/2492
f 884/2342 731/2494 900/2450
f 934/2489 940/2495 946/2488
f 911/2512 890/2513 888/2514
f 471/1048 935/2410 452/1034
f 867/2518 856/2519 934/2520
f 979/2535 944/2536 943/2537
f 981/2539 982/2540 983/2541
f 984/2542 943/2457 471/1048
f 934/2562 913/2563 940/2564
f 934/2520 856/2519 913/2563
f 927/2580 949/2581 933/2582
f 949/2581 940/2564 913/2563
f 966/2604 965/2605 974/2606
f 983/2607 974/2606 999/2608
f 979/2535 981/2539 1000/2615
f 1001/2617 965/2605 971/2618
f 1002/2619 1003/2620 971/2621
f 984/2542 471/1048 996/2655
f 1015/2660 1013/2661 1018/2662
f 880/2298 1023/2676 883/2299
f 1020/2715 1018/2662 1013/2661
f 1015/2660 1018/2662 1000/2615
f 1018/2662 1020/2715 1039/2716
f 940/2495 927/2717 946/2488
f 1043/2721 1000/2615 1018/2662
f 997/2722 1000/2615 1043/2721
f 927/2717 874/2294 946/2488
f 883/2299 1034/2732 1036/2733
f 1052/2742 974/2606 965/2605
f 1052/2742 965/2605 1001/2617
f 1024/2743 971/2618 1003/2744
f 1024/2743 1001/2617 971/2618
f 968/2745 1003/2620 1004/2746
f 1002/2619 1004/2746 1003/2620
f 1005/2747 1024/2748 1003/2749
f 1048/2750 1024/2748 1005/2747
f 968/2745 1005/2751 1003/2620
f 1006/2752 1048/2750 1005/2747
f 988/2753 1053/2754 1006/2752
f 1053/2754 1048/2750 1006/2752
f 1029/2755 988/2753 1007/2756
f 1029/2755 1053/2754 988/2753
f 872/2770 962/2771 1018/2662
f 962/2771 1043/2772 1018/2662
f 471/1048 962/2781 996/2655
f 834/2146 800/2104 941/2788
f 834/2146 941/2788 987/2790
f 800/2791 794/2069 945/2792
f 800/2791 945/2792 941/2793
f 888/2514 946/2488 911/2512
f 520/1253 529/2803 1057/2804
f 1057/2804 1058/2809 520/1253
f 1043/2721 962/2810 997/2722
f 1058/2811 523/1335 522/2812
f 1041/2828 1046/2829 1050/2830
f 1057/2804 1064/2832 1059/2833
f 919/2838 1063/2839 1065/2840
f 1059/2833 1065/2840 1063/2839
f 529/2803 520/1253 306/1306
f 945/2792 856/2847 938/2848
f 794/2054 800/2104 799/2055
f 867/2316 934/2489 857/2850
f 916/2851 892/2418 891/2417
f 938/2848 855/2859 941/2788
f 1065/2840 1064/2832 1067/2860
f 522/2812 523/1335 518/1245
f 1068/2861 1057/2804 1069/2862
f 978/2863 987/2790 941/2788
f 919/2838 1065/2840 1066/2864
f 938/2848 856/2847 855/2859
f 857/2850 898/2317 867/2316
f 1058/2811 1062/2872 523/1335
f 1062/2872 1061/2873 523/1335
f 1046/2829 1070/2874 926/2875
f 1059/2833 1064/2832 1065/2840
f 1052/2742 999/2608 974/2606
f 1052/2742 1001/2617 1035/2885
f 981/2539 983/2541 1071/2886
f 1071/2886 983/2541 999/2887
f 981/2539 1071/2886 1072/2888
f 981/2539 1028/2889 1000/2615
f 981/2539 1072/2888 1028/2889
f 1028/2889 1015/2660 1000/2615
f 1058/2809 1057/2804 1059/2833
f 928/2896 916/2851 891/2417
f 1073/2897 919/2838 1066/2864
f 934/2489 898/2317 857/2850
f 938/2848 941/2793 945/2792
f 945/2792 928/2896 913/2563
f 856/2847 945/2792 913/2563
f 927/2717 886/2475 874/2294
f 897/2315 931/2909 867/2316
f 928/2896 949/2581 913/2563
f 896/2914 931/2909 897/2315
f 941/2788 855/2859 1055/2915
f 891/2417 949/2581 928/2896
f 888/2514 898/2317 946/2488
f 911/2512 946/2488 874/2294
f 1064/2832 1068/2861 1069/2862
f 1065/2840 1067/2860 1066/2864
f 794/2069 715/2123 716/2936
f 1072/2888 1084/2946 1028/2889
f 1072/2888 1071/2886 1085/2947
f 1071/2886 999/2887 1086/2948
f 1087/2956 999/2887 1034/2957
f 1089/2961 1053/2754 1029/2755
f 1081/2965 1082/2966 1053/2754
f 1082/2966 1048/2750 1053/2754
f 935/2410 135/195 350/2982
f 126/161 192/2343 121/162
f 730/3000 731/2268 789/2002
f 734/2027 125/238 9/167
f 935/2410 136/196 135/195
f 123/2277 730/2266 788/2265
f 784/2009 731/2268 797/2281
f 744/3008 783/2084 770/2083
f 123/2277 139/2276 121/162
f 1116/3024 877/2384 906/2386
f 1109/3025 1116/3024 906/2386
f 1122/3026 1109/3025 906/2386
f 1107/3030 1023/2676 1116/3031
f 1113/3035 1112/3036 876/2491
f 1122/3026 907/3037 876/2491
f 1123/3047 1099/3048 1101/3049
f 1114/3050 1098/3051 1115/3052
f 1148/3059 1159/3060 1153/3061
f 1163/3062 1112/3036 1164/3063
f 1167/3064 1101/3049 1163/3065
f 1101/3049 1099/3048 876/3066
f 1148/3059 1152/3067 1154/3068
f 1122/3026 876/2491 1120/3081
f 1147/3082 1148/3059 1153/3061
f 1161/3084 1182/3085 1180/3086
f 1116/3031 880/2298 1125/3087
f 1116/3031 1023/2676 880/2298
f 1151/3094 1147/3095 1130/3096
f 1154/3100 1152/3101 1192/3102
f 1099/3048 1126/3103 1191/3104
f 1099/3048 1123/3047 1126/3103
f 1121/3105 1147/3082 1153/3061
f 1161/3084 1166/3106 1182/3085
f 1112/3036 1113/3035 1164/3063
f 875/2490 1113/3035 876/2491
f 1100/3150 1131/3151 1111/3152
f 1108/3153 1023/2676 1107/3030
f 1180/3154 1181/3155 1197/3156
f 1147/3095 1151/3094 1152/3101
f 1213/3160 1182/3161 1181/3155
f 878/2492 876/2491 907/3037
f 1215/3165 1216/3166 1170/3167
f 1130/3096 1121/3168 1111/3152
f 1098/3051 1114/3050 1179/3169
f 1188/3170 1170/3167 1216/3166
f 1198/3175 1177/3176 1188/3170
f 1198/3175 1202/3180 1192/3102
f 1139/3189 1124/3190 1173/3191
f 877/3192 1116/3031 1125/3087
f 907/3037 1122/3026 906/2386
f 1121/3206 1130/3096 1147/3095
f 1120/3207 1109/3208 1122/3026
f 1130/3096 1111/3152 1151/3094
f 880/2298 902/2348 1125/3087
f 877/3192 1125/3087 902/2348
f 1229/3212 1230/3213 1237/3214
f 1101/3049 876/3066 1112/3215
f 1167/3064 1123/3047 1101/3049
f 1109/3025 1134/3220 1116/3024
f 1100/3150 1111/3152 1119/3223
f 1151/3094 1111/3152 1131/3151
f 1192/3102 1202/3180 1154/3100
f 1159/3060 1148/3059 1154/3068
f 1180/3227 1184/3228 1216/3229
f 1110/3230 1173/3191 1124/3190
f 1245/3236 1212/3237 1255/3238
f 1238/3242 1212/3237 1163/3065
f 1270/3243 1182/3161 1213/3160
f 1210/3256 1217/3257 1167/3064
f 1197/3261 1198/3175 1188/3170
f 1112/3215 1163/3065 1101/3049
f 1223/3267 1239/3268 1209/3269
f 875/2490 926/2875 1113/3035
f 1215/3275 1149/3276 1173/3191
f 1152/3101 1148/3284 1147/3095
f 1119/3223 1111/3152 1106/3292
f 1197/3156 1181/3155 1182/3161
f 1195/3296 1179/3297 1169/3298
f 1230/3213 1229/3212 1224/3302
f 1238/3242 1255/3238 1212/3237
f 1201/3306 1299/3307 1139/3189
f 1222/3317 1149/3318 1150/3319
f 1181/3155 1180/3227 1213/3160
f 1276/3329 1245/3236 1255/3238
f 1189/3331 1204/3332 1197/3261
f 1273/3338 1200/3339 1230/3213
f 1151/3094 1192/3102 1152/3101
f 1100/3150 1179/3353 1131/3151
f 1260/3363 1070/2874 1041/2828
f 1070/2874 1164/3063 1113/3035
f 1070/2874 1046/2829 1041/2828
f 1124/3374 1179/3297 1114/3375
f 1182/3085 1166/3106 1319/3413
f 1276/3329 1264/3416 1245/3236
f 1209/3269 1218/3431 1211/3432
f 1209/3269 1211/3432 1223/3267
f 1315/3471 1208/3472 1289/3473
f 1113/3035 926/2875 1070/2874
f 1239/3268 1137/3488 1209/3269
f 1331/3493 1164/3063 1070/2874
f 1332/3494 1260/3495 1292/3496
f 1292/3496 1335/3497 1332/3494
f 1332/3494 1346/3504 1342/3505
f 1284/3517 1200/3339 1273/3338
f 1342/3505 1331/3518 1332/3494
f 1342/3505 1346/3504 1351/3525
f 1334/3546 1335/3497 1337/3547
f 1193/3568 1159/3569 1316/3570
f 1331/3518 1260/3495 1332/3494
f 1330/3584 1227/3585 1310/3586
f 1260/3363 1331/3493 1070/2874
f 1335/3497 1334/3546 1332/3494
f 1209/3269 1137/3488 1226/3606
f 1346/3504 1368/3607 1351/3525
f 1378/3619 421/1360 469/1127
f 1334/3546 1344/3627 1332/3494
f 1284/3628 1208/3472 1324/3629
f 1034/2732 883/2299 1023/2676
f 1224/3302 1273/3338 1230/3213
f 235/1086 478/1106 248/1084
f 248/1084 1385/3642 1378/3643
f 1140/3656 1124/3374 1293/3657
f 1386/3659 1370/3660 1369/3661
f 1289/3662 1284/3517 1273/3338
f 1378/3664 1385/3665 1381/3666
f 1394/3669 421/1360 1398/3670
f 1399/3671 1241/3672 1400/3673
f 1305/3674 1241/3672 1399/3671
f 1145/3675 908/3676 1110/3677
f 455/1064 248/1084 469/3682
f 478/1106 1060/3686 248/1084
f 1166/3106 1161/3084 1162/3703
f 1199/3710 1230/3213 1200/3339
f 1398/3724 1412/3725 1413/3726
f 1126/3103 1407/3739 1191/3104
f 421/1360 1378/3619 1398/3670
f 1382/3740 1386/3741 1397/3742
f 1352/3752 1344/3627 1334/3546
f 1398/3724 1378/3664 1381/3666
f 469/1127 421/1360 368/1128
f 1289/3662 1273/3338 1224/3302
f 1324/3629 1208/3472 1322/3763
f 1370/3660 1385/3642 248/1084
f 1388/3781 1108/3153 1107/3030
f 1034/2957 1023/3790 1390/3791
f 1394/3669 1395/3799 421/1360
f 1231/3800 1173/3191 1110/3230
f 1324/3629 1350/3823 1284/3628
f 1108/3825 1390/3791 1023/3790
f 1230/3213 1199/3710 1237/3214
f 469/3682 248/1084 1378/3643
f 1180/3227 1204/3828 1213/3160
f 1370/3660 248/1084 1060/3686
f 1314/3841 1242/3842 1430/3843
f 1385/3642 1370/3660 1386/3659
f 1166/3106 1201/3849 1140/3656
f 1314/3841 1430/3843 1228/3854
f 1228/3854 1241/3672 1305/3674
f 1139/3189 1149/3276 1216/3229
f 1126/3103 1405/3892 1407/3739
f 1394/3893 1413/3726 1458/3894
f 1314/3841 1228/3854 1305/3674
f 1322/3763 1323/3909 1324/3629
f 1284/3628 1289/3473 1208/3472
f 1456/3917 526/3918 525/1321
f 1456/3917 525/1321 1454/3940
f 1398/3670 1413/3945 1394/3669
f 1453/3946 1324/3629 1323/3909
f 1466/3949 1478/3950 1477/3951
f 1468/3957 1469/3958 1489/3959
f 1487/3996 1498/3997 1470/3998
f 1405/3892 1437/4001 1431/4002
f 1398/3724 1381/3666 1412/3725
f 1497/4015 1435/4016 1501/4017
f 1075/4030 1503/4031 1412/3725
f 1504/4033 1413/3726 1412/3725
f 1144/4034 1474/4035 1468/3957
f 1218/3431 1209/3269 1226/3606
f 1074/4036 1479/4037 1503/4031
f 1412/3725 1381/3666 1382/3740
f 1504/4033 1412/3725 1503/4031
f 1431/4002 1407/3739 1405/3892
f 1479/4037 1504/4033 1503/4031
f 1511/4052 1478/3950 1499/4053
f 1458/3894 1413/3726 1504/4033
f 1431/4002 1437/4001 1434/4086
f 1431/4002 1434/4086 1435/4016
f 1216/3166 1189/3331 1188/3170
f 1511/4052 1499/4053 1471/4122
f 1511/4052 1471/4122 1469/3958
f 1487/3996 1470/3998 1456/3917
f 1474/4035 1511/4052 1469/3958
f 1394/3893 1458/3894 1395/4142
f 1514/4146 1528/4147 1513/4148
f 1470/3998 526/3918 1456/3917
f 1489/3959 1080/4157 1093/4158
f 1520/4159 1528/4147 1514/4146
f 1489/3959 1093/4158 1490/4163
f 1458/3894 1504/4033 1530/4166
f 1069/4167 473/1323 514/4168
f 1468/3957 1474/4035 1469/3958
f 1150/3319 1197/3261 1204/3332
f 1521/4198 1482/4199 1477/3951
f 1069/4167 1493/4200 1494/4201
f 1069/4167 529/1324 473/1323
f 525/1321 531/1362 1454/3940
f 1523/4211 1537/4212 1494/4213
f 1521/4198 1477/3951 1478/3950
f 1538/4214 1494/4213 1539/4215
f 1149/3318 1124/3374 1201/3849
f 1066/4218 1067/4219 1540/4220
f 1463/4222 1478/3950 1466/3949
f 1456/3917 1467/4223 1482/4199
f 1545/4224 1546/4225 1213/3160
f 351/806 472/4226 479/1342
f 1456/3917 1454/3940 1467/4223
f 1487/3996 1456/3917 1482/4199
f 1463/4222 1499/4053 1478/3950
f 1471/4122 1499/4053 1462/4227
f 1165/4231 1110/3677 908/3676
f 1069/2862 1057/2804 529/2803
f 1551/4233 1542/4234 1523/4235
f 1435/4016 1497/4015 1488/4240
f 1559/4244 1544/4245 1541/4246
f 1542/4234 1524/4247 1523/4235
f 1554/4253 1550/4254 1545/4224
f 1542/4234 1548/4257 1543/4258
f 1551/4233 1541/4259 1542/4234
f 1544/4245 1551/4260 1523/4211
f 1541/4246 1494/4213 1538/4214
f 1523/4211 1494/4213 1541/4246
f 1557/4265 1540/4220 1544/4245
f 1537/4212 1540/4220 1067/4219
f 1548/4257 1542/4234 1562/4272
f 1563/4273 1540/4220 1532/4274
f 1532/4274 1564/4277 1563/4273
f 1563/4273 1319/4283 1540/4220
f 426/1067 1493/4284 1539/4285
f 1559/4244 1565/4286 1544/4245
f 1493/4200 1536/4287 1539/4215
f 1549/4288 1544/4245 1565/4286
f 1542/4234 1543/4258 1524/4247
f 1565/4292 1541/4259 1558/4293
f 1532/4294 1551/4233 1557/4295
f 1566/4297 1217/3257 1567/4298
f 1437/4001 1405/3892 1217/3257
f 1066/4302 1166/3106 1073/4303
f 472/4226 1536/4287 1493/4200
f 1494/4304 1543/4258 1539/4305
f 1494/4213 1537/4212 1069/4167
f 1319/3413 1546/4307 1500/4308
f 1542/4309 1541/4246 1538/4214
f 1537/4212 1067/4219 1069/4167
f 1559/4310 1541/4311 1565/4292
f 1524/4247 1543/4258 1494/4304
f 1541/4259 1551/4233 1532/4294
f 426/1067 1539/4305 1543/4258
f 1270/3243 1213/3160 1546/4225
f 1550/4313 1558/4293 1545/4224
f 1532/4274 1557/4265 1549/4288
f 1500/4317 1549/4288 1550/4318
f 1215/3165 1150/3319 1216/3166
f 1549/4288 1564/4277 1532/4274
f 1560/4322 1541/4259 1532/4294
f 1549/4324 1565/4292 1558/4293
f 1544/4245 1523/4211 1541/4246
f 1551/4330 1540/4220 1537/4212
f 1550/4313 1549/4324 1558/4293
f 1502/4341 1513/4148 1453/3946
f 1543/4258 1548/4257 426/1067
f 1538/4214 1536/4287 1548/4342
f 1563/4273 1545/4343 1319/4283
f 1545/4224 1555/4344 1319/4345
f 1126/3103 1123/3047 1217/3257
f 1319/4283 1066/4218 1540/4220
f 1569/4346 1560/4322 1564/4347
f 1563/4273 1569/4348 1545/4343
f 1569/4348 1549/4288 1545/4343
f 1560/4322 1569/4346 1558/4293
f 1569/4348 1564/4277 1549/4288
f 472/4226 1493/4200 479/1342
f 1166/3106 1066/4302 1319/3413
f 1182/3085 1319/3413 1500/4308
f 362/1314 324/1287 421/1360
f 1544/4245 1540/4220 1551/4330
f 1549/4288 1557/4265 1544/4245
f 1541/4259 1560/4322 1558/4293
f 1500/4308 1546/4307 1545/4362
f 1213/3160 1285/4363 1545/4224
f 1215/3275 1173/3191 1222/4365
f 1500/4308 1550/4366 1554/4367
f 1538/4214 1539/4215 1536/4287
f 1222/4365 1173/3191 1216/3229
f 1383/4368 1287/4369 1264/4370
f 1383/4368 1264/4370 1356/4371
f 380/1155 1530/4372 487/1156
f 1217/3257 1210/3256 1567/4298
f 1405/3892 1126/3103 1217/3257
f 1217/3257 1566/4297 1437/4001
f 1520/4159 1531/4374 1528/4147
f 1575/4378 1566/4297 1567/4298
f 380/1155 362/1314 421/1360
f 1217/3257 1123/3047 1167/3064
f 1069/4167 514/4168 1493/4200
f 1495/4385 1513/4148 1502/4341
f 1493/4284 426/1067 1512/4386
f 1493/4200 514/4168 479/1342
f 1520/4159 1506/4391 1368/3607
f 1519/4392 1287/4369 1515/4393
f 1584/4403 1583/4404 1561/4405
f 1585/4418 1561/4405 1501/4419
f 1458/3894 1530/4166 1395/4425
f 1587/4426 1586/4427 1591/4428
f 1566/4297 1434/4086 1437/4001
f 1576/4429 1501/4017 1434/4086
f 380/1155 465/1216 362/1314
f 1434/4086 1501/4017 1435/4016
f 1575/4378 1576/4429 1566/4297
f 1575/4378 1577/4438 1576/4429
f 1395/3799 1530/4372 380/1155
f 1591/4442 1593/4443 1588/4444
f 1197/3261 1188/3170 1189/3331
f 1352/4449 1334/3546 1368/3607
f 1264/4370 1287/4369 1245/3236
f 1346/3504 1352/4449 1368/3607
f 1434/4086 1566/4297 1576/4429
f 1533/4455 1501/4017 1592/4456
f 1577/4438 1579/4457 1576/4429
f 354/867 1580/4459 390/865
f 1145/3675 1124/3374 1114/3375
f 1501/4017 1576/4429 1585/4463
f 1586/4427 1584/4403 1561/4405
f 380/1155 421/1360 1395/3799
f 426/1067 479/1149 1512/4386
f 1586/4427 1587/4426 1584/4403
f 234/651 257/4480 1607/4481
f 1159/3569 1597/4484 1316/3570
f 1605/4491 1602/4492 1607/4493
f 1610/4499 1611/4500 1605/4501
f 426/1067 1604/4502 472/1068
f 1611/4500 1613/4503 1573/4504
f 1597/4484 1594/4505 1586/4506
f 1601/4511 1547/4512 472/1068
f 1603/4513 257/800 233/753
f 1618/4514 1154/3100 1614/4515
f 369/1066 472/1068 344/4519
f 1617/4520 1621/4521 1620/4522
f 1542/4309 1538/4214 1562/4523
f 1604/4502 1601/4511 472/1068
f 1585/4418 1586/4427 1561/4405
f 1582/4525 1580/4459 1587/4426
f 1548/4342 1536/4287 1615/4526
f 1628/4527 1602/4492 1624/4528
f 1612/4531 257/926 1604/4532
f 1579/4457 1585/4463 1576/4429
f 257/4480 234/651 236/764
f 1614/4515 1554/4367 1621/4539
f 1585/4540 1597/4484 1586/4506
f 1615/4544 1604/4502 426/1067
f 1591/4428 1582/4525 1587/4426
f 1613/4503 1611/4500 1623/4545
f 1616/4547 1623/4545 1617/4520
f 1149/3318 1201/3849 1184/4557
f 1633/4558 1628/4527 1624/4528
f 1605/4501 1604/4532 257/926
f 1604/4532 1536/4287 1612/4531
f 303/822 1588/4570 257/821
f 1327/4571 1495/4385 1502/4341
f 1608/4572 234/651 1607/4481
f 1593/4573 1631/4574 1632/4575
f 1536/4287 1604/4532 1615/4526
f 1149/3276 1139/3189 1173/3191
f 1201/3849 1124/3374 1140/3656
f 1624/4576 1617/4520 1623/4545
f 1536/4287 472/4226 1612/4531
f 1623/4545 1616/4547 1613/4503
f 1624/4528 1602/4492 1610/4580
f 1608/4572 1607/4481 1602/4585
f 1502/4341 1453/3946 1323/3909
f 1610/4499 1632/4575 1611/4500
f 1614/4515 1198/3175 1500/4308
f 1606/4589 1594/4505 1597/4484
f 1588/4444 1582/4598 1591/4442
f 1159/3060 1154/3068 1597/4484
f 1594/4505 1591/4442 1586/4506
f 1619/4611 1606/4612 1154/3100
f 1562/4523 1538/4214 1613/4503
f 1547/4616 1612/4531 472/4226
f 1547/4616 344/805 1612/4531
f 1368/3607 1528/4147 1531/4374
f 1616/4624 1590/4625 1562/4272
f 1614/4515 1500/4308 1554/4367
f 1573/4629 426/1067 1548/4257
f 1613/4503 1616/4547 1562/4523
f 1613/4633 1548/4342 1615/4526
f 1594/4505 1593/4443 1591/4442
f 1622/4640 1562/4272 1590/4625
f 1624/4641 1629/4642 1617/4643
f 1632/4575 1624/4641 1611/4500
f 1624/4641 1631/4574 1629/4642
f 1600/4648 1547/4512 1601/4511
f 1615/4544 426/1067 1573/4629
f 1617/4520 1620/4522 1589/4653
f 1179/3297 1124/3374 1149/3318
f 344/805 1600/4655 1612/4531
f 1617/4643 1629/4642 1606/4656
f 1197/3261 1500/4308 1198/3175
f 1622/4640 1548/4257 1562/4272
f 344/805 257/926 1600/4655
f 1610/4580 1602/4492 257/4480
f 1599/4663 1600/4655 257/926
f 257/926 1601/4665 1599/4663
f 1601/4665 257/926 1612/4531
f 1602/4492 1605/4491 257/4480
f 1589/4653 1616/4547 1617/4520
f 1614/4515 1154/3100 1202/3180
f 1337/3547 1341/4683 1334/3546
f 1618/4514 1614/4515 1621/4539
f 1632/4575 1610/4499 1588/4570
f 1593/4443 1594/4505 1606/4589
f 1624/4641 1632/4575 1631/4574
f 1368/3607 1506/4391 1351/3525
f 1632/4730 1588/4444 1593/4443
f 257/821 1588/4570 1610/4499
f 1514/4146 1374/4741 1520/4159
f 1400/3673 1241/3672 1669/4744
f 1139/3189 1184/3228 1201/3306
f 1629/4642 1631/4574 1593/4745
f 1180/3086 1150/3319 1161/3084
f 1597/4484 1154/3068 1606/4589
f 1617/4643 1606/4656 1618/4757
f 1619/4761 1618/4757 1606/4656
f 1204/3828 1221/4767 1213/3160
f 1154/3100 1618/4514 1619/4611
f 1582/4525 390/865 1580/4459
f 1150/3319 1184/4557 1161/3084
f 1399/3671 1400/3673 1663/4842
f 1110/3230 1522/4846 1329/4847
f 1500/4308 1197/3261 1182/3085
f 1241/4885 1227/3585 1652/4886
f 1606/4589 1629/4890 1593/4443
f 1330/3584 1652/4886 1227/3585
f 1149/3318 1184/4557 1150/3319
f 1226/3606 1137/3488 1096/4912
f 1222/4365 1216/3229 1149/3276
f 1241/4885 1228/4937 1227/3585
f 1169/3298 1149/3318 1170/3167
f 1110/3677 1165/4231 1293/3657
f 1139/3189 1216/3229 1184/3228
f 1180/3227 1216/3229 1204/3828
f 1184/4557 1162/3703 1161/3084
f 1334/3546 1528/4147 1368/3607
f 1165/4231 908/3676 1166/3106
f 1166/3106 908/3676 1073/4303
f 1522/4963 1110/3230 1293/4964
f 1215/3165 1170/3167 1149/3318
f 1179/3297 1149/3318 1169/3298
f 1514/4146 1513/4148 1495/4385
f 1166/3106 1299/4988 1165/4231
f 1165/4231 1140/3656 1293/3657
f 1124/3374 1145/3675 1110/3677
f 1124/3190 1139/3189 1293/5002
f 1211/3432 1218/3431 1240/5004
f 1150/3319 1204/3332 1216/5012
f 472/4226 351/806 344/805
f 351/806 479/1342 474/1304
f 1069/2862 1067/2860 1064/2832
f 1479/4037 497/5029 500/1208
f 1504/4033 500/1208 501/1207
f 1479/4037 500/1208 1504/4033
f 1390/3791 1087/2956 1034/2957
f 1086/2948 999/2887 1087/2956
f 907/3037 905/5051 878/2492
f 1695/5055 1707/5056 1711/5057
f 1738/5067 1721/5068 1734/5069
f 1732/5082 1734/5083 1716/5084
f 1748/5091 1749/5092 1705/5093
f 1742/5097 1751/5098 1721/5068
f 1721/5099 1746/5100 1723/5101
f 1702/5105 1715/5106 1701/5107
f 1715/5108 1702/5109 1759/5110
f 1718/5120 1731/5121 1726/5122
f 1747/5128 1731/5129 1694/5130
f 1757/5131 1742/5132 1746/5100
f 1730/5134 1731/5129 1747/5128
f 1716/5084 1733/5142 1732/5082
f 1775/5143 1753/5144 1758/5145
f 1722/5146 1739/5147 1776/5148
f 1730/5134 1726/5158 1731/5129
f 1717/5162 1716/5084 1725/5163
f 1747/5128 1694/5130 1745/5165
f 1721/5068 1738/5067 1742/5097
f 1778/5166 1757/5131 1746/5100
f 1784/5175 1715/5108 1759/5110
f 1746/5100 1742/5132 1723/5101
f 1776/5148 1760/5176 1722/5146
f 1716/5084 1717/5162 1741/5177
f 1738/5067 1724/5178 1742/5097
f 1766/5182 1721/5068 1751/5098
f 1767/5183 1727/5184 1707/5185
f 1723/5101 1725/5163 1716/5084
f 1701/5107 1715/5106 1752/5186
f 1720/5187 1776/5188 1781/5189
f 1691/5190 1692/5191 1735/5192
f 1756/5193 1742/5097 1757/5194
f 1779/5199 1784/5175 1759/5110
f 1704/5200 1701/5201 1703/5202
f 1706/5203 1735/5192 1692/5191
f 1712/5204 1750/5205 1710/5206
f 1757/5194 1778/5213 1756/5193
f 1759/5110 1702/5109 1703/5214
f 1720/5187 1781/5189 1700/5215
f 1711/5217 1762/5218 1695/5219
f 1695/5223 1767/5183 1707/5185
f 1691/5224 1735/5225 1694/5226
f 1717/5227 1733/5228 1741/5229
f 1717/5227 1724/5178 1738/5067
f 1763/5233 1753/5144 1775/5143
f 1717/5227 1725/5235 1724/5178
f 1699/5239 1760/5176 1720/5240
f 1701/5247 1759/5248 1703/5202
f 1724/5249 1725/5163 1723/5101
f 1694/5251 1735/5192 1792/5252
f 1714/5254 1779/5255 1752/5186
f 1720/5240 1760/5176 1776/5148
f 1715/5106 1714/5254 1752/5186
f 1701/5247 1752/5265 1759/5248
f 1707/5056 1708/5267 1711/5057
f 1758/5145 1753/5144 1698/5268
f 1731/5129 1780/5270 1694/5130
f 1743/5271 1731/5121 1719/5272
f 1697/5273 1758/5145 1698/5268
f 1742/5132 1724/5249 1723/5101
f 1758/5275 1697/5276 1754/5277
f 1792/5252 1780/5278 1745/5279
f 1763/5280 1708/5281 1764/5282
f 1754/5277 1764/5282 1758/5275
f 1730/5134 1739/5290 1726/5158
f 1735/5192 1780/5278 1792/5252
f 1759/5248 1752/5265 1779/5291
f 1774/5295 1747/5296 1743/5297
f 1750/5205 1799/5307 1710/5206
f 1782/5315 1712/5204 1710/5206
f 1763/5233 1775/5143 1707/5316
f 1709/5317 1720/5187 1700/5215
f 1708/5267 1775/5319 1764/5320
f 1743/5271 1719/5272 1773/5321
f 1707/5056 1775/5319 1708/5267
f 1720/5240 1709/5322 1750/5323
f 1720/5240 1750/5323 1699/5239
f 1792/5324 1745/5165 1798/5325
f 1722/5329 1726/5122 1739/5330
f 1739/5290 1781/5189 1776/5188
f 1708/5281 1729/5339 1711/5217
f 1719/5272 1731/5121 1718/5120
f 1773/5321 1774/5343 1743/5271
f 1707/5316 1729/5352 1763/5233
f 1726/5122 1722/5329 1718/5120
f 1780/5354 1735/5355 1768/5356
f 1761/5357 1709/5317 1700/5215
f 1819/5362 1787/5363 1804/5364
f 1805/5387 1840/5388 1819/5362
f 1839/5397 1816/5398 1836/5399
f 1845/5406 1787/5407 1819/5408
f 1816/5398 1843/5409 1836/5399
f 1851/5412 1856/5413 1857/5414
f 1819/5362 1804/5364 1805/5387
f 1804/5364 1787/5363 1785/5421
f 1805/5387 1804/5364 1839/5397
f 1856/5413 1871/5424 1869/5425
f 1868/5426 1856/5413 1869/5425
f 1868/5426 1869/5425 1870/5430
f 1868/5426 1870/5430 1875/5431
f 1839/5397 1804/5364 1846/5432
f 1813/5443 1787/5407 1845/5406
f 1787/5363 1813/5445 1704/5446
f 1861/5447 1863/5448 1853/5449
f 1868/5426 1875/5431 1882/5450
f 1869/5451 1873/5452 1870/5453
f 1749/5092 1748/5091 1704/5474
f 1863/5448 1837/5489 1897/5490
f 1861/5447 1837/5489 1863/5448
f 1810/5504 908/3676 1885/5505
f 1885/5505 1809/5512 1810/5504
f 1856/5413 1868/5426 1867/5526
f 1815/5555 1846/5432 1804/5364
f 1920/5556 1912/5557 1873/5452
f 1682/5591 1870/5453 1873/5452
f 1839/5397 1846/5432 1816/5398
f 1870/5453 1682/5591 1875/5604
f 1815/5555 1816/5398 1846/5432
f 1858/5616 1798/5617 1897/5490
f 1930/5629 1797/5630 1774/5343
f 1798/5617 1858/5616 1792/5633
f 1920/5556 1873/5452 1092/5648
f 1815/5555 1859/5659 1816/5398
f 1930/5629 1931/5661 1797/5630
f 1851/5412 1871/5424 1856/5413
f 1837/5489 1858/5616 1897/5490
f 1898/5691 1837/5489 1861/5447
f 1886/5701 1857/5414 1856/5413
f 1773/5321 1930/5629 1774/5343
f 1893/5754 1875/5604 1682/5591
f 1912/5557 1682/5591 1873/5452
f 1957/5764 1946/5765 812/2142
f 1949/5769 1950/5770 1946/5771
f 1978/5778 1948/5779 1940/5780
f 1957/5764 1982/5784 1949/5785
f 1966/5786 1965/5787 1939/5788
f 1949/5769 1954/5791 1979/5792
f 1954/5793 1949/5785 1982/5784
f 1946/5765 816/5796 812/2142
f 816/2128 1950/5770 817/2136
f 1959/5807 1953/5808 1980/5809
f 2000/5822 1996/5823 1999/5824
f 1992/5825 1996/5826 1986/5827
f 1979/5792 1950/5770 1949/5769
f 1977/5841 1991/5842 1992/5825
f 1977/5841 1992/5825 1986/5827
f 1946/5765 1957/5764 1949/5785
f 781/2185 1950/5850 1997/5851
f 1996/5826 1994/5852 1999/5853
f 1950/5770 816/2128 1946/5771
f 2002/5856 2004/5857 1950/5850
f 1955/5858 2006/5859 683/2214
f 781/2185 817/2114 1950/5850
f 1979/5865 2002/5856 1950/5850
f 1976/5866 1987/5867 2007/5868
f 1967/5869 1968/5870 1966/5786
f 2004/5857 1997/5851 1950/5850
f 1994/5852 1996/5826 1992/5825
f 1953/5808 1952/5875 1980/5876
f 2008/5881 2006/5882 2011/5883
f 1953/5808 2010/5884 2008/5885
f 2012/5886 1954/5793 2013/5887
f 1955/5858 683/2214 673/2202
f 1978/5890 1976/5866 1948/5891
f 1948/5779 1941/5892 1940/5780
f 668/2140 683/2214 780/5901
f 2009/5902 697/5903 780/2250
f 1976/5866 1967/5909 1944/5910
f 1959/5807 2010/5884 1953/5808
f 1948/5891 1976/5866 1945/5914
f 2006/5859 1955/5858 2011/5915
f 1989/5925 1978/5778 1940/5780
f 2006/5859 780/5901 683/2214
f 2015/5936 1955/5858 1952/5937
f 2006/5882 2008/5881 2009/5902
f 2008/5885 2011/5938 1953/5808
f 1967/5869 1966/5786 1939/5788
f 1953/5808 2011/5938 1952/5945
f 2015/5936 2011/5915 1955/5858
f 2010/5884 1959/5807 2017/5951
f 1939/5788 1944/5952 1967/5869
f 1964/5953 1965/5787 1966/5786
f 2006/5882 2009/5902 780/2250
f 1983/5964 2002/5856 1979/5865
f 1989/5925 2005/5968 1978/5778
f 1983/5964 1979/5865 2001/5970
f 2013/5887 1954/5793 2014/5971
f 1976/5972 2016/5973 1967/5869
f 1961/5974 1978/5890 1988/5975
f 1945/5976 2001/5970 1979/5865
f 1941/5892 1948/5779 2018/5977
f 1979/5792 1954/5791 2012/5978
f 2018/5977 2012/5886 2013/5887
f 2012/5886 2018/5977 1948/5779
f 1945/5914 1979/5792 2012/5978
f 1945/5914 2012/5978 1948/5891
f 780/2250 697/5903 689/2216
f 2045/6022 2042/6023 2041/6024
f 2041/6024 2042/6023 2046/6044
f 2045/6022 2052/6048 2042/6023
f 2052/6048 2055/6071 2057/6072
f 2026/6073 2025/6074 2055/6071
f 2052/6048 2026/6073 2055/6071
f 2055/6071 2025/6074 2058/6078
f 2026/6073 2027/6079 2025/6074
f 2025/6074 2021/6094 2058/6078
f 2052/6048 2045/6022 2026/6073
f 2055/6071 2058/6078 2056/6109
f 1705/5093 1749/5092 2063/6112
f 2074/6121 2059/6122 2075/6123
f 1982/6133 2079/6134 2014/6135
f 2058/6078 2076/6136 2080/6137
f 897/2315 2085/6146 896/2914
f 2084/6150 2088/6151 2090/6152
f 2089/6153 2087/6154 2091/6155
f 2086/6162 2090/6163 2082/6164
f 2090/6163 2085/6146 897/2315
f 2069/6165 2086/6162 2082/6164
f 2079/6134 2071/6166 2020/6167
f 2079/6134 2020/6167 2014/6135
f 2085/6168 2090/6152 2088/6151
f 2088/6151 978/2863 1055/2915
f 2090/6163 897/2315 2082/6164
f 2091/6155 2092/6174 2089/6153
f 2064/6175 2054/6176 2093/6177
f 2098/6180 2092/6174 2091/6155
f 2092/6174 978/2863 2088/6151
f 1982/6133 1993/6184 2097/6185
f 2095/6186 2098/6180 2097/6185
f 2095/6186 832/2263 2096/6187
f 2098/6180 2096/6187 2092/6174
f 2095/6186 2097/6185 1993/6184
f 941/2788 1055/2915 978/2863
f 2086/6162 2069/6165 2075/6123
f 978/2863 832/6193 987/2790
f 978/2863 2096/6187 832/2263
f 2092/6174 2084/6150 2089/6153
f 2092/6174 2096/6187 978/2863
f 2095/6186 2096/6187 2098/6180
f 832/2263 812/6194 813/2125
f 1957/6195 2095/6186 1993/6184
f 2095/6186 1957/6195 832/2263
f 1957/6195 812/6194 832/2263
f 2092/6174 2088/6151 2084/6150
f 1982/6133 2097/6185 2079/6134
f 2076/6136 2069/6206 2100/6207
f 2056/6109 2058/6078 2080/6137
f 2076/6208 2058/6209 2099/6210
f 2100/6211 2069/6165 2094/6212
f 2083/6213 1819/5362 1840/5388
f 2082/6164 2094/6212 2069/6165
f 1840/6214 2059/6122 2074/6121
f 2021/6094 2063/6112 2058/6078
f 2100/6207 2094/6215 2041/6024
f 2097/6185 2091/6155 2087/6154
f 1813/6219 1845/6220 2064/6221
f 1845/5406 2083/6224 2064/6225
f 2064/6225 2083/6224 2076/6208
f 2087/6154 2071/6166 2097/6185
f 2071/6166 2087/6154 2072/6231
f 2021/6094 1705/5093 2063/6112
f 2074/6236 2076/6136 2083/6213
f 2080/6137 2076/6136 2046/6044
f 2071/6166 2079/6134 2097/6185
f 1819/5408 2083/6224 1845/5406
f 2100/6207 2041/6024 2046/6044
f 2100/6207 2046/6044 2076/6136
f 2075/6123 2069/6165 2074/6121
f 2083/6213 1840/5388 2074/6236
f 2076/6208 2099/6210 2064/6225
f 2054/6176 2064/6175 2099/6261
f 2076/6136 2074/6236 2069/6206
f 1993/6184 1982/6133 1957/6195
f 2020/6167 2013/6267 2014/6135
f 1982/5784 2014/5971 1954/5793
f 2112/6268 2110/6269 2111/6270
f 2101/6291 2105/6292 2106/6293
f 2112/6268 2017/5951 2110/6269
f 2167/6316 2168/6317 2155/6318
f 2107/6319 2112/6320 2111/6270
f 2112/6268 2109/6321 2017/5951
f 2017/5951 2109/6321 2010/5884
f 2148/6323 2147/6324 2114/6325
f 1978/5890 1987/5867 1976/5866
f 2185/6347 2186/6348 1114/3375
f 2117/6350 2101/6291 2106/6293
f 2160/6368 2199/6369 2161/6370
f 2007/6376 2016/6377 1976/6378
f 2105/6292 2130/6380 2106/6293
f 1119/3223 2130/6380 2105/6292
f 2164/6384 2186/6385 1115/3052
f 2184/6386 2143/6387 2142/6388
f 2147/6324 2148/6323 2150/6389
f 2201/6392 2209/6393 2207/6394
f 2208/6395 2212/6396 2209/6397
f 2190/6399 2201/6392 2207/6394
f 1115/3052 2186/6385 2185/6407
f 2130/6380 1119/3223 1106/3292
f 2153/6410 2162/6411 2186/6348
f 2208/6395 1240/5004 2212/6396
f 2229/6415 2187/6416 2007/6376
f 2229/6415 2219/6421 2187/6416
f 1963/6422 2005/5968 2198/6423
f 2210/6426 2239/6427 2240/6428
f 2209/6393 2220/6436 2207/6394
f 2007/6376 2187/6446 2016/6377
f 2208/6395 1223/3267 1211/3432
f 2199/6369 2210/6453 2216/6454
f 2005/5968 2070/6455 2198/6423
f 2201/6392 2190/6399 2182/6463
f 2232/6464 2236/6465 2229/6415
f 1784/5175 2250/6476 2233/6477
f 2236/6465 2219/6421 2229/6415
f 2227/6479 2229/6480 1987/5867
f 2231/6484 1779/6485 1714/5254
f 2235/6486 2236/6465 2214/6487
f 2213/6488 2235/6486 2214/6487
f 2198/6423 2070/6455 2217/6489
f 1779/6485 2231/6484 1784/6493
f 2227/6479 2232/6494 2229/6480
f 2254/6495 1784/6496 2231/6484
f 2229/6480 2007/5868 1987/5867
f 2256/6506 2146/6507 2159/6508
f 1978/5890 2217/6515 1987/5867
f 2151/6520 2152/6521 2264/6522
f 2274/6530 2275/6531 2272/6532
f 2017/5951 1959/5807 2257/6546
f 1942/6562 2269/6563 2271/6564
f 1959/5807 1958/6566 2257/6546
f 2272/6532 2275/6531 2269/6563
f 2233/6587 2254/6495 2231/6484
f 2275/6588 2278/6589 2277/6590
f 2177/6604 2183/6605 2114/6325
f 2254/6495 2233/6587 2281/6606
f 2274/6530 2272/6532 2281/6612
f 2252/6620 2176/6621 2213/6622
f 2113/6626 2181/6627 2124/6628
f 2157/6632 2017/5951 2257/6546
f 2272/6532 2254/6637 2281/6612
f 2157/6632 2257/6546 2266/6638
f 2252/6620 2277/6590 2176/6621
f 2252/6620 2213/6622 2214/6643
f 2256/6506 2159/6508 2176/6621
f 2256/6652 2176/6621 2278/6589
f 2250/6476 2281/6654 2233/6477
f 2284/6661 2256/6652 2278/6589
f 2278/6589 2176/6621 2277/6590
f 2191/6668 2192/6669 2122/6670
f 2284/6661 2146/6507 2256/6652
f 2284/6661 2145/6681 2146/6507
f 2199/6685 2223/6686 2210/6687
f 1430/3843 1242/3842 1690/6695
f 2161/6370 2216/6696 2225/6697
f 2208/6395 2201/6698 1223/3267
f 2208/6395 1211/3432 1240/5004
f 2208/6395 2209/6397 2201/6698
f 2287/6714 2292/6715 2110/6269
f 2216/6454 2161/6370 2199/6369
f 2210/6426 2240/6428 2216/6696
f 2226/6724 2245/6725 2160/6368
f 2125/6727 2239/6728 2210/6687
f 2110/6269 2017/5951 2287/6714
f 2293/6741 2294/6742 2287/6714
f 2199/6743 2245/6725 2224/6744
f 2239/6728 2125/6727 2119/6745
f 2224/6744 2223/6753 2199/6743
f 2127/6754 2221/6755 2222/6756
f 2308/6757 2306/6758 1778/6759
f 2240/6428 2145/6760 2225/6697
f 2290/6767 2300/6768 1228/3854
f 2290/6769 1228/3854 1430/3843
f 2220/6436 2293/6741 2211/6780
f 2143/6387 2152/6521 2151/6520
f 2338/6826 2332/6827 2331/6828
f 2326/6852 2306/6853 2264/6522
f 2223/6686 2242/6854 2124/6628
f 2119/6855 2146/6507 2145/6681
f 2318/6870 2306/6853 2308/6757
f 2320/6871 2179/6872 2331/6873
f 2350/6879 2327/6880 2322/6881
f 2147/6324 2177/6604 2114/6325
f 2350/6879 2150/6389 2327/6880
f 2322/6881 2325/6909 2350/6879
f 2264/6522 2306/6853 2318/6870
f 2213/6488 2205/6978 2235/6486
f 2221/6755 2283/6993 2222/6756
f 2178/6999 2328/7000 2330/7001
f 2141/7002 2188/7003 2304/7004
f 2330/7001 2155/6318 2178/6999
f 2308/7033 1778/5166 2355/7034
f 2147/6324 2350/6879 2325/6909
f 2154/7041 2179/6872 2320/6871
f 2151/6520 2264/6522 2318/6870
f 2320/6871 2235/6486 2205/6978
f 2150/6389 2350/6879 2147/6324
f 2327/6880 2357/7057 1766/7058
f 2127/6754 2222/6756 2309/7059
f 2178/6999 2177/7068 2328/7000
f 2216/6696 2240/6428 2225/6697
f 2327/6880 1766/5182 1751/5098
f 2327/6880 1742/5097 1756/5193
f 2345/7092 1861/7093 1853/5449
f 2165/7104 2205/7105 2191/6668
f 2145/6760 2284/7106 2225/6697
f 2356/7110 1734/5083 1732/5082
f 2127/6754 2309/7059 2188/7003
f 2295/7111 2283/6993 2193/7112
f 1742/5097 2327/6880 1751/5098
f 1861/7124 2344/7125 1862/7126
f 2152/6521 2143/6387 2184/6386
f 2150/6389 2355/7130 2327/6880
f 1778/5166 1746/5100 2355/7034
f 1746/5100 1766/7131 2355/7034
f 2345/7092 1827/7132 2348/7133
f 1861/7124 2345/7157 2344/7125
f 2345/7092 1853/5449 1827/7132
f 2200/7162 2264/6522 2152/6521
f 2188/7003 2309/7059 2304/7004
f 2355/7130 2357/7057 2327/6880
f 2358/7171 2355/7034 1766/7131
f 2124/6628 2242/6854 2113/6626
f 2210/6687 2124/6628 2125/6727
f 2222/6756 2319/7195 2309/7059
f 2119/6745 2121/7196 2146/7197
f 2305/7202 2141/7002 2304/7004
f 2370/7203 1777/7204 2365/7205
f 2221/6755 2193/7112 2283/6993
f 2365/7205 1777/7204 1698/5268
f 2223/6686 2124/6628 2210/6687
f 2305/7202 2304/7004 2315/7225
f 2121/7196 2119/6745 2125/6727
f 2293/6741 2265/7238 2182/6463
f 2146/7197 2121/7196 2122/6670
f 2163/7239 2125/6727 2124/6628
f 1145/3675 2376/7241 1885/5505
f 2125/6727 2163/7239 2122/6670
f 1145/3675 1114/3375 2186/6348
f 2192/6669 2146/7197 2122/6670
f 1885/5505 908/3676 1145/3675
f 2222/6756 2296/7257 2319/7195
f 2146/7197 2192/6669 2159/7258
f 2376/7241 1814/7260 1885/5505
f 2315/7262 2309/7059 2319/7195
f 2122/6670 2163/7239 2191/6668
f 2207/6394 2220/6436 2211/6780
f 2186/6348 2162/6411 2376/7241
f 2175/7272 1814/7260 2376/7241
f 2114/6325 2142/7273 2148/6323
f 2211/6780 2293/6741 2182/6463
f 1814/7260 1809/5512 1885/5505
f 2376/7241 1145/3675 2186/6348
f 2131/7282 1814/7260 2118/7283
f 2266/6638 2302/7284 2265/7238
f 2017/5951 2157/6632 2266/6638
f 2175/7272 2118/7283 1814/7260
f 2114/6325 2183/6605 2181/7290
f 2266/6638 2265/7238 2293/6741
f 2163/7239 2165/7104 2191/6668
f 2175/7272 2376/7241 2162/6411
f 2296/7257 2222/6756 2283/6993
f 2266/6638 2287/6714 2017/5951
f 2176/6621 2159/6508 2213/6622
f 2190/6399 2207/6394 2211/6780
f 2293/6741 2287/6714 2266/6638
f 2182/6463 2190/6399 2211/6780
f 1115/3052 2185/6407 1114/3050
g biely_cln_u1_v1_group
usemtl boatMaterial2
f 17/7 22/8 23/9
f 22/13 17/14 37/15
f 53/21 22/22 54/23
f 1/40 3/41 10/42
f 55/43 3/41 66/44
f 54/50 64/51 68/52
f 7/56 8/57 54/23
f 64/68 54/69 8/70
f 80/75 71/76 48/77
f 1/40 10/42 25/78
f 81/79 82/80 76/81
f 85/82 8/83 68/84
f 81/79 76/81 84/85
f 25/78 10/42 32/88
f 49/95 91/96 88/97
f 27/100 68/101 56/102
f 79/103 86/104 78/105
f 70/106 46/107 2/108
f 58/109 26/110 12/111
f 84/85 76/81 95/118
f 49/95 88/97 50/119
f 96/120 92/121 82/80
f 31/122 25/78 36/123
f 76/81 82/80 87/125
f 87/125 92/121 88/97
f 100/126 88/97 92/121
f 10/42 12/111 32/88
f 82/80 92/121 87/125
f 87/125 88/97 77/127
f 42/128 103/129 44/130
f 72/132 106/133 107/134
f 109/135 73/136 110/137
f 79/103 104/145 113/146
f 116/147 101/148 117/149
f 117/149 101/148 52/152
f 111/153 101/154 100/155
f 117/156 92/121 96/120
f 100/155 74/157 111/153
f 119/158 122/159 111/153
f 31/122 1/40 25/78
f 100/169 116/170 88/171
f 101/148 116/147 100/172
f 126/173 50/119 115/174
f 36/123 25/78 32/88
f 130/175 131/176 50/119
f 115/174 50/119 131/176
f 114/177 127/178 118/179
f 114/180 96/181 132/182
f 114/177 118/179 96/183
f 118/179 127/178 130/184
f 96/183 118/179 117/149
f 116/147 117/149 118/179
f 133/185 128/186 93/187
f 134/188 109/189 121/190
f 127/191 113/192 115/174
f 130/184 127/178 131/193
f 126/173 115/174 112/194
f 134/198 121/199 138/200
f 140/201 138/202 121/203
f 113/146 104/145 115/204
f 86/104 79/103 114/206
f 144/207 145/208 129/209
f 148/211 144/212 133/185
f 112/213 115/204 104/145
f 106/214 149/215 107/216
f 13/217 66/44 3/41
f 133/185 129/225 128/186
f 12/111 3/41 55/43
f 114/206 79/103 113/146
f 127/191 115/174 131/176
f 143/229 129/230 152/231
f 118/232 130/233 116/234
f 35/235 66/236 13/237
f 80/239 154/240 71/241
f 103/242 45/243 44/244
f 151/245 48/246 71/247
f 52/249 92/250 117/251
f 66/252 16/253 34/254
f 18/255 27/256 28/257
f 155/258 102/259 153/260
f 97/264 63/265 19/266
f 142/267 156/268 158/269
f 19/266 63/265 44/270
f 149/271 106/272 108/273
f 70/274 44/270 63/265
f 143/275 152/276 150/277
f 96/120 82/80 132/281
f 101/154 111/153 120/282
f 23/9 85/283 90/284
f 113/288 127/178 114/177
f 173/290 64/291 174/292
f 171/296 40/297 162/298
f 124/299 89/300 120/282
f 153/260 102/259 152/301
f 178/304 154/305 142/306
f 145/307 155/308 153/309
f 180/311 55/43 66/44
f 138/313 177/314 174/315
f 148/316 155/317 144/207
f 145/208 153/318 129/209
f 64/291 182/322 174/292
f 148/316 183/323 62/324
f 128/326 129/327 143/328
f 129/225 133/185 144/212
f 50/119 88/97 130/175
f 90/332 173/333 172/334
f 116/335 130/175 88/97
f 144/207 155/336 145/208
f 154/305 178/304 71/339
f 62/340 57/341 148/342
f 94/343 14/344 167/345
f 174/347 107/348 149/349
f 138/350 181/351 139/352
f 138/313 174/315 149/358
f 155/317 148/316 186/359
f 186/359 148/316 57/360
f 162/361 40/362 39/363
f 170/364 72/132 107/134
f 142/365 150/366 187/367
f 140/201 177/368 138/202
f 52/369 101/154 89/300
f 153/318 152/370 129/209
f 157/371 176/372 156/373
f 89/300 101/154 120/282
f 142/377 128/378 143/379
f 149/380 108/381 172/382
f 166/383 170/384 182/385
f 182/322 64/291 62/324
f 167/387 14/388 65/389
f 162/298 161/391 171/296
f 64/392 172/393 170/394
f 166/395 133/396 93/397
f 166/398 93/399 63/400
f 53/401 85/283 23/9
f 77/127 91/96 83/403
f 172/404 107/405 182/406
f 142/407 154/408 188/409
f 174/347 182/412 107/348
f 108/413 107/414 172/415
f 152/416 187/417 150/418
f 138/421 67/422 134/423
f 91/96 77/127 88/97
f 166/425 183/426 133/427
f 182/428 72/429 172/430
f 12/111 10/42 3/41
f 8/57 186/431 57/432
f 187/433 102/259 151/245
f 178/434 151/245 71/247
f 178/434 187/433 151/245
f 102/259 187/433 152/301
f 182/437 183/426 166/438
f 142/439 187/440 178/441
f 62/324 183/323 182/322
f 53/401 23/9 22/8
f 176/450 157/451 188/452
f 172/459 72/460 170/461
f 108/462 72/463 182/464
f 12/111 55/43 58/109
f 107/465 108/466 170/384
f 108/466 182/385 170/384
f 157/451 142/472 188/452
f 90/284 85/283 173/290
f 173/475 85/476 64/477
f 170/478 166/479 62/480
f 142/487 143/488 150/489
f 177/491 173/290 174/292
f 66/44 34/492 180/311
f 148/316 133/493 183/323
f 158/494 128/495 142/496
f 53/499 64/500 8/501
f 186/431 102/259 155/258
f 80/239 188/503 154/240
f 57/432 68/504 8/57
f 57/432 56/505 68/504
f 142/267 157/506 156/268
f 8/57 102/259 186/431
f 8/83 85/82 53/507
f 44/508 70/509 42/510
f 64/291 170/512 62/324
f 70/515 20/516 46/517
f 68/84 64/519 85/82
f 20/516 44/520 46/517
f 20/522 19/523 44/524
f 70/525 2/526 42/527
f 54/23 22/22 7/56
f 81/79 84/85 191/532
f 140/533 121/534 139/535
f 111/153 122/159 120/282
f 98/536 81/537 191/538
f 81/79 98/539 193/540
f 81/79 193/540 82/80
f 17/14 189/541 37/15
f 31/122 15/544 1/40
f 196/548 199/549 191/550
f 199/552 196/553 205/554
f 176/555 209/556 206/557
f 214/558 212/559 208/560
f 95/561 191/532 84/85
f 210/562 217/563 55/43
f 202/570 203/571 208/572
f 204/574 212/575 199/576
f 55/43 180/311 210/562
f 211/588 180/311 34/492
f 203/592 202/593 99/594
f 221/595 208/596 203/597
f 197/598 225/599 207/600
f 224/604 219/605 210/606
f 212/607 221/595 199/549
f 55/43 217/563 58/109
f 180/311 211/608 210/562
f 196/548 191/550 95/561
f 214/610 221/595 212/607
f 204/574 199/576 227/612
f 206/614 209/615 225/599
f 221/595 214/610 208/596
f 221/595 203/597 199/549
f 199/549 203/597 191/550
f 209/624 188/625 225/626
f 206/614 225/599 197/598
f 99/594 191/627 203/592
f 201/632 217/563 210/562
f 209/633 176/634 188/635
f 188/639 80/640 225/641
f 191/532 99/642 98/539
f 207/643 225/641 80/640
f 228/644 229/645 230/646
f 259/661 260/662 261/663
f 266/664 259/661 261/663
f 267/665 260/662 259/661
f 268/666 235/667 120/282
f 271/668 261/669 272/670
f 273/671 272/670 261/669
f 278/672 279/673 277/674
f 284/679 275/680 285/681
f 264/682 288/683 265/684
f 271/685 289/686 261/663
f 169/688 278/672 277/674
f 294/689 169/690 253/691
f 299/692 300/693 86/694
f 302/695 141/696 272/697
f 276/698 86/699 300/700
f 311/701 264/682 265/684
f 256/706 275/680 274/707
f 246/708 291/709 247/710
f 243/714 124/299 120/282
f 78/105 86/104 255/715
f 273/671 261/669 260/719
f 299/720 310/721 300/722
f 325/726 326/727 311/701
f 325/726 266/728 326/727
f 325/726 311/701 327/729
f 311/730 326/731 82/80
f 298/732 330/733 297/734
f 331/735 291/736 292/737
f 302/695 86/104 141/696
f 275/680 284/679 308/738
f 286/739 265/684 277/674
f 279/673 286/739 277/674
f 238/743 262/744 309/745
f 276/698 300/700 310/746
f 169/750 277/751 253/691
f 86/694 302/755 299/692
f 282/756 247/757 342/758
f 276/759 255/715 86/104
f 273/760 137/761 272/697
f 266/664 261/663 289/686
f 266/664 289/686 326/731
f 329/765 338/766 237/767
f 349/768 135/769 137/770
f 349/768 273/771 260/772
f 349/773 137/761 273/760
f 350/774 135/775 349/776
f 349/768 260/772 267/778
f 355/779 356/780 357/781
f 355/779 357/781 354/782
f 357/781 358/783 354/782
f 339/786 357/781 356/780
f 311/701 265/684 327/729
f 265/684 286/739 327/729
f 325/792 327/793 266/664
f 303/797 244/798 263/799
f 364/801 365/802 341/803
f 280/807 120/282 235/667
f 311/730 82/80 193/540
f 311/730 193/540 264/811
f 237/812 348/813 329/814
f 308/738 274/707 275/680
f 370/815 320/816 319/817
f 250/818 328/819 329/820
f 141/823 114/824 271/825
f 271/826 272/827 141/828
f 353/836 354/782 358/783
f 359/837 245/838 371/839
f 353/836 344/840 354/782
f 274/707 263/799 256/706
f 328/844 233/845 329/846
f 250/818 252/847 363/848
f 141/696 86/104 114/206
f 348/852 250/853 329/854
f 328/819 250/818 363/848
f 381/855 382/856 383/857
f 283/858 347/859 366/860
f 376/861 377/862 386/863
f 386/863 377/862 389/864
f 391/869 392/870 385/871
f 393/872 394/873 395/874
f 382/875 277/751 265/876
f 328/844 363/877 348/878
f 392/870 400/881 385/871
f 382/883 265/684 288/683
f 382/884 288/885 402/886
f 405/887 286/888 279/889
f 406/890 407/891 408/892
f 410/896 286/897 405/898
f 367/899 397/900 279/889
f 378/901 413/902 412/903
f 405/904 412/903 413/902
f 405/904 413/902 395/905
f 414/906 410/907 415/908
f 255/715 399/909 398/910
f 417/911 386/912 389/913
f 383/914 382/915 402/916
f 397/917 377/918 383/857
f 405/887 279/889 397/900
f 414/906 415/908 419/920
f 398/910 399/909 420/921
f 410/922 405/923 415/924
f 395/905 415/908 405/904
f 397/917 389/925 377/918
f 276/759 399/909 255/715
f 294/927 345/928 281/929
f 382/875 294/930 253/691
f 294/930 382/875 381/931
f 404/932 400/881 392/870
f 385/871 384/933 374/934
f 371/935 387/936 339/937
f 393/938 385/871 394/939
f 416/940 422/941 394/939
f 414/906 266/664 327/793
f 410/942 414/943 327/944
f 414/906 419/920 425/945
f 419/946 422/947 425/948
f 410/949 327/950 286/951
f 424/953 374/934 384/933
f 424/953 384/933 400/881
f 374/934 416/940 385/871
f 397/917 396/954 389/925
f 385/871 416/940 394/939
f 375/956 374/957 424/958
f 393/961 395/962 385/963
f 419/964 394/965 422/966
f 356/780 245/967 359/968
f 382/875 253/691 277/751
f 353/836 369/969 344/840
f 247/710 366/970 246/708
f 378/901 412/903 402/974
f 383/975 402/976 412/977
f 397/978 412/977 405/979
f 432/980 408/892 407/891
f 307/981 358/982 357/983
f 441/984 435/985 436/986
f 383/975 412/977 397/978
f 449/990 447/991 440/992
f 356/780 359/968 339/996
f 451/997 398/910 443/998
f 441/984 436/986 452/999
f 454/1000 416/940 440/992
f 422/941 416/940 454/1000
f 447/991 454/1000 440/992
f 384/933 385/871 400/881
f 422/941 454/1000 425/945
f 430/1004 364/1005 408/1006
f 374/957 458/1009 450/1010
f 259/661 456/1011 267/665
f 454/1000 456/1011 259/661
f 414/906 259/661 266/664
f 457/1012 319/817 320/816
f 438/1013 420/921 399/909
f 420/921 438/1013 439/1016
f 453/1017 434/1018 404/932
f 450/1022 440/992 416/940
f 381/1023 383/1024 377/1025
f 339/937 387/936 307/1026
f 120/282 290/1027 243/714
f 376/1028 468/1029 377/1030
f 381/931 377/1030 468/1029
f 434/1018 400/881 404/932
f 430/1035 389/864 396/1036
f 451/997 443/998 462/1037
f 238/1040 316/1041 262/1042
f 381/931 468/1029 372/1044
f 340/1045 294/930 381/931
f 340/1045 381/931 372/1044
f 420/921 439/1016 435/985
f 316/1049 301/1050 262/1051
f 436/986 435/985 439/1016
f 442/1052 436/986 439/1016
f 462/1037 435/985 441/984
f 424/953 400/881 434/1018
f 430/1056 417/1057 389/1058
f 459/1059 267/665 456/1011
f 370/815 346/1062 243/714
f 243/714 290/1027 370/815
f 235/1071 352/1072 280/1073
f 386/1075 432/1076 467/1077
f 432/980 386/912 417/911
f 417/911 408/892 432/980
f 462/1037 443/998 435/985
f 449/990 440/992 450/1022
f 468/1029 407/1093 406/1094
f 237/1095 338/1096 241/1097
f 334/1099 293/1100 401/1101
f 179/1102 401/1101 293/1100
f 446/1103 424/958 434/1104
f 367/899 396/1108 397/900
f 374/934 450/1022 416/940
f 280/807 290/1027 120/282
f 302/1110 343/1111 299/1112
f 367/899 431/1113 396/1108
f 343/1114 302/695 272/697
f 343/1114 438/1013 299/1115
f 364/1116 396/1117 431/1118
f 408/1119 417/1120 430/1121
f 364/1116 430/1056 396/1122
f 372/1044 468/1029 406/1094
f 438/1013 310/1123 299/1115
f 438/1013 276/1124 310/1123
f 454/1000 259/661 425/945
f 425/945 259/661 414/906
f 360/1129 358/982 307/981
f 447/991 456/1011 454/1000
f 232/1130 230/646 285/681
f 339/937 359/1131 371/935
f 443/998 398/910 420/921
f 391/869 395/905 413/902
f 391/869 385/871 395/905
f 372/1132 408/1133 364/1134
f 372/1135 364/1136 340/1137
f 419/964 395/1138 394/965
f 419/920 415/908 395/905
f 442/1052 439/1016 272/697
f 442/1052 272/697 137/761
f 343/1114 272/697 439/1016
f 442/1139 137/1140 436/1141
f 420/921 435/985 443/998
f 376/861 386/863 467/1077
f 438/1013 399/909 276/1124
f 343/1114 439/1016 438/1013
f 355/779 245/967 356/780
f 307/1144 357/1145 339/1146
f 370/815 319/817 346/1062
f 262/1157 315/1158 309/1159
f 490/1163 488/1164 491/1165
f 363/1166 252/1167 315/1168
f 373/1170 321/1171 483/1172
f 320/816 485/1177 457/1012
f 331/1178 484/1179 483/1180
f 232/1130 228/644 230/646
f 321/1171 331/1182 483/1172
f 457/1012 485/1177 489/1188
f 367/899 279/889 278/1190
f 291/709 331/1193 321/1194
f 493/1195 484/1196 331/1193
f 275/680 256/706 285/681
f 285/681 256/706 232/1130
f 427/1212 498/1213 503/1214
f 301/1217 427/1218 262/1219
f 486/1221 427/1222 428/1223
f 510/1227 511/1228 418/1229
f 508/1233 298/732 515/1234
f 252/1167 309/1236 315/1168
f 330/1239 507/1240 297/1241
f 486/1221 428/1223 494/1246
f 509/1249 504/1250 513/1251
f 506/1255 505/1256 507/1257
f 517/1263 520/1264 518/1265
f 522/1266 518/1265 520/1264
f 427/1218 301/1217 494/1267
f 498/1268 427/1269 494/1270
f 428/1272 498/1273 494/1274
f 513/1251 504/1250 298/732
f 330/1278 298/732 508/1233
f 294/927 341/1282 345/928
f 375/956 458/1009 374/957
f 458/1009 523/1284 449/1285
f 509/1249 517/1263 504/1250
f 323/1290 291/709 321/1194
f 379/1292 465/1293 380/1294
f 337/1296 470/1297 524/1298
f 518/1265 504/1250 517/1263
f 292/1299 291/1300 246/1301
f 527/1307 457/1012 528/1308
f 521/1309 457/1012 527/1307
f 298/732 297/734 513/1251
f 418/1310 387/936 371/935
f 524/1298 511/1311 510/1312
f 510/1312 337/1296 524/1298
f 530/1325 490/1326 497/1327
f 531/1328 530/1325 497/1327
f 458/1009 449/1285 450/1010
f 524/1329 470/1330 511/1331
f 291/1332 342/1333 247/1334
f 526/1337 337/1296 510/1312
f 372/1339 406/890 408/892
f 387/1343 511/1331 470/1330
f 427/1344 503/1345 428/1346
f 490/1326 528/1308 489/1188
f 457/1012 489/1188 528/1308
f 481/1353 516/1354 486/1355
f 323/1356 342/1333 291/1332
f 494/1357 481/1358 486/1359
f 387/1343 470/1330 360/1129
f 360/1129 307/981 387/1343
f 490/1326 530/1325 528/1308
f 526/1337 473/1361 337/1296
f 322/1364 342/1333 323/1356
f 506/1366 532/1367 502/1368
f 407/1370 467/1371 432/1372
f 407/1370 468/1373 376/1374
f 451/997 462/1037 475/1375
f 392/1376 378/1377 533/1378
f 391/869 413/902 392/870
f 413/902 378/901 392/870
f 534/1379 267/665 459/1059
f 350/1380 349/1381 534/1382
f 378/901 402/974 535/1383
f 535/1383 533/1384 378/901
f 344/840 536/1385 354/782
f 264/811 193/540 537/1386
f 98/539 537/1386 193/540
f 289/686 132/281 326/731
f 132/281 82/80 326/731
f 349/768 267/778 534/1387
f 271/825 132/1389 289/1390
f 114/824 132/1389 271/825
f 543/1391 546/1392 544/1393
f 551/1394 552/1395 546/1396
f 486/1400 492/1401 566/1402
f 573/1414 561/1415 560/1416
f 574/1417 575/1418 576/1419
f 540/1420 547/1421 411/1422
f 516/1430 492/1431 486/1432
f 582/1433 572/1434 571/1435
f 581/1436 571/1437 566/1438
f 548/1439 551/1394 556/1440
f 543/1441 553/1442 588/1443
f 496/1444 578/1445 566/1446
f 578/1447 496/1448 555/1449
f 548/1439 540/1420 551/1394
f 575/1418 579/1453 576/1419
f 571/1437 581/1436 555/1455
f 566/1459 492/1460 496/1461
f 578/1447 581/1465 566/1466
f 556/1440 557/1468 548/1439
f 591/1469 583/1470 584/1471
f 586/1472 575/1473 574/1417
f 554/1474 599/1475 560/1476
f 546/1477 543/1478 583/1470
f 600/1479 601/1480 602/1481
f 539/1485 564/1486 228/644
f 604/1487 602/1481 603/1488
f 596/1489 597/1490 607/1491
f 586/1472 559/1492 572/1493
f 574/1417 589/1494 586/1472
f 99/1495 609/1496 606/1497
f 606/1500 403/1501 264/682
f 264/811 537/1386 606/1505
f 411/1422 229/645 228/644
f 228/644 564/1486 551/1394
f 607/1507 613/1508 596/1509
f 564/1486 539/1485 565/1510
f 555/1511 582/1433 571/1435
f 622/1513 612/1514 608/1515
f 403/1501 606/1500 612/1514
f 565/1516 570/1517 586/1518
f 623/1519 615/1520 550/1521
f 604/1487 603/1522 608/1515
f 603/1522 622/1513 608/1515
f 590/1526 545/1527 548/1439
f 624/1528 617/1529 618/1530
f 623/1531 550/1532 573/1533
f 586/1472 589/1494 593/1534
f 591/1535 584/1536 541/1537
f 579/1538 626/1539 576/1540
f 550/1546 561/1415 573/1414
f 614/1547 608/1548 216/1549
f 543/1441 544/1552 553/1442
f 572/1493 582/1553 586/1472
f 98/539 99/642 537/1386
f 582/1553 575/1473 586/1472
f 403/1554 622/1555 631/1556
f 403/1501 612/1514 622/1513
f 537/1386 99/642 606/1505
f 502/1562 579/1563 575/1564
f 549/1566 550/1521 599/1567
f 574/1417 576/1419 589/1494
f 553/1568 634/1569 630/1570
f 215/1574 621/1575 223/1576
f 590/1578 633/1579 580/1580
f 597/1585 596/1586 613/1587
f 515/1234 576/1419 626/1588
f 629/1589 210/562 211/608
f 628/1590 573/1591 599/1592
f 629/1589 211/608 633/1595
f 211/608 635/1596 633/1595
f 623/1531 592/1597 543/1598
f 545/1527 633/1579 635/1596
f 636/1599 588/1443 630/1600
f 637/1602 585/1603 634/1604
f 546/1396 556/1440 551/1394
f 210/562 629/1589 224/1605
f 540/1420 411/1422 551/1394
f 633/1595 590/1608 629/1589
f 551/1394 411/1422 228/644
f 565/1516 586/1518 564/1610
f 545/1527 580/1611 633/1579
f 573/1612 628/1613 615/1614
f 611/1620 561/1621 577/1622
f 402/974 631/1624 638/1625
f 632/1626 639/1627 567/1628
f 639/1629 644/1630 645/1631
f 641/1632 611/1633 646/1634
f 647/1635 640/1636 638/1637
f 611/1638 643/1639 560/1476
f 641/1632 643/1640 611/1633
f 648/1641 649/1642 650/1643
f 599/1644 573/1414 560/1416
f 535/1383 402/974 638/1625
f 548/1439 557/1468 590/1526
f 652/1645 648/1646 650/1647
f 638/1625 640/1636 535/1383
f 631/1556 647/1635 638/1637
f 655/1649 434/1650 453/1651
f 656/1652 640/1636 657/1653
f 648/1654 652/1655 649/1656
f 453/1017 651/1657 655/1658
f 610/1659 619/1660 552/1395
f 660/1661 453/1017 392/870
f 652/1662 650/1663 649/1664
f 660/1665 657/1666 654/1667
f 656/1668 657/1669 660/1670
f 657/1653 640/1636 642/1671
f 656/1652 535/1383 640/1636
f 646/1672 645/1673 641/1674
f 647/1635 643/1640 642/1675
f 640/1636 647/1635 642/1675
f 651/1657 654/1676 663/1677
f 622/1555 603/1678 631/1556
f 593/1679 589/1680 562/1681
f 651/1682 658/1683 644/1630
f 602/1684 665/1685 603/1678
f 602/1684 637/1686 665/1685
f 663/1687 654/1688 657/1689
f 627/1690 564/1610 586/1518
f 577/1622 646/1672 611/1620
f 664/1691 631/1556 603/1678
f 664/1691 603/1678 665/1685
f 644/1692 666/1693 659/1694
f 639/1627 632/1626 644/1692
f 577/1695 639/1629 646/1696
f 644/1697 434/1018 655/1698
f 655/1698 651/1699 644/1697
f 645/1631 646/1696 639/1629
f 632/1700 625/1701 661/1702
f 647/1703 664/1704 665/1705
f 647/1706 665/1707 667/1708
f 535/1709 656/1710 533/1711
f 663/1712 657/1713 642/1714
f 659/1715 666/1716 661/1717
f 515/1723 659/1724 661/1725
f 666/1693 644/1692 632/1626
f 667/1708 665/1726 618/1530
f 637/1727 618/1530 665/1726
f 644/1692 477/1728 434/1104
f 656/1668 660/1670 533/1729
f 576/1730 625/1731 567/1732
f 663/1733 642/1734 641/1735
f 662/1736 647/1635 667/1737
f 661/1738 666/1739 632/1740
f 667/1708 618/1530 617/1529
f 662/1736 643/1640 647/1635
f 643/1640 641/1632 642/1675
f 533/1741 660/1742 392/1743
f 654/1676 651/1657 660/1661
f 660/1661 651/1657 453/1017
f 563/1744 569/1745 562/1746
f 404/932 392/870 453/1017
f 631/1556 664/1691 647/1635
f 549/1752 563/1753 550/1754
f 402/974 403/1755 631/1624
f 663/1677 641/1632 651/1657
f 651/1756 641/1757 653/1758
f 644/1759 659/1760 477/1761
f 477/1728 298/1763 434/1104
f 567/1628 589/1494 576/1419
f 610/1764 569/1765 619/1766
f 658/1767 653/1768 641/1674
f 658/1683 651/1682 653/1769
f 645/1770 658/1771 641/1772
f 562/1773 561/1621 550/1774
f 627/1775 593/1534 610/1776
f 569/1778 563/1779 549/1780
f 630/1781 634/1604 585/1603
f 636/1782 615/1783 588/1784
f 627/1785 610/1786 564/1787
f 592/1788 583/1470 543/1478
f 593/1789 569/1790 610/1791
f 562/1773 577/1622 561/1621
f 544/1393 552/1793 619/1794
f 573/1795 615/1796 616/1797
f 639/1627 577/1798 567/1628
f 550/1774 563/1799 562/1773
f 628/1800 599/1567 550/1521
f 567/1628 562/1773 589/1494
f 564/1486 610/1659 552/1395
f 630/1600 588/1443 553/1442
f 643/1639 554/1474 560/1476
f 586/1472 593/1534 627/1805
f 593/1534 562/1773 569/1806
f 552/1793 544/1393 546/1392
f 613/1587 607/1807 597/1585
f 561/1415 611/1633 560/1416
f 567/1809 577/1810 562/1811
f 592/1812 623/1813 616/1814
f 583/1815 592/1816 584/1817
f 551/1394 564/1486 552/1395
f 626/1539 579/1538 532/1818
f 617/1821 624/1822 568/1823
f 623/1826 588/1784 615/1783
f 550/1521 615/1520 628/1800
f 634/1569 624/1827 618/1828
f 502/1829 532/1830 579/1831
f 658/1683 645/1631 644/1630
f 630/1781 585/1603 636/1832
f 545/1527 590/1526 580/1611
f 592/1812 616/1814 584/1833
f 615/1783 636/1782 585/1834
f 532/1836 506/1255 515/1234
f 634/1604 618/1838 637/1602
f 553/1568 624/1827 634/1569
f 553/1839 568/1823 624/1822
f 543/1598 588/1840 623/1531
f 515/1234 626/1588 532/1836
f 546/1396 583/1841 556/1440
f 548/1439 545/1527 547/1842
f 407/1370 376/1374 467/1371
f 403/1755 402/974 288/1843
f 403/1501 288/683 264/682
f 675/1846 673/1847 676/1848
f 669/1849 693/1850 694/1851
f 687/1852 682/1853 675/1854
f 674/1858 687/1852 673/1859
f 691/1860 702/1861 692/1862
f 676/1863 687/1864 675/1865
f 702/1861 704/1866 692/1862
f 693/1867 706/1868 694/1869
f 709/1871 710/1872 711/1873
f 15/544 31/122 700/1874
f 707/1878 15/544 700/1874
f 720/1879 721/1880 722/1881
f 687/1882 676/1883 673/1884
f 727/1887 728/1888 726/1889
f 687/1852 686/1890 695/1891
f 730/1892 181/351 731/1893
f 677/1894 731/1895 678/1896
f 669/1897 694/1898 670/1899
f 740/1900 741/1901 742/1902
f 743/1903 717/1904 718/1905
f 675/1854 682/1853 673/1859
f 687/1852 674/1858 686/1890
f 702/1861 744/1907 704/1866
f 736/1908 746/1909 737/1910
f 730/1892 139/352 181/351
f 686/1890 705/1911 695/1891
f 747/1912 748/1913 737/1910
f 748/1913 709/1914 737/1910
f 673/1859 682/1853 672/1915
f 678/1916 725/1917 677/1918
f 140/533 139/535 730/1919
f 751/1921 707/1878 700/1874
f 741/1922 754/1923 742/1924
f 677/1894 140/533 730/1919
f 753/1928 751/1921 766/1929
f 740/1931 742/1932 754/1933
f 724/1934 768/1935 769/1936
f 774/1938 684/1939 69/1940
f 774/1938 69/1940 769/1941
f 775/1942 685/1943 712/1944
f 678/1896 769/1936 725/1945
f 712/1946 758/1947 775/1948
f 687/1852 695/1891 729/1951
f 739/1957 779/1958 765/1959
f 743/1903 718/1905 771/1961
f 731/1893 181/351 696/1964
f 696/1968 769/1936 678/1896
f 696/1964 181/351 691/1971
f 763/1972 756/1973 757/1974
f 724/1934 769/1936 696/1968
f 758/1975 756/1976 775/1977
f 691/1971 708/1978 696/1964
f 786/1986 701/1987 787/1988
f 779/1958 721/1989 786/1986
f 699/1996 751/1921 700/1874
f 738/2005 695/1891 732/2006
f 699/1996 766/1929 751/1921
f 792/2013 787/2014 793/2015
f 777/2017 766/1929 699/1996
f 695/1891 705/1911 732/2006
f 713/2019 756/1976 758/1975
f 701/1987 785/2022 787/1988
f 705/1911 749/2026 732/2006
f 721/2031 720/2032 786/2033
f 732/2006 749/2026 766/2034
f 728/1888 727/1887 795/2035
f 738/2037 732/2006 766/2034
f 736/1908 801/2040 802/2041
f 690/2048 693/2049 681/2050
f 811/2051 808/2052 794/2053
f 806/2060 799/2061 800/2062
f 806/2063 808/2064 799/2065
f 811/2066 728/2067 796/2068
f 806/2063 794/2076 808/2064
f 825/2085 823/2086 826/2087
f 825/2088 714/2089 827/2090
f 823/2091 825/2092 828/2093
f 726/2094 670/2095 819/2096
f 830/2109 825/2110 826/2111
f 820/2115 826/2116 807/2117
f 827/2132 728/1888 828/2133
f 826/2116 823/2135 807/2117
f 715/2137 794/2138 752/2139
f 749/2026 753/2149 766/2034
f 799/2151 823/2152 811/2153
f 824/2154 822/2155 821/2156
f 700/1874 698/2159 699/1996
f 799/2160 807/2117 823/2135
f 807/2162 803/2163 806/2164
f 828/2165 825/2166 827/2167
f 771/2169 770/2170 743/2171
f 728/2067 811/2066 823/2091
f 815/2172 743/2171 770/2170
f 828/2093 728/2067 823/2091
f 837/2176 739/2177 838/2178
f 726/1889 728/1888 827/2132
f 739/1957 765/1959 745/2184
f 690/2048 681/2050 689/2187
f 779/2188 739/2189 818/2190
f 755/2197 839/2198 840/2199
f 820/2205 831/2206 826/2207
f 755/2210 711/2211 710/2212
f 836/2213 839/2198 755/2197
f 711/1873 737/1910 709/1871
f 838/2178 739/2177 745/2215
f 737/1910 711/1873 736/1908
f 747/1912 737/1910 819/2221
f 706/1868 693/1867 690/2222
f 819/2223 791/2224 747/2225
f 706/1868 819/2223 694/1869
f 706/1868 791/2224 819/2223
f 671/2226 791/2227 706/2228
f 671/2226 706/2228 690/2229
f 670/2230 694/2231 819/2232
f 714/2235 833/2236 827/2237
f 786/1986 841/2238 779/1958
f 765/1959 779/1958 841/2238
f 741/1922 740/2240 754/1923
f 670/2241 827/2242 833/2243
f 736/2245 711/2246 755/2247
f 681/2050 693/2049 669/2248
f 801/2040 736/1908 755/2197
f 736/1908 802/2041 746/1909
f 840/2199 801/2040 755/2197
f 748/2251 710/1872 709/1871
f 671/2226 842/2252 791/2227
f 841/2238 786/1986 843/2253
f 844/2254 745/2255 840/2256
f 839/2198 844/2254 840/2199
f 727/2257 802/2258 801/2259
f 721/2260 779/2261 818/2262
f 727/1887 801/2264 795/2035
f 793/2269 787/2270 785/2271
f 785/2272 790/2273 845/2274
f 785/2022 701/1987 790/2275
f 847/2282 785/2283 845/2284
f 793/2285 785/2286 792/2287
f 847/2288 845/2289 790/2290
f 771/2295 852/2296 744/2297
f 861/2301 859/2302 854/2303
f 853/2304 192/2305 126/2306
f 853/2307 126/2308 112/2309
f 846/2310 858/2311 889/2312
f 703/2313 859/2302 885/2314
f 885/2318 882/2319 881/2320
f 861/2301 837/2321 899/2322
f 900/2323 730/2324 123/2325
f 873/2329 704/2330 744/2297
f 904/2331 910/2332 903/2333
f 906/2334 864/2335 905/2336
f 722/1881 818/2337 854/2303
f 892/2344 917/2345 893/2346
f 903/2333 909/2349 921/2350
f 905/2351 864/2352 863/2353
f 677/2354 900/2355 731/2356
f 837/2321 861/2301 818/2337
f 122/159 860/2357 915/2358
f 923/2359 922/2360 904/2361
f 854/2303 859/2302 703/2313
f 122/159 915/2358 268/666
f 899/2322 878/2362 905/2363
f 798/2368 860/2357 735/2369
f 882/2370 863/2371 920/2372
f 914/2373 859/2374 887/2375
f 873/2329 852/2296 851/2376
f 858/2377 846/2378 696/2379
f 122/159 125/2381 860/2357
f 861/2387 899/2388 859/2389
f 904/2361 922/2360 929/2390
f 889/2312 894/2393 901/2394
f 908/2395 903/2396 910/2397
f 868/2399 871/2400 873/2401
f 874/2402 868/2399 851/2403
f 868/2399 873/2401 851/2403
f 918/2404 849/2405 850/2406
f 878/2407 899/2408 875/2409
f 853/2412 146/2413 192/2414
f 919/2415 910/2332 904/2331
f 849/2405 918/2404 848/2416
f 873/2401 871/2400 704/1866
f 912/2420 871/2421 868/2422
f 901/2423 895/2424 848/2416
f 923/2425 925/2426 939/2427
f 862/2428 882/2370 860/2357
f 929/2429 922/2430 930/2431
f 915/2432 877/2433 902/2434
f 704/1866 871/2437 692/2438
f 692/2439 871/2440 847/2441
f 894/2393 889/2312 858/2311
f 907/2442 906/2334 905/2336
f 892/2445 843/2253 917/2446
f 916/2447 843/2253 892/2448
f 104/145 146/2449 112/213
f 924/2451 939/2452 942/2453
f 901/2423 894/2454 895/2424
f 882/2370 914/2455 863/2371
f 903/2333 921/2350 904/2331
f 912/2420 868/2422 870/2456
f 920/2372 864/2458 906/2459
f 894/2393 858/2311 895/2461
f 854/2303 818/2337 861/2301
f 112/213 146/2449 853/2462
f 863/2463 887/2464 905/2465
f 904/2361 921/2466 923/2359
f 914/2467 882/2468 885/2469
f 860/2357 798/2368 862/2428
f 708/2470 691/1860 692/1862
f 905/2363 859/2302 899/2322
f 905/2363 887/2471 859/2302
f 703/2472 885/2473 881/2474
f 875/2476 899/2322 837/2321
f 744/2297 852/2296 873/2329
f 920/2372 860/2357 882/2370
f 891/2477 933/2478 949/2479
f 744/2297 770/2480 771/2295
f 859/2481 914/2482 885/2469
f 912/2420 870/2456 869/2483
f 914/2484 887/2485 863/2486
f 122/159 268/666 120/282
f 268/666 476/2487 235/667
f 119/158 125/2381 122/159
f 881/2493 882/2370 862/2428
f 860/2357 125/2381 735/2369
f 863/2371 864/2458 920/2372
f 939/2427 922/2430 923/2425
f 915/2358 860/2357 920/2372
f 942/2496 947/2497 924/2498
f 960/2499 961/2500 957/2501
f 957/2501 954/2502 956/2503
f 957/2504 965/2505 966/2506
f 964/2507 961/2500 959/2508
f 958/2509 967/2510 959/2511
f 957/2515 956/2516 971/2517
f 970/2521 977/2522 969/2523
f 969/2524 956/2525 970/2526
f 969/2527 971/2528 956/2529
f 957/2515 971/2517 965/2530
f 459/2531 350/1380 534/1382
f 459/2532 935/2533 350/2534
f 980/2538 935/2533 459/2532
f 982/2543 985/2544 983/2545
f 982/2543 984/2546 985/2544
f 451/997 475/1375 954/2502
f 929/2429 930/2431 988/2547
f 985/2544 974/2548 983/2545
f 939/2427 924/2549 922/2430
f 951/2550 865/2551 866/2552
f 942/2553 866/2554 947/2555
f 942/2553 952/2556 866/2554
f 990/2557 939/2558 989/2559
f 849/2405 192/2560 146/2561
f 980/2565 452/2566 935/2567
f 993/2568 452/2566 980/2565
f 954/2502 475/1375 993/2568
f 452/2566 475/1375 441/984
f 993/2568 475/1375 452/2566
f 975/2569 993/2570 976/2571
f 992/2572 994/2573 995/2574
f 992/2575 989/2576 994/2577
f 991/2578 989/2576 992/2575
f 459/1059 993/2570 980/2579
f 459/1059 456/1011 993/2570
f 456/1011 976/2571 993/2570
f 984/2583 996/2584 985/2585
f 982/2543 981/2586 984/2546
f 981/2587 943/2588 984/2589
f 981/2590 979/2591 943/2592
f 939/2593 990/2594 942/2595
f 937/2596 951/2550 948/2597
f 970/2521 975/2598 977/2522
f 975/2598 976/2599 977/2522
f 967/2600 963/2601 962/2602
f 953/2603 451/997 954/2502
f 944/2609 979/2610 1000/2611
f 944/2612 1000/2613 997/2614
f 975/2616 954/2502 993/2568
f 960/2499 985/2544 996/2622
f 968/2623 1004/2624 449/990
f 991/2625 992/2626 948/2627
f 960/2499 974/2628 985/2544
f 963/2601 958/2629 959/2508
f 957/2501 953/2603 954/2502
f 961/2630 960/2631 996/2632
f 930/2633 924/2498 947/2497
f 1008/2634 992/2635 995/2636
f 1008/2637 995/2638 1009/2639
f 865/2640 967/2600 962/2602
f 975/2616 970/2526 954/2502
f 958/2641 963/2642 967/2643
f 997/2614 998/2644 944/2612
f 1015/2645 1014/2646 1013/2647
f 959/2508 961/2500 996/2622
f 986/2648 937/2649 973/2650
f 951/2550 879/2651 865/2551
f 1016/2652 1017/2653 995/2654
f 956/2503 954/2502 970/2526
f 963/2601 959/2508 996/2622
f 962/2602 963/2601 996/2622
f 937/2596 948/2597 973/2656
f 1011/2657 973/2656 1012/2658
f 1014/2646 972/2659 1013/2647
f 1011/2657 1012/2658 1019/2663
f 865/2640 879/2664 967/2600
f 922/2430 924/2549 930/2431
f 955/2665 948/2597 951/2550
f 964/2507 957/2501 961/2500
f 879/2664 959/2508 967/2600
f 951/2550 866/2552 952/2666
f 1012/2658 1021/2667 1019/2663
f 994/2573 1016/2668 995/2574
f 1017/2669 1009/2639 995/2638
f 955/2670 990/2671 989/2672
f 955/2673 989/2674 991/2675
f 952/2677 990/2594 955/2678
f 1027/2679 1015/2680 1028/2681
f 1027/2682 1014/2683 1015/2684
f 1027/2685 1029/2686 1014/2646
f 974/2628 960/2499 966/2687
f 948/2597 1008/2688 973/2656
f 1030/2689 972/2690 930/2691
f 972/2659 1031/2692 1013/2647
f 960/2499 957/2501 966/2687
f 1032/2693 1033/2694 1026/2695
f 1034/2696 1035/2697 1036/2698
f 988/2699 930/2700 972/2659
f 988/2699 972/2659 1007/2701
f 1014/2646 1007/2701 972/2659
f 1037/2702 1026/2703 1033/2704
f 1030/2705 1031/2692 972/2659
f 1001/2706 1024/2707 1025/2708
f 930/2709 866/2710 1030/2711
f 944/2712 986/2648 973/2650
f 1031/2692 1038/2713 1020/2714
f 1013/2647 1031/2692 1020/2714
f 1037/2718 932/2719 1026/2720
f 959/2508 879/2664 964/2507
f 849/2405 146/2561 850/2406
f 1031/2723 866/2710 1038/2724
f 883/2725 932/2719 268/666
f 1047/2726 1024/2707 1048/2727
f 883/2725 1026/2720 932/2719
f 991/2728 948/2729 955/2670
f 866/2552 872/2730 1038/2731
f 1001/2706 1036/2698 1035/2697
f 1022/2734 1001/2706 1025/2708
f 1051/2735 1040/2736 1050/2737
f 977/2738 971/2739 969/2740
f 456/1011 977/2738 976/2571
f 1002/2741 971/2739 977/2738
f 1002/2741 977/2738 456/1011
f 1002/2741 449/990 1004/2624
f 1029/2686 1007/2701 1014/2646
f 1008/2688 1012/2658 973/2656
f 990/2594 952/2677 942/2595
f 926/2757 838/2758 1046/2759
f 1008/2688 1009/2760 1012/2658
f 1054/2761 801/2040 765/1959
f 939/2558 925/2762 994/2573
f 939/2558 994/2573 989/2559
f 838/2758 844/2254 1046/2759
f 1038/2763 1039/2764 1020/2765
f 745/2255 844/2254 838/2758
f 964/2507 953/2603 957/2501
f 1018/2766 1039/2767 872/2768
f 1036/2698 1022/2769 1026/2720
f 1022/2773 1036/2774 1056/2775
f 931/2776 855/2777 856/2778
f 947/2779 866/2710 930/2709
f 867/2780 931/2776 856/2778
f 866/2552 865/2551 872/2730
f 1036/2698 1026/2720 883/2725
f 951/2550 952/2666 955/2665
f 948/2782 992/2635 1008/2634
f 866/2710 1031/2723 1030/2711
f 1038/2731 872/2730 1039/2783
f 986/2648 944/2712 962/2784
f 1051/2785 1050/2786 1049/2787
f 838/2758 875/2476 837/2321
f 872/2789 865/2640 962/2602
f 950/2794 852/2795 718/2796
f 794/2797 716/2798 945/2799
f 836/2800 1045/2801 1049/2802
f 919/2415 1062/2805 1063/2806
f 1062/2807 904/2361 929/2390
f 986/2648 962/2784 471/2808
f 778/2813 752/2814 716/2815
f 716/2798 715/2816 829/2817
f 962/2784 944/2712 998/2818
f 997/2819 962/2820 998/2821
f 1021/2822 1009/2823 1017/2824
f 1012/2825 1009/2639 1021/2826
f 838/2758 926/2827 875/2476
f 929/2390 1061/2831 1062/2807
f 702/1861 778/2813 744/1907
f 834/2834 987/2835 832/2836
f 739/2837 837/2321 818/2337
f 737/1910 746/1909 819/2221
f 746/1909 726/2841 819/2221
f 1049/2842 1046/2843 836/2213
f 1051/2844 1045/2845 1040/2846
f 968/2849 449/1285 523/1284
f 932/2719 476/2487 268/666
f 916/2447 1054/2761 765/1959
f 916/2447 765/1959 843/2253
f 1045/2845 1051/2844 1049/2852
f 1005/2853 1061/2854 1006/2855
f 839/2198 1046/2843 844/2254
f 796/2856 795/2857 716/2858
f 1041/2865 1050/2866 1040/2867
f 795/2868 945/2869 716/2870
f 449/990 1002/2741 1010/2871
f 1010/2871 1002/2741 456/1011
f 1049/2876 1050/2877 1046/2878
f 1062/2805 1058/2879 1059/2880
f 1034/2696 999/2881 1035/2697
f 1052/2882 1035/2883 999/2884
f 771/2890 718/2891 852/2892
f 919/2415 904/2331 1062/2805
f 795/2893 1054/2894 928/2895
f 795/2898 928/2899 945/2900
f 523/2901 1061/2902 1005/2903
f 968/2904 523/2901 1005/2903
f 1058/2905 522/1266 520/1264
f 1061/2854 988/2547 1006/2855
f 1061/2854 929/2429 988/2547
f 1063/2806 1062/2805 1059/2880
f 778/2906 716/2798 829/2817
f 916/2447 928/2907 1054/2761
f 744/1907 778/2813 783/2908
f 855/2777 931/2776 1055/2910
f 898/2911 888/2912 890/2913
f 718/2916 717/2917 950/2918
f 927/2919 940/2920 949/2921
f 1055/2910 931/2776 896/2922
f 1046/2843 839/2198 836/2213
f 449/990 1010/2871 447/991
f 746/1909 802/2041 727/2923
f 746/2924 727/2925 726/2926
f 1076/2927 1077/2928 1078/2929
f 1079/2930 1076/2931 1029/2932
f 796/2068 716/2933 752/2934
f 840/2199 745/2184 765/1959
f 795/2035 801/2264 1054/2935
f 1001/2937 1083/2938 1036/2939
f 841/2940 843/2941 765/2942
f 1027/2943 1028/2944 1084/2945
f 801/2040 840/2199 765/1959
f 1026/2949 1022/2950 1032/2951
f 1022/2952 1056/2953 1083/2954
f 1022/2734 1083/2955 1001/2706
f 1089/2958 1029/2959 1076/2960
f 1089/2962 1081/2963 1053/2964
f 1090/2967 1079/2930 1029/2932
f 1090/2967 1029/2932 1027/2968
f 1088/2969 1021/2970 1091/2971
f 1088/2972 1019/2973 1021/2974
f 1017/2975 1091/2976 1021/2977
f 1017/2978 1016/2979 1091/2980
f 795/2035 796/2981 728/1888
f 1010/2871 456/1011 447/991
f 441/984 475/1375 462/1037
f 994/2573 1092/2983 1016/2668
f 846/2984 889/2985 724/2986
f 854/2987 703/2988 719/2989
f 854/2990 719/2991 722/2992
f 768/2993 724/2986 889/2985
f 786/2994 787/2995 843/2996
f 696/2379 846/2378 724/2997
f 787/2995 792/2998 917/2999
f 1093/3001 1080/3002 1078/2929
f 677/3003 730/3004 900/3005
f 696/1968 678/1896 731/1895
f 792/3006 785/2022 847/3007
f 792/3006 847/3007 917/2446
f 910/2397 919/3009 1073/3010
f 787/2995 917/2999 843/2996
f 722/1881 721/1880 818/2337
f 1094/3011 1095/3012 1071/3013
f 1084/3014 1072/3015 1095/3016
f 1085/3017 1071/3018 1095/3019
f 1102/3020 1103/3021 1104/3022
f 1104/3022 1105/3023 1102/3020
f 1127/3027 1128/3028 1129/3029
f 1106/3032 1111/3033 1132/3034
f 1096/3038 1135/3039 1136/3040
f 1139/3041 1140/3042 1141/3043
f 1146/3044 1133/3045 1104/3046
f 1156/3053 1157/3054 1158/3055
f 1146/3056 1102/3057 1133/3058
f 1118/3069 1116/3070 1134/3071
f 1156/3072 1136/3073 1174/3074
f 1175/3075 1176/3076 1177/3077
f 1176/3078 1151/3079 1168/3080
f 1102/3020 1178/3083 1103/3021
f 1183/3088 1184/3089 1172/3090
f 1187/3091 1179/3092 1186/3093
f 1133/3097 1105/3098 1104/3099
f 1186/3107 1179/3108 1195/3109
f 1168/3110 1169/3111 1170/3112
f 1175/3113 1198/3114 1185/3115
f 1127/3116 1183/3117 1172/3118
f 1190/3119 1185/3120 1202/3121
f 1185/3122 1192/3123 1203/3124
f 1185/3125 1203/3126 1202/3127
f 1187/3128 1131/3129 1179/3130
f 1107/3131 1116/3132 1118/3133
f 1131/3134 1207/3135 1186/3136
f 1151/3079 1176/3078 1192/3137
f 1169/3138 1207/3139 1195/3140
f 1195/3141 1207/3142 1187/3128
f 1186/3136 1207/3135 1169/3143
f 1187/3128 1169/3144 1168/3080
f 1111/3033 1121/3145 1153/3146
f 1135/3147 1097/3148 1155/3149
f 1167/3157 1163/3158 1212/3159
f 1214/3162 1135/3163 1155/3164
f 1207/3142 1131/3129 1187/3128
f 1177/3171 1198/3114 1175/3113
f 1099/3172 1191/3173 1120/3174
f 1155/3177 1219/3178 1220/3179
f 1190/3181 1202/3182 1198/3183
f 1189/3184 1221/3185 1204/3186
f 1097/3148 1225/3187 1155/3149
f 1099/3172 1120/3174 876/3188
f 1229/3193 1194/3194 1224/3195
f 1153/3196 1194/3197 1132/3198
f 1231/3199 1199/3200 1173/3201
f 1231/3199 1232/3202 1199/3200
f 1134/3203 1109/3204 1117/3205
f 1120/3174 1117/3205 1109/3204
f 1190/3209 1175/3210 1185/3211
f 1117/3205 1118/3216 1134/3203
f 1186/3217 1195/3218 1131/3219
f 1223/3221 1132/3034 1239/3222
f 1229/3224 1237/3225 1239/3226
f 1210/3231 1212/3159 1245/3232
f 748/3233 1248/3234 710/3235
f 710/3239 1248/3240 1259/3241
f 1271/3244 1251/3245 1267/3246
f 1251/3247 1261/3248 1267/3249
f 1140/3250 1139/3251 1166/3252
f 1189/3253 1216/3254 1221/3255
f 1280/3258 1253/3259 1269/3260
f 1256/3262 1264/3263 1257/3264
f 1173/3201 1200/3265 1284/3266
f 1173/3201 1284/3266 1216/3254
f 1221/3255 1285/3270 1213/3271
f 1284/3266 1221/3255 1216/3254
f 1265/3272 1283/3273 1252/3274
f 1175/3277 1192/3137 1176/3078
f 1259/3278 1262/3279 710/3280
f 1195/3141 1187/3128 1168/3080
f 1253/3281 1268/3282 1282/3283
f 1294/3285 1288/3286 1283/3287
f 710/1872 1262/3288 836/2213
f 1258/3289 1292/3290 1263/3291
f 1298/3293 1171/3294 1246/3295
f 1250/3299 1265/3272 1252/3274
f 1255/3300 1256/3262 1276/3301
f 791/3303 748/3304 747/3305
f 1111/3033 1153/3146 1132/3034
f 1256/3262 1255/3300 1264/3263
f 1296/3308 1255/3309 1238/3310
f 1267/3246 1268/3311 1253/3259
f 1168/3080 1151/3079 1195/3141
f 1260/3312 1045/2845 1258/3313
f 1268/3314 1267/3315 1274/3316
f 1239/3222 1132/3034 1229/3193
f 1210/3231 1167/3157 1212/3159
f 1266/3320 1283/3321 1300/3322
f 1288/3286 1294/3285 1301/3323
f 690/2048 1302/3324 1254/3325
f 1302/3326 1301/3327 1294/3328
f 1096/3038 1097/3330 1135/3039
f 1307/3333 1308/3334 1234/3335
f 1194/3194 1153/3336 1224/3195
f 1186/3093 1169/3337 1187/3091
f 1310/3340 1294/3341 1283/3342
f 1157/3343 1156/3344 1244/3345
f 1306/3346 1271/3347 1275/3348
f 1195/3141 1151/3079 1131/3129
f 1291/3349 1292/3350 1290/3351
f 1224/3195 1153/3336 1289/3352
f 1245/3232 1287/3354 1210/3231
f 1266/3355 1300/3356 1275/3357
f 1306/3358 1267/3359 1261/3360
f 1098/3361 1179/3130 1100/3362
f 1306/3364 1272/3365 1271/3366
f 1260/3367 1263/3368 1292/3369
f 1175/3277 1203/3370 1192/3137
f 1271/3347 1266/3371 1275/3348
f 1180/3372 1144/3373 1172/3090
f 1297/3376 1255/3309 1296/3308
f 1243/3377 1242/3378 1314/3379
f 1315/3380 1193/3381 1316/3382
f 1278/3383 1291/3384 1279/3385
f 1313/3386 1291/3387 1278/3388
f 1184/3089 1180/3372 1172/3090
f 1040/3389 1260/3390 1041/3391
f 1276/3392 1257/3393 1264/3394
f 1175/3277 1190/3395 1203/3370
f 1279/3396 1291/3397 1274/3398
f 1260/3312 1040/2846 1045/2845
f 1233/3399 1295/3400 1317/3401
f 1234/3402 1233/3403 1317/3404
f 1201/3405 1162/3406 1183/3088
f 1258/3289 1262/3407 1259/3408
f 1253/3259 1280/3258 1281/3409
f 1234/3410 1317/3411 1307/3412
f 1249/3414 842/2252 1250/3415
f 1265/3272 1250/3299 671/2226
f 1259/3417 1253/3281 1282/3283
f 1260/3312 1258/3313 1263/3418
f 1249/3419 1250/3420 1280/3421
f 1250/3420 1252/3422 1280/3421
f 1259/3423 1282/3424 1290/3425
f 1269/3426 842/3427 1249/3419
f 1253/3259 1281/3409 1267/3246
f 1281/3428 1252/3429 1267/3430
f 836/3433 1262/3434 1045/3435
f 1275/3436 1274/3437 1267/3249
f 1259/3438 1292/3439 1258/3440
f 1275/3441 1311/3442 1318/3443
f 1306/3358 1261/3360 1272/3444
f 1184/3089 1183/3088 1162/3406
f 1267/3249 1306/3445 1275/3436
f 1253/3446 1248/3234 1269/3447
f 1259/3417 1248/3448 1253/3281
f 1271/3244 1267/3246 1252/3449
f 1252/3450 1281/3451 1280/3452
f 710/1872 836/2213 755/2197
f 1327/3453 1235/3454 1325/3455
f 1254/3325 671/3456 690/2048
f 1300/3457 1283/3458 1328/3459
f 1252/3449 1266/3460 1271/3244
f 1290/3425 1292/3461 1259/3423
f 1168/3110 1170/3112 1176/3462
f 1176/3462 1170/3112 1188/3463
f 1177/3464 1176/3462 1188/3463
f 1283/3273 1266/3465 1252/3274
f 1329/3466 1137/3467 1232/3468
f 1199/3200 1200/3265 1173/3201
f 1288/3286 1303/3469 1283/3287
f 1315/3380 1316/3382 1206/3470
f 1258/3474 1045/3475 1262/3476
f 1192/3477 1185/3478 1198/3479
f 791/3480 842/3481 1269/3482
f 1249/3419 1280/3421 1269/3426
f 791/2224 1269/3483 748/3484
f 1269/3447 1248/3234 748/3233
f 1221/3255 1286/3485 1285/3270
f 1254/3325 1326/3486 1265/3487
f 1271/3244 1272/3489 1251/3245
f 1302/3324 690/2048 689/2187
f 1194/3194 1229/3193 1132/3034
f 1333/3490 1313/3491 1279/3492
f 1193/3381 1315/3380 1289/3352
f 1342/3498 1296/3499 1238/3500
f 1345/3501 1347/3502 1346/3503
f 1156/3344 1226/3506 1136/3507
f 1326/3508 1254/3509 1349/3510
f 1290/3511 1282/3512 1268/3513
f 1291/3387 1268/3514 1274/3515
f 1237/3225 1137/3516 1239/3226
f 1288/3519 1310/3520 1303/3521
f 1330/3522 1310/3523 1288/3524
f 1328/3526 1353/3527 1300/3528
f 1326/3529 1283/3273 1265/3272
f 1333/3530 1318/3531 1313/3532
f 1320/3533 1288/3286 1301/3323
f 1237/3225 1199/3534 1137/3516
f 1337/3535 1335/3536 1292/3350
f 1274/3537 1275/3538 1318/3539
f 1337/3540 1321/3541 1341/3542
f 1310/3543 1227/3544 1254/3545
f 1274/3548 1318/3549 1333/3550
f 1254/3325 1302/3324 1310/3551
f 1342/3552 1238/3553 1163/3554
f 1348/3555 1345/3556 1344/3557
f 1343/3558 1337/3535 1313/3532
f 1345/3559 1332/3560 1344/3561
f 1333/3562 1279/3563 1274/3564
f 1356/3565 1357/3566 1358/3567
f 1310/3571 1283/3572 1326/3573
f 1294/3574 1310/3523 1302/3575
f 1313/3576 1278/3577 1279/3578
f 1310/3579 1326/3580 1303/3581
f 1359/3582 1360/3583 1318/3549
f 1342/3498 1354/3587 1296/3499
f 1361/3588 1362/3589 1365/3590
f 1351/3591 1354/3587 1342/3498
f 1318/3531 1360/3592 1313/3532
f 1268/3593 1291/3349 1290/3351
f 1345/3594 1346/3595 1332/3596
f 1313/3532 1292/3350 1291/3349
f 1342/3552 1163/3554 1331/3597
f 1164/3598 1331/3599 1163/3600
f 1354/3587 1297/3601 1296/3499
f 1337/3535 1292/3350 1313/3532
f 1365/3602 1236/3603 1325/3604
f 1257/3393 1276/3392 1277/3605
f 1265/3487 671/3456 1254/3325
f 1256/3262 1257/3264 1277/3608
f 1372/3609 1373/3610 1102/3611
f 1348/3555 1344/3557 1338/3612
f 1236/3613 1364/3614 1363/3615
f 1166/3616 1139/3617 1299/3618
f 1138/3620 1137/3467 1329/3466
f 1295/3621 1379/3622 1317/3623
f 1083/2954 1056/2953 1044/3624
f 1367/3625 1235/3626 1236/3613
f 1376/3630 1380/3631 1372/3632
f 1103/3633 1362/3634 1104/3635
f 1366/3636 1364/3614 1236/3613
f 1362/3637 1367/3625 1363/3615
f 1362/3638 1178/3639 1104/3640
f 1133/3045 1102/3611 1373/3610
f 1137/3467 1138/3620 1096/3641
f 1389/3644 1390/3645 1108/3646
f 1391/3647 1376/3648 1373/3649
f 1390/3650 1389/3651 1087/3652
f 1102/3653 1376/3654 1372/3655
f 1047/2726 1042/3658 1024/2707
f 1396/3663 1087/3652 1389/3651
f 1322/3667 1206/3470 1205/3668
f 1102/3020 1105/3023 1376/3678
f 1102/3679 1146/3680 1178/3681
f 1388/3683 1389/3644 1108/3646
f 1083/3684 1032/2951 1404/3685
f 1386/3687 1369/3688 1397/3689
f 1402/3690 1401/3691 1406/3692
f 1105/3023 1373/3693 1376/3678
f 1404/3694 1056/3695 1036/3696
f 1404/3697 1036/3698 1083/3699
f 1393/3700 1205/3701 1327/3702
f 1107/3131 1402/3704 1388/3705
f 1083/3706 1044/3707 1032/3708
f 1365/3602 1325/3604 1367/3709
f 1380/3711 1391/3647 1409/3712
f 1401/3713 1402/3714 1118/3715
f 1366/3716 1236/3603 1365/3602
f 1410/3717 1022/2734 1025/2708
f 1411/3718 1371/3719 1104/3720
f 1153/3336 1193/3381 1289/3352
f 1060/3721 478/3722 476/3723
f 1146/3727 1104/3728 1371/3729
f 1140/3730 1165/3731 1141/3732
f 1373/3733 1372/3734 1391/3735
f 1371/3736 1325/3737 1408/3738
f 1382/3743 1397/3744 1033/3745
f 1382/3746 1033/3747 1414/3748
f 1165/3749 1299/3750 1141/3751
f 1146/3753 1411/3754 1178/3755
f 1411/3756 1104/3757 1178/3758
f 1286/3485 1284/3266 1350/3759
f 1369/3760 476/3761 932/3762
f 1133/3764 1373/3765 1105/3766
f 1371/3767 1387/3768 1393/3700
f 1338/3769 1352/3770 1348/3771
f 1025/2708 1042/3658 1410/3717
f 1060/3772 476/3773 1369/3774
f 1153/3196 1159/3775 1193/3776
f 1060/3772 1369/3774 1370/3777
f 1352/3778 1338/3779 1344/3780
f 1024/2707 1042/3658 1025/2708
f 1044/3782 1404/3783 1022/3784
f 1032/3708 1044/3707 1033/3785
f 1032/2951 1022/2950 1404/3685
f 1417/3786 1418/3787 1408/3788
f 1393/3700 1387/3768 1392/3789
f 1419/3792 1420/3793 1417/3794
f 1387/3795 1384/3796 1392/3797
f 1384/3796 1377/3798 1392/3797
f 1416/3801 1422/3802 1415/3803
f 1402/3804 1421/3805 1389/3806
f 1367/3709 1362/3807 1103/3808
f 1421/3809 1396/3663 1389/3651
f 1424/3810 1086/3811 1094/3812
f 1084/3813 1094/3814 1425/3815
f 1090/3816 1084/2945 1423/3817
f 1090/3818 1423/3819 1426/3820
f 1086/3821 1087/3652 1094/3822
f 1094/3822 1087/3652 1396/3663
f 1361/3824 1367/3709 1103/3808
f 1416/3826 1423/3819 1427/3827
f 1180/3372 1182/3829 1144/3373
f 1427/3827 1423/3819 1084/3830
f 1094/3814 1396/3831 1425/3815
f 1428/3832 1084/3813 1425/3815
f 1118/3715 1402/3714 1107/3833
f 1235/3834 1429/3835 1408/3836
f 1402/3837 1389/3644 1388/3683
f 1315/3838 1206/3839 1208/3840
f 1387/3844 1371/3845 1408/3846
f 1380/3631 1392/3847 1372/3632
f 1425/3848 1396/3663 1421/3809
f 1322/3667 1208/3850 1206/3470
f 1382/3851 1381/3852 1386/3853
f 1415/3855 1432/3856 1341/3857
f 1439/3858 1440/3859 1441/3860
f 1418/3861 1442/3862 1429/3863
f 1421/3809 1443/3864 1444/3865
f 1374/3866 1205/3668 1206/3470
f 1446/3867 1447/3868 1436/3869
f 1324/3870 1286/3871 1350/3872
f 1340/3873 1286/3874 1324/3875
f 1414/3876 1438/3877 1412/3878
f 1450/3879 1444/3865 1449/3880
f 1421/3809 1402/3881 1406/3882
f 1431/3883 1435/3884 1433/3885
f 1436/3886 1447/3887 1445/3888
f 1455/3889 1409/3890 1391/3891
f 1425/3848 1421/3809 1450/3879
f 1422/3895 1459/3896 1432/3856
f 1075/3897 1441/3898 1460/3899
f 1056/3900 1404/3901 1044/3902
f 1457/3903 1075/3904 1460/3905
f 1385/3906 1386/3907 1381/3908
f 1462/3910 1463/3911 1081/3912
f 1042/3913 1464/3914 1439/3915
f 1047/2726 1465/3916 1042/3658
f 1362/3637 1363/3615 1365/3919
f 1468/3920 1143/3921 1144/3922
f 1341/3923 1416/3924 1415/3925
f 1401/3691 1118/3216 1117/3205
f 1417/3794 1420/3793 1455/3926
f 1416/3927 1427/3928 1422/3929
f 1284/3266 1286/3485 1221/3255
f 1481/3930 1482/3931 1476/3932
f 1439/3933 1452/3934 1410/3935
f 1433/3885 1117/3205 1120/3174
f 1476/3936 1444/3865 1443/3864
f 1472/3937 1483/3938 526/3939
f 1422/3929 1427/3928 1480/3941
f 1077/2928 1090/3818 1426/3820
f 1485/3942 1461/3943 1484/3944
f 1364/3947 1375/3948 1365/3602
f 1417/3952 1429/3953 1419/3954
f 1468/3920 1489/3955 1490/3956
f 1364/3960 1419/3961 1375/3962
f 1446/3867 1448/3963 1492/3964
f 1057/3965 1068/3966 1491/3967
f 1172/3968 1144/3969 1143/3921
f 1493/3970 1472/3971 1494/3972
f 1472/3971 1493/3970 1483/3973
f 1401/3691 1446/3867 1436/3869
f 1410/3935 1452/3934 1075/3974
f 1496/3975 1084/3813 1428/3832
f 1401/3691 1436/3869 1406/3692
f 1387/3976 1408/3788 1384/3977
f 1466/3978 1047/2726 1082/3979
f 1488/3980 1433/3885 1435/3884
f 1361/3981 1103/3982 1178/3983
f 1491/3967 1477/3984 1482/3985
f 1491/3967 1068/3966 1477/3984
f 1077/3986 1079/3987 1090/3988
f 1371/3729 1393/3989 1146/3727
f 1441/3990 1440/3991 1460/3992
f 1445/3888 1475/3993 1443/3994
f 1462/3910 1499/3995 1463/3911
f 1447/3868 1498/3999 1445/4000
f 1137/3467 1199/4003 1232/3468
f 1476/3936 1443/3864 1475/4004
f 1459/3896 1453/4005 1432/3856
f 1475/4006 1498/4007 1487/4008
f 1459/4009 1480/4010 1496/4011
f 1479/4012 1074/4013 1454/4014
f 1453/4005 1339/4018 1340/3873
f 1324/3875 1453/4005 1340/3873
f 1449/3880 1433/4019 1451/4020
f 1486/4021 1444/3865 1473/4022
f 1451/4023 1448/3963 1117/3205
f 1502/4024 1323/4025 1384/4026
f 1117/4027 1433/4028 1450/4029
f 1447/3868 1472/3971 1470/4032
f 1033/4038 1044/4039 1414/4040
f 1448/3963 1451/4023 1433/3885
f 1480/3941 1427/3928 1084/4041
f 1492/4042 1508/4043 1509/4044
f 1465/4045 1440/4046 1439/3915
f 1457/4047 1074/4013 1075/3974
f 1473/4022 1444/3865 1476/3936
f 1510/4048 1508/4043 1492/4042
f 1465/4049 1457/4047 1440/3991
f 1478/4050 1486/4021 1473/4022
f 1511/4051 1486/4021 1478/4050
f 1512/4054 1483/3973 1493/3970
f 1512/4054 514/4055 1483/3973
f 1042/4056 1465/4057 1464/4058
f 1439/3858 1441/3860 1452/4059
f 1042/4060 1439/4061 1410/4062
f 1366/3636 1442/4063 1364/3614
f 1422/4064 1480/4065 1459/4066
f 1365/4067 1363/4068 1364/4069
f 1365/3602 1367/3709 1361/3824
f 1393/3700 1323/4070 1205/3701
f 1178/4071 1362/4072 1361/4073
f 1325/4074 1235/4075 1367/4076
f 1256/4077 1277/4078 1276/4079
f 1448/3963 1433/3885 1492/3964
f 1438/4080 1022/3784 1410/4081
f 1429/3953 1366/4082 1375/4083
f 1407/4084 1433/3885 1120/3174
f 1438/3877 1075/3974 1412/4085
f 1457/4047 1460/3992 1440/3991
f 1235/4087 1418/4088 1429/4089
f 1393/4090 1377/4091 1384/4026
f 1517/4092 1507/4093 1508/4094
f 1372/3734 1392/3797 1391/3735
f 1459/4095 1496/4096 1428/4097
f 1498/3999 1475/4098 1445/4000
f 1474/4099 1461/3943 1486/4021
f 1475/3993 1481/4100 1476/4101
f 1475/3993 1487/4102 1481/4100
f 1411/3754 1146/3753 1393/4103
f 1461/3943 1453/4005 1459/3896
f 1384/4026 1323/4025 1393/4090
f 1436/4104 1443/3864 1421/3809
f 1197/4105 1150/4106 1180/4107
f 1438/4108 1414/4109 1044/4110
f 1417/4111 1408/3836 1429/3835
f 1433/3885 1488/3980 1492/3964
f 1363/3615 1367/3625 1236/3613
f 1047/2726 1467/4112 1465/3916
f 1462/3910 1076/2927 1078/2929
f 1446/3867 1117/3205 1448/3963
f 1476/3932 1482/3931 1521/4113
f 1474/4099 1486/4021 1511/4051
f 1380/4114 1377/4091 1393/4090
f 1461/4115 1474/4116 1484/4117
f 1509/4118 1523/4119 1524/4120
f 1494/3972 1447/3868 1524/4120
f 1509/4118 1524/4120 1447/3868
f 1508/4043 1525/4121 1509/4044
f 1308/3334 1157/3343 1234/3335
f 1081/3912 1466/3978 1082/3979
f 1438/3877 1410/3935 1075/3974
f 1457/4047 1465/4049 1467/4123
f 1383/4124 1356/4125 1358/4126
f 1411/4127 1325/4128 1371/4129
f 1347/3502 1352/4130 1346/3503
f 1482/4131 1467/4132 1491/4133
f 1325/4134 1236/4135 1408/4136
f 1452/3934 1441/4137 1075/3974
f 1407/4084 1120/3174 1191/3173
f 1439/4138 1464/4139 1465/4140
f 1486/4021 1461/3943 1449/3880
f 1462/3910 1078/2929 1469/4141
f 1498/3999 1447/3868 1470/4032
f 1457/4047 1454/4014 1074/4013
f 1484/4117 1474/4116 1485/4143
f 1455/4144 1391/3735 1377/4145
f 1383/4149 1358/4150 1357/4151
f 1117/3205 1446/3867 1401/3691
f 1461/3943 1428/4152 1449/3880
f 1377/3798 1391/3735 1392/3797
f 1078/4153 1080/4154 1489/4155
f 1457/4047 1467/4123 1454/4014
f 526/1337 1470/4032 1472/3971
f 1078/2929 1489/4156 1469/4141
f 1433/3885 1407/4084 1431/3883
f 1365/4160 1375/4161 1366/4162
f 1422/3895 1432/3856 1415/3855
f 1461/3943 1339/4018 1453/4005
f 1485/3942 1529/4164 1461/3943
f 1449/3880 1444/3865 1486/4021
f 1461/3943 1459/3896 1428/4152
f 1478/4050 1473/4022 1521/4165
f 1521/4165 1473/4022 1476/3936
f 1082/3979 1047/2726 1048/2727
f 1496/4169 1480/4170 1084/4171
f 1047/2726 1477/4172 1467/4112
f 1322/3667 1205/3668 1323/4173
f 1518/4174 1368/4175 1347/4176
f 1047/2726 1466/4177 1477/4172
f 1479/4012 1454/4014 531/1328
f 1414/4178 1412/4179 1382/4180
f 1436/4104 1421/3809 1406/3882
f 1450/3879 1421/3809 1444/3865
f 1044/3782 1022/3784 1438/4080
f 1485/4143 1497/4181 1529/4182
f 1533/4183 1529/4182 1497/4181
f 1505/4184 1474/4185 1144/3373
f 1445/3888 1443/3994 1436/3886
f 1327/4186 1325/4128 1411/4127
f 1442/4187 1419/4188 1364/4189
f 1455/4144 1377/4145 1417/4190
f 1236/4191 1235/4192 1408/4193
f 1418/3861 1419/4194 1442/3862
f 1418/4195 1420/4196 1419/4197
f 1425/3848 1450/3879 1433/4019
f 1462/3910 1081/3912 1076/2927
f 1433/4019 1428/4152 1425/3848
f 1433/4019 1449/3880 1428/4152
f 1417/4202 1409/4203 1418/4204
f 1117/4205 1450/3879 1451/4020
f 1449/3880 1451/4020 1450/3879
f 1391/3647 1380/3711 1376/3648
f 1487/4102 1482/4206 1481/4100
f 514/4055 473/1361 1483/3973
f 1409/4207 1420/4196 1418/4195
f 1497/4208 1505/4209 1488/4210
f 1532/4216 1507/4217 1488/3980
f 1380/4221 1393/3700 1392/3789
f 1447/3868 1446/3867 1509/4118
f 1471/4228 1462/4229 1469/4230
f 1492/3964 1488/3980 1507/4217
f 1532/4232 1508/4094 1507/4093
f 1463/3911 1466/3978 1081/3912
f 1556/4236 1553/4237 1552/4238
f 1411/4239 1393/3700 1327/3702
f 1516/4241 1531/4242 1520/4243
f 1446/3867 1492/3964 1509/4118
f 1488/3980 1555/4248 1560/4249
f 1505/4184 1555/4248 1488/3980
f 1545/4250 1285/4251 1554/4252
f 1525/4121 1508/4043 1532/4255
f 1560/4249 1532/4216 1488/3980
f 1144/3373 1546/4256 1505/4184
f 1546/4256 1555/4248 1505/4184
f 1447/3868 1494/3972 1472/3971
f 1525/4261 1540/4262 1557/4263
f 1532/4255 1540/4264 1525/4121
f 1516/4266 1368/4267 1531/4268
f 1561/4269 1507/4270 1517/4271
f 1515/4275 1506/4276 1374/3866
f 1528/4278 1432/3856 1513/4279
f 1474/4280 1505/4281 1497/4282
f 1474/4116 1497/4181 1485/4143
f 1348/3771 1516/4289 1518/4290
f 1380/4114 1409/4291 1377/4091
f 1527/4296 1354/3587 1506/4276
f 1158/3055 1218/4299 1226/4300
f 1352/3770 1347/4301 1348/3771
f 1270/4306 1546/4256 1144/3373
f 1270/4306 1144/3373 1182/3829
f 1546/4256 1319/4312 1555/4248
f 1500/4314 1545/4315 1549/4316
f 514/4319 1512/4320 479/4321
f 1516/4266 1347/4323 1368/4267
f 1560/4325 1563/4326 1564/4327
f 1287/3354 1567/4328 1210/3231
f 1563/4329 1560/4249 1555/4248
f 1551/4331 1537/4332 1525/4333
f 1557/4334 1551/4331 1525/4333
f 1206/3470 1519/4335 1374/3866
f 1555/4336 1569/4337 1563/4338
f 1345/4339 1348/3555 1518/4340
f 1555/4336 1558/4349 1569/4337
f 1509/4118 1537/4350 1523/4119
f 1537/4351 1509/4044 1525/4121
f 1128/3028 1570/4352 1129/3029
f 1555/4353 1545/4354 1558/4355
f 1571/4356 1572/4357 1535/4358
f 1568/4359 1556/4360 1552/4361
f 1553/4364 1556/4360 1568/4359
f 1568/4373 1552/4238 1553/4237
f 1580/4375 354/4376 1581/4377
f 1520/4379 1374/3866 1506/4276
f 1287/4380 1357/4381 1356/4382
f 1287/4380 1356/4382 1297/4383
f 1383/4384 1357/4381 1287/4380
f 1206/3470 1578/4387 1519/4335
f 1574/4388 1577/4389 1575/4390
f 1246/4394 1171/4395 1247/4396
f 1215/4397 1222/4398 1150/4399
f 1519/4400 1578/4401 1574/4402
f 1587/4406 1583/4407 1584/4408
f 1348/3771 1347/4409 1516/4289
f 1518/4174 1347/4176 1345/4410
f 1589/4411 1583/4407 1590/4412
f 1379/4413 1220/3179 1219/3178
f 1575/4390 1519/4414 1574/4388
f 1561/4415 1510/4416 1507/4417
f 1527/4420 1287/4380 1297/4383
f 1255/3300 1297/4383 1264/3263
f 1234/4421 1312/4422 1233/4423
f 308/738 390/4424 274/707
f 1519/4414 1575/4390 1287/3354
f 1533/4430 1497/4431 1501/4432
f 1513/4279 1432/3856 1453/4005
f 1316/4433 1585/4434 1579/4435
f 1579/4435 1578/4387 1316/4433
f 1515/4275 1374/3866 1519/4335
f 1574/4388 1578/4387 1577/4389
f 1515/4275 1287/4436 1527/4437
f 1356/4382 1264/3263 1297/4383
f 1579/4435 1577/4389 1578/4387
f 1419/3954 1429/3953 1375/4083
f 1501/4439 1561/4440 1592/4441
f 1408/3788 1418/3787 1384/3977
f 1533/4445 1340/3873 1529/4164
f 1312/4422 1309/4446 1233/4423
f 1595/4447 1561/4440 1596/4448
f 1285/3270 1533/4445 1592/4450
f 1595/4447 1592/4441 1561/4440
f 1285/3270 1286/3485 1533/4445
f 263/799 274/707 1582/4451
f 1582/4451 274/707 390/4424
f 1429/4452 1442/4453 1366/4454
f 1583/4407 1587/4406 1590/4412
f 1575/4390 1567/4328 1287/3354
f 1327/4186 1205/3668 1374/3866
f 263/799 1582/4451 1588/4458
f 1379/4460 1219/4461 1598/4462
f 1409/4464 1417/4465 1377/4466
f 1596/4467 1561/4468 1517/4469
f 1561/4415 1583/4470 1510/4416
f 1492/4471 1507/4472 1510/4473
f 1339/4018 1529/4164 1340/3873
f 1510/4474 1517/4092 1508/4094
f 1581/4377 1599/4475 1601/4476
f 1418/4477 1235/4478 1384/4479
f 234/4482 1603/4483 233/845
f 1607/4485 257/4486 1603/4487
f 1461/3943 1529/4164 1339/4018
f 1596/4488 1517/4489 1510/4490
f 1510/4473 1583/4494 1596/4495
f 1603/4496 1605/4497 1607/4498
f 1316/3382 1578/4387 1206/3470
f 1592/4507 1595/4508 1609/4509
f 1616/4510 1589/4411 1590/4412
f 1538/4516 1548/4517 1622/4518
f 1609/4509 1285/4251 1592/4507
f 1316/4433 1597/4524 1585/4434
f 1608/4529 1610/4530 1605/4497
f 1621/4533 1554/4534 1609/4535
f 1624/4536 1608/4537 1611/4538
f 1624/4541 1623/4542 1630/4543
f 1329/3466 1232/3468 1231/4546
f 1614/4548 1203/4549 1634/4550
f 1190/4551 1198/4552 1614/4553
f 1624/4554 1610/4555 1608/4556
f 1608/4529 1605/4497 1603/4496
f 1190/4551 1614/4553 1634/4559
f 303/797 263/799 1588/4458
f 1455/4560 1420/4196 1409/4207
f 1203/3370 1614/4561 1202/4562
f 1329/3466 1231/4546 1110/4563
f 1626/4564 1627/4565 1617/4566
f 1590/4412 1605/4567 1611/4568
f 1096/4569 1136/3507 1226/3506
f 1527/4437 1506/4276 1515/4275
f 1533/4445 1286/3485 1340/3873
f 1581/4377 1605/4567 1580/4375
f 1628/4577 1625/4578 1630/4579
f 1625/4581 1618/4582 1621/4583
f 1634/4584 1618/4582 1625/4581
f 1623/4542 1628/4586 1630/4543
f 1630/4543 1633/4587 1624/4541
f 1625/4578 1628/4577 1633/4588
f 1547/4590 536/4591 344/4592
f 1595/4447 1596/4448 1609/4535
f 1620/4593 1596/4495 1583/4494
f 1620/4594 1609/4535 1596/4448
f 1583/4407 1589/4411 1620/4594
f 1608/4595 1623/4596 1611/4597
f 1621/4533 1609/4535 1620/4594
f 536/1385 1599/4475 1581/4377
f 1630/4599 1627/4600 1633/4601
f 1625/4602 1627/4603 1630/4604
f 1626/4605 1633/4606 1627/4607
f 234/4482 1608/4608 1603/4609
f 1625/4581 1621/4583 1617/4610
f 1634/4613 1203/4614 1618/4615
f 1235/4617 1502/4618 1384/4619
f 1628/4577 1608/4608 1602/4620
f 1520/4621 1518/4340 1516/4622
f 1618/4623 1203/3370 1626/4564
f 1548/4626 1590/4627 1573/4628
f 1285/4251 1609/4509 1554/4252
f 1613/4630 1590/4631 1548/4632
f 1538/4634 1622/4635 1613/4636
f 1590/4637 1613/4638 1622/4639
f 1613/4644 1615/4645 1573/4646
f 1625/4578 1633/4588 1626/4647
f 1581/4377 1604/4649 1605/4567
f 1625/4650 1617/4651 1627/4652
f 1600/4654 536/4591 1547/4590
f 1618/4623 1626/4564 1617/4566
f 1327/4186 1374/3866 1495/4657
f 1502/4618 1235/4617 1327/4658
f 1626/4564 1203/3370 1190/3395
f 1601/4659 1612/4660 1600/4661
f 1600/4662 1599/4475 536/1385
f 1581/4377 1601/4476 1604/4664
f 1311/4666 1355/4667 1636/4668
f 1638/4669 1320/4670 1644/4671
f 1368/4672 1518/4340 1520/4621
f 1647/4673 1648/4674 1649/4675
f 1634/4584 1625/4581 1626/4676
f 1649/4677 1651/4678 1359/4679
f 1649/4677 1359/4679 1311/3442
f 1636/4680 1649/4681 1311/4682
f 1651/4684 1649/4685 1653/4686
f 1580/4375 1605/4567 1590/4412
f 1580/4375 1590/4412 1587/4406
f 1628/4687 1623/4596 1608/4595
f 1647/4688 1649/4689 1636/4690
f 1590/4691 1611/4692 1573/4693
f 1313/3532 1360/4694 1343/3558
f 1303/3469 1661/4695 1283/3287
f 1662/4696 1663/4697 1535/4358
f 1643/4698 1650/4699 1651/4700
f 1657/4701 1662/4702 1535/4703
f 1261/4704 1251/4705 1664/4706
f 1665/4707 1651/4708 1653/4709
f 1272/4710 1664/4711 1251/4712
f 1656/4713 1647/4714 1668/4715
f 1669/4716 1644/4717 1400/4718
f 1644/4719 1669/4720 1667/4721
f 1355/4722 1647/4723 1636/4724
f 1655/4725 1648/4674 1647/4673
f 1190/4726 1634/4584 1626/4676
f 1321/4727 1416/4728 1341/4729
f 1261/3360 1664/4731 1272/3444
f 1669/4716 1241/4732 1667/4733
f 1672/4734 1655/4735 1572/4736
f 1295/4737 1233/4738 1220/4739
f 1641/4740 1656/4713 1668/4715
f 1355/4742 1300/3322 1353/4743
f 1097/3148 1183/3088 1247/4396
f 1527/4296 1297/3601 1354/3587
f 1328/3459 1283/3458 1661/4746
f 1572/4747 1655/4748 1657/4749
f 1665/4750 1648/4751 1643/4752
f 1423/3819 1416/3826 1645/4753
f 1254/3509 1227/4754 1349/3510
f 1665/4750 1643/4752 1651/4755
f 1423/3819 1645/4753 1426/3820
f 1359/4679 1318/3443 1311/3442
f 1225/3187 1097/3148 1247/4756
f 1247/4396 1183/3088 1246/4394
f 1311/3442 1275/3357 1300/3356
f 1677/4758 1142/4759 1570/4760
f 1648/4674 1653/4762 1649/4675
f 1640/4763 1643/4752 1648/4751
f 1355/4764 1353/4765 1328/4766
f 1663/4768 1658/4769 1403/4770
f 1301/4771 1336/4772 1320/4773
f 1360/4774 1650/4775 1343/4776
f 1343/4777 1650/4699 1643/4698
f 1128/4778 1534/4779 1675/4780
f 1666/4781 1320/4782 1678/4783
f 1660/4784 1674/4785 1673/4786
f 1653/4787 1648/4674 1665/4788
f 1681/4789 1654/4790 1682/4791
f 1683/4792 1142/4793 1680/4794
f 1660/4795 1645/4753 1646/4796
f 1677/4797 1526/4798 1673/4799
f 1640/4800 1674/4801 1660/4795
f 1638/4802 1644/4803 1667/4804
f 1652/4805 1661/4806 1658/4807
f 1652/4805 1658/4807 1667/4808
f 1680/4809 1142/4810 1676/4811
f 1288/4812 1320/4670 1637/4813
f 1139/4814 1141/4815 1293/4816
f 1652/4817 1667/4733 1241/4732
f 1400/4818 1535/4358 1663/4697
f 1300/4819 1355/4820 1311/4821
f 1647/4714 1656/4713 1655/4822
f 1326/3529 1661/4823 1303/4824
f 1330/3522 1288/4825 1637/4826
f 1330/4827 1637/4828 1661/4829
f 1334/4830 1341/3857 1432/3856
f 1658/4769 1661/4831 1349/4832
f 1661/4695 1659/4833 1668/4834
f 1526/4798 1534/4835 1077/2928
f 1657/4836 1655/4837 1656/4838
f 1659/4839 1667/4840 1658/4841
f 1661/4695 1668/4834 1328/4843
f 1328/4843 1668/4834 1355/4722
f 1355/4722 1668/4834 1647/4723
f 1641/4844 1659/4833 1658/4845
f 1298/4848 1683/4849 1598/4850
f 1679/4851 1648/4674 1672/4852
f 1674/4853 1648/4854 1679/4855
f 1572/4856 1679/4857 1672/4858
f 1572/4357 1685/4859 1679/4860
f 1659/4861 1641/4862 1668/4863
f 1246/4394 1183/3088 1196/4864
f 1685/4865 1598/4850 1683/4849
f 1684/4866 1674/4853 1679/4855
f 1495/4657 1374/3866 1514/4867
f 1659/4839 1637/4868 1638/4869
f 1416/3826 1321/4870 1645/4753
f 1360/3583 1359/3582 1651/4700
f 1674/4785 1142/4759 1677/4758
f 1650/4699 1360/3583 1651/4700
f 1640/4871 1648/4854 1674/4853
f 1337/3535 1645/4753 1321/4870
f 1219/4872 1298/4848 1598/4850
f 1320/4670 1638/4669 1637/4813
f 1571/4356 1685/4859 1572/4357
f 1304/4873 1400/4874 1644/4875
f 1304/4873 1644/4875 1654/4790
f 1304/4876 1686/4877 1400/4878
f 1687/4879 1400/4718 1686/4880
f 1646/4796 1337/3535 1343/3558
f 1680/4881 1684/4866 1679/4855
f 1142/4882 1683/4883 1298/4884
f 1687/4879 1535/4887 1400/4718
f 1687/4879 1399/4888 1535/4887
f 1642/4889 1646/4796 1343/3558
f 1309/4891 1214/4892 1233/4893
f 1304/4894 1654/4790 1681/4789
f 1571/4895 1598/4896 1685/4897
f 1684/4898 1676/4899 1674/4801
f 1656/4900 1641/4901 1662/4902
f 1317/4903 1598/4850 1571/4904
f 1677/4758 1673/4786 1674/4785
f 1642/4889 1343/3558 1643/4905
f 1351/3591 1506/4276 1354/3587
f 1640/4906 1642/4907 1643/4908
f 1646/4796 1645/4753 1337/3535
f 1317/3623 1379/3622 1598/4462
f 1646/4796 1642/4889 1660/4795
f 1667/4840 1659/4839 1638/4869
f 1295/4737 1220/4739 1379/4909
f 1403/4910 1227/4754 1308/4911
f 1676/4913 1142/4914 1674/4915
f 1349/4832 1403/4770 1658/4769
f 1637/4813 1659/4833 1661/4695
f 1304/4916 1687/4917 1686/4918
f 1640/4800 1660/4795 1642/4889
f 1426/3820 1639/4919 1526/4798
f 1349/4832 1661/4823 1326/3529
f 1639/4919 1426/3820 1645/4753
f 1660/4795 1673/4799 1645/4753
f 1314/4920 1305/4921 1304/4922
f 1662/4923 1641/4924 1658/4925
f 1652/4805 1330/4926 1661/4806
f 1142/4927 1129/4928 1570/4929
f 1663/4697 1662/4696 1658/4845
f 1655/4725 1672/4852 1648/4674
f 1307/3333 1399/4930 1308/3334
f 1662/4902 1657/4931 1656/4900
f 1305/4932 1687/4917 1304/4916
f 1680/4809 1676/4811 1684/4933
f 1677/4797 1675/4934 1526/4798
f 1305/4932 1399/4935 1687/4917
f 1534/4835 1689/4936 1077/2928
f 1679/4855 1685/4859 1683/4938
f 1534/4835 1128/3028 1689/4936
f 1679/4855 1683/4938 1680/4881
f 1129/4939 1298/4940 1196/4941
f 1528/4278 1334/4830 1432/3856
f 1314/4942 1304/4943 1681/4944
f 1227/4754 1218/4299 1158/3055
f 1128/3028 1160/4945 1689/4936
f 1143/3921 1468/3920 1490/3956
f 1689/4936 1160/4945 1143/4946
f 1689/4947 1143/4948 1490/4949
f 1308/3334 1663/4768 1403/4770
f 1654/4790 1320/4670 1671/4950
f 1644/4671 1320/4670 1654/4790
f 1426/3820 1526/4798 1077/2928
f 1157/3343 1312/4951 1234/3335
f 1349/3510 1227/4754 1403/4910
f 1522/4952 1141/4815 1183/3088
f 1097/3148 1522/4952 1183/3088
f 1666/4953 1671/4950 1320/4670
f 1155/3177 1220/3179 1214/4954
f 1157/3054 1308/4911 1158/3055
f 1127/4955 1129/4939 1196/4956
f 1201/4957 1166/4958 1162/4959
f 1645/4753 1673/4799 1526/4798
f 1535/4960 1572/4961 1657/4962
f 1639/4919 1645/4753 1526/4798
f 1298/4965 1219/4966 1155/3149
f 1127/3116 1172/3118 1160/4967
f 1233/4968 1214/4969 1220/4970
f 1172/4971 1143/4972 1160/4973
f 1570/4974 1675/4975 1677/4976
f 1128/3028 1127/3027 1160/4945
f 1317/4903 1571/4904 1535/4977
f 1317/3623 1535/4358 1399/4978
f 1307/4979 1317/3623 1399/4978
f 1174/4980 1135/4981 1309/4982
f 1174/4980 1136/4983 1135/4981
f 1688/4984 1243/3377 1314/3379
f 1156/3344 1174/4985 1312/4986
f 1183/3117 1127/3116 1196/4987
f 1534/4835 1526/4798 1675/4934
f 1298/4965 1155/3149 1225/3187
f 1158/4989 1226/3506 1156/3344
f 1244/3345 1312/4990 1157/3343
f 1309/4982 1135/4991 1214/4992
f 1522/4993 1097/4994 1138/4995
f 1096/4996 1138/4995 1097/4994
f 1227/4754 1158/3055 1308/4911
f 1329/3466 1522/4997 1138/3620
f 1570/4998 1128/4778 1675/4780
f 1218/4299 1227/4754 1240/4999
f 1299/5000 1201/3405 1141/4815
f 1244/5001 1156/3344 1312/4986
f 1293/4816 1141/4815 1522/4952
f 1201/3405 1183/3088 1141/4815
f 1312/4422 1174/5003 1309/4446
f 1142/4914 1298/4940 1129/4939
f 1308/3334 1399/4930 1663/4768
f 1225/5005 1171/5006 1298/5007
f 1298/3293 1246/3295 1196/5008
f 1247/5009 1171/5010 1225/5011
f 1314/5013 1681/5014 1688/5015
f 1635/5016 1690/5017 1243/5018
f 1243/5019 1688/5015 1635/5020
f 1689/4936 1078/2929 1077/2928
f 536/1385 1581/4377 354/782
f 1073/3010 908/2395 910/2397
f 501/5021 487/5022 1530/5023
f 1504/5024 501/5025 1530/5026
f 526/1337 1483/3973 473/1361
f 1090/3816 1027/2943 1084/2945
f 1467/4112 1064/5027 1491/5028
f 1467/4112 1477/4172 1064/5027
f 1033/3745 1397/3744 1037/5030
f 1491/5031 1064/5032 1057/5033
f 1068/3966 1064/5034 1477/3984
f 1077/2928 1076/2927 1079/5035
f 1089/5036 1076/5037 1081/5038
f 1479/4012 531/1328 497/1327
f 1074/4013 1503/5039 1075/3974
f 909/5040 903/2396 908/2395
f 1424/5041 1094/5042 1071/5043
f 1424/5044 1071/5045 1086/5046
f 1084/3813 1095/5047 1094/3814
f 932/5048 1037/5030 1397/3744
f 1369/3688 932/5049 1397/3689
f 1093/3001 1078/2929 1689/4936
f 1689/4936 1490/5050 1093/3001
f 671/2226 1250/3415 842/2252
f 1072/5052 1085/5053 1095/5054
f 1695/5058 1713/5059 1696/5060
f 1727/5061 1711/5062 1729/5063
f 1732/5064 1733/5065 1728/5066
f 1718/5070 1739/5071 1730/5072
f 1741/5073 1733/5074 1716/5075
f 1731/5076 1743/5077 1745/5078
f 1736/5079 1728/5080 1733/5081
f 1744/5085 1728/5086 1736/5087
f 1736/5088 1733/5089 1737/5090
f 1750/5094 1700/5095 1699/5096
f 1753/5102 1754/5103 1698/5104
f 1737/5111 1738/5112 1736/5113
f 1699/5096 1700/5095 1760/5114
f 1744/5115 1736/5116 1734/5117
f 1763/5118 1764/5119 1753/5102
f 1712/5123 1765/5124 1761/5125
f 1719/5126 1730/5072 1747/5127
f 1767/5133 1711/5062 1727/5061
f 1769/5135 1770/5136 1771/5137
f 1712/5138 1713/5139 1762/5140
f 1772/5141 1769/5135 1771/5137
f 1723/5149 1734/5150 1721/5151
f 1698/5152 1777/5153 1697/5154
f 1743/5155 1747/5156 1745/5157
f 1696/5159 1712/5160 1762/5161
f 1731/5076 1745/5078 1780/5164
f 1716/5167 1734/5150 1723/5149
f 1736/5113 1738/5112 1734/5168
f 1782/5169 1696/5170 1713/5171
f 1782/5172 1713/5173 1712/5174
f 1700/5179 1750/5180 1761/5181
f 1733/5089 1738/5195 1737/5090
f 1702/5196 1701/5197 1785/5198
f 1773/5207 1783/5208 1786/5209
f 1768/5210 1694/5211 1780/5212
f 1702/5196 1785/5198 1787/5216
f 1706/5220 1768/5221 1735/5222
f 1784/5230 1714/5231 1715/5232
f 1713/5139 1695/5234 1762/5140
f 1786/5209 1783/5208 1774/5236
f 1782/5169 1710/5237 1765/5238
f 1788/5241 1789/5242 1790/5243
f 1791/5244 1790/5245 1789/5246
f 1788/5241 1791/5250 1789/5242
f 1696/5170 1762/5253 1767/5133
f 1711/5062 1767/5133 1762/5253
f 1790/5243 1791/5250 1788/5241
f 1704/5256 1703/5257 1702/5258
f 1793/5259 1794/5260 1795/5261
f 1794/5262 1793/5263 1796/5264
f 1704/5256 1702/5258 1787/5266
f 1696/5159 1765/5269 1712/5160
f 1797/5274 1786/5209 1774/5236
f 1753/5102 1764/5119 1754/5103
f 1782/5169 1765/5238 1696/5170
f 1733/5283 1717/5284 1738/5285
f 1763/5286 1729/5287 1708/5288
f 1694/5211 1768/5210 1691/5289
f 1701/5292 1704/5293 1785/5294
f 1760/5298 1740/5299 1722/5300
f 1798/5301 1745/5302 1694/5303
f 1781/5304 1739/5305 1740/5306
f 1783/5208 1747/5308 1774/5236
f 1739/5071 1718/5070 1740/5309
f 1693/5310 1694/5311 1792/5312
f 1740/5306 1760/5313 1781/5304
f 1691/5289 1768/5210 1692/5314
f 1718/5318 1722/5300 1740/5299
f 1719/5326 1783/5327 1773/5328
f 1783/5208 1719/5331 1747/5308
f 1709/5332 1761/5333 1710/5334
f 1709/5335 1710/5336 1799/5337
f 1694/5303 1693/5338 1798/5301
f 1709/5340 1800/5341 1750/5342
f 1758/5344 1764/5345 1775/5346
f 1769/5347 1772/5348 1770/5349
f 1750/5350 1712/5123 1761/5125
f 1692/5314 1768/5210 1706/5351
f 1772/5348 1771/5353 1770/5349
f 1700/5095 1781/5358 1760/5114
f 1719/5126 1718/5070 1730/5072
f 1704/5359 1748/5360 1801/5361
f 1822/5365 1823/5366 1811/5367
f 1822/5365 1824/5368 1823/5366
f 1832/5369 936/5370 1833/5371
f 1693/5372 1837/5373 1838/5374
f 908/2395 1842/5375 909/5040
f 908/2395 1810/5376 1842/5375
f 1816/5377 1824/5368 1843/5378
f 1803/5379 1848/5380 1802/5381
f 1839/5382 1836/5383 1835/5384
f 1805/5385 1839/5382 1835/5386
f 1704/5389 1813/5390 1749/5391
f 921/2350 1841/5392 1821/5393
f 1803/5394 1808/5395 1834/5396
f 1807/5400 1808/5401 1826/5402
f 1833/5371 1801/5403 1832/5369
f 1802/5404 1826/5405 1803/5394
f 1836/5410 1824/5368 1835/5411
f 1843/5378 1824/5368 1836/5410
f 1855/5415 1811/5416 1854/5417
f 1863/5418 1862/5419 1853/5420
f 1792/5312 1858/5422 1693/5310
f 1795/5261 1796/5423 1793/5259
f 1869/5427 1091/5428 1873/5429
f 1878/5433 1879/5434 1877/5435
f 1847/5436 1864/5437 1872/5438
f 1816/5439 1831/5440 1824/5441
f 1869/5427 1881/5442 1091/5428
f 1835/5386 1806/5444 1805/5385
f 1865/5454 1880/5455 1883/5456
f 1884/5457 1878/5433 1877/5435
f 1886/5458 1887/5459 1888/5460
f 1889/5461 1882/5462 1890/5463
f 1868/5464 1882/5465 1889/5466
f 1875/5467 1890/5463 1882/5462
f 1868/5464 1889/5466 1867/5468
f 1889/5466 1890/5469 1891/5470
f 1893/5471 1890/5463 1875/5467
f 1693/5372 1838/5374 1798/5472
f 1854/5417 1811/5416 1827/5473
f 1887/5475 1823/5476 1888/5477
f 1896/5478 1856/5479 1867/5480
f 1811/5416 1812/5481 1817/5482
f 1849/5483 1848/5484 1826/5485
f 1860/5486 1866/5487 1874/5488
f 1804/5491 1801/5361 1815/5492
f 1849/5483 1826/5485 1825/5493
f 1807/5494 1834/5396 1808/5395
f 1894/5495 1860/5496 1855/5497
f 1841/5498 1810/5376 1809/5499
f 1844/5500 1806/5501 1822/5502
f 1822/5502 1855/5415 1860/5503
f 1842/5506 1841/5392 921/2350
f 1883/5507 1874/5508 1866/5509
f 1809/5499 1821/5510 1841/5498
f 1806/5511 1835/5411 1824/5368
f 1822/5365 1806/5511 1824/5368
f 1818/5513 1820/5514 1821/5515
f 1855/5415 1822/5502 1811/5416
f 1906/5516 1886/5517 1909/5518
f 1826/5405 1802/5404 1825/5519
f 1904/5520 1907/5521 1903/5522
f 1810/5376 1841/5498 1842/5375
f 1872/5523 1911/5524 1847/5525
f 1802/5527 1848/5528 1849/5529
f 1913/5530 1889/5466 1891/5470
f 1866/5531 1865/5532 1883/5533
f 1915/5534 1914/5535 1876/5536
f 1821/5510 1809/5499 1828/5537
f 1865/5538 1866/5539 1860/5540
f 1802/5404 1849/5541 1825/5519
f 1821/5510 1828/5537 1910/5542
f 1918/5543 1917/5544 1916/5545
f 1917/5546 1919/5547 1881/5442
f 1920/5548 1907/5521 1912/5549
f 1693/5310 1858/5422 1837/5550
f 1877/5435 1817/5551 1852/5552
f 1906/5516 1909/5518 1892/5553
f 1903/5522 1907/5521 1920/5548
f 1899/5554 1903/5522 1920/5548
f 1896/5478 1921/5558 1922/5559
f 1896/5478 1867/5480 1921/5558
f 1867/5480 1913/5560 1921/5558
f 1867/5480 1889/5561 1913/5560
f 1883/5507 1908/5562 1901/5563
f 1906/5516 1857/5564 1886/5517
f 1834/5565 1807/5566 1848/5484
f 1923/5567 1924/5568 1925/5569
f 1811/5416 1817/5482 1827/5473
f 1848/5484 1807/5566 1826/5485
f 1817/5482 1818/5570 1829/5571
f 1838/5374 1837/5373 1898/5572
f 1818/5573 1817/5574 1820/5575
f 1804/5491 1785/5576 1801/5361
f 1919/5577 1928/5578 1881/5579
f 1929/5580 1891/5470 1890/5469
f 1893/5471 1929/5581 1890/5463
f 1872/5582 1926/5583 1931/5584
f 1892/5585 1909/5586 1933/5587
f 1812/5588 1811/5589 1932/5590
f 973/2650 1833/5371 936/5370
f 1919/5592 1019/2663 1928/5593
f 1896/5478 1922/5559 1909/5594
f 1909/5595 1927/5596 1896/5597
f 1886/5598 1927/5599 1909/5600
f 1887/5601 1896/5602 1927/5603
f 1905/5605 1918/5606 1935/5607
f 1803/5608 1834/5609 1848/5610
f 1892/5585 1933/5587 1904/5611
f 1911/5612 1786/5209 1926/5613
f 1905/5605 1011/2657 1919/5592
f 1864/5614 1911/5524 1926/5615
f 1838/5618 1897/5619 1798/5620
f 1917/5546 1881/5442 1871/5621
f 1916/5622 1917/5623 1871/5624
f 1902/5625 1092/2983 1936/5626
f 1092/2983 925/2762 1936/5626
f 1883/5507 1901/5563 1874/5508
f 1830/5627 1831/5440 1816/5439
f 1859/5628 1801/5403 1833/5371
f 1828/5631 1829/5571 1818/5570
f 1817/5551 1812/5632 1852/5552
f 1818/5570 1910/5634 1828/5631
f 1818/5513 1821/5515 1910/5635
f 1831/5636 1823/5366 1824/5368
f 1902/5637 1920/5638 1092/5639
f 1871/5621 1881/5442 1869/5427
f 1926/5613 1786/5209 1797/5274
f 1916/5640 1902/5625 1936/5626
f 1916/5641 1871/5642 1902/5643
f 1879/5644 1916/5645 1936/5646
f 1879/5647 1918/5543 1916/5545
f 1812/5632 1934/5649 1852/5552
f 1899/5650 1920/5651 1902/5652
f 1850/5653 1903/5654 1902/5655
f 1859/5656 1833/5657 1888/5658
f 1860/5503 1874/5660 1822/5502
f 1091/5662 1881/5663 1928/5664
f 1786/5209 1911/5612 1930/5665
f 1830/5666 1888/5667 1831/5636
f 1930/5668 1911/5524 1872/5523
f 1864/5614 1847/5525 1911/5524
f 1829/5571 1827/5473 1817/5482
f 1919/5592 1011/2657 1019/2663
f 1905/5669 1833/5371 973/2650
f 1878/5670 1935/5671 1918/5672
f 1871/5673 1850/5674 1902/5675
f 1773/5328 1786/5676 1930/5668
f 1905/5677 1919/5678 1917/5544
f 1884/5679 1833/5371 1905/5669
f 1905/5680 1917/5681 1918/5682
f 1876/5683 1852/5552 1927/5684
f 1887/5685 1927/5684 1823/5366
f 1914/5686 1915/5687 1833/5371
f 1914/5686 1833/5371 1884/5679
f 1884/5688 1905/5605 1935/5607
f 1816/5439 1859/5689 1830/5627
f 1886/5690 1876/5683 1927/5684
f 1863/5418 1897/5692 1898/5693
f 1844/5500 1822/5502 1874/5660
f 1932/5694 1811/5367 1823/5366
f 1833/5695 1915/5534 1888/5460
f 1934/5649 1927/5684 1852/5552
f 1934/5649 1823/5366 1927/5684
f 1926/5696 1797/5697 1931/5698
f 1820/5699 1879/5434 1936/5626
f 1820/5699 1877/5435 1879/5434
f 1923/5567 1925/5569 1937/5700
f 923/2425 1820/5575 925/2426
f 1831/5636 1888/5667 1823/5366
f 1856/5702 1896/5602 1886/5703
f 1937/5704 1924/5705 1923/5706
f 1925/5707 1924/5705 1937/5704
f 925/2762 1820/5699 1936/5626
f 1906/5708 1851/5709 1857/5710
f 1803/5394 1826/5405 1808/5395
f 1886/5711 1896/5712 1887/5713
f 1931/5714 1930/5715 1872/5716
f 1902/5655 1903/5654 1899/5717
f 1838/5718 1898/5719 1897/5720
f 1820/5514 921/2466 1821/5515
f 1878/5433 1918/5721 1879/5434
f 1914/5535 1877/5722 1876/5536
f 1886/5458 1888/5460 1915/5534
f 1872/5723 1864/5724 1926/5696
f 1886/5458 1915/5534 1876/5536
f 1884/5725 1877/5726 1914/5727
f 1905/5669 973/2650 1011/5728
f 1862/5729 1863/5730 1898/5731
f 1932/5590 1934/5732 1812/5588
f 1820/5699 1817/5551 1877/5435
f 1876/5683 1877/5435 1852/5552
f 1842/5506 921/2350 909/2349
f 923/2359 921/2466 1820/5514
f 1851/5733 1904/5734 1850/5653
f 1878/5735 1884/5736 1935/5737
f 1903/5522 1850/5738 1904/5520
f 1892/5739 1851/5740 1906/5741
f 1850/5742 1871/5743 1851/5744
f 1892/5745 1904/5746 1851/5747
f 1830/5627 1859/5689 1888/5748
f 1928/5593 1019/2663 1088/5749
f 1861/5750 1862/5729 1898/5731
f 1932/5694 1823/5366 1934/5649
f 1859/5628 1815/5751 1801/5403
f 1091/5662 1928/5664 1088/5752
f 1092/2983 1873/5753 1016/2668
f 973/2650 936/5370 944/2712
f 1092/2983 994/2573 925/2762
f 1904/5520 1933/5755 1907/5521
f 1893/5756 1895/5757 1929/5758
f 1873/5759 1091/5760 1016/5761
f 1795/5762 1794/5262 1796/5264
f 1801/5361 1785/5576 1704/5359
f 1748/5360 1832/5763 1801/5361
f 1961/5766 1962/5767 1963/5768
f 1940/5772 1971/5773 1972/5774
f 1958/5775 1960/5776 1956/5777
f 1980/5781 1960/5776 1958/5775
f 1964/5782 1981/5783 1958/5775
f 1965/5789 1964/5782 1956/5777
f 1939/5790 1965/5789 1956/5777
f 1980/5781 1958/5794 1959/5795
f 1951/5797 1956/5777 1960/5776
f 1988/5798 1963/5799 1984/5800
f 1956/5777 1964/5782 1958/5775
f 1992/5801 1991/5802 1990/5803
f 1964/5804 1970/5805 1981/5806
f 1975/5810 1974/5811 1973/5812
f 1992/5813 1995/5814 1994/5815
f 1990/5816 1960/5776 1995/5817
f 1960/5776 1955/5818 1995/5817
f 1977/5819 1998/5820 1991/5821
f 1951/5828 1977/5829 1986/5830
f 1955/5818 673/1859 672/1915
f 2000/5831 1999/5832 1994/5833
f 1952/5834 1960/5776 1980/5781
f 1991/5835 1986/5836 1996/5837
f 1951/5838 1998/5839 1977/5840
f 2001/5843 1945/5844 1938/5845
f 1990/5846 1991/5835 1996/5837
f 1951/5847 1986/5848 1991/5849
f 2005/5854 1988/5798 1978/5855
f 1991/5860 2003/5861 1951/5862
f 781/5863 1997/5864 672/1915
f 2004/5871 2002/5872 2003/5873
f 1956/5777 1938/5874 1939/5790
f 1996/5837 2000/5877 1990/5846
f 1988/5878 1984/5879 1985/5880
f 1976/5888 1944/5889 1945/5844
f 1944/5889 1938/5845 1945/5844
f 1939/5893 1938/5845 1944/5889
f 1995/5894 2000/5831 1994/5833
f 1955/5818 1960/5776 1952/5834
f 1990/5895 2000/5896 1960/5897
f 1992/5898 1990/5846 1995/5899
f 1984/5800 1963/5799 1962/5900
f 2003/5873 1998/5904 1960/5776
f 1956/5777 1983/5905 1938/5874
f 1955/5818 672/1915 1997/5864
f 1964/5906 1966/5907 1970/5908
f 1991/5911 1998/5912 2003/5913
f 1961/5916 1985/5917 1962/5918
f 1985/5919 1961/5920 1988/5921
f 1973/5922 1974/5923 1989/5924
f 1967/5926 2016/5927 1968/5928
f 1978/5929 1961/5930 1963/5931
f 1968/5932 1947/5933 1966/5907
f 1989/5924 1974/5923 1969/5934
f 1997/5864 2003/5873 2000/5935
f 1973/5939 1989/5940 1972/5941
f 1998/5904 1951/5797 1960/5776
f 2003/5873 1960/5776 2000/5935
f 1988/5798 2005/5854 1963/5799
f 1952/5942 2011/5943 2015/5944
f 2004/5871 2003/5873 1997/5864
f 1969/5946 1973/5812 1972/5947
f 2008/5948 697/5949 2009/5950
f 1997/5864 2000/5935 1995/5817
f 1969/5954 2005/5955 1989/5956
f 1972/5774 1989/5957 1940/5772
f 1968/5932 2016/5958 1947/5933
f 1938/5874 1983/5905 2001/5959
f 2003/5873 2002/5960 1983/5905
f 2005/5961 1969/5962 1972/5963
f 2019/5965 2013/5966 2020/5967
f 1983/5905 1956/5777 1951/5797
f 2018/5969 2013/5966 2019/5965
f 1995/5817 1955/5818 1997/5864
f 2003/5873 1983/5905 1951/5797
f 1973/5812 1969/5946 1975/5810
f 2022/5979 1985/5980 1984/5981
f 1985/5982 2022/5983 2023/5984
f 2028/5985 2032/5986 2033/5987
f 2031/5988 2035/5989 2036/5990
f 2022/5991 2024/5992 2030/5993
f 2037/5994 2032/5995 2029/5996
f 2038/5997 2034/5998 2031/5999
f 2023/6000 2024/6001 1984/5981
f 2033/6002 2037/6003 2038/6004
f 1985/5982 2023/5984 1962/6005
f 2023/6006 1984/6007 1962/6008
f 2034/6009 2030/6010 2024/6011
f 2033/6012 2032/6013 2037/6014
f 2039/6015 2040/6016 2037/6017
f 2022/5979 1984/5981 2024/6001
f 2024/6018 2023/6006 2031/6019
f 2037/5994 2029/5996 2039/6020
f 2031/6019 2034/6021 2024/6018
f 2036/6025 2048/6026 2034/6027
f 2047/6028 2049/6029 2050/6030
f 2044/6031 2043/6032 2051/6033
f 2031/6034 2022/5991 2030/5993
f 2028/6035 2040/6036 2029/6037
f 2028/6038 2037/6017 2040/6016
f 2044/6031 2051/6033 2049/6039
f 2038/6040 2037/6041 2028/6042
f 2022/5983 2031/6043 2023/5984
f 2053/6045 2051/6046 2050/6047
f 2028/6049 2033/6050 2036/6025
f 2029/6051 2032/5986 2028/5985
f 2044/6052 2052/6053 2043/6054
f 2047/6055 2052/6053 2044/6052
f 2044/6056 2049/6057 2047/6058
f 2050/6047 2051/6046 2043/6059
f 2047/6028 2050/6030 2043/6060
f 2028/6049 2036/6025 2034/6027
f 2042/6061 2055/6062 2054/6063
f 2057/6064 2055/6062 2042/6061
f 2047/6065 2057/6066 2042/6067
f 2052/6068 2047/6069 2042/6070
f 2055/6062 2056/6075 2054/6063
f 2042/6070 2054/6076 2046/6077
f 2057/6080 2047/6081 2043/6082
f 2025/6083 2027/6084 1832/5763
f 2038/6004 2036/6085 2033/6002
f 2035/6086 2048/6087 2052/6088
f 2048/6026 2057/6080 2043/6082
f 2031/6089 2036/6085 2038/6004
f 2035/6090 2030/6091 2034/6092
f 2035/6090 2034/6092 2048/6093
f 2031/6095 2030/6096 2035/6097
f 2025/6083 1832/5763 2021/6098
f 2038/6099 2028/6100 2034/6101
f 2036/6102 2052/6103 2057/6064
f 2035/6104 2052/6103 2036/6102
f 2043/6105 2052/6106 2048/6107
f 2036/6102 2057/6064 2048/6108
f 2049/6039 2051/6033 2053/6110
f 1971/5773 2059/6111 1806/5501
f 2066/6113 2067/6114 2073/6115
f 1974/6116 2039/6117 1969/6118
f 2060/6119 2059/6111 1971/5773
f 2068/6120 2060/6119 1971/5773
f 1975/5810 2040/6124 1974/6125
f 2040/6126 2039/6117 1974/6116
f 1940/5772 1941/6127 1971/5773
f 1941/6127 2019/5965 2068/6120
f 1975/6128 1969/6129 2040/6130
f 2059/6111 1840/6131 1805/6132
f 2081/6138 2078/6139 2019/6140
f 1971/5773 1941/6127 2068/6120
f 1941/6141 2018/6142 2077/6143
f 2077/6143 2018/6142 2078/6144
f 2081/6138 2019/6140 2077/6145
f 2078/6147 2018/6148 2019/6149
f 2089/6156 2086/6157 2087/6158
f 2063/6159 2064/6160 2058/6161
f 2089/6156 2084/6169 2090/6170
f 1941/6171 2077/6172 2019/6173
f 2085/6178 2088/6179 1055/2910
f 2085/6178 1055/2910 896/2922
f 2089/6156 2090/6181 2086/6182
f 2087/6158 2086/6157 2075/6183
f 2060/6188 2072/6189 2075/6183
f 2091/6190 2097/6191 2098/6192
f 1844/5500 1971/5773 1806/5501
f 2061/6196 1969/6197 2039/6198
f 2029/6199 2061/6200 2039/6201
f 1969/6129 2061/6202 2040/6130
f 2040/6130 2061/6202 2062/6203
f 2093/6204 2099/6205 2058/6161
f 1844/5500 1972/5774 1971/5773
f 1806/5501 2059/6111 1805/6132
f 2049/6216 2066/6217 2073/6218
f 2068/6120 2071/6222 2060/6119
f 2049/6216 2073/6218 2050/6223
f 2053/6110 2065/6226 2066/6227
f 2029/6228 2040/6229 2062/6230
f 2065/6232 2081/6233 2066/6234
f 2067/6114 2066/6113 2081/6235
f 2061/6200 2029/6199 2062/6237
f 2087/6158 2075/6183 2072/6189
f 2065/6238 2067/6239 2077/6240
f 2081/6241 2077/6242 2067/6243
f 2071/6222 2068/6120 2019/5965
f 2065/6232 2078/6244 2081/6233
f 1813/6245 2064/6160 2063/6159
f 2077/6240 2078/6147 2065/6238
f 2049/6039 2053/6110 2066/6227
f 2020/5967 2071/6222 2019/5965
f 2073/6246 2067/6247 2065/6248
f 2050/6047 2073/6249 2053/6045
f 2046/6250 2054/6251 2099/6252
f 2056/6253 2080/6254 2054/6255
f 2054/6255 2080/6254 2093/6204
f 2053/6256 2073/6257 2065/6258
f 2093/6204 2058/6161 2064/6160
f 2046/6250 2099/6252 2080/6259
f 2063/6159 1749/6260 1813/6245
f 2071/6222 2072/6262 2060/6119
f 2099/6263 2093/6264 2080/6265
f 2059/6266 2060/6188 2075/6183
f 2021/6098 1832/5763 1748/5360
f 2101/6271 2104/6272 2103/6273
f 2103/6273 2104/6272 2115/6274
f 2129/6275 2126/6276 2108/6277
f 2117/6278 2132/6279 2116/6280
f 1895/6281 1336/6282 1302/3324
f 2109/6283 2112/6284 2107/6285
f 2117/6278 2135/6286 2127/6287
f 2133/6288 2149/6289 2144/6290
f 697/5949 2008/5948 1302/3324
f 1895/6281 1678/6294 1336/6282
f 1336/6295 1678/4783 1320/4782
f 1895/6281 1302/3324 2107/6285
f 2101/6271 2102/6296 2105/6297
f 2149/6298 2136/6299 2144/6300
f 2108/6277 2126/6276 2123/6301
f 697/5949 1302/3324 689/2187
f 2116/6302 2134/6303 2115/6304
f 2118/6305 2102/6306 2131/6307
f 2123/6301 2126/6276 2156/6308
f 2117/6278 2104/6272 2101/6309
f 2153/6310 2102/6311 2120/6312
f 2127/6287 2132/6279 2117/6278
f 2104/6272 2117/6278 2116/6280
f 2103/6313 2131/6307 2102/6306
f 2111/6314 1891/6315 2107/6285
f 2115/6274 2134/6322 2103/6273
f 2109/6283 2008/5948 2010/6326
f 2142/6327 2143/6328 2148/6329
f 2104/6272 2116/6330 2115/6331
f 2102/6306 2118/6305 2120/6332
f 1115/6333 1098/3361 1100/3362
f 1970/5908 1966/5907 2108/6277
f 2103/6273 2102/6296 2101/6271
f 2169/6334 2181/6335 2155/6336
f 2008/5948 2107/6285 1302/3324
f 2153/6337 2105/6297 2102/6296
f 2183/6338 2178/6339 2155/6340
f 2164/6341 2105/6297 2153/6337
f 2116/6302 2141/6342 2134/6303
f 2109/6283 2107/6285 2008/5948
f 2175/6343 2120/6332 2118/6305
f 2140/6344 2189/6345 2139/6346
f 2132/6349 2141/6342 2116/6302
f 2180/6351 2166/6352 2168/6353
f 2170/6354 2130/6355 2194/6356
f 1947/5933 2197/6357 2129/6275
f 1978/6358 1963/6359 2198/6360
f 2154/6361 2144/6362 2139/6363
f 2194/6364 2135/6286 2117/6278
f 2005/6365 1972/5774 1844/5500
f 2120/6332 2162/6366 2153/6367
f 2153/6371 2186/6372 2164/6373
f 2103/6273 2134/6322 2158/6374
f 1115/6333 1100/3362 1119/6375
f 2194/6364 2117/6278 2170/6379
f 2070/6381 2005/6365 1844/5500
f 2201/6382 2135/6383 2194/6356
f 2120/6332 2175/6343 2162/6366
f 2187/6390 2196/6391 1947/5933
f 2170/6379 2117/6278 2106/6398
f 2163/6400 2169/6401 2165/6402
f 2170/6354 2106/6403 2130/6355
f 2016/5958 2187/6390 1947/5933
f 2196/6391 2197/6357 1947/5933
f 2137/6404 2174/6405 2128/6406
f 1223/3221 2201/6382 2130/6355
f 2070/6381 1844/5500 2217/6408
f 2164/6341 1119/6375 2105/6297
f 1115/6333 1119/6375 2164/6341
f 2136/6299 2149/6298 2128/6409
f 2130/6355 1132/3034 1223/3221
f 2174/6412 2137/6413 2149/6414
f 1947/5933 2129/6275 1966/5907
f 1908/5562 1883/5507 2234/6417
f 2234/6418 1880/6419 2230/6420
f 2231/6424 1714/5231 2233/6425
f 2233/6425 1714/5231 1784/5230
f 2130/6355 1106/3032 1132/3034
f 2224/6429 2242/6430 2223/6431
f 1966/5907 2129/6275 2108/6277
f 2219/6432 2196/6391 2187/6390
f 1978/6433 2198/6434 2217/6435
f 2243/6437 2241/6438 2244/6439
f 2243/6440 2228/6441 2241/6442
f 2246/6443 2247/6444 2248/6445
f 1908/6447 2234/6448 2227/6449
f 2237/6450 2203/6451 2232/6452
f 2236/6456 2196/6457 2219/6458
f 2203/6451 2214/6459 2232/6452
f 1901/6460 1908/6461 1874/6462
f 2227/6466 1844/5500 1874/5660
f 2236/6467 2235/6468 2197/6469
f 2130/6355 2201/6382 2194/6356
f 2234/6470 2195/6471 2237/6472
f 1880/6473 2234/6474 1883/6475
f 1908/6461 2227/6478 1874/6462
f 2232/6481 2227/6482 2237/6483
f 2254/6490 2250/6491 1784/6492
f 1844/5500 2227/6466 2217/6408
f 2214/6497 2203/6498 2252/6499
f 2232/6500 2214/6501 2236/6502
f 2172/6503 2136/6504 2174/6505
f 2253/6509 2238/6510 2251/6511
f 2227/6512 1987/6513 2217/6514
f 2259/6516 2260/6517 2108/6518
f 2261/6519 2248/6445 2247/6444
f 2227/6482 2234/6523 2237/6483
f 2251/6524 2270/6525 2253/6526
f 2267/6527 2271/6528 2269/6529
f 2269/6533 2275/6534 2273/6535
f 2144/6300 2136/6299 2139/6536
f 2276/6537 2269/6538 1942/6539
f 2268/6540 2262/6541 2253/6542
f 2275/6543 2277/6544 2273/6545
f 2258/6547 2266/6548 2257/6549
f 2276/6550 1942/6551 1943/6552
f 2253/6553 2270/6554 2279/6555
f 2268/6556 2250/6491 2254/6490
f 2195/6471 2215/6557 2255/6558
f 2271/6559 2267/6560 2276/6561
f 2254/6490 2272/6565 2268/6556
f 2282/6567 2204/6568 2218/6569
f 2215/6557 2204/6570 2270/6571
f 2258/6547 2257/6549 1958/5794
f 2247/6572 2246/6573 2261/6574
f 2280/6575 2138/6576 2274/6577
f 2252/6578 2273/6579 2277/6580
f 2108/6518 1981/5806 1970/5805
f 2267/6581 2268/6582 2276/6583
f 2279/6584 2268/6585 2253/6586
f 2281/6591 2268/6592 2274/6593
f 2248/6594 2261/6595 2246/6596
f 2276/6597 1943/6598 2271/6599
f 2244/6600 2228/6601 2243/6602
f 2135/6383 2201/6382 2193/6603
f 2274/6607 2279/6555 2270/6554
f 2267/6608 2263/6609 2262/6610
f 2268/6582 2267/6581 2262/6611
f 1981/5783 2258/6547 1958/5775
f 2268/6556 2269/6538 2276/6537
f 1943/6613 1942/6614 2271/6615
f 2251/6524 2273/6579 2203/6616
f 2238/6617 2273/6618 2251/6619
f 2281/6623 2250/6624 2268/6625
f 1981/5806 2108/6518 2260/6517
f 2263/6629 2238/6630 2262/6631
f 2238/6633 2267/6634 2269/6533
f 2215/6635 2270/6525 2203/6616
f 2203/6616 2270/6525 2251/6524
f 2258/6547 1981/5783 2260/6636
f 2203/6616 2273/6579 2252/6578
f 2272/6565 2269/6538 2268/6556
f 2244/6600 2241/6639 2228/6601
f 2274/6593 2268/6592 2279/6640
f 2280/6641 2270/6642 2204/6568
f 2138/6576 2275/6644 2274/6577
f 2123/6645 2259/6516 2108/6518
f 2253/6646 2262/6647 2238/6648
f 2267/6649 2238/6650 2263/6651
f 2238/6633 2269/6533 2273/6535
f 2278/6653 2275/6644 2138/6576
f 2270/6655 2280/6656 2274/6657
f 2138/6576 2225/6658 2284/6659
f 2278/6653 2138/6576 2284/6659
f 2282/6567 2280/6641 2204/6568
f 2282/6567 2218/6569 2171/6660
f 1893/6662 1682/4791 1670/6663
f 1670/6663 1666/6664 1678/6294
f 1893/6662 1670/6663 1678/6294
f 2138/6576 2245/6665 2225/6658
f 2282/6666 2138/6576 2280/6575
f 2140/6667 2139/6536 2136/6299
f 1671/4950 1670/6663 1682/4791
f 2199/6671 2160/6672 2245/6673
f 2183/6674 2155/6675 2181/6676
f 2138/6576 2171/6677 2286/6678
f 2181/6676 2169/6679 2163/6680
f 2282/6666 2171/6677 2138/6576
f 2163/6682 2124/6683 2181/6684
f 2290/6688 1430/6689 2291/6690
f 2292/6691 2287/6692 1921/6693
f 1922/6694 1921/6693 2287/6692
f 2126/6276 2288/6699 2156/6308
f 2297/6700 2291/6701 1690/6702
f 2110/6703 2292/6704 2111/6705
f 2126/6706 2206/6707 2139/6708
f 1635/6709 2297/6700 1690/6702
f 2290/6710 2297/6711 1907/6712
f 2290/6710 2291/6713 2297/6711
f 1671/6716 1666/4781 1670/6717
f 1635/5020 1688/5015 1907/6718
f 2294/6719 1240/4999 1228/6720
f 2245/6721 2299/6722 2224/6723
f 2141/6342 2132/6349 2188/6726
f 2188/6729 2132/6279 2127/6287
f 2239/6730 2119/6731 2240/6732
f 1907/6733 2300/6734 2290/6735
f 2296/6736 2289/6737 2298/6738
f 1907/6718 2297/6739 1635/5020
f 1891/6315 2111/6314 2292/6740
f 1228/6720 1240/4999 1227/4754
f 1654/4790 1671/4950 1682/4791
f 1922/6694 2287/6692 2294/6746
f 2292/6740 1921/6747 1891/6315
f 2307/6748 1922/5559 2300/6749
f 2303/6750 2301/6751 1865/6752
f 1922/6761 1228/6762 2300/6763
f 2307/6764 2300/6765 1933/6766
f 2303/6750 1865/6752 1860/5503
f 2189/6345 2289/6770 2126/6771
f 2311/6772 2310/6773 2249/6774
f 1912/6775 1907/6718 1681/5014
f 1688/5015 1681/5014 1907/6718
f 2249/6776 2173/6777 2154/6778
f 2291/6690 1430/6689 1690/6779
f 1894/6781 1855/6782 2314/6783
f 2220/6784 2294/6719 2293/6785
f 2320/6786 2321/6787 2154/6788
f 1922/6694 2294/6746 1228/6789
f 1756/6790 1778/6791 2322/6792
f 2191/6793 2159/6794 2192/6795
f 1880/6419 1865/6796 2301/6797
f 2325/6798 2306/6799 2324/6800
f 1880/6419 2301/6797 2230/6420
f 2150/6801 2148/6329 2143/6328
f 1756/6790 2322/6792 2327/6802
f 2255/6803 2230/6804 2317/6805
f 2324/6806 2326/6807 2195/6471
f 2333/6808 2310/6809 2316/6810
f 2333/6808 2249/6811 2310/6809
f 2334/6812 2255/6803 2330/6813
f 2173/6814 2285/6815 2133/6288
f 2286/6816 2114/6817 2299/6722
f 2317/6818 2303/6819 2314/6820
f 2336/6821 2337/6822 2141/6823
f 2237/6824 2255/6558 2203/6825
f 2204/6570 2195/6471 2326/6807
f 2195/6829 2339/6830 2237/6831
f 2195/6829 2255/6832 2339/6830
f 2325/6833 2322/6834 2306/6835
f 2340/6836 2235/6837 2323/6838
f 2334/6812 2339/6839 2255/6803
f 2161/6840 2226/6841 2160/6842
f 2129/6843 2340/6844 2206/6845
f 2321/6846 2180/6847 2313/6848
f 2204/6849 2326/6850 2200/6851
f 2200/6856 2330/6857 2328/6858
f 2225/6658 2226/6841 2161/6840
f 2225/6658 2245/6665 2226/6841
f 2313/6859 2180/6860 2167/6861
f 2249/6862 2154/6863 2321/6864
f 2303/6750 1860/5503 1894/6865
f 2234/6418 2230/6420 2339/6866
f 2344/6867 2335/6868 1854/6869
f 2348/6874 2347/6875 1854/6876
f 2344/6877 1854/6876 2347/6875
f 2168/6878 2165/6402 2169/6401
f 2323/6882 2320/6883 2332/6884
f 2352/6885 2179/6886 2342/6887
f 1855/5415 1854/5417 2335/6888
f 2324/6806 2195/6471 2329/6889
f 1862/6890 1854/6891 1853/6892
f 2147/6893 2325/6894 2328/6895
f 2321/6896 2341/6897 2331/6898
f 2324/6899 2329/6900 2330/6901
f 2330/6902 2329/6903 2334/6904
f 2331/6905 2332/6906 2320/6907
f 2333/6808 2173/6908 2249/6811
f 1862/6910 2348/6911 1854/6912
f 2147/6913 2328/6914 2177/6915
f 2326/6916 2325/6917 2200/6918
f 2323/6838 2332/6919 2340/6836
f 2314/6920 2303/6921 1894/6922
f 2340/6923 2197/6924 2235/6925
f 1862/6926 2345/6927 2348/6928
f 2342/6929 2179/6930 2206/6707
f 2328/6931 2326/6932 2264/6933
f 2205/6934 2166/6935 2320/6936
f 2345/6937 2347/6938 2353/6939
f 2345/6937 2353/6939 2344/6940
f 2167/6861 2180/6860 2168/6941
f 1862/6942 2347/6943 2345/6944
f 2349/6945 2343/6946 2351/6947
f 2353/6948 2346/6949 2335/6950
f 2353/6951 2343/6946 2349/6945
f 2344/6867 2347/6952 1862/6953
f 2334/6954 2234/6955 2339/6956
f 2285/6957 2173/6958 2172/6959
f 2180/6960 2346/6961 2353/6962
f 2317/6963 2230/6964 2301/6965
f 2320/6966 2323/6967 2235/6968
f 2321/6969 2320/6970 2166/6971
f 2351/6947 2335/6972 2346/6973
f 2335/6972 2351/6947 2321/6974
f 1900/6975 2347/6976 2348/6977
f 2306/6979 2326/6980 2324/6981
f 1778/6982 2306/6983 2322/6984
f 2289/6737 2288/6699 2126/6276
f 2237/6985 2339/6986 2230/6987
f 2346/6973 2349/6945 2351/6947
f 2321/6988 2351/6989 2341/6990
f 2344/6867 2353/6991 2335/6868
f 2343/6992 2341/6990 2351/6989
f 2317/6963 2301/6965 2303/6750
f 2200/6851 2152/6994 2204/6849
f 2313/6995 1855/5415 2335/6888
f 2314/6996 1855/6997 2313/6848
f 2255/6803 2167/6998 2330/6813
f 2321/7005 2331/7006 2179/7007
f 2334/7008 2195/7009 2234/7010
f 2352/6885 2342/6887 2338/7011
f 2180/6960 2353/6962 2349/7012
f 2237/7013 2230/7014 2255/7015
f 2313/7016 2317/6818 2314/6820
f 2310/6809 2304/7017 2309/7018
f 2200/6856 2325/6798 2324/6800
f 2150/6801 2143/6328 2151/7019
f 2349/7020 2346/7021 2166/6935
f 2196/7022 2236/7023 2197/7024
f 2206/6845 2340/6844 2332/7025
f 2334/7026 2329/7027 2195/6471
f 2332/7025 2338/7028 2206/6845
f 2328/7029 2264/7030 2200/7031
f 2129/6275 2206/6845 2126/6276
f 2191/6793 2213/7032 2159/6794
f 1746/7035 1721/7036 1755/7037
f 2326/7038 2328/7039 2325/7040
f 2200/6856 2324/6800 2330/6857
f 2298/7042 2289/7043 2173/6958
f 2346/7044 2180/7045 2321/7046
f 2155/7047 2330/7048 2167/7049
f 2347/7050 1900/7051 2353/7052
f 2354/7053 2343/6946 2353/6951
f 2342/6929 2206/6707 2338/7054
f 2249/7055 2179/7007 2352/7056
f 1746/7060 1755/7061 1766/7062
f 2341/6897 2338/7063 2331/6898
f 2321/6864 2179/7064 2249/6862
f 2129/6843 2197/6357 2340/6844
f 2313/7065 2167/6998 2317/6805
f 2255/6803 2317/6805 2167/6998
f 2335/6972 2321/7066 2313/7067
f 2354/7069 2353/7070 2360/7071
f 2206/6707 2179/6930 2154/7072
f 2166/6935 2346/7021 2321/7073
f 2362/7074 2358/7075 2359/7076
f 2154/7072 2139/6708 2206/6707
f 1766/7077 1755/7037 1721/7036
f 2355/7078 2318/7079 2308/7080
f 2114/6817 2113/7081 2299/6722
f 2359/7082 1766/7083 2357/7084
f 2364/7085 2365/7086 1698/7087
f 2343/6992 2366/7088 2341/6990
f 2366/7089 2367/7090 2341/7091
f 2168/6878 2169/6401 2155/7094
f 2362/7095 2359/7096 2357/7097
f 2305/7098 2368/7099 2367/7100
f 2311/7101 2304/7102 2310/7103
f 2133/7107 2174/7108 2149/7109
f 2240/7113 2119/7114 2145/7115
f 1853/6892 1854/6891 1827/7116
f 2319/7117 2296/6736 2368/7099
f 1777/7118 2364/7119 1697/7120
f 2311/7101 2316/7121 2304/7102
f 1698/7087 1754/7122 2364/7085
f 2363/7123 1827/5473 1829/5571
f 1900/6975 2348/6977 1827/5473
f 2137/7127 2128/7128 2149/7129
f 2191/6793 2205/6934 2213/7032
f 2337/6822 2343/6946 2354/7053
f 2366/7134 2371/7135 2367/7136
f 2357/7097 2355/7137 2358/7138
f 1732/7139 1728/7140 1744/7141
f 2202/7142 2193/6603 2201/6382
f 2305/7098 2367/7100 2371/7143
f 1744/5115 1734/5117 2356/7144
f 2255/6558 2215/6557 2203/6825
f 2150/6801 2318/7079 2355/7078
f 2315/7145 2316/7146 2309/7147
f 2311/7148 2352/7149 2367/7150
f 2168/7151 2166/7152 2165/7153
f 2349/7020 2166/6935 2180/7154
f 2367/7100 2352/7155 2338/7028
f 2367/7100 2338/7028 2341/7156
f 2360/7158 2353/7052 1900/7051
f 1732/7159 1744/5115 2356/7144
f 2358/7075 1766/7160 2359/7076
f 2336/6821 2141/6823 2305/7161
f 2318/7163 2150/7164 2151/7165
f 2311/7166 2298/7042 2333/7167
f 2368/7168 2311/7169 2367/7170
f 1697/7120 2364/7119 1754/7172
f 2135/6286 2221/7173 2127/6287
f 2158/7174 2369/7175 1900/7176
f 2373/7177 2374/7178 2375/7179
f 2336/6821 2305/7098 2371/7143
f 2360/7180 2158/6374 2354/7053
f 2337/6822 2336/6821 2343/6946
f 1827/5473 2363/7123 1900/6975
f 2299/7181 2113/7182 2242/7183
f 2362/7095 2357/7097 2358/7138
f 2336/7184 2311/7185 2366/7186
f 2165/7187 2166/6935 2205/6934
f 2370/7188 2158/6374 2360/7180
f 2220/6784 2212/7189 1240/4999
f 2373/7190 2375/7191 2377/7192
f 2315/7145 2304/7193 2316/7146
f 2319/7117 2368/7099 2315/7194
f 2134/6322 2337/6822 2158/6374
f 2309/7018 2316/6810 2310/6809
f 2242/7198 2224/6723 2299/6722
f 2305/7098 2315/7194 2368/7099
f 2245/6721 2286/6816 2299/6722
f 2294/6719 2220/6784 1240/4999
f 2333/7167 2298/7042 2173/6958
f 2373/7199 2377/7200 2374/7201
f 2158/6374 2337/6822 2354/7053
f 2158/7206 2370/7207 2369/7208
f 2368/7099 2296/6736 2298/6738
f 2285/7209 2174/6505 2133/7210
f 2158/7211 1900/7212 2363/7213
f 2311/7166 2368/7214 2298/7042
f 2371/7135 2366/7134 2249/7215
f 2371/7216 2249/7217 2352/7218
f 2371/7219 2352/7220 2311/7221
f 2374/7222 2377/7223 2375/7224
f 2360/7226 1900/7227 2369/7228
f 2360/7229 2369/7230 2364/7231
f 2158/7232 2363/7233 2372/7234
f 2209/7235 2212/7236 2220/7237
f 2311/7185 2249/7240 2366/7186
f 2311/7242 2336/7243 2371/7244
f 2221/7245 2135/6383 2193/6603
f 2337/7246 2134/6303 2141/6342
f 2114/7247 2181/7248 2113/7249
f 2370/7250 2365/7251 2369/7252
f 1777/7253 2370/7254 2364/7255
f 2138/6576 2286/6678 2245/6665
f 2336/6821 2366/7256 2343/6946
f 2365/7251 2364/7259 2369/7252
f 2360/7071 2364/7261 2370/7254
f 2174/6505 2285/7209 2172/6503
f 2316/7263 2311/7264 2333/7265
f 2136/6299 2128/6409 2174/7266
f 2171/7267 2152/7268 2184/7269
f 2142/6327 2114/6817 2286/6816
f 2218/7270 2152/7271 2171/7267
f 1828/5631 1809/7274 1814/7275
f 2302/7276 2193/6603 2202/7142
f 2103/7277 2158/7278 2372/7279
f 2144/6290 2154/7280 2133/6288
f 2201/6382 2182/7281 2202/7142
f 2286/6816 2184/7269 2142/6327
f 2139/6346 2189/6345 2126/6771
f 2136/6504 2172/6503 2140/7285
f 2131/7286 1828/5631 1814/7275
f 2193/7287 2260/6517 2361/7288
f 2103/6313 1829/7289 2131/6307
f 2363/7233 1829/7289 2372/7234
f 2121/7291 2125/7292 2122/7293
f 2361/7288 2259/6516 2288/7294
f 2123/6645 2156/7295 2259/6516
f 2172/6959 2173/6958 2289/7043
f 2258/6547 2260/6636 2302/7276
f 2302/7296 2202/7142 2265/7297
f 2154/7280 2173/6814 2133/6288
f 2171/7267 2184/7269 2286/6816
f 2312/7298 2296/6736 2295/7299
f 1829/5571 1828/5631 2131/7286
f 2372/7234 1829/7289 2103/6313
f 2182/7281 2265/7297 2202/7142
f 2296/6736 2283/7300 2295/7299
f 2288/6699 2289/6737 2312/7298
f 2259/6516 2361/7288 2260/6517
f 2152/7301 2218/6569 2204/6568
f 2289/6770 2189/6345 2172/7302
f 2266/7303 2258/6547 2302/7296
f 2295/7304 2361/7288 2312/7305
f 2140/6344 2172/7302 2189/6345
f 2260/6636 2193/6603 2302/7276
f 2312/7298 2361/7306 2288/6699
f 2195/6471 2204/6570 2215/6557
f 2289/6737 2296/6736 2312/7298
f 2183/7307 2177/7308 2178/7309
f 2259/6516 2156/7295 2288/7294
f 2193/7287 2361/7288 2295/7304
f 2307/6748 1933/7310 1909/5594
f 2300/7311 1907/5521 1933/5755
f 2307/6748 1909/5594 1922/5559
f 1242/7312 1243/7313 1690/7314
f 1682/4791 1912/7315 1681/4789
f 1891/7316 1921/5558 1913/5560
f 1891/7317 1929/7318 2107/6285
f 1895/6281 1893/6662 1678/6294
f 2107/6285 1929/7318 1895/6281
f 1302/3324 1336/6282 1301/3323
