# Low-poly collision mesh generated from ocean_floor.obj; stride=8; original vertices=65536; original faces=130050
# Includes one vertex normal per vertex for DART / Gazebo collision loading.
# vertices: 1089
# normals: 1089
# triangles: 2048
v -50.000000 -50.000000 0.470588
v -46.862745 -50.000000 0.509804
v -43.725490 -50.000000 0.549020
v -40.588235 -50.000000 0.588235
v -37.450980 -50.000000 0.627451
v -34.313725 -50.000000 0.647059
v -31.176471 -50.000000 0.647059
v -28.039216 -50.000000 0.666667
v -24.901961 -50.000000 0.686275
v -21.764706 -50.000000 0.725490
v -18.627451 -50.000000 0.764706
v -15.490196 -50.000000 0.823529
v -12.352941 -50.000000 0.862745
v -9.215686 -50.000000 0.901961
v -6.078431 -50.000000 0.901961
v -2.941176 -50.000000 0.862745
v 0.196078 -50.000000 0.803922
v 3.333333 -50.000000 0.764706
v 6.470588 -50.000000 0.745098
v 9.607843 -50.000000 0.745098
v 12.745098 -50.000000 0.705882
v 15.882353 -50.000000 0.647059
v 19.019608 -50.000000 0.568627
v 22.156863 -50.000000 0.470588
v 25.294118 -50.000000 0.392157
v 28.431373 -50.000000 0.333333
v 31.568627 -50.000000 0.313725
v 34.705882 -50.000000 0.313725
v 37.843137 -50.000000 0.313725
v 40.980392 -50.000000 0.333333
v 44.117647 -50.000000 0.333333
v 47.254902 -50.000000 0.372549
v 50.000000 -50.000000 0.392157
v -50.000000 -46.862745 0.490196
v -46.862745 -46.862745 0.529412
v -43.725490 -46.862745 0.588235
v -40.588235 -46.862745 0.666667
v -37.450980 -46.862745 0.725490
v -34.313725 -46.862745 0.725490
v -31.176471 -46.862745 0.705882
v -28.039216 -46.862745 0.705882
v -24.901961 -46.862745 0.725490
v -21.764706 -46.862745 0.764706
v -18.627451 -46.862745 0.823529
v -15.490196 -46.862745 0.921569
v -12.352941 -46.862745 1.000000
v -9.215686 -46.862745 1.058824
v -6.078431 -46.862745 1.078431
v -2.941176 -46.862745 1.039216
v 0.196078 -46.862745 1.000000
v 3.333333 -46.862745 0.980392
v 6.470588 -46.862745 1.000000
v 9.607843 -46.862745 1.058824
v 12.745098 -46.862745 1.039216
v 15.882353 -46.862745 0.960784
v 19.019608 -46.862745 0.803922
v 22.156863 -46.862745 0.607843
v 25.294118 -46.862745 0.470588
v 28.431373 -46.862745 0.372549
v 31.568627 -46.862745 0.313725
v 34.705882 -46.862745 0.313725
v 37.843137 -46.862745 0.313725
v 40.980392 -46.862745 0.313725
v 44.117647 -46.862745 0.333333
v 47.254902 -46.862745 0.352941
v 50.000000 -46.862745 0.372549
v -50.000000 -43.725490 0.509804
v -46.862745 -43.725490 0.568627
v -43.725490 -43.725490 0.666667
v -40.588235 -43.725490 0.803922
v -37.450980 -43.725490 0.921569
v -34.313725 -43.725490 0.882353
v -31.176471 -43.725490 0.803922
v -28.039216 -43.725490 0.745098
v -24.901961 -43.725490 0.745098
v -21.764706 -43.725490 0.803922
v -18.627451 -43.725490 0.882353
v -15.490196 -43.725490 1.019608
v -12.352941 -43.725490 1.137255
v -9.215686 -43.725490 1.235294
v -6.078431 -43.725490 1.274510
v -2.941176 -43.725490 1.235294
v 0.196078 -43.725490 1.215686
v 3.333333 -43.725490 1.235294
v 6.470588 -43.725490 1.352941
v 9.607843 -43.725490 1.470588
v 12.745098 -43.725490 1.509804
v 15.882353 -43.725490 1.372549
v 19.019608 -43.725490 1.117647
v 22.156863 -43.725490 0.823529
v 25.294118 -43.725490 0.568627
v 28.431373 -43.725490 0.411765
v 31.568627 -43.725490 0.333333
v 34.705882 -43.725490 0.294118
v 37.843137 -43.725490 0.294118
v 40.980392 -43.725490 0.313725
v 44.117647 -43.725490 0.333333
v 47.254902 -43.725490 0.352941
v 50.000000 -43.725490 0.372549
v -50.000000 -40.588235 0.549020
v -46.862745 -40.588235 0.647059
v -43.725490 -40.588235 0.784314
v -40.588235 -40.588235 0.960784
v -37.450980 -40.588235 1.098039
v -34.313725 -40.588235 1.058824
v -31.176471 -40.588235 0.921569
v -28.039216 -40.588235 0.823529
v -24.901961 -40.588235 0.803922
v -21.764706 -40.588235 0.843137
v -18.627451 -40.588235 0.941176
v -15.490196 -40.588235 1.078431
v -12.352941 -40.588235 1.235294
v -9.215686 -40.588235 1.372549
v -6.078431 -40.588235 1.411765
v -2.941176 -40.588235 1.411765
v 0.196078 -40.588235 1.392157
v 3.333333 -40.588235 1.470588
v 6.470588 -40.588235 1.647059
v 9.607843 -40.588235 1.843137
v 12.745098 -40.588235 1.921569
v 15.882353 -40.588235 1.764706
v 19.019608 -40.588235 1.431373
v 22.156863 -40.588235 1.019608
v 25.294118 -40.588235 0.686275
v 28.431373 -40.588235 0.450980
v 31.568627 -40.588235 0.333333
v 34.705882 -40.588235 0.294118
v 37.843137 -40.588235 0.274510
v 40.980392 -40.588235 0.294118
v 44.117647 -40.588235 0.313725
v 47.254902 -40.588235 0.333333
v 50.000000 -40.588235 0.372549
v -50.000000 -37.450980 0.627451
v -46.862745 -37.450980 0.745098
v -43.725490 -37.450980 0.901961
v -40.588235 -37.450980 1.098039
v -37.450980 -37.450980 1.215686
v -34.313725 -37.450980 1.176471
v -31.176471 -37.450980 1.039216
v -28.039216 -37.450980 0.921569
v -24.901961 -37.450980 0.862745
v -21.764706 -37.450980 0.862745
v -18.627451 -37.450980 0.960784
v -15.490196 -37.450980 1.098039
v -12.352941 -37.450980 1.274510
v -9.215686 -37.450980 1.411765
v -6.078431 -37.450980 1.470588
v -2.941176 -37.450980 1.509804
v 0.196078 -37.450980 1.509804
v 3.333333 -37.450980 1.588235
v 6.470588 -37.450980 1.764706
v 9.607843 -37.450980 1.980392
v 12.745098 -37.450980 2.078431
v 15.882353 -37.450980 1.941176
v 19.019608 -37.450980 1.568627
v 22.156863 -37.450980 1.117647
v 25.294118 -37.450980 0.725490
v 28.431373 -37.450980 0.470588
v 31.568627 -37.450980 0.333333
v 34.705882 -37.450980 0.274510
v 37.843137 -37.450980 0.274510
v 40.980392 -37.450980 0.274510
v 44.117647 -37.450980 0.294118
v 47.254902 -37.450980 0.333333
v 50.000000 -37.450980 0.352941
v -50.000000 -34.313725 0.705882
v -46.862745 -34.313725 0.901961
v -43.725490 -34.313725 1.098039
v -40.588235 -34.313725 1.294118
v -37.450980 -34.313725 1.392157
v -34.313725 -34.313725 1.372549
v -31.176471 -34.313725 1.235294
v -28.039216 -34.313725 1.078431
v -24.901961 -34.313725 0.960784
v -21.764706 -34.313725 0.901961
v -18.627451 -34.313725 0.941176
v -15.490196 -34.313725 1.058824
v -12.352941 -34.313725 1.215686
v -9.215686 -34.313725 1.352941
v -6.078431 -34.313725 1.470588
v -2.941176 -34.313725 1.568627
v 0.196078 -34.313725 1.588235
v 3.333333 -34.313725 1.607843
v 6.470588 -34.313725 1.686275
v 9.607843 -34.313725 1.823529
v 12.745098 -34.313725 1.901961
v 15.882353 -34.313725 1.764706
v 19.019608 -34.313725 1.450980
v 22.156863 -34.313725 1.039216
v 25.294118 -34.313725 0.666667
v 28.431373 -34.313725 0.431373
v 31.568627 -34.313725 0.294118
v 34.705882 -34.313725 0.254902
v 37.843137 -34.313725 0.235294
v 40.980392 -34.313725 0.254902
v 44.117647 -34.313725 0.274510
v 47.254902 -34.313725 0.313725
v 50.000000 -34.313725 0.333333
v -50.000000 -31.176471 0.803922
v -46.862745 -31.176471 1.058824
v -43.725490 -31.176471 1.333333
v -40.588235 -31.176471 1.588235
v -37.450980 -31.176471 1.725490
v -34.313725 -31.176471 1.705882
v -31.176471 -31.176471 1.549020
v -28.039216 -31.176471 1.294118
v -24.901961 -31.176471 1.078431
v -21.764706 -31.176471 0.941176
v -18.627451 -31.176471 0.921569
v -15.490196 -31.176471 1.000000
v -12.352941 -31.176471 1.176471
v -9.215686 -31.176471 1.352941
v -6.078431 -31.176471 1.470588
v -2.941176 -31.176471 1.568627
v 0.196078 -31.176471 1.627451
v 3.333333 -31.176471 1.549020
v 6.470588 -31.176471 1.470588
v 9.607843 -31.176471 1.470588
v 12.745098 -31.176471 1.470588
v 15.882353 -31.176471 1.372549
v 19.019608 -31.176471 1.117647
v 22.156863 -31.176471 0.823529
v 25.294118 -31.176471 0.549020
v 28.431373 -31.176471 0.352941
v 31.568627 -31.176471 0.254902
v 34.705882 -31.176471 0.235294
v 37.843137 -31.176471 0.235294
v 40.980392 -31.176471 0.235294
v 44.117647 -31.176471 0.274510
v 47.254902 -31.176471 0.294118
v 50.000000 -31.176471 0.313725
v -50.000000 -28.039216 0.901961
v -46.862745 -28.039216 1.215686
v -43.725490 -28.039216 1.588235
v -40.588235 -28.039216 1.901961
v -37.450980 -28.039216 2.098039
v -34.313725 -28.039216 2.098039
v -31.176471 -28.039216 1.882353
v -28.039216 -28.039216 1.549020
v -24.901961 -28.039216 1.215686
v -21.764706 -28.039216 1.000000
v -18.627451 -28.039216 0.941176
v -15.490196 -28.039216 1.000000
v -12.352941 -28.039216 1.235294
v -9.215686 -28.039216 1.470588
v -6.078431 -28.039216 1.470588
v -2.941176 -28.039216 1.470588
v 0.196078 -28.039216 1.490196
v 3.333333 -28.039216 1.392157
v 6.470588 -28.039216 1.235294
v 9.607843 -28.039216 1.098039
v 12.745098 -28.039216 1.019608
v 15.882353 -28.039216 0.921569
v 19.019608 -28.039216 0.764706
v 22.156863 -28.039216 0.568627
v 25.294118 -28.039216 0.392157
v 28.431373 -28.039216 0.274510
v 31.568627 -28.039216 0.235294
v 34.705882 -28.039216 0.215686
v 37.843137 -28.039216 0.215686
v 40.980392 -28.039216 0.235294
v 44.117647 -28.039216 0.254902
v 47.254902 -28.039216 0.274510
v 50.000000 -28.039216 0.313725
v -50.000000 -24.901961 0.960784
v -46.862745 -24.901961 1.333333
v -43.725490 -24.901961 1.745098
v -40.588235 -24.901961 2.137255
v -37.450980 -24.901961 2.372549
v -34.313725 -24.901961 2.372549
v -31.176471 -24.901961 2.117647
v -28.039216 -24.901961 1.725490
v -24.901961 -24.901961 1.333333
v -21.764706 -24.901961 1.078431
v -18.627451 -24.901961 0.980392
v -15.490196 -24.901961 1.019608
v -12.352941 -24.901961 1.254902
v -9.215686 -24.901961 1.431373
v -6.078431 -24.901961 1.313725
v -2.941176 -24.901961 1.176471
v 0.196078 -24.901961 1.196078
v 3.333333 -24.901961 1.215686
v 6.470588 -24.901961 1.098039
v 9.607843 -24.901961 0.921569
v 12.745098 -24.901961 0.745098
v 15.882353 -24.901961 0.607843
v 19.019608 -24.901961 0.490196
v 22.156863 -24.901961 0.372549
v 25.294118 -24.901961 0.274510
v 28.431373 -24.901961 0.235294
v 31.568627 -24.901961 0.254902
v 34.705882 -24.901961 0.274510
v 37.843137 -24.901961 0.274510
v 40.980392 -24.901961 0.274510
v 44.117647 -24.901961 0.274510
v 47.254902 -24.901961 0.274510
v 50.000000 -24.901961 0.294118
v -50.000000 -21.764706 0.980392
v -46.862745 -21.764706 1.372549
v -43.725490 -21.764706 1.803922
v -40.588235 -21.764706 2.176471
v -37.450980 -21.764706 2.411765
v -34.313725 -21.764706 2.411765
v -31.176471 -21.764706 2.156863
v -28.039216 -21.764706 1.745098
v -24.901961 -21.764706 1.333333
v -21.764706 -21.764706 1.078431
v -18.627451 -21.764706 0.980392
v -15.490196 -21.764706 0.960784
v -12.352941 -21.764706 1.000000
v -9.215686 -21.764706 1.039216
v -6.078431 -21.764706 0.901961
v -2.941176 -21.764706 0.803922
v 0.196078 -21.764706 0.901961
v 3.333333 -21.764706 1.039216
v 6.470588 -21.764706 1.039216
v 9.607843 -21.764706 0.901961
v 12.745098 -21.764706 0.686275
v 15.882353 -21.764706 0.509804
v 19.019608 -21.764706 0.372549
v 22.156863 -21.764706 0.274510
v 25.294118 -21.764706 0.235294
v 28.431373 -21.764706 0.294118
v 31.568627 -21.764706 0.431373
v 34.705882 -21.764706 0.529412
v 37.843137 -21.764706 0.470588
v 40.980392 -21.764706 0.392157
v 44.117647 -21.764706 0.333333
v 47.254902 -21.764706 0.294118
v 50.000000 -21.764706 0.294118
v -50.000000 -18.627451 0.941176
v -46.862745 -18.627451 1.313725
v -43.725490 -18.627451 1.705882
v -40.588235 -18.627451 2.019608
v -37.450980 -18.627451 2.176471
v -34.313725 -18.627451 2.176471
v -31.176471 -18.627451 1.941176
v -28.039216 -18.627451 1.568627
v -24.901961 -18.627451 1.196078
v -21.764706 -18.627451 0.980392
v -18.627451 -18.627451 0.862745
v -15.490196 -18.627451 0.803922
v -12.352941 -18.627451 0.705882
v -9.215686 -18.627451 0.627451
v -6.078431 -18.627451 0.529412
v -2.941176 -18.627451 0.529412
v 0.196078 -18.627451 0.686275
v 3.333333 -18.627451 0.901961
v 6.470588 -18.627451 1.019608
v 9.607843 -18.627451 0.960784
v 12.745098 -18.627451 0.784314
v 15.882353 -18.627451 0.588235
v 19.019608 -18.627451 0.411765
v 22.156863 -18.627451 0.294118
v 25.294118 -18.627451 0.274510
v 28.431373 -18.627451 0.450980
v 31.568627 -18.627451 0.823529
v 34.705882 -18.627451 1.039216
v 37.843137 -18.627451 0.843137
v 40.980392 -18.627451 0.607843
v 44.117647 -18.627451 0.431373
v 47.254902 -18.627451 0.333333
v 50.000000 -18.627451 0.313725
v -50.000000 -15.490196 0.843137
v -46.862745 -15.490196 1.156863
v -43.725490 -15.490196 1.450980
v -40.588235 -15.490196 1.666667
v -37.450980 -15.490196 1.764706
v -34.313725 -15.490196 1.725490
v -31.176471 -15.490196 1.549020
v -28.039216 -15.490196 1.274510
v -24.901961 -15.490196 0.980392
v -21.764706 -15.490196 0.784314
v -18.627451 -15.490196 0.686275
v -15.490196 -15.490196 0.607843
v -12.352941 -15.490196 0.509804
v -9.215686 -15.490196 0.411765
v -6.078431 -15.490196 0.372549
v -2.941176 -15.490196 0.411765
v 0.196078 -15.490196 0.568627
v 3.333333 -15.490196 0.803922
v 6.470588 -15.490196 1.019608
v 9.607843 -15.490196 1.098039
v 12.745098 -15.490196 1.000000
v 15.882353 -15.490196 0.784314
v 19.019608 -15.490196 0.549020
v 22.156863 -15.490196 0.392157
v 25.294118 -15.490196 0.392157
v 28.431373 -15.490196 0.607843
v 31.568627 -15.490196 1.078431
v 34.705882 -15.490196 1.352941
v 37.843137 -15.490196 1.137255
v 40.980392 -15.490196 0.803922
v 44.117647 -15.490196 0.549020
v 47.254902 -15.490196 0.392157
v 50.000000 -15.490196 0.333333
v -50.000000 -12.352941 0.666667
v -46.862745 -12.352941 0.901961
v -43.725490 -12.352941 1.098039
v -40.588235 -12.352941 1.235294
v -37.450980 -12.352941 1.274510
v -34.313725 -12.352941 1.254902
v -31.176471 -12.352941 1.137255
v -28.039216 -12.352941 0.941176
v -24.901961 -12.352941 0.745098
v -21.764706 -12.352941 0.607843
v -18.627451 -12.352941 0.509804
v -15.490196 -12.352941 0.450980
v -12.352941 -12.352941 0.372549
v -9.215686 -12.352941 0.333333
v -6.078431 -12.352941 0.313725
v -2.941176 -12.352941 0.352941
v 0.196078 -12.352941 0.490196
v 3.333333 -12.352941 0.764706
v 6.470588 -12.352941 1.039216
v 9.607843 -12.352941 1.215686
v 12.745098 -12.352941 1.176471
v 15.882353 -12.352941 0.960784
v 19.019608 -12.352941 0.725490
v 22.156863 -12.352941 0.568627
v 25.294118 -12.352941 0.588235
v 28.431373 -12.352941 0.745098
v 31.568627 -12.352941 1.039216
v 34.705882 -12.352941 1.254902
v 37.843137 -12.352941 1.156863
v 40.980392 -12.352941 0.882353
v 44.117647 -12.352941 0.607843
v 47.254902 -12.352941 0.411765
v 50.000000 -12.352941 0.352941
v -50.000000 -9.215686 0.529412
v -46.862745 -9.215686 0.647059
v -43.725490 -9.215686 0.764706
v -40.588235 -9.215686 0.843137
v -37.450980 -9.215686 0.882353
v -34.313725 -9.215686 0.862745
v -31.176471 -9.215686 0.803922
v -28.039216 -9.215686 0.686275
v -24.901961 -9.215686 0.588235
v -21.764706 -9.215686 0.490196
v -18.627451 -9.215686 0.411765
v -15.490196 -9.215686 0.372549
v -12.352941 -9.215686 0.313725
v -9.215686 -9.215686 0.274510
v -6.078431 -9.215686 0.254902
v -2.941176 -9.215686 0.294118
v 0.196078 -9.215686 0.431373
v 3.333333 -9.215686 0.686275
v 6.470588 -9.215686 0.980392
v 9.607843 -9.215686 1.196078
v 12.745098 -9.215686 1.215686
v 15.882353 -9.215686 1.078431
v 19.019608 -9.215686 0.901961
v 22.156863 -9.215686 0.843137
v 25.294118 -9.215686 0.921569
v 28.431373 -9.215686 1.000000
v 31.568627 -9.215686 1.058824
v 34.705882 -9.215686 1.156863
v 37.843137 -9.215686 1.117647
v 40.980392 -9.215686 0.882353
v 44.117647 -9.215686 0.627451
v 47.254902 -9.215686 0.450980
v 50.000000 -9.215686 0.372549
v -50.000000 -6.078431 0.411765
v -46.862745 -6.078431 0.490196
v -43.725490 -6.078431 0.549020
v -40.588235 -6.078431 0.588235
v -37.450980 -6.078431 0.627451
v -34.313725 -6.078431 0.607843
v -31.176471 -6.078431 0.588235
v -28.039216 -6.078431 0.549020
v -24.901961 -6.078431 0.509804
v -21.764706 -6.078431 0.470588
v -18.627451 -6.078431 0.411765
v -15.490196 -6.078431 0.352941
v -12.352941 -6.078431 0.294118
v -9.215686 -6.078431 0.235294
v -6.078431 -6.078431 0.196078
v -2.941176 -6.078431 0.215686
v 0.196078 -6.078431 0.333333
v 3.333333 -6.078431 0.549020
v 6.470588 -6.078431 0.823529
v 9.607843 -6.078431 1.039216
v 12.745098 -6.078431 1.137255
v 15.882353 -6.078431 1.117647
v 19.019608 -6.078431 1.078431
v 22.156863 -6.078431 1.137255
v 25.294118 -6.078431 1.294118
v 28.431373 -6.078431 1.313725
v 31.568627 -6.078431 1.235294
v 34.705882 -6.078431 1.294118
v 37.843137 -6.078431 1.274510
v 40.980392 -6.078431 0.960784
v 44.117647 -6.078431 0.705882
v 47.254902 -6.078431 0.529412
v 50.000000 -6.078431 0.431373
v -50.000000 -2.941176 0.372549
v -46.862745 -2.941176 0.411765
v -43.725490 -2.941176 0.450980
v -40.588235 -2.941176 0.470588
v -37.450980 -2.941176 0.745098
v -34.313725 -2.941176 1.313725
v -31.176471 -2.941176 0.823529
v -28.039216 -2.941176 1.000000
v -24.901961 -2.941176 1.215686
v -21.764706 -2.941176 1.372549
v -18.627451 -2.941176 1.235294
v -15.490196 -2.941176 0.705882
v -12.352941 -2.941176 0.627451
v -9.215686 -2.941176 0.803922
v -6.078431 -2.941176 0.725490
v -2.941176 -2.941176 2.411765
v 0.196078 -2.941176 0.490196
v 3.333333 -2.941176 0.803922
v 6.470588 -2.941176 1.156863
v 9.607843 -2.941176 1.156863
v 12.745098 -2.941176 1.509804
v 15.882353 -2.941176 1.431373
v 19.019608 -2.941176 1.823529
v 22.156863 -2.941176 1.803922
v 25.294118 -2.941176 2.313725
v 28.431373 -2.941176 3.960784
v 31.568627 -2.941176 2.176471
v 34.705882 -2.941176 3.784314
v 37.843137 -2.941176 1.490196
v 40.980392 -2.941176 1.176471
v 44.117647 -2.941176 0.921569
v 47.254902 -2.941176 0.745098
v 50.000000 -2.941176 0.568627
v -50.000000 0.196078 0.352941
v -46.862745 0.196078 0.392157
v -43.725490 0.196078 0.411765
v -40.588235 0.196078 0.431373
v -37.450980 0.196078 0.450980
v -34.313725 0.196078 2.784314
v -31.176471 0.196078 2.372549
v -28.039216 0.196078 3.137255
v -24.901961 0.196078 2.705882
v -21.764706 0.196078 1.725490
v -18.627451 0.196078 0.843137
v -15.490196 0.196078 1.431373
v -12.352941 0.196078 1.568627
v -9.215686 0.196078 1.901961
v -6.078431 0.196078 2.058824
v -2.941176 0.196078 2.372549
v 0.196078 0.196078 1.882353
v 3.333333 0.196078 2.607843
v 6.470588 0.196078 2.588235
v 9.607843 0.196078 1.470588
v 12.745098 0.196078 2.803922
v 15.882353 0.196078 3.784314
v 19.019608 0.196078 3.607843
v 22.156863 0.196078 4.686275
v 25.294118 0.196078 4.666667
v 28.431373 0.196078 4.529412
v 31.568627 0.196078 2.196078
v 34.705882 0.196078 3.843137
v 37.843137 0.196078 1.588235
v 40.980392 0.196078 1.411765
v 44.117647 0.196078 1.254902
v 47.254902 0.196078 1.019608
v 50.000000 0.196078 0.745098
v -50.000000 3.333333 0.372549
v -46.862745 3.333333 0.392157
v -43.725490 3.333333 0.411765
v -40.588235 3.333333 0.431373
v -37.450980 3.333333 0.470588
v -34.313725 3.333333 0.588235
v -31.176471 3.333333 0.764706
v -28.039216 3.333333 1.098039
v -24.901961 3.333333 2.333333
v -21.764706 3.333333 3.274510
v -18.627451 3.333333 1.254902
v -15.490196 3.333333 0.803922
v -12.352941 3.333333 0.431373
v -9.215686 3.333333 0.215686
v -6.078431 3.333333 0.078431
v -2.941176 3.333333 0.039216
v 0.196078 3.333333 0.058824
v 3.333333 3.333333 0.176471
v 6.470588 3.333333 0.431373
v 9.607843 3.333333 0.745098
v 12.745098 3.333333 1.215686
v 15.882353 3.333333 1.745098
v 19.019608 3.333333 2.470588
v 22.156863 3.333333 3.117647
v 25.294118 3.333333 3.313725
v 28.431373 3.333333 3.000000
v 31.568627 3.333333 2.529412
v 34.705882 3.333333 2.117647
v 37.843137 3.333333 1.784314
v 40.980392 3.333333 1.627451
v 44.117647 3.333333 1.470588
v 47.254902 3.333333 1.176471
v 50.000000 3.333333 0.843137
v -50.000000 6.470588 0.372549
v -46.862745 6.470588 0.392157
v -43.725490 6.470588 0.411765
v -40.588235 6.470588 0.450980
v -37.450980 6.470588 0.529412
v -34.313725 6.470588 0.647059
v -31.176471 6.470588 0.941176
v -28.039216 6.470588 1.411765
v -24.901961 6.470588 1.921569
v -21.764706 6.470588 2.058824
v -18.627451 6.470588 1.666667
v -15.490196 6.470588 1.019608
v -12.352941 6.470588 0.529412
v -9.215686 6.470588 0.254902
v -6.078431 6.470588 0.117647
v -2.941176 6.470588 0.039216
v 0.196078 6.470588 0.078431
v 3.333333 6.470588 0.196078
v 6.470588 6.470588 0.450980
v 9.607843 6.470588 0.862745
v 12.745098 6.470588 1.490196
v 15.882353 6.470588 2.274510
v 19.019608 6.470588 3.117647
v 22.156863 6.470588 3.764706
v 25.294118 6.470588 3.882353
v 28.431373 6.470588 3.509804
v 31.568627 6.470588 2.960784
v 34.705882 6.470588 2.411765
v 37.843137 6.470588 1.980392
v 40.980392 6.470588 1.725490
v 44.117647 6.470588 1.509804
v 47.254902 6.470588 1.176471
v 50.000000 6.470588 0.843137
v -50.000000 9.607843 0.392157
v -46.862745 9.607843 0.411765
v -43.725490 9.607843 0.450980
v -40.588235 9.607843 0.509804
v -37.450980 9.607843 0.607843
v -34.313725 9.607843 0.764706
v -31.176471 9.607843 1.078431
v -28.039216 9.607843 1.568627
v -24.901961 9.607843 2.078431
v -21.764706 9.607843 2.313725
v -18.627451 9.607843 2.019608
v -15.490196 9.607843 1.235294
v -12.352941 9.607843 0.607843
v -9.215686 9.607843 0.333333
v -6.078431 9.607843 0.215686
v -2.941176 9.607843 0.156863
v 0.196078 9.607843 0.176471
v 3.333333 9.607843 0.294118
v 6.470588 9.607843 0.568627
v 9.607843 9.607843 1.058824
v 12.745098 9.607843 1.843137
v 15.882353 9.607843 2.843137
v 19.019608 9.607843 3.764706
v 22.156863 9.607843 4.333333
v 25.294118 9.607843 4.313725
v 28.431373 9.607843 3.862745
v 31.568627 9.607843 3.215686
v 34.705882 9.607843 2.568627
v 37.843137 9.607843 2.058824
v 40.980392 9.607843 1.764706
v 44.117647 9.607843 1.509804
v 47.254902 9.607843 1.156863
v 50.000000 9.607843 0.823529
v -50.000000 12.745098 0.431373
v -46.862745 12.745098 0.490196
v -43.725490 12.745098 0.549020
v -40.588235 12.745098 0.588235
v -37.450980 12.745098 0.686275
v -34.313725 12.745098 0.882353
v -31.176471 12.745098 1.176471
v -28.039216 12.745098 1.549020
v -24.901961 12.745098 1.960784
v -21.764706 12.745098 2.235294
v -18.627451 12.745098 2.137255
v -15.490196 12.745098 1.333333
v -12.352941 12.745098 0.686275
v -9.215686 12.745098 0.450980
v -6.078431 12.745098 0.333333
v -2.941176 12.745098 0.274510
v 0.196078 12.745098 0.294118
v 3.333333 12.745098 0.392157
v 6.470588 12.745098 0.647059
v 9.607843 12.745098 1.176471
v 12.745098 12.745098 2.058824
v 15.882353 12.745098 3.176471
v 19.019608 12.745098 4.176471
v 22.156863 12.745098 4.666667
v 25.294118 12.745098 4.529412
v 28.431373 12.745098 3.980392
v 31.568627 12.745098 3.235294
v 34.705882 12.745098 2.529412
v 37.843137 12.745098 2.000000
v 40.980392 12.745098 1.705882
v 44.117647 12.745098 1.470588
v 47.254902 12.745098 1.117647
v 50.000000 12.745098 0.803922
v -50.000000 15.882353 0.490196
v -46.862745 15.882353 0.647059
v -43.725490 15.882353 0.764706
v -40.588235 15.882353 0.764706
v -37.450980 15.882353 0.803922
v -34.313725 15.882353 0.980392
v -31.176471 15.882353 1.254902
v -28.039216 15.882353 1.529412
v -24.901961 15.882353 1.745098
v -21.764706 15.882353 1.823529
v -18.627451 15.882353 1.647059
v -15.490196 15.882353 1.137255
v -12.352941 15.882353 0.745098
v -9.215686 15.882353 0.549020
v -6.078431 15.882353 0.450980
v -2.941176 15.882353 0.411765
v 0.196078 15.882353 0.411765
v 3.333333 15.882353 0.490196
v 6.470588 15.882353 0.686275
v 9.607843 15.882353 1.156863
v 12.745098 15.882353 1.980392
v 15.882353 15.882353 3.019608
v 19.019608 15.882353 3.941176
v 22.156863 15.882353 4.372549
v 25.294118 15.882353 4.215686
v 28.431373 15.882353 3.647059
v 31.568627 15.882353 2.921569
v 34.705882 15.882353 2.254902
v 37.843137 15.882353 1.745098
v 40.980392 15.882353 1.450980
v 44.117647 15.882353 1.235294
v 47.254902 15.882353 0.960784
v 50.000000 15.882353 0.745098
v -50.000000 19.019608 0.549020
v -46.862745 19.019608 0.803922
v -43.725490 19.019608 1.019608
v -40.588235 19.019608 1.000000
v -37.450980 19.019608 0.980392
v -34.313725 19.019608 1.058824
v -31.176471 19.019608 1.294118
v -28.039216 19.019608 1.529412
v -24.901961 19.019608 1.627451
v -21.764706 19.019608 1.588235
v -18.627451 19.019608 1.392157
v -15.490196 19.019608 1.098039
v -12.352941 19.019608 0.862745
v -9.215686 19.019608 0.705882
v -6.078431 19.019608 0.607843
v -2.941176 19.019608 0.549020
v 0.196078 19.019608 0.529412
v 3.333333 19.019608 0.568627
v 6.470588 19.019608 0.705882
v 9.607843 19.019608 1.039216
v 12.745098 19.019608 1.627451
v 15.882353 19.019608 2.411765
v 19.019608 19.019608 3.117647
v 22.156863 19.019608 3.470588
v 25.294118 19.019608 3.372549
v 28.431373 19.019608 2.941176
v 31.568627 19.019608 2.372549
v 34.705882 19.019608 1.823529
v 37.843137 19.019608 1.411765
v 40.980392 19.019608 1.137255
v 44.117647 19.019608 0.941176
v 47.254902 19.019608 0.764706
v 50.000000 19.019608 0.647059
v -50.000000 22.156863 0.529412
v -46.862745 22.156863 0.764706
v -43.725490 22.156863 0.980392
v -40.588235 22.156863 1.235294
v -37.450980 22.156863 1.274510
v -34.313725 22.156863 1.117647
v -31.176471 22.156863 1.294118
v -28.039216 22.156863 1.529412
v -24.901961 22.156863 1.627451
v -21.764706 22.156863 1.607843
v -18.627451 22.156863 1.450980
v -15.490196 22.156863 1.235294
v -12.352941 22.156863 1.039216
v -9.215686 22.156863 0.882353
v -6.078431 22.156863 0.784314
v -2.941176 22.156863 0.725490
v 0.196078 22.156863 0.686275
v 3.333333 22.156863 0.686275
v 6.470588 22.156863 0.745098
v 9.607843 22.156863 0.901961
v 12.745098 22.156863 1.215686
v 15.882353 22.156863 1.666667
v 19.019608 22.156863 2.098039
v 22.156863 22.156863 2.352941
v 25.294118 22.156863 2.333333
v 28.431373 22.156863 2.137255
v 31.568627 22.156863 1.862745
v 34.705882 22.156863 1.392157
v 37.843137 22.156863 1.078431
v 40.980392 22.156863 0.882353
v 44.117647 22.156863 0.745098
v 47.254902 22.156863 0.647059
v 50.000000 22.156863 0.588235
v -50.000000 25.294118 0.470588
v -46.862745 25.294118 0.588235
v -43.725490 25.294118 0.725490
v -40.588235 25.294118 1.019608
v -37.450980 25.294118 1.137255
v -34.313725 25.294118 1.058824
v -31.176471 25.294118 1.254902
v -28.039216 25.294118 1.490196
v -24.901961 25.294118 1.647059
v -21.764706 25.294118 1.666667
v -18.627451 25.294118 1.588235
v -15.490196 25.294118 1.431373
v -12.352941 25.294118 1.254902
v -9.215686 25.294118 1.098039
v -6.078431 25.294118 1.000000
v -2.941176 25.294118 0.921569
v 0.196078 25.294118 0.901961
v 3.333333 25.294118 0.882353
v 6.470588 25.294118 0.862745
v 9.607843 25.294118 0.882353
v 12.745098 25.294118 0.960784
v 15.882353 25.294118 1.137255
v 19.019608 25.294118 1.333333
v 22.156863 25.294118 1.450980
v 25.294118 25.294118 1.470588
v 28.431373 25.294118 1.509804
v 31.568627 25.294118 1.490196
v 34.705882 25.294118 1.078431
v 37.843137 25.294118 0.843137
v 40.980392 25.294118 0.705882
v 44.117647 25.294118 0.627451
v 47.254902 25.294118 0.588235
v 50.000000 25.294118 0.568627
v -50.000000 28.431373 0.431373
v -46.862745 28.431373 0.470588
v -43.725490 28.431373 0.529412
v -40.588235 28.431373 0.647059
v -37.450980 28.431373 0.784314
v -34.313725 28.431373 0.941176
v -31.176471 28.431373 1.176471
v -28.039216 28.431373 1.450980
v -24.901961 28.431373 1.647059
v -21.764706 28.431373 1.745098
v -18.627451 28.431373 1.745098
v -15.490196 28.431373 1.627451
v -12.352941 28.431373 1.470588
v -9.215686 28.431373 1.333333
v -6.078431 28.431373 1.235294
v -2.941176 28.431373 1.176471
v 0.196078 28.431373 1.137255
v 3.333333 28.431373 1.098039
v 6.470588 28.431373 1.039216
v 9.607843 28.431373 0.960784
v 12.745098 28.431373 0.901961
v 15.882353 28.431373 0.882353
v 19.019608 28.431373 0.901961
v 22.156863 28.431373 0.921569
v 25.294118 28.431373 0.921569
v 28.431373 28.431373 0.941176
v 31.568627 28.431373 1.039216
v 34.705882 28.431373 1.019608
v 37.843137 28.431373 0.725490
v 40.980392 28.431373 0.607843
v 44.117647 28.431373 0.568627
v 47.254902 28.431373 0.549020
v 50.000000 28.431373 0.549020
v -50.000000 31.568627 0.411765
v -46.862745 31.568627 0.450980
v -43.725490 31.568627 0.490196
v -40.588235 31.568627 0.568627
v -37.450980 31.568627 0.686275
v -34.313725 31.568627 0.882353
v -31.176471 31.568627 1.117647
v -28.039216 31.568627 1.392157
v -24.901961 31.568627 1.647059
v -21.764706 31.568627 1.803922
v -18.627451 31.568627 1.862745
v -15.490196 31.568627 1.784314
v -12.352941 31.568627 1.666667
v -9.215686 31.568627 1.529412
v -6.078431 31.568627 1.450980
v -2.941176 31.568627 1.411765
v 0.196078 31.568627 1.372549
v 3.333333 31.568627 1.333333
v 6.470588 31.568627 1.235294
v 9.607843 31.568627 1.078431
v 12.745098 31.568627 0.921569
v 15.882353 31.568627 0.803922
v 19.019608 31.568627 0.725490
v 22.156863 31.568627 0.686275
v 25.294118 31.568627 0.666667
v 28.431373 31.568627 0.647059
v 31.568627 31.568627 0.745098
v 34.705882 31.568627 0.843137
v 37.843137 31.568627 0.627451
v 40.980392 31.568627 0.549020
v 44.117647 31.568627 0.529412
v 47.254902 31.568627 0.529412
v 50.000000 31.568627 0.529412
v -50.000000 34.705882 0.392157
v -46.862745 34.705882 0.431373
v -43.725490 34.705882 0.470588
v -40.588235 34.705882 0.529412
v -37.450980 34.705882 0.647059
v -34.313725 34.705882 0.823529
v -31.176471 34.705882 1.058824
v -28.039216 34.705882 1.352941
v -24.901961 34.705882 1.607843
v -21.764706 34.705882 1.803922
v -18.627451 34.705882 1.882353
v -15.490196 34.705882 1.843137
v -12.352941 34.705882 1.745098
v -9.215686 34.705882 1.647059
v -6.078431 34.705882 1.607843
v -2.941176 34.705882 1.607843
v 0.196078 34.705882 1.568627
v 3.333333 34.705882 1.509804
v 6.470588 34.705882 1.372549
v 9.607843 34.705882 1.196078
v 12.745098 34.705882 0.980392
v 15.882353 34.705882 0.784314
v 19.019608 34.705882 0.666667
v 22.156863 34.705882 0.568627
v 25.294118 34.705882 0.529412
v 28.431373 34.705882 0.529412
v 31.568627 34.705882 0.568627
v 34.705882 34.705882 0.607843
v 37.843137 34.705882 0.549020
v 40.980392 34.705882 0.509804
v 44.117647 34.705882 0.490196
v 47.254902 34.705882 0.509804
v 50.000000 34.705882 0.509804
v -50.000000 37.843137 0.372549
v -46.862745 37.843137 0.411765
v -43.725490 37.843137 0.450980
v -40.588235 37.843137 0.509804
v -37.450980 37.843137 0.607843
v -34.313725 37.843137 0.764706
v -31.176471 37.843137 1.000000
v -28.039216 37.843137 1.254902
v -24.901961 37.843137 1.509804
v -21.764706 37.843137 1.705882
v -18.627451 37.843137 1.784314
v -15.490196 37.843137 1.784314
v -12.352941 37.843137 1.705882
v -9.215686 37.843137 1.686275
v -6.078431 37.843137 1.843137
v -2.941176 37.843137 1.901961
v 0.196078 37.843137 1.705882
v 3.333333 37.843137 1.568627
v 6.470588 37.843137 1.431373
v 9.607843 37.843137 1.215686
v 12.745098 37.843137 1.000000
v 15.882353 37.843137 0.784314
v 19.019608 37.843137 0.627451
v 22.156863 37.843137 0.529412
v 25.294118 37.843137 0.490196
v 28.431373 37.843137 0.509804
v 31.568627 37.843137 0.607843
v 34.705882 37.843137 0.647059
v 37.843137 37.843137 0.568627
v 40.980392 37.843137 0.490196
v 44.117647 37.843137 0.470588
v 47.254902 37.843137 0.470588
v 50.000000 37.843137 0.490196
v -50.000000 40.980392 0.352941
v -46.862745 40.980392 0.392157
v -43.725490 40.980392 0.411765
v -40.588235 40.980392 0.470588
v -37.450980 40.980392 0.568627
v -34.313725 40.980392 0.705882
v -31.176471 40.980392 0.882353
v -28.039216 40.980392 1.098039
v -24.901961 40.980392 1.333333
v -21.764706 40.980392 1.490196
v -18.627451 40.980392 1.588235
v -15.490196 40.980392 1.588235
v -12.352941 40.980392 1.549020
v -9.215686 40.980392 1.588235
v -6.078431 40.980392 1.941176
v -2.941176 40.980392 2.019608
v 0.196078 40.980392 1.686275
v 3.333333 40.980392 1.490196
v 6.470588 40.980392 1.352941
v 9.607843 40.980392 1.156863
v 12.745098 40.980392 0.941176
v 15.882353 40.980392 0.745098
v 19.019608 40.980392 0.588235
v 22.156863 40.980392 0.490196
v 25.294118 40.980392 0.450980
v 28.431373 40.980392 0.490196
v 31.568627 40.980392 0.607843
v 34.705882 40.980392 0.666667
v 37.843137 40.980392 0.568627
v 40.980392 40.980392 0.470588
v 44.117647 40.980392 0.450980
v 47.254902 40.980392 0.450980
v 50.000000 40.980392 0.450980
v -50.000000 44.117647 0.333333
v -46.862745 44.117647 0.352941
v -43.725490 44.117647 0.392157
v -40.588235 44.117647 0.450980
v -37.450980 44.117647 0.509804
v -34.313725 44.117647 0.627451
v -31.176471 44.117647 0.764706
v -28.039216 44.117647 0.941176
v -24.901961 44.117647 1.098039
v -21.764706 44.117647 1.235294
v -18.627451 44.117647 1.313725
v -15.490196 44.117647 1.313725
v -12.352941 44.117647 1.294118
v -9.215686 44.117647 1.313725
v -6.078431 44.117647 1.490196
v -2.941176 44.117647 1.568627
v 0.196078 44.117647 1.392157
v 3.333333 44.117647 1.294118
v 6.470588 44.117647 1.176471
v 9.607843 44.117647 1.019608
v 12.745098 44.117647 0.823529
v 15.882353 44.117647 0.666667
v 19.019608 44.117647 0.529412
v 22.156863 44.117647 0.450980
v 25.294118 44.117647 0.411765
v 28.431373 44.117647 0.431373
v 31.568627 44.117647 0.490196
v 34.705882 44.117647 0.529412
v 37.843137 44.117647 0.470588
v 40.980392 44.117647 0.411765
v 44.117647 44.117647 0.411765
v 47.254902 44.117647 0.411765
v 50.000000 44.117647 0.431373
v -50.000000 47.254902 0.313725
v -46.862745 47.254902 0.333333
v -43.725490 47.254902 0.372549
v -40.588235 47.254902 0.411765
v -37.450980 47.254902 0.470588
v -34.313725 47.254902 0.549020
v -31.176471 47.254902 0.647059
v -28.039216 47.254902 0.764706
v -24.901961 47.254902 0.882353
v -21.764706 47.254902 0.980392
v -18.627451 47.254902 1.039216
v -15.490196 47.254902 1.039216
v -12.352941 47.254902 1.019608
v -9.215686 47.254902 1.019608
v -6.078431 47.254902 1.058824
v -2.941176 47.254902 1.078431
v 0.196078 47.254902 1.078431
v 3.333333 47.254902 1.039216
v 6.470588 47.254902 0.960784
v 9.607843 47.254902 0.843137
v 12.745098 47.254902 0.686275
v 15.882353 47.254902 0.568627
v 19.019608 47.254902 0.470588
v 22.156863 47.254902 0.411765
v 25.294118 47.254902 0.372549
v 28.431373 47.254902 0.352941
v 31.568627 47.254902 0.372549
v 34.705882 47.254902 0.372549
v 37.843137 47.254902 0.372549
v 40.980392 47.254902 0.372549
v 44.117647 47.254902 0.372549
v 47.254902 47.254902 0.392157
v 50.000000 47.254902 0.392157
v -50.000000 50.000000 0.294118
v -46.862745 50.000000 0.313725
v -43.725490 50.000000 0.333333
v -40.588235 50.000000 0.372549
v -37.450980 50.000000 0.431373
v -34.313725 50.000000 0.490196
v -31.176471 50.000000 0.549020
v -28.039216 50.000000 0.647059
v -24.901961 50.000000 0.725490
v -21.764706 50.000000 0.784314
v -18.627451 50.000000 0.823529
v -15.490196 50.000000 0.823529
v -12.352941 50.000000 0.823529
v -9.215686 50.000000 0.823529
v -6.078431 50.000000 0.823529
v -2.941176 50.000000 0.843137
v 0.196078 50.000000 0.843137
v 3.333333 50.000000 0.823529
v 6.470588 50.000000 0.764706
v 9.607843 50.000000 0.686275
v 12.745098 50.000000 0.568627
v 15.882353 50.000000 0.490196
v 19.019608 50.000000 0.411765
v 22.156863 50.000000 0.352941
v 25.294118 50.000000 0.333333
v 28.431373 50.000000 0.313725
v 31.568627 50.000000 0.313725
v 34.705882 50.000000 0.313725
v 37.843137 50.000000 0.333333
v 40.980392 50.000000 0.333333
v 44.117647 50.000000 0.333333
v 47.254902 50.000000 0.352941
v 50.000000 50.000000 0.352941
vn -0.01249888 -0.00624944 0.99990236
vn -0.01458129 -0.00833212 0.99985897
vn -0.01666207 -0.01666196 0.99972234
vn -0.01457634 -0.02707064 0.99952724
vn -0.00624727 -0.02915361 0.99955542
vn -0.00000000 -0.02291052 0.99973752
vn -0.00208306 -0.01666413 0.99985897
vn -0.00624944 -0.01249856 0.99990236
vn -0.01041526 -0.01249823 0.99986765
vn -0.01458014 -0.01458024 0.99978740
vn -0.02082341 -0.02290565 0.99952074
vn -0.01873490 -0.03538844 0.99919801
vn -0.01456661 -0.04578046 0.99884532
vn -0.00624136 -0.05201181 0.99862697
vn 0.00831985 -0.05615919 0.99838716
vn 0.01455705 -0.05822821 0.99819716
vn 0.01247304 -0.06444393 0.99784338
vn 0.00415563 -0.07272291 0.99734353
vn -0.00415080 -0.08716626 0.99618513
vn 0.00621762 -0.10155376 0.99481062
vn 0.01864590 -0.10358816 0.99444549
vn 0.03110440 -0.09123977 0.99534307
vn 0.03947036 -0.06439904 0.99714335
vn 0.03329140 -0.03745287 0.99874369
vn 0.02498676 -0.02082226 0.99947091
vn 0.01458140 -0.00833222 0.99985897
vn 0.00208335 0.00000000 0.99999783
vn 0.00000000 0.00000000 1.00000000
vn -0.00208334 0.00208334 0.99999566
vn -0.00416663 0.00416663 0.99998264
vn -0.00624991 0.00208330 0.99997830
vn -0.00909043 0.00624967 0.99993915
vn -0.00714259 0.00624977 0.99995496
vn -0.01458129 -0.00833212 0.99985897
vn -0.01770443 -0.01145577 0.99977763
vn -0.02394630 -0.02082285 0.99949637
vn -0.02289627 -0.03538527 0.99911143
vn -0.00624385 -0.04370742 0.99902486
vn 0.00520499 -0.03539401 0.99935988
vn 0.00520694 -0.02291036 0.99972396
vn -0.00312477 -0.01249890 0.99991700
vn -0.01041562 -0.01041546 0.99989151
vn -0.01666275 -0.01353860 0.99976950
vn -0.02602780 -0.01978109 0.99946549
vn -0.02810019 -0.03122245 0.99911738
vn -0.02184889 -0.04369779 0.99880585
vn -0.01248142 -0.05304606 0.99851406
vn 0.00415959 -0.05823382 0.99829431
vn 0.01143672 -0.06030271 0.99811462
vn 0.00831460 -0.06651666 0.99775067
vn -0.00415362 -0.07891900 0.99687238
vn -0.01347604 -0.09744170 0.99514999
vn -0.00620857 -0.11485751 0.99336257
vn 0.01963766 -0.12299318 0.99221320
vn 0.04137474 -0.11067753 0.99299477
vn 0.05698601 -0.08599702 0.99466432
vn 0.05400544 -0.05504396 0.99702235
vn 0.03745880 -0.02809411 0.99890318
vn 0.02394935 -0.01353660 0.99962152
vn 0.00937457 -0.00312492 0.99995117
vn 0.00000000 0.00312485 0.99999512
vn -0.00104162 0.00208324 0.99999729
vn -0.00416665 0.00208333 0.99998915
vn -0.00520830 0.00104166 0.99998589
vn -0.00777759 0.00208328 0.99996758
vn -0.00714267 0.00416656 0.99996581
vn -0.02290808 -0.01457807 0.99963128
vn -0.02602780 -0.01978109 0.99946549
vn -0.03745544 -0.03121282 0.99881072
vn -0.03847459 -0.04471360 0.99825868
vn -0.00935976 -0.05615878 0.99837798
vn 0.01976102 -0.05200277 0.99845141
vn 0.02081583 -0.03538688 0.99915688
vn 0.00728990 -0.02082832 0.99975649
vn -0.00937388 -0.01249852 0.99987795
vn -0.02186808 -0.01249597 0.99968277
vn -0.03330956 -0.01769571 0.99928841
vn -0.04057892 -0.02497154 0.99886424
vn -0.03433056 -0.03745155 0.99870856
vn -0.01976517 -0.04785236 0.99865885
vn -0.00104010 -0.05408741 0.99853566
vn 0.00935813 -0.05926807 0.99819824
vn -0.00207896 -0.06444891 0.99791884
vn -0.02283925 -0.07889915 0.99662094
vn -0.03624598 -0.10148883 0.99417616
vn -0.02376973 -0.12298199 0.99212420
vn 0.01960616 -0.13517930 0.99062715
vn 0.06290986 -0.12581973 0.99005644
vn 0.08777125 -0.09809731 0.99129871
vn 0.08594768 -0.06627292 0.99409300
vn 0.06337182 -0.03636092 0.99732738
vn 0.03643077 -0.01353139 0.99924456
vn 0.01770539 -0.00416601 0.99983457
vn 0.00520819 0.00208321 0.99998427
vn -0.00312484 0.00624968 0.99997559
vn -0.00520810 0.00416645 0.99997776
vn -0.00624990 0.00312495 0.99997559
vn -0.00777759 0.00208328 0.99996758
vn -0.00714273 0.00000000 0.99997449
vn -0.03330604 -0.02289791 0.99918286
vn -0.03642076 -0.02705550 0.99897023
vn -0.04886734 -0.03639062 0.99814213
vn -0.04677889 -0.04366027 0.99795066
vn -0.01456661 -0.04578030 0.99884532
vn 0.02808303 -0.04680512 0.99850920
vn 0.03536689 -0.03952766 0.99859238
vn 0.01873934 -0.02810896 0.99942920
vn -0.00208302 -0.01770550 0.99984108
vn -0.02290933 -0.01041334 0.99968331
vn -0.03643171 -0.01144991 0.99927055
vn -0.04785744 -0.01352486 0.99876261
vn -0.04473810 -0.01976798 0.99880315
vn -0.02706349 -0.02706349 0.99926730
vn -0.00832849 -0.03331362 0.99941025
vn 0.00416287 -0.04266909 0.99908059
vn -0.00936422 -0.04682159 0.99885937
vn -0.03742100 -0.05301303 0.99789242
vn -0.05708311 -0.06331041 0.99636003
vn -0.04046841 -0.07782385 0.99614545
vn 0.01348638 -0.08921782 0.99592083
vn 0.07860691 -0.08894985 0.99292944
vn 0.11556927 -0.07326263 0.99059393
vn 0.11471836 -0.04960796 0.99215863
vn 0.08713282 -0.02800702 0.99580293
vn 0.05304612 -0.01248142 0.99851406
vn 0.02395138 -0.00104132 0.99971258
vn 0.00833293 0.00208327 0.99996311
vn 0.00000000 0.00312501 0.99999512
vn -0.00624965 0.00624965 0.99996094
vn -0.00729127 0.00520801 0.99995986
vn -0.00888853 0.00416650 0.99995182
vn -0.01190391 0.00416637 0.99992047
vn -0.04575995 -0.03327988 0.99839795
vn -0.04470807 -0.04158888 0.99813404
vn -0.05505866 -0.04882555 0.99728863
vn -0.04779957 -0.05091713 0.99755834
vn -0.01456441 -0.04889460 0.99869775
vn 0.02807874 -0.04991785 0.99835855
vn 0.04262065 -0.04781817 0.99794634
vn 0.03017226 -0.03849553 0.99880315
vn 0.01041309 -0.02395014 0.99965892
vn -0.01458118 -0.00833217 0.99985897
vn -0.03643413 0.00104093 0.99933551
vn -0.04889936 0.00416157 0.99879504
vn -0.04889941 0.00416168 0.99879504
vn -0.03435466 0.00000000 0.99940970
vn -0.01770438 -0.01145572 0.99977764
vn -0.00520681 -0.02395101 0.99969957
vn -0.00832995 -0.02707242 0.99959877
vn -0.03538958 -0.01665394 0.99923482
vn -0.05823420 -0.00207981 0.99830078
vn -0.04786106 0.00520228 0.99884046
vn 0.00729141 0.00416650 0.99996474
vn 0.07891962 -0.00207679 0.99687882
vn 0.12606599 -0.00723320 0.99199549
vn 0.13013139 -0.00619673 0.99147739
vn 0.09847726 -0.00103661 0.99513876
vn 0.06134253 0.00207932 0.99811461
vn 0.02915399 0.00416479 0.99956626
vn 0.00937432 0.00624965 0.99993653
vn -0.00000000 0.00624993 0.99998047
vn -0.00416661 0.00520826 0.99997776
vn -0.00937427 0.00624955 0.99993653
vn -0.00888842 0.00416644 0.99995182
vn -0.00952337 0.00416647 0.99994597
vn -0.06854545 -0.03531130 0.99702289
vn -0.06230073 -0.04984064 0.99681218
vn -0.06326054 -0.06948279 0.99557533
vn -0.04874361 -0.07985649 0.99561388
vn -0.01349477 -0.08200700 0.99654039
vn 0.02698222 -0.08198455 0.99626828
vn 0.05186356 -0.07572076 0.99577936
vn 0.04674990 -0.05609980 0.99733007
vn 0.02913807 -0.03330058 0.99902054
vn 0.00312471 -0.01249896 0.99991700
vn -0.02603248 0.00520643 0.99964754
vn -0.04578113 0.01352618 0.99885992
vn -0.04993365 0.01248337 0.99867452
vn -0.04058974 0.00936694 0.99913199
vn -0.03123453 0.00312349 0.99950720
vn -0.01770498 -0.00833170 0.99980854
vn -0.00000005 -0.01249902 0.99992188
vn -0.01041545 0.01145695 0.99988012
vn -0.03223627 0.04887438 0.99828459
vn -0.03424196 0.08093566 0.99613097
vn 0.00622254 0.09333892 0.99561495
vn 0.06832832 0.08696315 0.99386551
vn 0.11153478 0.06816012 0.99142029
vn 0.12086576 0.04338780 0.99172021
vn 0.09536165 0.02694998 0.99507781
vn 0.05822524 0.01767550 0.99814698
vn 0.02707169 0.01145332 0.99956788
vn 0.00937443 0.00624960 0.99993653
vn 0.00000000 0.00624993 0.99998047
vn -0.00624981 0.00624981 0.99996094
vn -0.00833293 0.00416647 0.99995660
vn -0.00999916 0.00624951 0.99993048
vn -0.00714259 0.00624977 0.99995496
vn -0.08710615 -0.03733121 0.99549932
vn -0.08602121 -0.05182004 0.99494474
vn -0.08280146 -0.07659147 0.99361847
vn -0.06208877 -0.09623755 0.99342001
vn -0.01759661 -0.11075520 0.99369193
vn 0.03103908 -0.11174087 0.99325251
vn 0.06824922 -0.09927172 0.99271706
vn 0.07561755 -0.07354584 0.99442093
vn 0.05507681 -0.04156743 0.99761651
vn 0.02290698 -0.01770084 0.99958089
vn -0.01145759 -0.00208316 0.99993219
vn -0.04578492 0.00416229 0.99894265
vn -0.05823349 -0.00519941 0.99828945
vn -0.03851092 -0.01040841 0.99920397
vn -0.02915384 0.00520604 0.99956138
vn -0.02290709 0.01770089 0.99958088
vn 0.00624867 0.01874633 0.99980475
vn 0.02393821 0.03330524 0.99915851
vn 0.01142899 0.07065173 0.99743557
vn -0.00310537 0.11179425 0.99372652
vn 0.01135232 0.13519660 0.99075376
vn 0.05260033 0.12995376 0.99012384
vn 0.08462468 0.10629670 0.99072684
vn 0.09102323 0.07550809 0.99298202
vn 0.07574722 0.04461829 0.99612829
vn 0.04577221 0.02392639 0.99866533
vn 0.02082746 0.01145519 0.99971746
vn 0.00416655 0.00729147 0.99996474
vn -0.00000000 0.00312501 0.99999512
vn -0.00624990 0.00312495 0.99997559
vn -0.00833304 0.00416652 0.99995660
vn -0.00888831 0.00416639 0.99995182
vn -0.00714243 0.00416645 0.99996581
vn -0.10561078 -0.02899114 0.99398485
vn -0.10760618 -0.04242160 0.99328814
vn -0.10748186 -0.06407570 0.99214009
vn -0.07965630 -0.08586333 0.99311750
vn -0.02797443 -0.09946483 0.99464777
vn 0.03727624 -0.10250971 0.99403332
vn 0.08681380 -0.08991430 0.99215865
vn 0.10437977 -0.06924192 0.99212420
vn 0.08296295 -0.04459253 0.99555445
vn 0.04161864 -0.02393074 0.99884694
vn -0.00104167 -0.01041607 0.99994521
vn -0.04786135 -0.00416184 0.99884532
vn -0.06858678 -0.00623516 0.99762567
vn -0.02811365 -0.00312377 0.99959985
vn 0.00104127 0.02603282 0.99966055
vn -0.00831936 0.05719582 0.99832832
vn 0.00415897 0.06030624 0.99817126
vn 0.03742695 0.04990271 0.99805258
vn 0.04467373 0.05714075 0.99736613
vn 0.03215786 0.08506268 0.99585652
vn 0.02586670 0.11277905 0.99328334
vn 0.03824007 0.11885430 0.99217506
vn 0.05690914 0.10036683 0.99332162
vn 0.06014760 0.07259187 0.99554643
vn 0.04781383 0.04469566 0.99785577
vn 0.02602780 0.01978109 0.99946549
vn 0.01041613 0.00104156 0.99994521
vn 0.00312495 -0.00624990 0.99997559
vn -0.00208332 -0.00520829 0.99998427
vn -0.00416663 -0.00416663 0.99998264
vn -0.00624993 -0.00000000 0.99998047
vn -0.00888842 0.00416645 0.99995182
vn -0.01190355 0.00416626 0.99992047
vn -0.11995152 -0.01240877 0.99270220
vn -0.12196699 -0.02273963 0.99227363
vn -0.12397518 -0.03099388 0.99180116
vn -0.09532232 -0.03937231 0.99466752
vn -0.03535393 -0.04783189 0.99822954
vn 0.04054097 -0.04989664 0.99793124
vn 0.10145491 -0.04451595 0.99384367
vn 0.12193182 -0.03306620 0.99198753
vn 0.09948021 -0.02176125 0.99480156
vn 0.05408160 -0.01456040 0.99843036
vn 0.01041594 -0.00520797 0.99993219
vn -0.03435058 0.01561389 0.99928787
vn -0.05817625 0.04467100 0.99730639
vn -0.01143214 0.06651456 0.99771996
vn 0.03216622 0.08197191 0.99611543
vn 0.00725894 0.09436606 0.99551110
vn -0.01245140 0.08716009 0.99611650
vn 0.01559841 0.05615436 0.99830024
vn 0.04680074 0.03120051 0.99841686
vn 0.05613388 0.03118543 0.99793610
vn 0.04676535 0.04988290 0.99765961
vn 0.03947025 0.06439888 0.99714336
vn 0.03843566 0.06336695 0.99724988
vn 0.03535398 0.04783179 0.99822954
vn 0.02082279 0.02394625 0.99949637
vn 0.00104166 -0.00520830 0.99998589
vn -0.00728768 -0.03227403 0.99945249
vn 0.00208126 -0.04474674 0.99899619
vn 0.00416384 -0.03643384 0.99932739
vn 0.00208280 -0.02291062 0.99973535
vn 0.00104155 -0.01145756 0.99993382
vn -0.00333332 -0.00319444 0.99998934
vn -0.00952331 0.00208314 0.99995248
vn -0.12199436 0.00827087 0.99249633
vn -0.12708374 0.00619925 0.99187262
vn -0.12301033 0.01033702 0.99235155
vn -0.09331858 0.02177430 0.99539817
vn -0.03745538 0.03121277 0.99881072
vn 0.03953441 0.03017093 0.99876261
vn 0.10357140 0.02589289 0.99428493
vn 0.12705628 0.02169254 0.99165828
vn 0.10256317 0.01864783 0.99455169
vn 0.05718993 0.01663705 0.99822468
vn 0.02082425 0.02082425 0.99956626
vn 0.00104090 0.03851304 0.99925756
vn -0.01660688 0.08303411 0.99640832
vn 0.00620622 0.11791924 0.99300379
vn 0.03101707 0.11786467 0.99254514
vn -0.00103634 0.10155546 0.99482934
vn -0.03735068 0.08092653 0.99601999
vn -0.02184251 0.04992562 0.99851406
vn 0.02394895 0.01457756 0.99960689
vn 0.05616005 -0.00623996 0.99840228
vn 0.06134103 -0.00727775 0.99809033
vn 0.04993740 0.00312106 0.99874747
vn 0.03747072 0.01249019 0.99921967
vn 0.02186808 0.01249597 0.99968277
vn -0.00624984 -0.00312490 0.99997559
vn -0.03847978 -0.04159962 0.99839310
vn -0.03732097 -0.09019223 0.99522485
vn 0.00517690 -0.10974823 0.99394594
vn 0.02697525 -0.08507573 0.99600927
vn 0.02392032 -0.05096070 0.99841416
vn 0.01561823 -0.02498913 0.99956571
vn 0.00555509 -0.01055468 0.99992887
vn -0.00238094 -0.00416655 0.99998849
vn -0.11174095 0.03103907 0.99325250
vn -0.11681571 0.03824939 0.99241678
vn -0.10853782 0.05892056 0.99234465
vn -0.07454573 0.08075787 0.99394220
vn -0.02693636 0.10049338 0.99457303
vn 0.03416271 0.10559362 0.99382237
vn 0.09192176 0.09192159 0.99151440
vn 0.11557799 0.07223623 0.99066829
vn 0.09421548 0.05694342 0.99392197
vn 0.05402553 0.04779176 0.99739520
vn 0.02808303 0.04680507 0.99850920
vn 0.02287716 0.05407318 0.99827488
vn 0.02181354 0.07167294 0.99718963
vn 0.01867016 0.09023943 0.99574508
vn 0.01556776 0.08406610 0.99633856
vn -0.01974261 0.06754056 0.99752118
vn -0.05711123 0.05503448 0.99684979
vn -0.05405153 0.03638084 0.99787518
vn -0.01041600 0.00208323 0.99994358
vn 0.03745538 -0.03121277 0.99881072
vn 0.06231010 -0.04673255 0.99696215
vn 0.06128962 -0.04155229 0.99725473
vn 0.04680507 -0.02808308 0.99850920
vn 0.01978350 -0.02082474 0.99958739
vn -0.02602391 -0.02602407 0.99932252
vn -0.08603467 -0.04871841 0.99510027
vn -0.08371188 -0.09301293 0.99213957
vn 0.00413496 -0.12301569 0.99239611
vn 0.06613383 -0.10746745 0.99200659
vn 0.06119420 -0.06949186 0.99570385
vn 0.04056311 -0.03744291 0.99847517
vn 0.01888290 -0.01693902 0.99967820
vn 0.00476172 -0.00833280 0.99995394
vn -0.09114117 0.05592740 0.99426627
vn -0.09415494 0.06725346 0.99328335
vn -0.08164292 0.09507777 0.99211625
vn -0.05162545 0.12183585 0.99120676
vn -0.01341039 0.13823067 0.99030927
vn 0.02886626 0.14020774 0.98970123
vn 0.07009539 0.12575930 0.98958134
vn 0.08981086 0.09910156 0.99101609
vn 0.07871206 0.07249790 0.99425775
vn 0.04777474 0.06023784 0.99704011
vn 0.02806961 0.05613906 0.99802831
vn 0.02599475 0.05406916 0.99819878
vn 0.02807885 0.04991795 0.99835854
vn 0.01976798 0.04473810 0.99880315
vn 0.00312276 0.03747356 0.99929274
vn -0.02810014 0.03122246 0.99911738
vn -0.06442183 0.02909378 0.99749856
vn -0.07374258 0.01973397 0.99708204
vn -0.04682325 -0.00312158 0.99889831
vn 0.00728664 -0.03643318 0.99930953
vn 0.05399581 -0.05814937 0.99684658
vn 0.07052832 -0.06015648 0.99569421
vn 0.05918744 -0.05295713 0.99684121
vn 0.02184581 -0.04681231 0.99866479
vn -0.03016290 -0.04576438 0.99849678
vn -0.09739008 -0.03522629 0.99462268
vn -0.10971291 -0.02587579 0.99362645
vn -0.01249035 -0.03747072 0.99921966
vn 0.08292473 -0.05390110 0.99509706
vn 0.08912455 -0.04767130 0.99487902
vn 0.06338496 -0.03013382 0.99753411
vn 0.03331074 -0.01596139 0.99931758
vn 0.01666358 -0.01041474 0.99980691
vn -0.06226516 0.06018964 0.99624307
vn -0.06836384 0.08079363 0.99438362
vn -0.05481068 0.10651899 0.99279882
vn -0.03201770 0.12600481 0.99151281
vn -0.00619162 0.13621576 0.99065985
vn 0.01960889 0.13416604 0.99076484
vn 0.04856530 0.11676326 0.99197165
vn 0.06108171 0.09214010 0.99387083
vn 0.05604103 0.06538128 0.99628545
vn 0.03950506 0.04886161 0.99802399
vn 0.02392969 0.04265724 0.99880315
vn 0.02185448 0.03746474 0.99905894
vn 0.01977743 0.03226858 0.99928354
vn 0.01249517 0.02499023 0.99960960
vn -0.00208294 0.01978775 0.99980203
vn -0.02810902 0.01873929 0.99942920
vn -0.06546855 0.02182276 0.99761598
vn -0.08612030 0.01971427 0.99608967
vn -0.07065436 0.00727331 0.99747434
vn -0.01978598 -0.01353772 0.99971258
vn 0.03952761 -0.03536678 0.99859239
vn 0.06850294 -0.04982028 0.99640619
vn 0.05709054 -0.06124250 0.99648885
vn 0.01869421 -0.07477684 0.99702505
vn -0.02283925 -0.07889915 0.99662094
vn -0.06229087 -0.05294717 0.99665262
vn -0.08407625 -0.00000010 0.99645932
vn -0.02498438 0.02498432 0.99937559
vn 0.06341207 0.00727680 0.99796090
vn 0.08922124 -0.01037454 0.99595780
vn 0.07271590 -0.01454308 0.99724666
vn 0.04218229 -0.01054549 0.99905428
vn 0.02142341 -0.00624849 0.99975097
vn -0.03328297 0.04368400 0.99849084
vn -0.04051260 0.06232710 0.99723320
vn -0.03319399 0.08505980 0.99582277
vn -0.02176130 0.09948016 0.99480156
vn -0.00310852 0.10258051 0.99471985
vn 0.01036332 0.10052446 0.99488061
vn 0.02697276 0.08610570 0.99592082
vn 0.03532345 0.06337407 0.99736452
vn 0.03328884 0.03953038 0.99866371
vn 0.02914654 0.02290094 0.99931278
vn 0.02082556 0.01770170 0.99962640
vn 0.01666212 0.01666196 0.99972234
vn 0.01770366 0.01457945 0.99973698
vn 0.01041463 0.01666348 0.99980691
vn -0.00208294 0.01978775 0.99980203
vn -0.02706637 0.02290228 0.99937125
vn -0.06028474 0.02702417 0.99781534
vn -0.08711579 0.03422405 0.99561014
vn -0.07990174 0.03528133 0.99617817
vn -0.03953892 0.02601243 0.99887939
vn 0.01562298 0.00312463 0.99987307
vn 0.04680512 -0.02808303 0.99850920
vn 0.03429434 -0.05923575 0.99765476
vn -0.00207504 -0.08922590 0.99600925
vn -0.01864180 -0.10563699 0.99423001
vn -0.01867542 -0.08715170 0.99601998
vn -0.03536390 -0.04160446 0.99850812
vn -0.01666275 -0.01353860 0.99976950
vn 0.05097201 -0.01144267 0.99863453
vn 0.07994726 -0.01038268 0.99674502
vn 0.06961497 -0.01454642 0.99746787
vn 0.04550212 -0.01650843 0.99882783
vn 0.02617942 -0.01249473 0.99957917
vn -0.02082226 0.02498676 0.99947091
vn -0.02289542 0.03642460 0.99907410
vn -0.01768525 0.04785433 0.99869775
vn -0.02704626 0.04473042 0.99863291
vn -0.03435321 -0.00936902 0.99936584
vn 0.03120057 -0.04680073 0.99841685
vn -0.00000011 -0.01249892 0.99992189
vn 0.00311946 -0.05927022 0.99823710
vn 0.00517864 -0.10667798 0.99428014
vn 0.02270975 -0.13212964 0.99097226
vn 0.04450167 -0.10452714 0.99352588
vn 0.01872031 -0.05304084 0.99841686
vn 0.00623770 -0.06237715 0.99803316
vn 0.01660688 -0.08303411 0.99640832
vn -0.08500186 -0.16181076 0.98315409
vn 0.08295258 -0.22356730 0.97115217
vn -0.05926352 -0.01559555 0.99812054
vn -0.08405016 -0.02490374 0.99615028
vn -0.06754308 -0.01766516 0.99755996
vn -0.06341213 -0.00727686 0.99796090
vn -0.00520418 -0.03955193 0.99920396
vn -0.00727207 -0.07272177 0.99732575
vn 0.00825759 -0.13418726 0.99092159
vn -0.04619563 -0.16322456 0.98550683
vn -0.10505351 -0.28939268 0.95142821
vn 0.09005774 -0.35732569 0.92962786
vn -0.08322772 -0.25770473 0.96263255
vn 0.10713526 -0.28569400 0.95231349
vn 0.05399592 -0.05814942 0.99684657
vn 0.08602589 -0.05078642 0.99499763
vn 0.06851319 -0.04671356 0.99655596
vn 0.05099852 -0.04240639 0.99779800
vn 0.03330059 -0.02913812 0.99902054
vn -0.01249869 0.00833246 0.99988717
vn -0.01353893 0.01458041 0.99980203
vn -0.01041382 0.02082764 0.99972884
vn -0.03433056 0.03745156 0.99870856
vn -0.21049698 -0.05186158 0.97621790
vn 0.01388908 -0.30456642 0.95238983
vn -0.00591614 -0.32242742 0.94657570
vn -0.01564605 -0.34421251 0.93876139
vn 0.01405619 -0.26606355 0.96385300
vn 0.04630666 -0.14818132 0.98787549
vn 0.04230152 -0.13103164 0.99047529
vn 0.05904360 -0.20359848 0.97727249
vn -0.02444680 -0.20779656 0.97786653
vn -0.01509957 -0.25669342 0.96637492
vn -0.17796675 -0.21695967 0.95982099
vn 0.04741035 -0.31409379 0.94820744
vn 0.11712382 -0.35040352 0.92924668
vn -0.07752225 -0.28921738 0.95411928
vn 0.00712464 -0.21272004 0.97708721
vn -0.11792835 -0.13023389 0.98444504
vn -0.08233960 -0.29364492 0.95236172
vn -0.02128795 -0.36963765 0.92893209
vn -0.08648557 -0.40011465 0.91237521
vn -0.04757439 -0.47574396 0.87829629
vn -0.20734127 -0.38184590 0.90066825
vn 0.12677166 -0.36590920 0.92197582
vn -0.06259315 -0.23825742 0.96918290
vn 0.17738649 -0.30506576 0.93566496
vn 0.27234550 -0.16873579 0.94728885
vn 0.08485684 -0.07657818 0.99344607
vn 0.07143757 -0.08386155 0.99391343
vn 0.06524209 -0.07270621 0.99521720
vn 0.05459401 -0.05607739 0.99693271
vn -0.01041618 0.00000000 0.99994575
vn -0.00937462 0.00312487 0.99995117
vn -0.00729138 0.00520806 0.99995986
vn -0.00729127 0.00520801 0.99995986
vn -0.25879114 0.14133982 0.95553660
vn -0.23334795 0.17052346 0.95732465
vn -0.02913491 0.03641861 0.99891183
vn -0.10946254 -0.07228660 0.99135897
vn 0.08416135 -0.29902036 0.95052811
vn 0.27329332 -0.27904693 0.92056698
vn 0.06237335 0.01247468 0.99797492
vn -0.02908143 0.07062630 0.99707883
vn -0.03426637 0.07164791 0.99684121
vn -0.05371771 0.11673264 0.99170958
vn -0.04331955 0.13305302 0.99016176
vn -0.06908121 0.26731423 0.96113001
vn 0.06957916 0.17394781 0.98229369
vn -0.10404025 0.10610043 0.98889753
vn 0.08509026 0.01971603 0.99617816
vn -0.04779718 0.05195349 0.99750502
vn -0.27898674 0.11715465 0.95312181
vn -0.11883960 -0.04133550 0.99205268
vn -0.14846545 -0.10853337 0.98294380
vn -0.11943602 -0.15924788 0.97998732
vn 0.00615309 -0.17536139 0.98448490
vn 0.19596081 -0.03980465 0.97980353
vn 0.18621398 0.02353253 0.98222735
vn -0.00308299 0.16339830 0.98655537
vn 0.36183501 -0.04268296 0.93126451
vn 0.06018173 -0.06433219 0.99611221
vn 0.07043700 -0.07872368 0.99440495
vn 0.08613635 -0.06915752 0.99388016
vn 0.08760769 -0.05801048 0.99446452
vn -0.00624991 -0.00208330 0.99997830
vn -0.00729153 -0.00104165 0.99997287
vn -0.00729147 -0.00104159 0.99997287
vn -0.01145741 -0.00520786 0.99992080
vn -0.02394976 -0.01145439 0.99964754
vn -0.16467994 0.20886232 0.96397980
vn -0.05546825 0.24406016 0.96817246
vn -0.21957058 0.27226750 0.93683465
vn -0.20446354 0.24298555 0.94823662
vn 0.18416344 -0.03683278 0.98220526
vn 0.32040705 -0.16894197 0.93209331
vn 0.08200304 0.01660825 0.99649369
vn 0.06893743 0.13993234 0.98775836
vn 0.02636575 0.22715057 0.97350268
vn 0.01398277 0.28365252 0.95882518
vn -0.01571882 0.33205951 0.94312746
vn 0.00496822 0.30008130 0.95390069
vn -0.08614262 0.33086605 0.93973779
vn -0.07646393 0.32938325 0.94109508
vn -0.05644095 0.16213959 0.98515236
vn -0.21143891 0.14498668 0.96657770
vn -0.21976779 0.20087377 0.95464750
vn -0.16710897 0.12329382 0.97819897
vn -0.15016128 0.12564517 0.98064513
vn 0.03299530 0.13816788 0.98985905
vn 0.11751674 0.15430474 0.98100961
vn 0.23965159 -0.01516785 0.97074047
vn 0.01447106 0.12300386 0.99230068
vn 0.18213275 0.04399835 0.98228906
vn 0.05403083 -0.04571838 0.99749210
vn 0.07370242 -0.03840832 0.99654039
vn 0.10274365 -0.02872403 0.99429305
vn 0.11350569 -0.02689844 0.99317316
vn -0.00624987 -0.00416658 0.99997179
vn -0.00729141 -0.00416650 0.99996474
vn -0.01041580 -0.00729103 0.99991917
vn -0.01874523 -0.01249677 0.99974619
vn -0.03122733 -0.02185906 0.99927325
vn -0.06649076 -0.02908982 0.99736290
vn -0.11576623 -0.04444588 0.99228158
vn -0.14700354 -0.06681966 0.98687643
vn -0.14531527 -0.00309179 0.98938057
vn -0.00725151 0.10462815 0.99448498
vn 0.25097419 -0.02721408 0.96761116
vn 0.17492728 -0.07058464 0.98204799
vn 0.11479287 -0.03412751 0.99280306
vn 0.06132662 -0.02286750 0.99785576
vn 0.03330604 -0.02289796 0.99918286
vn 0.00520723 -0.01978757 0.99979065
vn -0.02394764 -0.01770052 0.99955650
vn -0.06029489 -0.01975174 0.99798517
vn -0.10971300 -0.02587558 0.99362644
vn -0.16616954 -0.05231264 0.98470862
vn -0.22129546 -0.10003764 0.97006226
vn -0.23946410 -0.15864494 0.95785632
vn -0.21751457 -0.18758143 0.95786253
vn -0.11193409 -0.18214723 0.97687929
vn 0.04008644 -0.15726216 0.98674297
vn 0.14602876 -0.13275340 0.98033267
vn 0.17239720 -0.10609049 0.97929771
vn 0.15094649 -0.07393296 0.98577334
vn 0.10554075 -0.04656213 0.99332428
vn 0.07166777 -0.02492791 0.99711701
vn 0.08510377 -0.00830283 0.99633750
vn 0.11043153 0.00082824 0.99388339
vn 0.12054311 0.00206815 0.99270594
vn -0.01041497 -0.01458100 0.99983945
vn -0.01041463 -0.01666348 0.99980691
vn -0.01353772 -0.01978598 0.99971258
vn -0.02394630 -0.02082285 0.99949637
vn -0.04161647 -0.02601034 0.99879504
vn -0.07164796 -0.03426642 0.99684120
vn -0.11990676 -0.02997684 0.99233248
vn -0.15134273 -0.01544315 0.98836071
vn -0.11995665 -0.00827278 0.99274466
vn 0.00416424 -0.03331444 0.99943624
vn 0.17496436 -0.06753002 0.98225616
vn 0.21337496 -0.05486782 0.97542844
vn 0.13310084 -0.03404905 0.99051745
vn 0.06234799 -0.03117391 0.99756750
vn 0.02913801 -0.03330063 0.99902054
vn 0.00728653 -0.03643313 0.99930953
vn -0.02185683 -0.03434656 0.99917095
vn -0.06131463 -0.03013788 0.99766338
vn -0.12193592 -0.03203411 0.99202089
vn -0.19979034 -0.04994766 0.97856479
vn -0.27069340 -0.08490398 0.95891418
vn -0.28401510 -0.12963756 0.95001554
vn -0.22069448 -0.15448621 0.96303061
vn -0.08427132 -0.13976724 0.98659184
vn 0.07232651 -0.10435682 0.99190651
vn 0.17291755 -0.07264579 0.98225359
vn 0.19983866 -0.04486177 0.97880127
vn 0.17730640 -0.02254762 0.98389737
vn 0.12301358 -0.00723605 0.99237861
vn 0.08407629 -0.00000000 0.99645932
vn 0.09436779 0.00414807 0.99552876
vn 0.11369934 0.00717521 0.99348929
vn 0.12054104 0.00620425 0.99268896
vn -0.02914350 -0.02706191 0.99920884
vn -0.01977311 -0.03850553 0.99906273
vn -0.01248526 -0.04681999 0.99882531
vn -0.01977317 -0.03850558 0.99906273
vn -0.04576443 -0.03016295 0.99849678
vn -0.07475369 -0.03114734 0.99671547
vn -0.10152675 -0.02382773 0.99454741
vn -0.11995424 0.01034076 0.99272557
vn -0.10343207 0.05792193 0.99294857
vn -0.02179244 0.08405627 0.99622268
vn 0.13703382 0.05357709 0.98911639
vn 0.21175321 0.00101805 0.97732264
vn 0.13617656 -0.02475942 0.99037514
vn 0.05716636 -0.03326046 0.99781048
vn 0.02705323 -0.03849896 0.99889236
vn 0.00728567 -0.03955131 0.99919098
vn -0.01769379 -0.03642840 0.99917961
vn -0.05406446 -0.02911160 0.99811299
vn -0.12198180 -0.01653999 0.99239451
vn -0.21465663 -0.01017328 0.97663659
vn -0.29553289 -0.01194072 0.95525794
vn -0.31083240 -0.01682854 0.95031575
vn -0.22429432 -0.02029808 0.97431004
vn -0.05926796 -0.00935813 0.99819824
vn 0.10360056 0.01035998 0.99456503
vn 0.19604163 0.02756825 0.98020797
vn 0.21838174 0.03859765 0.97509981
vn 0.18903540 0.04495971 0.98094049
vn 0.12896652 0.04849142 0.99046263
vn 0.08294684 0.04873133 0.99536178
vn 0.09018133 0.04042618 0.99510454
vn 0.10712139 0.02581417 0.99391078
vn 0.11587173 0.01241483 0.99318660
vn -0.06028122 -0.02910127 0.99775713
vn -0.04365374 -0.04989004 0.99780025
vn -0.01454536 -0.07064881 0.99739520
vn -0.00519742 -0.06444818 0.99790752
vn -0.03224259 -0.04472352 0.99847895
vn -0.07063047 -0.02700585 0.99713691
vn -0.08612366 -0.01763975 0.99612828
vn -0.07685465 0.00415434 0.99703365
vn -0.05091436 0.04883631 0.99750827
vn 0.00622254 0.09333890 0.99561495
vn 0.09285251 0.10213784 0.99042732
vn 0.14920147 0.04424593 0.98781639
vn 0.10461642 -0.01657283 0.99437455
vn 0.04886364 -0.03846706 0.99806444
vn 0.02393069 -0.04161869 0.99884694
vn 0.00832573 -0.04162912 0.99909844
vn -0.01144991 -0.03643171 0.99927055
vn -0.04161647 -0.02601018 0.99879504
vn -0.10155425 -0.00518127 0.99481651
vn -0.19307622 0.03064702 0.98070502
vn -0.27458829 0.07588626 0.95856275
vn -0.28971226 0.12260864 0.94922807
vn -0.20797002 0.16275924 0.96449878
vn -0.04911191 0.18110015 0.98223763
vn 0.10508180 0.17241584 0.97940318
vn 0.19093622 0.15153679 0.96983502
vn 0.21000542 0.12822442 0.96925550
vn 0.18027897 0.10694518 0.97778434
vn 0.12654026 0.09259034 0.98763080
vn 0.07963475 0.08894262 0.99284818
vn 0.07352201 0.07973519 0.99410101
vn 0.08181972 0.05542178 0.99510500
vn 0.09005840 0.03317951 0.99538365
vn -0.07891974 0.00000000 0.99688097
vn -0.06961593 -0.01350758 0.99748241
vn -0.04055274 -0.04367221 0.99822253
vn 0.00207685 -0.07891957 0.99687882
vn -0.00000005 -0.06548408 0.99785361
vn -0.05199800 -0.02391904 0.99836070
vn -0.07685268 -0.00830846 0.99700784
vn -0.05512423 -0.00208018 0.99847734
vn -0.01666318 0.01145598 0.99979553
vn 0.02914442 0.02602178 0.99923644
vn 0.07269902 0.02596400 0.99701591
vn 0.09333890 -0.00622259 0.99561495
vn 0.07060418 -0.03841700 0.99676436
vn 0.04261403 -0.05092898 0.99779271
vn 0.02495701 -0.05303367 0.99828081
vn 0.01248332 -0.04993370 0.99867452
vn -0.00208134 -0.04266942 0.99908708
vn -0.02602167 -0.02914447 0.99923644
vn -0.06858789 -0.00311754 0.99764021
vn -0.13808769 0.04740330 0.98928495
vn -0.20723898 0.12333247 0.97048498
vn -0.22516194 0.20631578 0.95222681
vn -0.16585760 0.27248045 0.94775823
vn -0.04666500 0.29885446 0.95315707
vn 0.07183409 0.27835702 0.95778768
vn 0.14555754 0.22385744 0.96369126
vn 0.17679644 0.16770411 0.96985481
vn 0.15095810 0.13565833 0.97918766
vn 0.10913078 0.10604231 0.98835495
vn 0.07244179 0.08796481 0.99348597
vn 0.05600440 0.07467253 0.99563423
vn 0.05207846 0.05277102 0.99724774
vn 0.05464164 0.03741766 0.99780470
vn -0.06235548 0.02702083 0.99768816
vn -0.06854011 0.03738562 0.99694763
vn -0.07677879 0.04461475 0.99604947
vn -0.03643318 0.00728664 0.99930953
vn 0.01769954 -0.02602881 0.99950449
vn -0.01666285 -0.01353855 0.99976950
vn -0.06858779 0.00311770 0.99764021
vn -0.05616092 0.00312008 0.99841686
vn -0.01458154 -0.00520775 0.99988012
vn 0.02498924 -0.01561829 0.99956571
vn 0.05820404 -0.03222012 0.99778462
vn 0.06850289 -0.04982034 0.99640619
vn 0.05812869 -0.06020473 0.99649207
vn 0.04051260 -0.06232710 0.99723320
vn 0.02598384 -0.06132195 0.99777976
vn 0.01455521 -0.06030032 0.99807415
vn 0.00623884 -0.05926940 0.99822253
vn -0.00728302 -0.04786055 0.99882748
vn -0.03122727 -0.02185917 0.99927325
vn -0.07166186 0.02804161 0.99703473
vn -0.12031252 0.10488787 0.98717953
vn -0.14161657 0.19219396 0.97108508
vn -0.11172653 0.26535071 0.95765661
vn -0.04268837 0.29981143 0.95304292
vn 0.02497107 0.28267315 0.95889120
vn 0.07193532 0.22087174 0.97264638
vn 0.12865954 0.15010279 0.98026317
vn 0.12318255 0.11702338 0.98546009
vn 0.08269329 0.09199636 0.99231975
vn 0.05395647 0.06952097 0.99612024
vn 0.03742700 0.04990260 0.99805258
vn 0.02886314 0.03080587 0.99910856
vn 0.02855369 0.02082038 0.99937540
vn -0.02914654 0.02290089 0.99931278
vn -0.04262680 0.04470617 0.99809033
vn -0.06322699 0.07670154 0.99504735
vn -0.06416267 0.09417415 0.99348597
vn -0.01454642 0.06961497 0.99746787
vn -0.01665679 0.03019040 0.99940537
vn -0.06961138 0.01766259 0.99741781
vn -0.06444562 0.01039453 0.99786708
vn -0.02915404 -0.00416484 0.99956625
vn 0.00728944 -0.02395086 0.99968656
vn 0.03951280 -0.04471190 0.99821821
vn 0.05502432 -0.06021534 0.99666767
vn 0.05292566 -0.06849193 0.99624682
vn 0.04048725 -0.07163122 0.99660913
vn 0.02700167 -0.07269702 0.99698849
vn 0.01558292 -0.07168140 0.99730585
vn 0.00831284 -0.06961988 0.99753896
vn 0.00727632 -0.06444729 0.99789458
vn 0.00104064 -0.04578524 0.99895076
vn -0.01562242 -0.00937341 0.99983403
vn -0.04262059 0.04781822 0.99794634
vn -0.06399348 0.11869751 0.99086615
vn -0.05626312 0.18004215 0.98204851
vn -0.02744695 0.21652573 0.97589102
vn -0.00609334 0.22240698 0.97493487
vn 0.00306605 0.19316616 0.98116127
vn 0.06087848 0.12278857 0.99056387
vn 0.10849599 0.06509757 0.99196317
vn 0.06226907 0.05915559 0.99630476
vn 0.03535903 0.04471886 0.99837366
vn 0.02081927 0.03018804 0.99932739
vn 0.01221936 0.01805120 0.99976239
vn 0.01190337 0.01041534 0.99987491
vn -0.01249837 0.00833236 0.99988717
vn -0.01874340 0.01874340 0.99964862
vn -0.03017569 0.03537838 0.99891831
vn -0.04880165 0.06333826 0.99679821
vn -0.04774231 0.07057567 0.99636326
vn -0.04989659 0.04054102 0.99793124
vn -0.07889725 0.02387683 0.99659677
vn -0.07581472 0.01453977 0.99701591
vn -0.04786179 -0.00104048 0.99885343
vn -0.01457858 -0.02082661 0.99967681
vn 0.02081077 -0.04162155 0.99891669
vn 0.04363931 -0.05610775 0.99747057
vn 0.04776254 -0.06437556 0.99678209
vn 0.03738557 -0.06854018 0.99694762
vn 0.02388795 -0.07270280 0.99706753
vn 0.01661505 -0.07684472 0.99690462
vn 0.01142470 -0.07581780 0.99705624
vn 0.01662269 -0.07064648 0.99736290
vn 0.02391230 -0.05718150 0.99807739
vn 0.02185906 -0.03122728 0.99927326
vn 0.01041599 0.00416633 0.99993707
vn -0.00520228 0.04786107 0.99884045
vn -0.01244807 0.09024813 0.99584151
vn -0.00724149 0.11689810 0.99311751
vn -0.00206608 0.12810207 0.99175884
vn -0.01960616 0.13517933 0.99062715
vn -0.01241188 0.11791245 0.99294642
vn 0.06642212 0.05396789 0.99633105
vn 0.06028116 0.02910117 0.99775714
vn 0.02498443 0.02498427 0.99937559
vn 0.01041458 0.01666342 0.99980691
vn 0.00444408 0.01055484 0.99993442
vn 0.00238088 0.00833288 0.99996245
vn -0.01249867 0.00624933 0.99990236
vn -0.01249867 0.00624933 0.99990236
vn -0.01874592 0.00937296 0.99978034
vn -0.03331026 0.01665513 0.99930628
vn -0.04992573 0.02184257 0.99851406
vn -0.06650460 0.02078266 0.99756966
vn -0.08200170 0.01764591 0.99647596
vn -0.08406605 0.01556781 0.99633857
vn -0.06444745 0.00727632 0.99789457
vn -0.03227393 -0.00728773 0.99945249
vn 0.00416576 -0.02082864 0.99977438
vn 0.03225689 -0.03329745 0.99892481
vn 0.04055279 -0.04367227 0.99822252
vn 0.03223130 -0.05198591 0.99812755
vn 0.01767332 -0.06029730 0.99802399
vn 0.01350945 -0.06754741 0.99762460
vn 0.01350956 -0.06754746 0.99762459
vn 0.02390331 -0.06339570 0.99770217
vn 0.03949455 -0.05404514 0.99775714
vn 0.04886354 -0.03846701 0.99806445
vn 0.04266540 -0.01352805 0.99899783
vn 0.02811175 0.01249403 0.99952670
vn 0.01665394 0.03538959 0.99923482
vn 0.00728070 0.05408607 0.99850973
vn 0.00415908 0.06030619 0.99817126
vn -0.01143209 0.06651462 0.99771996
vn -0.02802856 0.07785712 0.99657045
vn 0.01663080 0.06340505 0.99784930
vn 0.04887748 0.03015845 0.99834937
vn 0.01770276 0.01770277 0.99968656
vn 0.00312477 0.01249890 0.99991700
vn 0.00111103 0.00736091 0.99997229
vn 0.00000000 0.00624993 0.99998047
vn -0.01249888 0.00624944 0.99990236
vn -0.01249867 0.00624933 0.99990236
vn -0.01562281 0.00624911 0.99985843
vn -0.02811266 0.00937085 0.99956084
vn -0.04578107 0.01352623 0.99885992
vn -0.06650864 0.01766639 0.99762944
vn -0.08199680 0.02075868 0.99641638
vn -0.08611450 0.02282551 0.99602374
vn -0.07167305 0.02181359 0.99718962
vn -0.04162410 0.01769030 0.99897672
vn -0.00729089 0.01145721 0.99990778
vn 0.02291066 0.00104140 0.99973697
vn 0.02811255 -0.00937080 0.99956084
vn 0.01353297 -0.03331178 0.99935338
vn 0.00519782 -0.06341295 0.99797384
vn 0.01662632 -0.06754433 0.99757773
vn 0.01976413 -0.04889012 0.99860860
vn 0.03017210 -0.03849553 0.99880315
vn 0.04991339 -0.03119591 0.99826623
vn 0.06132656 -0.02286755 0.99785576
vn 0.06340693 -0.01455240 0.99788165
vn 0.04786168 0.00104053 0.99885343
vn 0.03227199 0.01353332 0.99938750
vn 0.01874221 0.02186594 0.99958522
vn 0.00416515 0.02603272 0.99965241
vn -0.00833132 0.01978710 0.99976950
vn -0.01562032 0.01874441 0.99970228
vn 0.00104118 0.02915427 0.99957438
vn 0.02602769 0.01978114 0.99946549
vn 0.01145687 0.01145687 0.99986873
vn 0.00104162 0.01041618 0.99994521
vn -0.00333319 0.00944405 0.99994985
vn 0.00000000 0.00624993 0.99998047
vn -0.01249888 0.00624944 0.99990236
vn -0.01145726 0.00729100 0.99990778
vn -0.01562232 0.00937341 0.99983403
vn -0.02499113 0.00937173 0.99964374
vn -0.04058836 0.01248882 0.99909790
vn -0.06029368 0.02079093 0.99796413
vn -0.07578843 0.03010775 0.99666927
vn -0.08195066 0.03941937 0.99585652
vn -0.06954962 0.04567439 0.99653234
vn -0.04469342 0.04885097 0.99780563
vn -0.01248536 0.04682004 0.99882531
vn 0.01248877 0.04058830 0.99909790
vn 0.01353467 0.02915156 0.99948337
vn -0.02811376 0.00312383 0.99959985
vn -0.02496831 -0.04369454 0.99873288
vn 0.03222582 -0.05509583 0.99796089
vn 0.04784818 -0.02392416 0.99856807
vn 0.03955223 -0.00104081 0.99921696
vn 0.05512423 0.00208018 0.99847734
vn 0.06651854 0.00415733 0.99777653
vn 0.06755265 0.00519641 0.99770218
vn 0.05823354 0.00519947 0.99828945
vn 0.03851097 0.01040846 0.99920397
vn 0.02186813 0.01249603 0.99968277
vn 0.00208316 0.01145759 0.99993219
vn -0.01874633 0.00624883 0.99980474
vn -0.01978762 -0.00416585 0.99979553
vn 0.00729128 -0.00833289 0.99993870
vn 0.02499206 -0.00312393 0.99968277
vn 0.01354031 0.00416633 0.99989965
vn 0.00312495 0.00624990 0.99997559
vn -0.00333320 0.00930518 0.99995115
vn -0.00476163 0.01041607 0.99993441
vn -0.01041582 0.00833266 0.99991103
vn -0.01041582 0.00833266 0.99991103
vn -0.01353985 0.00833224 0.99987362
vn -0.02290912 0.01145456 0.99967193
vn -0.03642905 0.01665326 0.99919747
vn -0.04888704 0.02288328 0.99854214
vn -0.06337183 0.03636092 0.99732738
vn -0.06952850 0.05188700 0.99622966
vn -0.06224494 0.06535721 0.99591867
vn -0.04151731 0.07369330 0.99641638
vn -0.01453983 0.07581483 0.99701590
vn 0.00519396 0.07375600 0.99726279
vn 0.00311770 0.06858773 0.99764022
vn -0.04980942 0.07160112 0.99618889
vn -0.05810578 0.06640667 0.99609933
vn 0.03327978 0.04576000 0.99839796
vn 0.07164002 0.03737730 0.99672998
vn 0.04886166 0.03950495 0.99802400
vn 0.05093752 0.03846306 0.99796090
vn 0.06545243 0.03116776 0.99736881
vn 0.06339235 0.02598048 0.99765045
vn 0.05615135 0.01871712 0.99824681
vn 0.03954821 0.01457038 0.99911143
vn 0.02186802 0.01249608 0.99968277
vn 0.00104158 0.01354037 0.99990778
vn -0.02082593 0.01666071 0.99964429
vn -0.02602725 0.02082177 0.99944436
vn 0.00520749 0.01770530 0.99982969
vn 0.02811175 0.01249402 0.99952670
vn 0.01666342 0.01041458 0.99980691
vn 0.00312487 0.00937446 0.99995118
vn -0.00111108 0.00833295 0.99996466
vn -0.00238088 0.00833298 0.99996245
vn -0.00624981 0.00624981 0.99996094
vn -0.01041582 0.00833266 0.99991103
vn -0.01353996 0.00833229 0.99987361
vn -0.01874582 0.00937291 0.99978035
vn -0.02811052 0.01561688 0.99948282
vn -0.03953898 0.02601237 0.99887938
vn -0.04886354 0.03846700 0.99806445
vn -0.05297564 0.05297564 0.99718963
vn -0.04878141 0.06953940 0.99638579
vn -0.03424201 0.08093560 0.99613097
vn -0.01349006 0.08612905 0.99619265
vn 0.00311301 0.08716648 0.99618889
vn 0.00207555 0.08613681 0.99628116
vn -0.02487574 0.09639369 0.99503239
vn -0.04640734 0.13303442 0.99002434
vn 0.00618893 0.13925222 0.99023761
vn 0.04864741 0.10143543 0.99365199
vn 0.03736889 0.07473772 0.99650280
vn 0.04258925 0.06128695 0.99721114
vn 0.05609139 0.04985897 0.99717994
vn 0.05508145 0.03949226 0.99770055
vn 0.04680501 0.02808314 0.99850920
vn 0.03434874 0.01873558 0.99923428
vn 0.01978598 0.01353772 0.99971258
vn 0.00520764 0.01458160 0.99988012
vn -0.01145456 0.02290912 0.99967193
vn -0.01665327 0.03642905 0.99919747
vn -0.00104073 0.04266943 0.99908870
vn 0.01769752 0.03018981 0.99938750
vn 0.01145572 0.01770438 0.99977764
vn 0.00000000 0.01249896 0.99992188
vn -0.00222211 0.01041600 0.99994328
vn -0.00476163 0.01041585 0.99993442
vn -0.00624968 0.00681783 0.99995723
vn -0.00833286 0.00777733 0.99993504
vn -0.01249850 0.00999880 0.99987190
vn -0.01666308 0.01221954 0.99978649
vn -0.02082665 0.01443975 0.99967882
vn -0.02831433 0.02331765 0.99932707
vn -0.03551066 0.03551064 0.99873820
vn -0.03881316 0.04879371 0.99805446
vn -0.03463201 0.06316872 0.99740179
vn -0.02630478 0.07531473 0.99681280
vn -0.01065790 0.08194107 0.99658019
vn 0.00207634 0.08194549 0.99663465
vn 0.00318422 0.07974489 0.99681022
vn -0.00525897 0.08414385 0.99643974
vn -0.01712454 0.10495698 0.99432931
vn -0.00648103 0.11914266 0.99285599
vn 0.01505860 0.10168084 0.99470309
vn 0.02089708 0.08192789 0.99641916
vn 0.03129697 0.06979491 0.99707029
vn 0.04377656 0.05652172 0.99744118
vn 0.04408240 0.04325063 0.99809124
vn 0.03565451 0.03107626 0.99888088
vn 0.02734408 0.02220849 0.99937935
vn 0.01582917 0.01666228 0.99973587
vn 0.00944320 0.01333160 0.99986654
vn -0.00111092 0.01888566 0.99982103
vn -0.00541449 0.02776677 0.99959976
vn -0.00319268 0.03331476 0.99943981
vn 0.00333216 0.02665709 0.99963908
vn 0.00333282 0.01666434 0.99985559
vn -0.00305529 0.01333219 0.99990645
vn -0.00221881 0.01109405 0.99993600
vn -0.00248434 0.01086898 0.99993784
vn -0.00624945 0.00714223 0.99995497
vn -0.00624966 0.00714247 0.99995496
vn -0.01041545 0.01190337 0.99987491
vn -0.01458041 0.01428285 0.99979168
vn -0.01874473 0.01428162 0.99972230
vn -0.02082510 0.01904007 0.99960182
vn -0.02706046 0.03092624 0.99915529
vn -0.03120915 0.04042333 0.99869512
vn -0.02703637 0.05229017 0.99826588
vn -0.02078265 0.06650457 0.99756966
vn -0.01038598 0.07596632 0.99705629
vn 0.00000000 0.07833028 0.99692746
vn 0.00207769 0.07360936 0.99728499
vn 0.00000000 0.07124726 0.99745869
vn -0.00622955 0.08068714 0.99672001
vn -0.00415134 0.08540048 0.99633806
vn 0.00207573 0.08540092 0.99634451
vn 0.01245816 0.08068233 0.99666201
vn 0.02284850 0.07359006 0.99702680
vn 0.03325130 0.06175209 0.99753748
vn 0.03743128 0.04753195 0.99816813
vn 0.02913812 0.03330071 0.99902054
vn 0.02498510 0.02379517 0.99940459
vn 0.01457845 0.02142143 0.99966424
vn 0.00833195 0.01666391 0.99982643
vn 0.00416624 0.01428425 0.99988930
vn -0.00208297 0.01904428 0.99981647
vn -0.00208287 0.02142378 0.99976831
vn -0.00208306 0.01666445 0.99985897
vn 0.00000000 0.01428437 0.99989797
vn -0.00208313 0.01428434 0.99989580
vn -0.00434738 0.01428424 0.99988852
vn 0.00000000 0.01428437 0.99989797
f 1//1 2//2 35//35
f 1//1 35//35 34//34
f 2//2 3//3 36//36
f 2//2 36//36 35//35
f 3//3 4//4 37//37
f 3//3 37//37 36//36
f 4//4 5//5 38//38
f 4//4 38//38 37//37
f 5//5 6//6 39//39
f 5//5 39//39 38//38
f 6//6 7//7 40//40
f 6//6 40//40 39//39
f 7//7 8//8 41//41
f 7//7 41//41 40//40
f 8//8 9//9 42//42
f 8//8 42//42 41//41
f 9//9 10//10 43//43
f 9//9 43//43 42//42
f 10//10 11//11 44//44
f 10//10 44//44 43//43
f 11//11 12//12 45//45
f 11//11 45//45 44//44
f 12//12 13//13 46//46
f 12//12 46//46 45//45
f 13//13 14//14 47//47
f 13//13 47//47 46//46
f 14//14 15//15 48//48
f 14//14 48//48 47//47
f 15//15 16//16 49//49
f 15//15 49//49 48//48
f 16//16 17//17 50//50
f 16//16 50//50 49//49
f 17//17 18//18 51//51
f 17//17 51//51 50//50
f 18//18 19//19 52//52
f 18//18 52//52 51//51
f 19//19 20//20 53//53
f 19//19 53//53 52//52
f 20//20 21//21 54//54
f 20//20 54//54 53//53
f 21//21 22//22 55//55
f 21//21 55//55 54//54
f 22//22 23//23 56//56
f 22//22 56//56 55//55
f 23//23 24//24 57//57
f 23//23 57//57 56//56
f 24//24 25//25 58//58
f 24//24 58//58 57//57
f 25//25 26//26 59//59
f 25//25 59//59 58//58
f 26//26 27//27 60//60
f 26//26 60//60 59//59
f 27//27 28//28 61//61
f 27//27 61//61 60//60
f 28//28 29//29 62//62
f 28//28 62//62 61//61
f 29//29 30//30 63//63
f 29//29 63//63 62//62
f 30//30 31//31 64//64
f 30//30 64//64 63//63
f 31//31 32//32 65//65
f 31//31 65//65 64//64
f 32//32 33//33 66//66
f 32//32 66//66 65//65
f 34//34 35//35 68//68
f 34//34 68//68 67//67
f 35//35 36//36 69//69
f 35//35 69//69 68//68
f 36//36 37//37 70//70
f 36//36 70//70 69//69
f 37//37 38//38 71//71
f 37//37 71//71 70//70
f 38//38 39//39 72//72
f 38//38 72//72 71//71
f 39//39 40//40 73//73
f 39//39 73//73 72//72
f 40//40 41//41 74//74
f 40//40 74//74 73//73
f 41//41 42//42 75//75
f 41//41 75//75 74//74
f 42//42 43//43 76//76
f 42//42 76//76 75//75
f 43//43 44//44 77//77
f 43//43 77//77 76//76
f 44//44 45//45 78//78
f 44//44 78//78 77//77
f 45//45 46//46 79//79
f 45//45 79//79 78//78
f 46//46 47//47 80//80
f 46//46 80//80 79//79
f 47//47 48//48 81//81
f 47//47 81//81 80//80
f 48//48 49//49 82//82
f 48//48 82//82 81//81
f 49//49 50//50 83//83
f 49//49 83//83 82//82
f 50//50 51//51 84//84
f 50//50 84//84 83//83
f 51//51 52//52 85//85
f 51//51 85//85 84//84
f 52//52 53//53 86//86
f 52//52 86//86 85//85
f 53//53 54//54 87//87
f 53//53 87//87 86//86
f 54//54 55//55 88//88
f 54//54 88//88 87//87
f 55//55 56//56 89//89
f 55//55 89//89 88//88
f 56//56 57//57 90//90
f 56//56 90//90 89//89
f 57//57 58//58 91//91
f 57//57 91//91 90//90
f 58//58 59//59 92//92
f 58//58 92//92 91//91
f 59//59 60//60 93//93
f 59//59 93//93 92//92
f 60//60 61//61 94//94
f 60//60 94//94 93//93
f 61//61 62//62 95//95
f 61//61 95//95 94//94
f 62//62 63//63 96//96
f 62//62 96//96 95//95
f 63//63 64//64 97//97
f 63//63 97//97 96//96
f 64//64 65//65 98//98
f 64//64 98//98 97//97
f 65//65 66//66 99//99
f 65//65 99//99 98//98
f 67//67 68//68 101//101
f 67//67 101//101 100//100
f 68//68 69//69 102//102
f 68//68 102//102 101//101
f 69//69 70//70 103//103
f 69//69 103//103 102//102
f 70//70 71//71 104//104
f 70//70 104//104 103//103
f 71//71 72//72 105//105
f 71//71 105//105 104//104
f 72//72 73//73 106//106
f 72//72 106//106 105//105
f 73//73 74//74 107//107
f 73//73 107//107 106//106
f 74//74 75//75 108//108
f 74//74 108//108 107//107
f 75//75 76//76 109//109
f 75//75 109//109 108//108
f 76//76 77//77 110//110
f 76//76 110//110 109//109
f 77//77 78//78 111//111
f 77//77 111//111 110//110
f 78//78 79//79 112//112
f 78//78 112//112 111//111
f 79//79 80//80 113//113
f 79//79 113//113 112//112
f 80//80 81//81 114//114
f 80//80 114//114 113//113
f 81//81 82//82 115//115
f 81//81 115//115 114//114
f 82//82 83//83 116//116
f 82//82 116//116 115//115
f 83//83 84//84 117//117
f 83//83 117//117 116//116
f 84//84 85//85 118//118
f 84//84 118//118 117//117
f 85//85 86//86 119//119
f 85//85 119//119 118//118
f 86//86 87//87 120//120
f 86//86 120//120 119//119
f 87//87 88//88 121//121
f 87//87 121//121 120//120
f 88//88 89//89 122//122
f 88//88 122//122 121//121
f 89//89 90//90 123//123
f 89//89 123//123 122//122
f 90//90 91//91 124//124
f 90//90 124//124 123//123
f 91//91 92//92 125//125
f 91//91 125//125 124//124
f 92//92 93//93 126//126
f 92//92 126//126 125//125
f 93//93 94//94 127//127
f 93//93 127//127 126//126
f 94//94 95//95 128//128
f 94//94 128//128 127//127
f 95//95 96//96 129//129
f 95//95 129//129 128//128
f 96//96 97//97 130//130
f 96//96 130//130 129//129
f 97//97 98//98 131//131
f 97//97 131//131 130//130
f 98//98 99//99 132//132
f 98//98 132//132 131//131
f 100//100 101//101 134//134
f 100//100 134//134 133//133
f 101//101 102//102 135//135
f 101//101 135//135 134//134
f 102//102 103//103 136//136
f 102//102 136//136 135//135
f 103//103 104//104 137//137
f 103//103 137//137 136//136
f 104//104 105//105 138//138
f 104//104 138//138 137//137
f 105//105 106//106 139//139
f 105//105 139//139 138//138
f 106//106 107//107 140//140
f 106//106 140//140 139//139
f 107//107 108//108 141//141
f 107//107 141//141 140//140
f 108//108 109//109 142//142
f 108//108 142//142 141//141
f 109//109 110//110 143//143
f 109//109 143//143 142//142
f 110//110 111//111 144//144
f 110//110 144//144 143//143
f 111//111 112//112 145//145
f 111//111 145//145 144//144
f 112//112 113//113 146//146
f 112//112 146//146 145//145
f 113//113 114//114 147//147
f 113//113 147//147 146//146
f 114//114 115//115 148//148
f 114//114 148//148 147//147
f 115//115 116//116 149//149
f 115//115 149//149 148//148
f 116//116 117//117 150//150
f 116//116 150//150 149//149
f 117//117 118//118 151//151
f 117//117 151//151 150//150
f 118//118 119//119 152//152
f 118//118 152//152 151//151
f 119//119 120//120 153//153
f 119//119 153//153 152//152
f 120//120 121//121 154//154
f 120//120 154//154 153//153
f 121//121 122//122 155//155
f 121//121 155//155 154//154
f 122//122 123//123 156//156
f 122//122 156//156 155//155
f 123//123 124//124 157//157
f 123//123 157//157 156//156
f 124//124 125//125 158//158
f 124//124 158//158 157//157
f 125//125 126//126 159//159
f 125//125 159//159 158//158
f 126//126 127//127 160//160
f 126//126 160//160 159//159
f 127//127 128//128 161//161
f 127//127 161//161 160//160
f 128//128 129//129 162//162
f 128//128 162//162 161//161
f 129//129 130//130 163//163
f 129//129 163//163 162//162
f 130//130 131//131 164//164
f 130//130 164//164 163//163
f 131//131 132//132 165//165
f 131//131 165//165 164//164
f 133//133 134//134 167//167
f 133//133 167//167 166//166
f 134//134 135//135 168//168
f 134//134 168//168 167//167
f 135//135 136//136 169//169
f 135//135 169//169 168//168
f 136//136 137//137 170//170
f 136//136 170//170 169//169
f 137//137 138//138 171//171
f 137//137 171//171 170//170
f 138//138 139//139 172//172
f 138//138 172//172 171//171
f 139//139 140//140 173//173
f 139//139 173//173 172//172
f 140//140 141//141 174//174
f 140//140 174//174 173//173
f 141//141 142//142 175//175
f 141//141 175//175 174//174
f 142//142 143//143 176//176
f 142//142 176//176 175//175
f 143//143 144//144 177//177
f 143//143 177//177 176//176
f 144//144 145//145 178//178
f 144//144 178//178 177//177
f 145//145 146//146 179//179
f 145//145 179//179 178//178
f 146//146 147//147 180//180
f 146//146 180//180 179//179
f 147//147 148//148 181//181
f 147//147 181//181 180//180
f 148//148 149//149 182//182
f 148//148 182//182 181//181
f 149//149 150//150 183//183
f 149//149 183//183 182//182
f 150//150 151//151 184//184
f 150//150 184//184 183//183
f 151//151 152//152 185//185
f 151//151 185//185 184//184
f 152//152 153//153 186//186
f 152//152 186//186 185//185
f 153//153 154//154 187//187
f 153//153 187//187 186//186
f 154//154 155//155 188//188
f 154//154 188//188 187//187
f 155//155 156//156 189//189
f 155//155 189//189 188//188
f 156//156 157//157 190//190
f 156//156 190//190 189//189
f 157//157 158//158 191//191
f 157//157 191//191 190//190
f 158//158 159//159 192//192
f 158//158 192//192 191//191
f 159//159 160//160 193//193
f 159//159 193//193 192//192
f 160//160 161//161 194//194
f 160//160 194//194 193//193
f 161//161 162//162 195//195
f 161//161 195//195 194//194
f 162//162 163//163 196//196
f 162//162 196//196 195//195
f 163//163 164//164 197//197
f 163//163 197//197 196//196
f 164//164 165//165 198//198
f 164//164 198//198 197//197
f 166//166 167//167 200//200
f 166//166 200//200 199//199
f 167//167 168//168 201//201
f 167//167 201//201 200//200
f 168//168 169//169 202//202
f 168//168 202//202 201//201
f 169//169 170//170 203//203
f 169//169 203//203 202//202
f 170//170 171//171 204//204
f 170//170 204//204 203//203
f 171//171 172//172 205//205
f 171//171 205//205 204//204
f 172//172 173//173 206//206
f 172//172 206//206 205//205
f 173//173 174//174 207//207
f 173//173 207//207 206//206
f 174//174 175//175 208//208
f 174//174 208//208 207//207
f 175//175 176//176 209//209
f 175//175 209//209 208//208
f 176//176 177//177 210//210
f 176//176 210//210 209//209
f 177//177 178//178 211//211
f 177//177 211//211 210//210
f 178//178 179//179 212//212
f 178//178 212//212 211//211
f 179//179 180//180 213//213
f 179//179 213//213 212//212
f 180//180 181//181 214//214
f 180//180 214//214 213//213
f 181//181 182//182 215//215
f 181//181 215//215 214//214
f 182//182 183//183 216//216
f 182//182 216//216 215//215
f 183//183 184//184 217//217
f 183//183 217//217 216//216
f 184//184 185//185 218//218
f 184//184 218//218 217//217
f 185//185 186//186 219//219
f 185//185 219//219 218//218
f 186//186 187//187 220//220
f 186//186 220//220 219//219
f 187//187 188//188 221//221
f 187//187 221//221 220//220
f 188//188 189//189 222//222
f 188//188 222//222 221//221
f 189//189 190//190 223//223
f 189//189 223//223 222//222
f 190//190 191//191 224//224
f 190//190 224//224 223//223
f 191//191 192//192 225//225
f 191//191 225//225 224//224
f 192//192 193//193 226//226
f 192//192 226//226 225//225
f 193//193 194//194 227//227
f 193//193 227//227 226//226
f 194//194 195//195 228//228
f 194//194 228//228 227//227
f 195//195 196//196 229//229
f 195//195 229//229 228//228
f 196//196 197//197 230//230
f 196//196 230//230 229//229
f 197//197 198//198 231//231
f 197//197 231//231 230//230
f 199//199 200//200 233//233
f 199//199 233//233 232//232
f 200//200 201//201 234//234
f 200//200 234//234 233//233
f 201//201 202//202 235//235
f 201//201 235//235 234//234
f 202//202 203//203 236//236
f 202//202 236//236 235//235
f 203//203 204//204 237//237
f 203//203 237//237 236//236
f 204//204 205//205 238//238
f 204//204 238//238 237//237
f 205//205 206//206 239//239
f 205//205 239//239 238//238
f 206//206 207//207 240//240
f 206//206 240//240 239//239
f 207//207 208//208 241//241
f 207//207 241//241 240//240
f 208//208 209//209 242//242
f 208//208 242//242 241//241
f 209//209 210//210 243//243
f 209//209 243//243 242//242
f 210//210 211//211 244//244
f 210//210 244//244 243//243
f 211//211 212//212 245//245
f 211//211 245//245 244//244
f 212//212 213//213 246//246
f 212//212 246//246 245//245
f 213//213 214//214 247//247
f 213//213 247//247 246//246
f 214//214 215//215 248//248
f 214//214 248//248 247//247
f 215//215 216//216 249//249
f 215//215 249//249 248//248
f 216//216 217//217 250//250
f 216//216 250//250 249//249
f 217//217 218//218 251//251
f 217//217 251//251 250//250
f 218//218 219//219 252//252
f 218//218 252//252 251//251
f 219//219 220//220 253//253
f 219//219 253//253 252//252
f 220//220 221//221 254//254
f 220//220 254//254 253//253
f 221//221 222//222 255//255
f 221//221 255//255 254//254
f 222//222 223//223 256//256
f 222//222 256//256 255//255
f 223//223 224//224 257//257
f 223//223 257//257 256//256
f 224//224 225//225 258//258
f 224//224 258//258 257//257
f 225//225 226//226 259//259
f 225//225 259//259 258//258
f 226//226 227//227 260//260
f 226//226 260//260 259//259
f 227//227 228//228 261//261
f 227//227 261//261 260//260
f 228//228 229//229 262//262
f 228//228 262//262 261//261
f 229//229 230//230 263//263
f 229//229 263//263 262//262
f 230//230 231//231 264//264
f 230//230 264//264 263//263
f 232//232 233//233 266//266
f 232//232 266//266 265//265
f 233//233 234//234 267//267
f 233//233 267//267 266//266
f 234//234 235//235 268//268
f 234//234 268//268 267//267
f 235//235 236//236 269//269
f 235//235 269//269 268//268
f 236//236 237//237 270//270
f 236//236 270//270 269//269
f 237//237 238//238 271//271
f 237//237 271//271 270//270
f 238//238 239//239 272//272
f 238//238 272//272 271//271
f 239//239 240//240 273//273
f 239//239 273//273 272//272
f 240//240 241//241 274//274
f 240//240 274//274 273//273
f 241//241 242//242 275//275
f 241//241 275//275 274//274
f 242//242 243//243 276//276
f 242//242 276//276 275//275
f 243//243 244//244 277//277
f 243//243 277//277 276//276
f 244//244 245//245 278//278
f 244//244 278//278 277//277
f 245//245 246//246 279//279
f 245//245 279//279 278//278
f 246//246 247//247 280//280
f 246//246 280//280 279//279
f 247//247 248//248 281//281
f 247//247 281//281 280//280
f 248//248 249//249 282//282
f 248//248 282//282 281//281
f 249//249 250//250 283//283
f 249//249 283//283 282//282
f 250//250 251//251 284//284
f 250//250 284//284 283//283
f 251//251 252//252 285//285
f 251//251 285//285 284//284
f 252//252 253//253 286//286
f 252//252 286//286 285//285
f 253//253 254//254 287//287
f 253//253 287//287 286//286
f 254//254 255//255 288//288
f 254//254 288//288 287//287
f 255//255 256//256 289//289
f 255//255 289//289 288//288
f 256//256 257//257 290//290
f 256//256 290//290 289//289
f 257//257 258//258 291//291
f 257//257 291//291 290//290
f 258//258 259//259 292//292
f 258//258 292//292 291//291
f 259//259 260//260 293//293
f 259//259 293//293 292//292
f 260//260 261//261 294//294
f 260//260 294//294 293//293
f 261//261 262//262 295//295
f 261//261 295//295 294//294
f 262//262 263//263 296//296
f 262//262 296//296 295//295
f 263//263 264//264 297//297
f 263//263 297//297 296//296
f 265//265 266//266 299//299
f 265//265 299//299 298//298
f 266//266 267//267 300//300
f 266//266 300//300 299//299
f 267//267 268//268 301//301
f 267//267 301//301 300//300
f 268//268 269//269 302//302
f 268//268 302//302 301//301
f 269//269 270//270 303//303
f 269//269 303//303 302//302
f 270//270 271//271 304//304
f 270//270 304//304 303//303
f 271//271 272//272 305//305
f 271//271 305//305 304//304
f 272//272 273//273 306//306
f 272//272 306//306 305//305
f 273//273 274//274 307//307
f 273//273 307//307 306//306
f 274//274 275//275 308//308
f 274//274 308//308 307//307
f 275//275 276//276 309//309
f 275//275 309//309 308//308
f 276//276 277//277 310//310
f 276//276 310//310 309//309
f 277//277 278//278 311//311
f 277//277 311//311 310//310
f 278//278 279//279 312//312
f 278//278 312//312 311//311
f 279//279 280//280 313//313
f 279//279 313//313 312//312
f 280//280 281//281 314//314
f 280//280 314//314 313//313
f 281//281 282//282 315//315
f 281//281 315//315 314//314
f 282//282 283//283 316//316
f 282//282 316//316 315//315
f 283//283 284//284 317//317
f 283//283 317//317 316//316
f 284//284 285//285 318//318
f 284//284 318//318 317//317
f 285//285 286//286 319//319
f 285//285 319//319 318//318
f 286//286 287//287 320//320
f 286//286 320//320 319//319
f 287//287 288//288 321//321
f 287//287 321//321 320//320
f 288//288 289//289 322//322
f 288//288 322//322 321//321
f 289//289 290//290 323//323
f 289//289 323//323 322//322
f 290//290 291//291 324//324
f 290//290 324//324 323//323
f 291//291 292//292 325//325
f 291//291 325//325 324//324
f 292//292 293//293 326//326
f 292//292 326//326 325//325
f 293//293 294//294 327//327
f 293//293 327//327 326//326
f 294//294 295//295 328//328
f 294//294 328//328 327//327
f 295//295 296//296 329//329
f 295//295 329//329 328//328
f 296//296 297//297 330//330
f 296//296 330//330 329//329
f 298//298 299//299 332//332
f 298//298 332//332 331//331
f 299//299 300//300 333//333
f 299//299 333//333 332//332
f 300//300 301//301 334//334
f 300//300 334//334 333//333
f 301//301 302//302 335//335
f 301//301 335//335 334//334
f 302//302 303//303 336//336
f 302//302 336//336 335//335
f 303//303 304//304 337//337
f 303//303 337//337 336//336
f 304//304 305//305 338//338
f 304//304 338//338 337//337
f 305//305 306//306 339//339
f 305//305 339//339 338//338
f 306//306 307//307 340//340
f 306//306 340//340 339//339
f 307//307 308//308 341//341
f 307//307 341//341 340//340
f 308//308 309//309 342//342
f 308//308 342//342 341//341
f 309//309 310//310 343//343
f 309//309 343//343 342//342
f 310//310 311//311 344//344
f 310//310 344//344 343//343
f 311//311 312//312 345//345
f 311//311 345//345 344//344
f 312//312 313//313 346//346
f 312//312 346//346 345//345
f 313//313 314//314 347//347
f 313//313 347//347 346//346
f 314//314 315//315 348//348
f 314//314 348//348 347//347
f 315//315 316//316 349//349
f 315//315 349//349 348//348
f 316//316 317//317 350//350
f 316//316 350//350 349//349
f 317//317 318//318 351//351
f 317//317 351//351 350//350
f 318//318 319//319 352//352
f 318//318 352//352 351//351
f 319//319 320//320 353//353
f 319//319 353//353 352//352
f 320//320 321//321 354//354
f 320//320 354//354 353//353
f 321//321 322//322 355//355
f 321//321 355//355 354//354
f 322//322 323//323 356//356
f 322//322 356//356 355//355
f 323//323 324//324 357//357
f 323//323 357//357 356//356
f 324//324 325//325 358//358
f 324//324 358//358 357//357
f 325//325 326//326 359//359
f 325//325 359//359 358//358
f 326//326 327//327 360//360
f 326//326 360//360 359//359
f 327//327 328//328 361//361
f 327//327 361//361 360//360
f 328//328 329//329 362//362
f 328//328 362//362 361//361
f 329//329 330//330 363//363
f 329//329 363//363 362//362
f 331//331 332//332 365//365
f 331//331 365//365 364//364
f 332//332 333//333 366//366
f 332//332 366//366 365//365
f 333//333 334//334 367//367
f 333//333 367//367 366//366
f 334//334 335//335 368//368
f 334//334 368//368 367//367
f 335//335 336//336 369//369
f 335//335 369//369 368//368
f 336//336 337//337 370//370
f 336//336 370//370 369//369
f 337//337 338//338 371//371
f 337//337 371//371 370//370
f 338//338 339//339 372//372
f 338//338 372//372 371//371
f 339//339 340//340 373//373
f 339//339 373//373 372//372
f 340//340 341//341 374//374
f 340//340 374//374 373//373
f 341//341 342//342 375//375
f 341//341 375//375 374//374
f 342//342 343//343 376//376
f 342//342 376//376 375//375
f 343//343 344//344 377//377
f 343//343 377//377 376//376
f 344//344 345//345 378//378
f 344//344 378//378 377//377
f 345//345 346//346 379//379
f 345//345 379//379 378//378
f 346//346 347//347 380//380
f 346//346 380//380 379//379
f 347//347 348//348 381//381
f 347//347 381//381 380//380
f 348//348 349//349 382//382
f 348//348 382//382 381//381
f 349//349 350//350 383//383
f 349//349 383//383 382//382
f 350//350 351//351 384//384
f 350//350 384//384 383//383
f 351//351 352//352 385//385
f 351//351 385//385 384//384
f 352//352 353//353 386//386
f 352//352 386//386 385//385
f 353//353 354//354 387//387
f 353//353 387//387 386//386
f 354//354 355//355 388//388
f 354//354 388//388 387//387
f 355//355 356//356 389//389
f 355//355 389//389 388//388
f 356//356 357//357 390//390
f 356//356 390//390 389//389
f 357//357 358//358 391//391
f 357//357 391//391 390//390
f 358//358 359//359 392//392
f 358//358 392//392 391//391
f 359//359 360//360 393//393
f 359//359 393//393 392//392
f 360//360 361//361 394//394
f 360//360 394//394 393//393
f 361//361 362//362 395//395
f 361//361 395//395 394//394
f 362//362 363//363 396//396
f 362//362 396//396 395//395
f 364//364 365//365 398//398
f 364//364 398//398 397//397
f 365//365 366//366 399//399
f 365//365 399//399 398//398
f 366//366 367//367 400//400
f 366//366 400//400 399//399
f 367//367 368//368 401//401
f 367//367 401//401 400//400
f 368//368 369//369 402//402
f 368//368 402//402 401//401
f 369//369 370//370 403//403
f 369//369 403//403 402//402
f 370//370 371//371 404//404
f 370//370 404//404 403//403
f 371//371 372//372 405//405
f 371//371 405//405 404//404
f 372//372 373//373 406//406
f 372//372 406//406 405//405
f 373//373 374//374 407//407
f 373//373 407//407 406//406
f 374//374 375//375 408//408
f 374//374 408//408 407//407
f 375//375 376//376 409//409
f 375//375 409//409 408//408
f 376//376 377//377 410//410
f 376//376 410//410 409//409
f 377//377 378//378 411//411
f 377//377 411//411 410//410
f 378//378 379//379 412//412
f 378//378 412//412 411//411
f 379//379 380//380 413//413
f 379//379 413//413 412//412
f 380//380 381//381 414//414
f 380//380 414//414 413//413
f 381//381 382//382 415//415
f 381//381 415//415 414//414
f 382//382 383//383 416//416
f 382//382 416//416 415//415
f 383//383 384//384 417//417
f 383//383 417//417 416//416
f 384//384 385//385 418//418
f 384//384 418//418 417//417
f 385//385 386//386 419//419
f 385//385 419//419 418//418
f 386//386 387//387 420//420
f 386//386 420//420 419//419
f 387//387 388//388 421//421
f 387//387 421//421 420//420
f 388//388 389//389 422//422
f 388//388 422//422 421//421
f 389//389 390//390 423//423
f 389//389 423//423 422//422
f 390//390 391//391 424//424
f 390//390 424//424 423//423
f 391//391 392//392 425//425
f 391//391 425//425 424//424
f 392//392 393//393 426//426
f 392//392 426//426 425//425
f 393//393 394//394 427//427
f 393//393 427//427 426//426
f 394//394 395//395 428//428
f 394//394 428//428 427//427
f 395//395 396//396 429//429
f 395//395 429//429 428//428
f 397//397 398//398 431//431
f 397//397 431//431 430//430
f 398//398 399//399 432//432
f 398//398 432//432 431//431
f 399//399 400//400 433//433
f 399//399 433//433 432//432
f 400//400 401//401 434//434
f 400//400 434//434 433//433
f 401//401 402//402 435//435
f 401//401 435//435 434//434
f 402//402 403//403 436//436
f 402//402 436//436 435//435
f 403//403 404//404 437//437
f 403//403 437//437 436//436
f 404//404 405//405 438//438
f 404//404 438//438 437//437
f 405//405 406//406 439//439
f 405//405 439//439 438//438
f 406//406 407//407 440//440
f 406//406 440//440 439//439
f 407//407 408//408 441//441
f 407//407 441//441 440//440
f 408//408 409//409 442//442
f 408//408 442//442 441//441
f 409//409 410//410 443//443
f 409//409 443//443 442//442
f 410//410 411//411 444//444
f 410//410 444//444 443//443
f 411//411 412//412 445//445
f 411//411 445//445 444//444
f 412//412 413//413 446//446
f 412//412 446//446 445//445
f 413//413 414//414 447//447
f 413//413 447//447 446//446
f 414//414 415//415 448//448
f 414//414 448//448 447//447
f 415//415 416//416 449//449
f 415//415 449//449 448//448
f 416//416 417//417 450//450
f 416//416 450//450 449//449
f 417//417 418//418 451//451
f 417//417 451//451 450//450
f 418//418 419//419 452//452
f 418//418 452//452 451//451
f 419//419 420//420 453//453
f 419//419 453//453 452//452
f 420//420 421//421 454//454
f 420//420 454//454 453//453
f 421//421 422//422 455//455
f 421//421 455//455 454//454
f 422//422 423//423 456//456
f 422//422 456//456 455//455
f 423//423 424//424 457//457
f 423//423 457//457 456//456
f 424//424 425//425 458//458
f 424//424 458//458 457//457
f 425//425 426//426 459//459
f 425//425 459//459 458//458
f 426//426 427//427 460//460
f 426//426 460//460 459//459
f 427//427 428//428 461//461
f 427//427 461//461 460//460
f 428//428 429//429 462//462
f 428//428 462//462 461//461
f 430//430 431//431 464//464
f 430//430 464//464 463//463
f 431//431 432//432 465//465
f 431//431 465//465 464//464
f 432//432 433//433 466//466
f 432//432 466//466 465//465
f 433//433 434//434 467//467
f 433//433 467//467 466//466
f 434//434 435//435 468//468
f 434//434 468//468 467//467
f 435//435 436//436 469//469
f 435//435 469//469 468//468
f 436//436 437//437 470//470
f 436//436 470//470 469//469
f 437//437 438//438 471//471
f 437//437 471//471 470//470
f 438//438 439//439 472//472
f 438//438 472//472 471//471
f 439//439 440//440 473//473
f 439//439 473//473 472//472
f 440//440 441//441 474//474
f 440//440 474//474 473//473
f 441//441 442//442 475//475
f 441//441 475//475 474//474
f 442//442 443//443 476//476
f 442//442 476//476 475//475
f 443//443 444//444 477//477
f 443//443 477//477 476//476
f 444//444 445//445 478//478
f 444//444 478//478 477//477
f 445//445 446//446 479//479
f 445//445 479//479 478//478
f 446//446 447//447 480//480
f 446//446 480//480 479//479
f 447//447 448//448 481//481
f 447//447 481//481 480//480
f 448//448 449//449 482//482
f 448//448 482//482 481//481
f 449//449 450//450 483//483
f 449//449 483//483 482//482
f 450//450 451//451 484//484
f 450//450 484//484 483//483
f 451//451 452//452 485//485
f 451//451 485//485 484//484
f 452//452 453//453 486//486
f 452//452 486//486 485//485
f 453//453 454//454 487//487
f 453//453 487//487 486//486
f 454//454 455//455 488//488
f 454//454 488//488 487//487
f 455//455 456//456 489//489
f 455//455 489//489 488//488
f 456//456 457//457 490//490
f 456//456 490//490 489//489
f 457//457 458//458 491//491
f 457//457 491//491 490//490
f 458//458 459//459 492//492
f 458//458 492//492 491//491
f 459//459 460//460 493//493
f 459//459 493//493 492//492
f 460//460 461//461 494//494
f 460//460 494//494 493//493
f 461//461 462//462 495//495
f 461//461 495//495 494//494
f 463//463 464//464 497//497
f 463//463 497//497 496//496
f 464//464 465//465 498//498
f 464//464 498//498 497//497
f 465//465 466//466 499//499
f 465//465 499//499 498//498
f 466//466 467//467 500//500
f 466//466 500//500 499//499
f 467//467 468//468 501//501
f 467//467 501//501 500//500
f 468//468 469//469 502//502
f 468//468 502//502 501//501
f 469//469 470//470 503//503
f 469//469 503//503 502//502
f 470//470 471//471 504//504
f 470//470 504//504 503//503
f 471//471 472//472 505//505
f 471//471 505//505 504//504
f 472//472 473//473 506//506
f 472//472 506//506 505//505
f 473//473 474//474 507//507
f 473//473 507//507 506//506
f 474//474 475//475 508//508
f 474//474 508//508 507//507
f 475//475 476//476 509//509
f 475//475 509//509 508//508
f 476//476 477//477 510//510
f 476//476 510//510 509//509
f 477//477 478//478 511//511
f 477//477 511//511 510//510
f 478//478 479//479 512//512
f 478//478 512//512 511//511
f 479//479 480//480 513//513
f 479//479 513//513 512//512
f 480//480 481//481 514//514
f 480//480 514//514 513//513
f 481//481 482//482 515//515
f 481//481 515//515 514//514
f 482//482 483//483 516//516
f 482//482 516//516 515//515
f 483//483 484//484 517//517
f 483//483 517//517 516//516
f 484//484 485//485 518//518
f 484//484 518//518 517//517
f 485//485 486//486 519//519
f 485//485 519//519 518//518
f 486//486 487//487 520//520
f 486//486 520//520 519//519
f 487//487 488//488 521//521
f 487//487 521//521 520//520
f 488//488 489//489 522//522
f 488//488 522//522 521//521
f 489//489 490//490 523//523
f 489//489 523//523 522//522
f 490//490 491//491 524//524
f 490//490 524//524 523//523
f 491//491 492//492 525//525
f 491//491 525//525 524//524
f 492//492 493//493 526//526
f 492//492 526//526 525//525
f 493//493 494//494 527//527
f 493//493 527//527 526//526
f 494//494 495//495 528//528
f 494//494 528//528 527//527
f 496//496 497//497 530//530
f 496//496 530//530 529//529
f 497//497 498//498 531//531
f 497//497 531//531 530//530
f 498//498 499//499 532//532
f 498//498 532//532 531//531
f 499//499 500//500 533//533
f 499//499 533//533 532//532
f 500//500 501//501 534//534
f 500//500 534//534 533//533
f 501//501 502//502 535//535
f 501//501 535//535 534//534
f 502//502 503//503 536//536
f 502//502 536//536 535//535
f 503//503 504//504 537//537
f 503//503 537//537 536//536
f 504//504 505//505 538//538
f 504//504 538//538 537//537
f 505//505 506//506 539//539
f 505//505 539//539 538//538
f 506//506 507//507 540//540
f 506//506 540//540 539//539
f 507//507 508//508 541//541
f 507//507 541//541 540//540
f 508//508 509//509 542//542
f 508//508 542//542 541//541
f 509//509 510//510 543//543
f 509//509 543//543 542//542
f 510//510 511//511 544//544
f 510//510 544//544 543//543
f 511//511 512//512 545//545
f 511//511 545//545 544//544
f 512//512 513//513 546//546
f 512//512 546//546 545//545
f 513//513 514//514 547//547
f 513//513 547//547 546//546
f 514//514 515//515 548//548
f 514//514 548//548 547//547
f 515//515 516//516 549//549
f 515//515 549//549 548//548
f 516//516 517//517 550//550
f 516//516 550//550 549//549
f 517//517 518//518 551//551
f 517//517 551//551 550//550
f 518//518 519//519 552//552
f 518//518 552//552 551//551
f 519//519 520//520 553//553
f 519//519 553//553 552//552
f 520//520 521//521 554//554
f 520//520 554//554 553//553
f 521//521 522//522 555//555
f 521//521 555//555 554//554
f 522//522 523//523 556//556
f 522//522 556//556 555//555
f 523//523 524//524 557//557
f 523//523 557//557 556//556
f 524//524 525//525 558//558
f 524//524 558//558 557//557
f 525//525 526//526 559//559
f 525//525 559//559 558//558
f 526//526 527//527 560//560
f 526//526 560//560 559//559
f 527//527 528//528 561//561
f 527//527 561//561 560//560
f 529//529 530//530 563//563
f 529//529 563//563 562//562
f 530//530 531//531 564//564
f 530//530 564//564 563//563
f 531//531 532//532 565//565
f 531//531 565//565 564//564
f 532//532 533//533 566//566
f 532//532 566//566 565//565
f 533//533 534//534 567//567
f 533//533 567//567 566//566
f 534//534 535//535 568//568
f 534//534 568//568 567//567
f 535//535 536//536 569//569
f 535//535 569//569 568//568
f 536//536 537//537 570//570
f 536//536 570//570 569//569
f 537//537 538//538 571//571
f 537//537 571//571 570//570
f 538//538 539//539 572//572
f 538//538 572//572 571//571
f 539//539 540//540 573//573
f 539//539 573//573 572//572
f 540//540 541//541 574//574
f 540//540 574//574 573//573
f 541//541 542//542 575//575
f 541//541 575//575 574//574
f 542//542 543//543 576//576
f 542//542 576//576 575//575
f 543//543 544//544 577//577
f 543//543 577//577 576//576
f 544//544 545//545 578//578
f 544//544 578//578 577//577
f 545//545 546//546 579//579
f 545//545 579//579 578//578
f 546//546 547//547 580//580
f 546//546 580//580 579//579
f 547//547 548//548 581//581
f 547//547 581//581 580//580
f 548//548 549//549 582//582
f 548//548 582//582 581//581
f 549//549 550//550 583//583
f 549//549 583//583 582//582
f 550//550 551//551 584//584
f 550//550 584//584 583//583
f 551//551 552//552 585//585
f 551//551 585//585 584//584
f 552//552 553//553 586//586
f 552//552 586//586 585//585
f 553//553 554//554 587//587
f 553//553 587//587 586//586
f 554//554 555//555 588//588
f 554//554 588//588 587//587
f 555//555 556//556 589//589
f 555//555 589//589 588//588
f 556//556 557//557 590//590
f 556//556 590//590 589//589
f 557//557 558//558 591//591
f 557//557 591//591 590//590
f 558//558 559//559 592//592
f 558//558 592//592 591//591
f 559//559 560//560 593//593
f 559//559 593//593 592//592
f 560//560 561//561 594//594
f 560//560 594//594 593//593
f 562//562 563//563 596//596
f 562//562 596//596 595//595
f 563//563 564//564 597//597
f 563//563 597//597 596//596
f 564//564 565//565 598//598
f 564//564 598//598 597//597
f 565//565 566//566 599//599
f 565//565 599//599 598//598
f 566//566 567//567 600//600
f 566//566 600//600 599//599
f 567//567 568//568 601//601
f 567//567 601//601 600//600
f 568//568 569//569 602//602
f 568//568 602//602 601//601
f 569//569 570//570 603//603
f 569//569 603//603 602//602
f 570//570 571//571 604//604
f 570//570 604//604 603//603
f 571//571 572//572 605//605
f 571//571 605//605 604//604
f 572//572 573//573 606//606
f 572//572 606//606 605//605
f 573//573 574//574 607//607
f 573//573 607//607 606//606
f 574//574 575//575 608//608
f 574//574 608//608 607//607
f 575//575 576//576 609//609
f 575//575 609//609 608//608
f 576//576 577//577 610//610
f 576//576 610//610 609//609
f 577//577 578//578 611//611
f 577//577 611//611 610//610
f 578//578 579//579 612//612
f 578//578 612//612 611//611
f 579//579 580//580 613//613
f 579//579 613//613 612//612
f 580//580 581//581 614//614
f 580//580 614//614 613//613
f 581//581 582//582 615//615
f 581//581 615//615 614//614
f 582//582 583//583 616//616
f 582//582 616//616 615//615
f 583//583 584//584 617//617
f 583//583 617//617 616//616
f 584//584 585//585 618//618
f 584//584 618//618 617//617
f 585//585 586//586 619//619
f 585//585 619//619 618//618
f 586//586 587//587 620//620
f 586//586 620//620 619//619
f 587//587 588//588 621//621
f 587//587 621//621 620//620
f 588//588 589//589 622//622
f 588//588 622//622 621//621
f 589//589 590//590 623//623
f 589//589 623//623 622//622
f 590//590 591//591 624//624
f 590//590 624//624 623//623
f 591//591 592//592 625//625
f 591//591 625//625 624//624
f 592//592 593//593 626//626
f 592//592 626//626 625//625
f 593//593 594//594 627//627
f 593//593 627//627 626//626
f 595//595 596//596 629//629
f 595//595 629//629 628//628
f 596//596 597//597 630//630
f 596//596 630//630 629//629
f 597//597 598//598 631//631
f 597//597 631//631 630//630
f 598//598 599//599 632//632
f 598//598 632//632 631//631
f 599//599 600//600 633//633
f 599//599 633//633 632//632
f 600//600 601//601 634//634
f 600//600 634//634 633//633
f 601//601 602//602 635//635
f 601//601 635//635 634//634
f 602//602 603//603 636//636
f 602//602 636//636 635//635
f 603//603 604//604 637//637
f 603//603 637//637 636//636
f 604//604 605//605 638//638
f 604//604 638//638 637//637
f 605//605 606//606 639//639
f 605//605 639//639 638//638
f 606//606 607//607 640//640
f 606//606 640//640 639//639
f 607//607 608//608 641//641
f 607//607 641//641 640//640
f 608//608 609//609 642//642
f 608//608 642//642 641//641
f 609//609 610//610 643//643
f 609//609 643//643 642//642
f 610//610 611//611 644//644
f 610//610 644//644 643//643
f 611//611 612//612 645//645
f 611//611 645//645 644//644
f 612//612 613//613 646//646
f 612//612 646//646 645//645
f 613//613 614//614 647//647
f 613//613 647//647 646//646
f 614//614 615//615 648//648
f 614//614 648//648 647//647
f 615//615 616//616 649//649
f 615//615 649//649 648//648
f 616//616 617//617 650//650
f 616//616 650//650 649//649
f 617//617 618//618 651//651
f 617//617 651//651 650//650
f 618//618 619//619 652//652
f 618//618 652//652 651//651
f 619//619 620//620 653//653
f 619//619 653//653 652//652
f 620//620 621//621 654//654
f 620//620 654//654 653//653
f 621//621 622//622 655//655
f 621//621 655//655 654//654
f 622//622 623//623 656//656
f 622//622 656//656 655//655
f 623//623 624//624 657//657
f 623//623 657//657 656//656
f 624//624 625//625 658//658
f 624//624 658//658 657//657
f 625//625 626//626 659//659
f 625//625 659//659 658//658
f 626//626 627//627 660//660
f 626//626 660//660 659//659
f 628//628 629//629 662//662
f 628//628 662//662 661//661
f 629//629 630//630 663//663
f 629//629 663//663 662//662
f 630//630 631//631 664//664
f 630//630 664//664 663//663
f 631//631 632//632 665//665
f 631//631 665//665 664//664
f 632//632 633//633 666//666
f 632//632 666//666 665//665
f 633//633 634//634 667//667
f 633//633 667//667 666//666
f 634//634 635//635 668//668
f 634//634 668//668 667//667
f 635//635 636//636 669//669
f 635//635 669//669 668//668
f 636//636 637//637 670//670
f 636//636 670//670 669//669
f 637//637 638//638 671//671
f 637//637 671//671 670//670
f 638//638 639//639 672//672
f 638//638 672//672 671//671
f 639//639 640//640 673//673
f 639//639 673//673 672//672
f 640//640 641//641 674//674
f 640//640 674//674 673//673
f 641//641 642//642 675//675
f 641//641 675//675 674//674
f 642//642 643//643 676//676
f 642//642 676//676 675//675
f 643//643 644//644 677//677
f 643//643 677//677 676//676
f 644//644 645//645 678//678
f 644//644 678//678 677//677
f 645//645 646//646 679//679
f 645//645 679//679 678//678
f 646//646 647//647 680//680
f 646//646 680//680 679//679
f 647//647 648//648 681//681
f 647//647 681//681 680//680
f 648//648 649//649 682//682
f 648//648 682//682 681//681
f 649//649 650//650 683//683
f 649//649 683//683 682//682
f 650//650 651//651 684//684
f 650//650 684//684 683//683
f 651//651 652//652 685//685
f 651//651 685//685 684//684
f 652//652 653//653 686//686
f 652//652 686//686 685//685
f 653//653 654//654 687//687
f 653//653 687//687 686//686
f 654//654 655//655 688//688
f 654//654 688//688 687//687
f 655//655 656//656 689//689
f 655//655 689//689 688//688
f 656//656 657//657 690//690
f 656//656 690//690 689//689
f 657//657 658//658 691//691
f 657//657 691//691 690//690
f 658//658 659//659 692//692
f 658//658 692//692 691//691
f 659//659 660//660 693//693
f 659//659 693//693 692//692
f 661//661 662//662 695//695
f 661//661 695//695 694//694
f 662//662 663//663 696//696
f 662//662 696//696 695//695
f 663//663 664//664 697//697
f 663//663 697//697 696//696
f 664//664 665//665 698//698
f 664//664 698//698 697//697
f 665//665 666//666 699//699
f 665//665 699//699 698//698
f 666//666 667//667 700//700
f 666//666 700//700 699//699
f 667//667 668//668 701//701
f 667//667 701//701 700//700
f 668//668 669//669 702//702
f 668//668 702//702 701//701
f 669//669 670//670 703//703
f 669//669 703//703 702//702
f 670//670 671//671 704//704
f 670//670 704//704 703//703
f 671//671 672//672 705//705
f 671//671 705//705 704//704
f 672//672 673//673 706//706
f 672//672 706//706 705//705
f 673//673 674//674 707//707
f 673//673 707//707 706//706
f 674//674 675//675 708//708
f 674//674 708//708 707//707
f 675//675 676//676 709//709
f 675//675 709//709 708//708
f 676//676 677//677 710//710
f 676//676 710//710 709//709
f 677//677 678//678 711//711
f 677//677 711//711 710//710
f 678//678 679//679 712//712
f 678//678 712//712 711//711
f 679//679 680//680 713//713
f 679//679 713//713 712//712
f 680//680 681//681 714//714
f 680//680 714//714 713//713
f 681//681 682//682 715//715
f 681//681 715//715 714//714
f 682//682 683//683 716//716
f 682//682 716//716 715//715
f 683//683 684//684 717//717
f 683//683 717//717 716//716
f 684//684 685//685 718//718
f 684//684 718//718 717//717
f 685//685 686//686 719//719
f 685//685 719//719 718//718
f 686//686 687//687 720//720
f 686//686 720//720 719//719
f 687//687 688//688 721//721
f 687//687 721//721 720//720
f 688//688 689//689 722//722
f 688//688 722//722 721//721
f 689//689 690//690 723//723
f 689//689 723//723 722//722
f 690//690 691//691 724//724
f 690//690 724//724 723//723
f 691//691 692//692 725//725
f 691//691 725//725 724//724
f 692//692 693//693 726//726
f 692//692 726//726 725//725
f 694//694 695//695 728//728
f 694//694 728//728 727//727
f 695//695 696//696 729//729
f 695//695 729//729 728//728
f 696//696 697//697 730//730
f 696//696 730//730 729//729
f 697//697 698//698 731//731
f 697//697 731//731 730//730
f 698//698 699//699 732//732
f 698//698 732//732 731//731
f 699//699 700//700 733//733
f 699//699 733//733 732//732
f 700//700 701//701 734//734
f 700//700 734//734 733//733
f 701//701 702//702 735//735
f 701//701 735//735 734//734
f 702//702 703//703 736//736
f 702//702 736//736 735//735
f 703//703 704//704 737//737
f 703//703 737//737 736//736
f 704//704 705//705 738//738
f 704//704 738//738 737//737
f 705//705 706//706 739//739
f 705//705 739//739 738//738
f 706//706 707//707 740//740
f 706//706 740//740 739//739
f 707//707 708//708 741//741
f 707//707 741//741 740//740
f 708//708 709//709 742//742
f 708//708 742//742 741//741
f 709//709 710//710 743//743
f 709//709 743//743 742//742
f 710//710 711//711 744//744
f 710//710 744//744 743//743
f 711//711 712//712 745//745
f 711//711 745//745 744//744
f 712//712 713//713 746//746
f 712//712 746//746 745//745
f 713//713 714//714 747//747
f 713//713 747//747 746//746
f 714//714 715//715 748//748
f 714//714 748//748 747//747
f 715//715 716//716 749//749
f 715//715 749//749 748//748
f 716//716 717//717 750//750
f 716//716 750//750 749//749
f 717//717 718//718 751//751
f 717//717 751//751 750//750
f 718//718 719//719 752//752
f 718//718 752//752 751//751
f 719//719 720//720 753//753
f 719//719 753//753 752//752
f 720//720 721//721 754//754
f 720//720 754//754 753//753
f 721//721 722//722 755//755
f 721//721 755//755 754//754
f 722//722 723//723 756//756
f 722//722 756//756 755//755
f 723//723 724//724 757//757
f 723//723 757//757 756//756
f 724//724 725//725 758//758
f 724//724 758//758 757//757
f 725//725 726//726 759//759
f 725//725 759//759 758//758
f 727//727 728//728 761//761
f 727//727 761//761 760//760
f 728//728 729//729 762//762
f 728//728 762//762 761//761
f 729//729 730//730 763//763
f 729//729 763//763 762//762
f 730//730 731//731 764//764
f 730//730 764//764 763//763
f 731//731 732//732 765//765
f 731//731 765//765 764//764
f 732//732 733//733 766//766
f 732//732 766//766 765//765
f 733//733 734//734 767//767
f 733//733 767//767 766//766
f 734//734 735//735 768//768
f 734//734 768//768 767//767
f 735//735 736//736 769//769
f 735//735 769//769 768//768
f 736//736 737//737 770//770
f 736//736 770//770 769//769
f 737//737 738//738 771//771
f 737//737 771//771 770//770
f 738//738 739//739 772//772
f 738//738 772//772 771//771
f 739//739 740//740 773//773
f 739//739 773//773 772//772
f 740//740 741//741 774//774
f 740//740 774//774 773//773
f 741//741 742//742 775//775
f 741//741 775//775 774//774
f 742//742 743//743 776//776
f 742//742 776//776 775//775
f 743//743 744//744 777//777
f 743//743 777//777 776//776
f 744//744 745//745 778//778
f 744//744 778//778 777//777
f 745//745 746//746 779//779
f 745//745 779//779 778//778
f 746//746 747//747 780//780
f 746//746 780//780 779//779
f 747//747 748//748 781//781
f 747//747 781//781 780//780
f 748//748 749//749 782//782
f 748//748 782//782 781//781
f 749//749 750//750 783//783
f 749//749 783//783 782//782
f 750//750 751//751 784//784
f 750//750 784//784 783//783
f 751//751 752//752 785//785
f 751//751 785//785 784//784
f 752//752 753//753 786//786
f 752//752 786//786 785//785
f 753//753 754//754 787//787
f 753//753 787//787 786//786
f 754//754 755//755 788//788
f 754//754 788//788 787//787
f 755//755 756//756 789//789
f 755//755 789//789 788//788
f 756//756 757//757 790//790
f 756//756 790//790 789//789
f 757//757 758//758 791//791
f 757//757 791//791 790//790
f 758//758 759//759 792//792
f 758//758 792//792 791//791
f 760//760 761//761 794//794
f 760//760 794//794 793//793
f 761//761 762//762 795//795
f 761//761 795//795 794//794
f 762//762 763//763 796//796
f 762//762 796//796 795//795
f 763//763 764//764 797//797
f 763//763 797//797 796//796
f 764//764 765//765 798//798
f 764//764 798//798 797//797
f 765//765 766//766 799//799
f 765//765 799//799 798//798
f 766//766 767//767 800//800
f 766//766 800//800 799//799
f 767//767 768//768 801//801
f 767//767 801//801 800//800
f 768//768 769//769 802//802
f 768//768 802//802 801//801
f 769//769 770//770 803//803
f 769//769 803//803 802//802
f 770//770 771//771 804//804
f 770//770 804//804 803//803
f 771//771 772//772 805//805
f 771//771 805//805 804//804
f 772//772 773//773 806//806
f 772//772 806//806 805//805
f 773//773 774//774 807//807
f 773//773 807//807 806//806
f 774//774 775//775 808//808
f 774//774 808//808 807//807
f 775//775 776//776 809//809
f 775//775 809//809 808//808
f 776//776 777//777 810//810
f 776//776 810//810 809//809
f 777//777 778//778 811//811
f 777//777 811//811 810//810
f 778//778 779//779 812//812
f 778//778 812//812 811//811
f 779//779 780//780 813//813
f 779//779 813//813 812//812
f 780//780 781//781 814//814
f 780//780 814//814 813//813
f 781//781 782//782 815//815
f 781//781 815//815 814//814
f 782//782 783//783 816//816
f 782//782 816//816 815//815
f 783//783 784//784 817//817
f 783//783 817//817 816//816
f 784//784 785//785 818//818
f 784//784 818//818 817//817
f 785//785 786//786 819//819
f 785//785 819//819 818//818
f 786//786 787//787 820//820
f 786//786 820//820 819//819
f 787//787 788//788 821//821
f 787//787 821//821 820//820
f 788//788 789//789 822//822
f 788//788 822//822 821//821
f 789//789 790//790 823//823
f 789//789 823//823 822//822
f 790//790 791//791 824//824
f 790//790 824//824 823//823
f 791//791 792//792 825//825
f 791//791 825//825 824//824
f 793//793 794//794 827//827
f 793//793 827//827 826//826
f 794//794 795//795 828//828
f 794//794 828//828 827//827
f 795//795 796//796 829//829
f 795//795 829//829 828//828
f 796//796 797//797 830//830
f 796//796 830//830 829//829
f 797//797 798//798 831//831
f 797//797 831//831 830//830
f 798//798 799//799 832//832
f 798//798 832//832 831//831
f 799//799 800//800 833//833
f 799//799 833//833 832//832
f 800//800 801//801 834//834
f 800//800 834//834 833//833
f 801//801 802//802 835//835
f 801//801 835//835 834//834
f 802//802 803//803 836//836
f 802//802 836//836 835//835
f 803//803 804//804 837//837
f 803//803 837//837 836//836
f 804//804 805//805 838//838
f 804//804 838//838 837//837
f 805//805 806//806 839//839
f 805//805 839//839 838//838
f 806//806 807//807 840//840
f 806//806 840//840 839//839
f 807//807 808//808 841//841
f 807//807 841//841 840//840
f 808//808 809//809 842//842
f 808//808 842//842 841//841
f 809//809 810//810 843//843
f 809//809 843//843 842//842
f 810//810 811//811 844//844
f 810//810 844//844 843//843
f 811//811 812//812 845//845
f 811//811 845//845 844//844
f 812//812 813//813 846//846
f 812//812 846//846 845//845
f 813//813 814//814 847//847
f 813//813 847//847 846//846
f 814//814 815//815 848//848
f 814//814 848//848 847//847
f 815//815 816//816 849//849
f 815//815 849//849 848//848
f 816//816 817//817 850//850
f 816//816 850//850 849//849
f 817//817 818//818 851//851
f 817//817 851//851 850//850
f 818//818 819//819 852//852
f 818//818 852//852 851//851
f 819//819 820//820 853//853
f 819//819 853//853 852//852
f 820//820 821//821 854//854
f 820//820 854//854 853//853
f 821//821 822//822 855//855
f 821//821 855//855 854//854
f 822//822 823//823 856//856
f 822//822 856//856 855//855
f 823//823 824//824 857//857
f 823//823 857//857 856//856
f 824//824 825//825 858//858
f 824//824 858//858 857//857
f 826//826 827//827 860//860
f 826//826 860//860 859//859
f 827//827 828//828 861//861
f 827//827 861//861 860//860
f 828//828 829//829 862//862
f 828//828 862//862 861//861
f 829//829 830//830 863//863
f 829//829 863//863 862//862
f 830//830 831//831 864//864
f 830//830 864//864 863//863
f 831//831 832//832 865//865
f 831//831 865//865 864//864
f 832//832 833//833 866//866
f 832//832 866//866 865//865
f 833//833 834//834 867//867
f 833//833 867//867 866//866
f 834//834 835//835 868//868
f 834//834 868//868 867//867
f 835//835 836//836 869//869
f 835//835 869//869 868//868
f 836//836 837//837 870//870
f 836//836 870//870 869//869
f 837//837 838//838 871//871
f 837//837 871//871 870//870
f 838//838 839//839 872//872
f 838//838 872//872 871//871
f 839//839 840//840 873//873
f 839//839 873//873 872//872
f 840//840 841//841 874//874
f 840//840 874//874 873//873
f 841//841 842//842 875//875
f 841//841 875//875 874//874
f 842//842 843//843 876//876
f 842//842 876//876 875//875
f 843//843 844//844 877//877
f 843//843 877//877 876//876
f 844//844 845//845 878//878
f 844//844 878//878 877//877
f 845//845 846//846 879//879
f 845//845 879//879 878//878
f 846//846 847//847 880//880
f 846//846 880//880 879//879
f 847//847 848//848 881//881
f 847//847 881//881 880//880
f 848//848 849//849 882//882
f 848//848 882//882 881//881
f 849//849 850//850 883//883
f 849//849 883//883 882//882
f 850//850 851//851 884//884
f 850//850 884//884 883//883
f 851//851 852//852 885//885
f 851//851 885//885 884//884
f 852//852 853//853 886//886
f 852//852 886//886 885//885
f 853//853 854//854 887//887
f 853//853 887//887 886//886
f 854//854 855//855 888//888
f 854//854 888//888 887//887
f 855//855 856//856 889//889
f 855//855 889//889 888//888
f 856//856 857//857 890//890
f 856//856 890//890 889//889
f 857//857 858//858 891//891
f 857//857 891//891 890//890
f 859//859 860//860 893//893
f 859//859 893//893 892//892
f 860//860 861//861 894//894
f 860//860 894//894 893//893
f 861//861 862//862 895//895
f 861//861 895//895 894//894
f 862//862 863//863 896//896
f 862//862 896//896 895//895
f 863//863 864//864 897//897
f 863//863 897//897 896//896
f 864//864 865//865 898//898
f 864//864 898//898 897//897
f 865//865 866//866 899//899
f 865//865 899//899 898//898
f 866//866 867//867 900//900
f 866//866 900//900 899//899
f 867//867 868//868 901//901
f 867//867 901//901 900//900
f 868//868 869//869 902//902
f 868//868 902//902 901//901
f 869//869 870//870 903//903
f 869//869 903//903 902//902
f 870//870 871//871 904//904
f 870//870 904//904 903//903
f 871//871 872//872 905//905
f 871//871 905//905 904//904
f 872//872 873//873 906//906
f 872//872 906//906 905//905
f 873//873 874//874 907//907
f 873//873 907//907 906//906
f 874//874 875//875 908//908
f 874//874 908//908 907//907
f 875//875 876//876 909//909
f 875//875 909//909 908//908
f 876//876 877//877 910//910
f 876//876 910//910 909//909
f 877//877 878//878 911//911
f 877//877 911//911 910//910
f 878//878 879//879 912//912
f 878//878 912//912 911//911
f 879//879 880//880 913//913
f 879//879 913//913 912//912
f 880//880 881//881 914//914
f 880//880 914//914 913//913
f 881//881 882//882 915//915
f 881//881 915//915 914//914
f 882//882 883//883 916//916
f 882//882 916//916 915//915
f 883//883 884//884 917//917
f 883//883 917//917 916//916
f 884//884 885//885 918//918
f 884//884 918//918 917//917
f 885//885 886//886 919//919
f 885//885 919//919 918//918
f 886//886 887//887 920//920
f 886//886 920//920 919//919
f 887//887 888//888 921//921
f 887//887 921//921 920//920
f 888//888 889//889 922//922
f 888//888 922//922 921//921
f 889//889 890//890 923//923
f 889//889 923//923 922//922
f 890//890 891//891 924//924
f 890//890 924//924 923//923
f 892//892 893//893 926//926
f 892//892 926//926 925//925
f 893//893 894//894 927//927
f 893//893 927//927 926//926
f 894//894 895//895 928//928
f 894//894 928//928 927//927
f 895//895 896//896 929//929
f 895//895 929//929 928//928
f 896//896 897//897 930//930
f 896//896 930//930 929//929
f 897//897 898//898 931//931
f 897//897 931//931 930//930
f 898//898 899//899 932//932
f 898//898 932//932 931//931
f 899//899 900//900 933//933
f 899//899 933//933 932//932
f 900//900 901//901 934//934
f 900//900 934//934 933//933
f 901//901 902//902 935//935
f 901//901 935//935 934//934
f 902//902 903//903 936//936
f 902//902 936//936 935//935
f 903//903 904//904 937//937
f 903//903 937//937 936//936
f 904//904 905//905 938//938
f 904//904 938//938 937//937
f 905//905 906//906 939//939
f 905//905 939//939 938//938
f 906//906 907//907 940//940
f 906//906 940//940 939//939
f 907//907 908//908 941//941
f 907//907 941//941 940//940
f 908//908 909//909 942//942
f 908//908 942//942 941//941
f 909//909 910//910 943//943
f 909//909 943//943 942//942
f 910//910 911//911 944//944
f 910//910 944//944 943//943
f 911//911 912//912 945//945
f 911//911 945//945 944//944
f 912//912 913//913 946//946
f 912//912 946//946 945//945
f 913//913 914//914 947//947
f 913//913 947//947 946//946
f 914//914 915//915 948//948
f 914//914 948//948 947//947
f 915//915 916//916 949//949
f 915//915 949//949 948//948
f 916//916 917//917 950//950
f 916//916 950//950 949//949
f 917//917 918//918 951//951
f 917//917 951//951 950//950
f 918//918 919//919 952//952
f 918//918 952//952 951//951
f 919//919 920//920 953//953
f 919//919 953//953 952//952
f 920//920 921//921 954//954
f 920//920 954//954 953//953
f 921//921 922//922 955//955
f 921//921 955//955 954//954
f 922//922 923//923 956//956
f 922//922 956//956 955//955
f 923//923 924//924 957//957
f 923//923 957//957 956//956
f 925//925 926//926 959//959
f 925//925 959//959 958//958
f 926//926 927//927 960//960
f 926//926 960//960 959//959
f 927//927 928//928 961//961
f 927//927 961//961 960//960
f 928//928 929//929 962//962
f 928//928 962//962 961//961
f 929//929 930//930 963//963
f 929//929 963//963 962//962
f 930//930 931//931 964//964
f 930//930 964//964 963//963
f 931//931 932//932 965//965
f 931//931 965//965 964//964
f 932//932 933//933 966//966
f 932//932 966//966 965//965
f 933//933 934//934 967//967
f 933//933 967//967 966//966
f 934//934 935//935 968//968
f 934//934 968//968 967//967
f 935//935 936//936 969//969
f 935//935 969//969 968//968
f 936//936 937//937 970//970
f 936//936 970//970 969//969
f 937//937 938//938 971//971
f 937//937 971//971 970//970
f 938//938 939//939 972//972
f 938//938 972//972 971//971
f 939//939 940//940 973//973
f 939//939 973//973 972//972
f 940//940 941//941 974//974
f 940//940 974//974 973//973
f 941//941 942//942 975//975
f 941//941 975//975 974//974
f 942//942 943//943 976//976
f 942//942 976//976 975//975
f 943//943 944//944 977//977
f 943//943 977//977 976//976
f 944//944 945//945 978//978
f 944//944 978//978 977//977
f 945//945 946//946 979//979
f 945//945 979//979 978//978
f 946//946 947//947 980//980
f 946//946 980//980 979//979
f 947//947 948//948 981//981
f 947//947 981//981 980//980
f 948//948 949//949 982//982
f 948//948 982//982 981//981
f 949//949 950//950 983//983
f 949//949 983//983 982//982
f 950//950 951//951 984//984
f 950//950 984//984 983//983
f 951//951 952//952 985//985
f 951//951 985//985 984//984
f 952//952 953//953 986//986
f 952//952 986//986 985//985
f 953//953 954//954 987//987
f 953//953 987//987 986//986
f 954//954 955//955 988//988
f 954//954 988//988 987//987
f 955//955 956//956 989//989
f 955//955 989//989 988//988
f 956//956 957//957 990//990
f 956//956 990//990 989//989
f 958//958 959//959 992//992
f 958//958 992//992 991//991
f 959//959 960//960 993//993
f 959//959 993//993 992//992
f 960//960 961//961 994//994
f 960//960 994//994 993//993
f 961//961 962//962 995//995
f 961//961 995//995 994//994
f 962//962 963//963 996//996
f 962//962 996//996 995//995
f 963//963 964//964 997//997
f 963//963 997//997 996//996
f 964//964 965//965 998//998
f 964//964 998//998 997//997
f 965//965 966//966 999//999
f 965//965 999//999 998//998
f 966//966 967//967 1000//1000
f 966//966 1000//1000 999//999
f 967//967 968//968 1001//1001
f 967//967 1001//1001 1000//1000
f 968//968 969//969 1002//1002
f 968//968 1002//1002 1001//1001
f 969//969 970//970 1003//1003
f 969//969 1003//1003 1002//1002
f 970//970 971//971 1004//1004
f 970//970 1004//1004 1003//1003
f 971//971 972//972 1005//1005
f 971//971 1005//1005 1004//1004
f 972//972 973//973 1006//1006
f 972//972 1006//1006 1005//1005
f 973//973 974//974 1007//1007
f 973//973 1007//1007 1006//1006
f 974//974 975//975 1008//1008
f 974//974 1008//1008 1007//1007
f 975//975 976//976 1009//1009
f 975//975 1009//1009 1008//1008
f 976//976 977//977 1010//1010
f 976//976 1010//1010 1009//1009
f 977//977 978//978 1011//1011
f 977//977 1011//1011 1010//1010
f 978//978 979//979 1012//1012
f 978//978 1012//1012 1011//1011
f 979//979 980//980 1013//1013
f 979//979 1013//1013 1012//1012
f 980//980 981//981 1014//1014
f 980//980 1014//1014 1013//1013
f 981//981 982//982 1015//1015
f 981//981 1015//1015 1014//1014
f 982//982 983//983 1016//1016
f 982//982 1016//1016 1015//1015
f 983//983 984//984 1017//1017
f 983//983 1017//1017 1016//1016
f 984//984 985//985 1018//1018
f 984//984 1018//1018 1017//1017
f 985//985 986//986 1019//1019
f 985//985 1019//1019 1018//1018
f 986//986 987//987 1020//1020
f 986//986 1020//1020 1019//1019
f 987//987 988//988 1021//1021
f 987//987 1021//1021 1020//1020
f 988//988 989//989 1022//1022
f 988//988 1022//1022 1021//1021
f 989//989 990//990 1023//1023
f 989//989 1023//1023 1022//1022
f 991//991 992//992 1025//1025
f 991//991 1025//1025 1024//1024
f 992//992 993//993 1026//1026
f 992//992 1026//1026 1025//1025
f 993//993 994//994 1027//1027
f 993//993 1027//1027 1026//1026
f 994//994 995//995 1028//1028
f 994//994 1028//1028 1027//1027
f 995//995 996//996 1029//1029
f 995//995 1029//1029 1028//1028
f 996//996 997//997 1030//1030
f 996//996 1030//1030 1029//1029
f 997//997 998//998 1031//1031
f 997//997 1031//1031 1030//1030
f 998//998 999//999 1032//1032
f 998//998 1032//1032 1031//1031
f 999//999 1000//1000 1033//1033
f 999//999 1033//1033 1032//1032
f 1000//1000 1001//1001 1034//1034
f 1000//1000 1034//1034 1033//1033
f 1001//1001 1002//1002 1035//1035
f 1001//1001 1035//1035 1034//1034
f 1002//1002 1003//1003 1036//1036
f 1002//1002 1036//1036 1035//1035
f 1003//1003 1004//1004 1037//1037
f 1003//1003 1037//1037 1036//1036
f 1004//1004 1005//1005 1038//1038
f 1004//1004 1038//1038 1037//1037
f 1005//1005 1006//1006 1039//1039
f 1005//1005 1039//1039 1038//1038
f 1006//1006 1007//1007 1040//1040
f 1006//1006 1040//1040 1039//1039
f 1007//1007 1008//1008 1041//1041
f 1007//1007 1041//1041 1040//1040
f 1008//1008 1009//1009 1042//1042
f 1008//1008 1042//1042 1041//1041
f 1009//1009 1010//1010 1043//1043
f 1009//1009 1043//1043 1042//1042
f 1010//1010 1011//1011 1044//1044
f 1010//1010 1044//1044 1043//1043
f 1011//1011 1012//1012 1045//1045
f 1011//1011 1045//1045 1044//1044
f 1012//1012 1013//1013 1046//1046
f 1012//1012 1046//1046 1045//1045
f 1013//1013 1014//1014 1047//1047
f 1013//1013 1047//1047 1046//1046
f 1014//1014 1015//1015 1048//1048
f 1014//1014 1048//1048 1047//1047
f 1015//1015 1016//1016 1049//1049
f 1015//1015 1049//1049 1048//1048
f 1016//1016 1017//1017 1050//1050
f 1016//1016 1050//1050 1049//1049
f 1017//1017 1018//1018 1051//1051
f 1017//1017 1051//1051 1050//1050
f 1018//1018 1019//1019 1052//1052
f 1018//1018 1052//1052 1051//1051
f 1019//1019 1020//1020 1053//1053
f 1019//1019 1053//1053 1052//1052
f 1020//1020 1021//1021 1054//1054
f 1020//1020 1054//1054 1053//1053
f 1021//1021 1022//1022 1055//1055
f 1021//1021 1055//1055 1054//1054
f 1022//1022 1023//1023 1056//1056
f 1022//1022 1056//1056 1055//1055
f 1024//1024 1025//1025 1058//1058
f 1024//1024 1058//1058 1057//1057
f 1025//1025 1026//1026 1059//1059
f 1025//1025 1059//1059 1058//1058
f 1026//1026 1027//1027 1060//1060
f 1026//1026 1060//1060 1059//1059
f 1027//1027 1028//1028 1061//1061
f 1027//1027 1061//1061 1060//1060
f 1028//1028 1029//1029 1062//1062
f 1028//1028 1062//1062 1061//1061
f 1029//1029 1030//1030 1063//1063
f 1029//1029 1063//1063 1062//1062
f 1030//1030 1031//1031 1064//1064
f 1030//1030 1064//1064 1063//1063
f 1031//1031 1032//1032 1065//1065
f 1031//1031 1065//1065 1064//1064
f 1032//1032 1033//1033 1066//1066
f 1032//1032 1066//1066 1065//1065
f 1033//1033 1034//1034 1067//1067
f 1033//1033 1067//1067 1066//1066
f 1034//1034 1035//1035 1068//1068
f 1034//1034 1068//1068 1067//1067
f 1035//1035 1036//1036 1069//1069
f 1035//1035 1069//1069 1068//1068
f 1036//1036 1037//1037 1070//1070
f 1036//1036 1070//1070 1069//1069
f 1037//1037 1038//1038 1071//1071
f 1037//1037 1071//1071 1070//1070
f 1038//1038 1039//1039 1072//1072
f 1038//1038 1072//1072 1071//1071
f 1039//1039 1040//1040 1073//1073
f 1039//1039 1073//1073 1072//1072
f 1040//1040 1041//1041 1074//1074
f 1040//1040 1074//1074 1073//1073
f 1041//1041 1042//1042 1075//1075
f 1041//1041 1075//1075 1074//1074
f 1042//1042 1043//1043 1076//1076
f 1042//1042 1076//1076 1075//1075
f 1043//1043 1044//1044 1077//1077
f 1043//1043 1077//1077 1076//1076
f 1044//1044 1045//1045 1078//1078
f 1044//1044 1078//1078 1077//1077
f 1045//1045 1046//1046 1079//1079
f 1045//1045 1079//1079 1078//1078
f 1046//1046 1047//1047 1080//1080
f 1046//1046 1080//1080 1079//1079
f 1047//1047 1048//1048 1081//1081
f 1047//1047 1081//1081 1080//1080
f 1048//1048 1049//1049 1082//1082
f 1048//1048 1082//1082 1081//1081
f 1049//1049 1050//1050 1083//1083
f 1049//1049 1083//1083 1082//1082
f 1050//1050 1051//1051 1084//1084
f 1050//1050 1084//1084 1083//1083
f 1051//1051 1052//1052 1085//1085
f 1051//1051 1085//1085 1084//1084
f 1052//1052 1053//1053 1086//1086
f 1052//1052 1086//1086 1085//1085
f 1053//1053 1054//1054 1087//1087
f 1053//1053 1087//1087 1086//1086
f 1054//1054 1055//1055 1088//1088
f 1054//1054 1088//1088 1087//1087
f 1055//1055 1056//1056 1089//1089
f 1055//1055 1089//1089 1088//1088
