# File exported by Houdini 21.0.729 (www.sidefx.com)
# 550 points
# 2796 vertices
# 932 primitives
# Bounds: [-118.107697, -0.250928521, -49.9981575] to [118.107697, 90.2254868, 51.6913528]
mtllib Couch.mtl
g default
v 85.8739014 28.969099 36.3543434
v -40.7240677 29.3323269 36.3742981
v 41.5434532 27.8089752 37.9934082
v -47.0168304 21.150259 39.24506
v -77.9634933 20.2478065 39.286274
v -80.390892 13.9223423 39.1015091
v -86.2232285 27.486496 38.4477234
v -48.2124329 27.7147713 38.7442513
v -86.8402481 29.0840073 36.517868
v 85.1232681 27.0243835 38.5742035
v 58.3385811 20.56777 39.4387054
v 85.9467392 12.5147877 38.6662102
v 88.1281662 7.05600786 36.7618484
v 87.7073059 26.9589367 36.4304619
v 86.4763184 5.61559105 37.9052658
v 66.4712448 7.0015893 37.9035568
v 58.5004921 5.223629 36.2570763
v -88.171669 26.5451202 36.1712227
v -88.1323166 7.52891684 35.8840714
v -86.2507019 13.1224937 38.6646538
v -86.773735 5.51918173 37.2555389
v 81.5203323 4.44733047 34.4448509
v -87.7312164 27.6432095 34.6027565
v 28.2080956 24.4099884 38.7522316
v 58.5112343 13.2090225 39.2718582
v 8.40965176 21.769001 39.4265823
v 19.7658958 13.7450943 39.0733795
v -4.62735081 26.4240341 38.7759895
v 80.2714386 8.88745308 38.6919937
v -10.4470253 17.4079781 39.3092766
v -24.7333145 20.9253025 39.4405327
v -45.3614311 12.7366295 38.8032799
v -26.7952785 13.3672409 39.2070274
v -59.9988976 7.64383936 38.4627151
v -86.1456451 6.12589407 38.3313217
v 84.3881531 29.4741344 33.7784271
v 86.6554642 28.825592 19.9279652
v 87.9733658 27.4814491 27.0025711
v -60.7781906 5.2386651 37.0317459
v -84.1057968 4.42998457 34.3806534
v -62.6261444 4.2833252 33.9663544
v -84.9177399 29.4767075 32.9457588
v -29.997715 7.58929014 38.6203423
v -5.02144718 7.56061316 38.7032089
v 30.9481659 7.03973341 38.7032127
v -31.2304382 5.08396721 36.959259
v -31.4700203 4.32262945 34.2673607
v -5.224123 4.7284174 36.962429
v 15.7457638 4.38219404 34.7235184
v 30.6399536 4.39694357 34.6604156
v 1.86711502 29.4745178 33.654335
v 5.21863937 29.4763908 -12.1791172
v -4.94107389 29.4758892 -11.9639463
v -1.0866313 29.4747066 33.5930405
v 20.4996147 29.47715 -14.437624
v -6.50167274 29.476368 -25.0806675
v 44.7457008 46.3675499 14.0316095
v 45.1402321 46.2628365 -7.12056065
v 4.35686207 46.2185822 -11.2740927
v 46.9593086 31.4272423 -10.9956856
v 4.5475316 29.2109356 -14.655673
v 23.7820225 43.7723351 -11.2021904
v 2.73419166 45.9599075 16.3662071
v 18.518116 43.4047241 45.6162529
v 27.1044407 46.1819496 21.7098255
v 0.259762973 33.96278 16.7060795
v 1.02375245 44.2489738 11.1822186
v 2.85993409 38.1464729 -13.1161213
v 88.0327988 43.4473801 11.332428
v 85.6556702 43.565197 45.7207413
v 86.5355377 29.3235817 44.5215874
v 59.0912552 38.7802238 48.3417206
v 52.2215919 43.1892395 35.2770462
v 19.6459751 26.4092293 45.8354836
v 48.137043 35.7204018 50.0300674
v 10.6539097 38.7672768 47.496273
v 1.30665207 37.9962883 44.0937233
v 0.190045625 28.8790398 39.9278488
v 86.7016907 30.6824551 -1.37877333
v 71.5405121 36.6428375 49.7947807
v 36.3681984 25.1796131 44.3753204
v 71.625351 27.0534306 47.4242516
v 67.665123 46.1418114 -7.66904545
v 75.5458069 46.1458817 21.6309414
v 67.4905472 42.5863075 38.486042
v 54.5477066 28.0834846 25.2181168
v 67.6092224 24.5418587 44.7299194
v 84.5027618 29.024292 18.9328041
v 84.0274887 27.6776352 35.4707069
v 9.69833279 26.1930027 44.1510735
v 2.86402249 29.0132332 11.364646
v 37.7037582 28.9993324 16.6993237
v 87.2605209 42.3607712 -10.4172821
v 85.4150009 32.4271622 -12.0919762
v 86.4629517 46.5629807 -3.8990674
v 85.7788467 46.375473 30.6140366
v 3.15100074 42.9374275 42.7845917
v -58.2656975 41.6685867 38.4291458
v -69.836174 45.5469513 21.9225693
v -65.2771301 43.3445015 41.8665733
v -3.10679698 44.0238914 -11.3632183
v -0.691549361 42.9981461 29.0577087
v -3.16461802 31.5686836 -12.3250093
v -86.7632217 40.456871 45.8034515
v -86.2938995 44.0721245 19.3691158
v -87.0829926 31.2774887 11.1844873
v -41.7310524 32.2075348 50.3831673
v -66.901062 37.4010735 51.6913528
v -73.2414703 29.922554 50.4314651
v -86.8899307 28.3857918 43.3145866
v -29.2842827 44.0436707 18.5162582
v -38.9677467 39.5084915 36.8822479
v -20.5154457 42.7628212 34.3306351
v 0.599880517 30.4698315 43.8023834
v -44.0929298 23.3731766 46.9443932
v -22.2900715 24.5078983 45.5071945
v -11.7556 33.4001541 46.7969666
v -4.67814398 45.9558372 10.5237389
v -19.5090733 46.1218758 6.76826954
v -9.16521549 44.1739502 40.2592125
v -59.613102 46.5143929 -2.6417098
v -85.4561539 46.2570419 -1.70878375
v -83.5357895 46.592453 17.9072685
v -69.4171371 44.8480721 -5.0254612
v -25.0458813 46.2870293 -6.61462259
v -22.7726994 44.8598633 -10.0605602
v -85.0821304 29.243372 47.478981
v -84.0467529 43.4301338 48.6749763
v -63.477684 26.5752964 37.7728462
v -69.3125153 26.6901379 47.2038574
v -83.9960938 26.1322021 45.0716934
v -18.9754066 24.1975384 41.5837784
v -24.1567783 27.9598656 30.8126564
v -1.29220366 29.2655392 32.4899559
v -60.1373749 39.1485748 48.6234207
v -7.979877 42.9590645 43.8098106
v -40.6101036 35.552948 47.9848785
v -49.0988922 43.4825287 18.7917843
v -71.7397919 43.3519669 42.1370125
v -13.0403385 39.5126686 46.5548248
v -4.62366247 46.1941605 -8.83276939
v -2.68183613 44.5636559 38.0966148
v -40.8586922 21.8772831 42.9590836
v -74.6873932 43.129158 48.5736771
v -85.338707 29.0731468 19.4129028
v -7.16449642 25.7974815 44.7866211
v -87.5112305 31.3880005 -6.41869307
v -87.9726028 43.3052216 -5.01669741
v 0.377915561 37.6985779 44.4328575
v -13.3071156 70.9347 -47.2914391
v -10.5630083 47.9253273 -45.8722267
v -33.1074638 57.4363403 -46.1281471
v -13.315609 17.8350163 -43.727951
v -59.4000053 5.38414764 -41.0242271
v -53.4615021 21.8073082 -42.7484741
v 103.089684 4.70060539 -35.9952507
v 102.920113 37.4329414 -42.3922157
v 102.591423 70.2023544 -42.3021278
v 14.3596106 46.4355812 -45.7300186
v 35.6620483 61.8134995 -46.4094276
v 63.7565002 49.4202576 -44.9318085
v 102.852165 3.53382921 -38.9380608
v 52.4156799 69.8231659 -46.8028679
v 101.178703 69.2227325 -46.1184158
v 7.13483191 4.76223135 -42.5805473
v 16.8685455 17.8274574 -43.6159515
v 56.8367767 4.49004984 -41.0162659
v -14.5933666 4.50147247 -42.359684
v 14.0460482 70.8999252 -47.3115501
v -92.4868851 48.7518272 -44.4022713
v -47.2555313 70.3869019 -46.8667908
v 101.95961 37.3561783 -42.7879753
v 102.078667 4.59125996 -40.0730515
v 101.895615 70.9199677 -45.5162239
v 100.716156 29.9359665 -42.5257988
v 65.554985 36.6570511 -43.7435379
v 50.8188057 23.2569141 -42.9630928
v 3.69628453 16.7201309 -43.7563362
v -61.7560081 52.1981239 -45.1896629
v -54.5963364 36.1666107 -43.9699936
v -23.3219738 42.1019211 -45.3518219
v 0.149449006 36.7539597 -45.2876205
v -98.1235733 6.31748533 -40.3763161
v -101.917633 35.5291367 -43.0418205
v -101.827477 4.31777239 -39.9019547
v 102.51429 69.974144 -45.0902138
v -102.948227 3.4851532 -38.875721
v -102.160431 4.08336687 -39.3601189
v -59.5642929 3.33099222 -39.5708771
v -102.580093 69.7672348 -45.0627556
v -102.603699 70.2104721 -42.3761444
v -102.011765 70.9935913 -45.4363937
v 17.2947884 34.1349907 -44.9146881
v -58.7799416 29.6937618 -43.4803543
v -102.05571 70.6250916 -41.7399712
v -101.705421 71.4810028 -42.0451584
v 101.463539 3.65420914 -36.1389313
v 102.076385 71.3688812 -41.911129
v 24.0157223 39.9496841 -45.0754585
v -101.59626 69.5100403 -46.1870613
v 101.343613 71.3593903 -44.6610985
v -101.1838 71.3959198 -44.482254
v -13.7004871 72.7895889 -43.3973274
v -13.7855654 71.3581848 -42.1907196
v 13.9959497 72.3756638 -43.0971565
v 56.9188461 3.85319757 -40.4028397
v -47.0740852 71.0817184 -42.0207329
v -47.2406654 72.290863 -42.8819923
v -102.977325 3.7629137 -36.0590324
v -59.723217 3.40367842 -37.0524826
v 52.1722832 71.9685593 -45.7287674
v 52.1049347 72.2834396 -43.0989342
v 7.20141506 3.21157408 -41.9032745
v 52.1079521 71.4401703 -42.2563896
v 100.595558 70.2500153 -41.1867332
v -47.2477341 71.8461685 -45.9423828
v -13.5701351 72.3704681 -46.2535439
v -59.4807549 4.10533476 -40.6479187
v -14.5553188 3.16112852 -41.8300514
v 57.014328 3.11942768 -39.7137604
v 7.36025238 2.6705246 -40.554039
v 56.8562164 3.28650713 -37.2607002
v 7.61285877 2.88059068 -38.499054
v -14.5230818 2.87956476 -40.2428665
v -14.4245501 3.04711485 -38.0385399
v 14.0335751 72.3646851 -46.396759
v 14.0189705 72.7618713 -44.1469955
v -13.6311064 72.8259888 -44.8181572
v -47.2417068 72.2769928 -44.6892052
v 35.6162071 59.1582718 -11.3846159
v 58.9023361 58.4469032 -12.2739544
v 52.1547623 67.9086151 -19.8196907
v 17.8938141 47.7637367 -8.08394337
v 63.2272987 48.3330803 -7.2811265
v 23.5241604 82.576088 -33.0531349
v 5.04830742 86.1533356 -41.8093872
v 8.93487549 85.1719742 -23.9022255
v 2.31273079 74.395813 -21.0229073
v 4.59976816 61.6687279 -11.8413572
v 69.2754059 73.0930862 -48.043148
v 55.58564 78.8308792 -48.0734749
v 100.836075 85.7010193 -41.0961494
v 5.72612715 31.3784981 -16.7889881
v 30.5068054 41.0236855 -9.5179224
v 5.80062532 47.7751427 -12.6165028
v 2.29646492 58.6542854 -15.1515312
v 1.65085781 67.1734009 -36.6572151
v 20.8955078 72.8197327 -48.7410469
v 50.3422813 63.6332893 -40.5519524
v 7.48168087 67.6935272 -41.9330482
v 5.44396925 77.4677887 -47.6297493
v 29.0351543 82.9569855 -39.0964622
v 34.6463661 78.7301788 -46.1522636
v 97.1815872 88.4114304 -39.2557411
v 51.4050522 82.84758 -45.7389793
v 100.185898 78.0978394 -20.1621113
v 99.0847931 75.5150375 -42.7196465
v 75.843956 75.2968674 -20.2337704
v 98.214592 89.1500626 -20.6637001
v 85.203125 48.1904373 -9.44996357
v 67.5379868 39.8973579 -7.26358366
v 86.8463745 28.157114 -14.1472025
v 79.5493317 53.4996834 -10.1689615
v 82.9686813 88.5464325 -22.5121918
v 51.133625 71.3946304 -24.3869133
v 68.3396683 86.7906876 -35.7744865
v 86.7740555 90.2254868 -31.2285442
v 47.2915344 79.9312668 -30.2209206
v 32.5465317 78.2623901 -27.1940422
v 92.3452148 70.6401291 -18.5539093
v 89.3838577 66.3208466 -41.983532
v 13.9260769 71.0354309 -17.1889019
v 29.1486034 73.6060104 -24.3396301
v 89.5745316 68.8226089 -14.3259296
v 44.1499557 83.0121994 -36.9784775
v 9.06766701 82.6736755 -48.0984077
v 21.9235859 76.2629242 -49.9981575
v 83.6448212 73.5037384 -46.1708221
v 4.04208374 83.434288 -27.0200291
v 2.29600286 81.3071136 -43.8594208
v 5.02935266 61.7430305 -38.1621284
v 2.88755393 51.9067001 -33.3750839
v 87.2556915 52.0836487 -14.0907764
v 1.56289089 62.4422607 -33.8259773
v 2.38148594 74.4219513 -42.1227188
v 3.21675014 66.5713348 -25.1203632
v -14.8496952 37.4345741 -10.0904589
v -40.3178864 30.4231701 -6.9694829
v 4.04255342 29.8038826 -12.1670609
v -5.1921587 48.0873947 -6.16202974
v -30.1254921 85.1295395 -37.882637
v -94.3257446 89.7147827 -35.972435
v -82.695694 89.7912674 -27.4394798
v -41.1901627 74.7920456 -48.2530975
v -22.6981678 65.7142868 -39.7025108
v -44.8407593 67.1044998 -40.585289
v -36.3192024 82.0227585 -47.2606888
v -96.8148651 80.9207077 -46.9049492
v -105.030617 78.758049 -29.5011368
v -99.8433304 75.3549957 -47.2734795
v -91.8678055 71.4451447 -30.7355461
v -60.6779404 80.8757172 -19.1667576
v -76.3354187 71.5679855 -13.5526352
v -53.237957 68.0144653 -17.1545181
v -100.431458 88.3527374 -25.0377731
v -94.2459717 76.2027283 -17.1872387
v -72.2789459 44.6513023 -0.873730719
v -58.1847725 48.6948891 -7.37952518
v -41.2614136 62.1558647 -14.1444321
v -22.360611 65.9309158 -10.5796385
v -26.3452148 73.7392502 -17.1528912
v 5.6582756 34.4258347 -14.4428329
v 2.54534411 50.9901276 -10.0121365
v -16.8125019 83.4001541 -20.4517422
v -5.43164396 78.2354355 -16.7071457
v 4.5905571 87.6248779 -26.0529022
v 1.15215695 84.5113678 -45.4175682
v -9.24587822 87.627037 -34.210598
v -91.9464645 68.2275238 -41.3423843
v -74.6181335 71.2504578 -47.121376
v -72.8028183 77.1427536 -49.4176598
v -10.5583096 61.0295486 -7.22240305
v -25.9731827 46.1104698 -6.22531891
v 1.51183343 67.4595184 -15.5520782
v -82.6848373 86.722435 -19.3465061
v -105.412399 87.5089417 -34.723114
v -17.2291641 71.8351898 -47.5682335
v -0.277984142 77.8167648 -46.876873
v -1.36853647 67.6202469 -39.5407867
v -82.1011505 47.5790367 -1.50267959
v -87.6268005 63.4536171 -9.2135458
v -87.6861725 32.1881828 -6.99728727
v -40.1440773 85.4954224 -31.4146404
v -74.5210342 65.5934067 -42.1124077
v -53.598629 57.1457901 -13.2512779
v -28.7837925 81.642334 -46.2271805
v -13.3028851 78.1080704 -48.7400436
v -40.5723495 81.5694733 -23.4458961
v -101.60775 84.5517883 -44.1466026
v -86.9892883 53.0141792 -13.6447334
v -93.9475555 71.5420761 -21.0228958
v -57.8906174 39.4590569 -4.72405338
v -90.3243027 54.2562408 -41.551384
v -90.8339539 5.15945196 -37.7789421
v -109.017654 50.9718132 -41.3356514
v -95.4384842 2.48300767 44.3521118
v -99.0606995 22.3944206 45.3093414
v -106.02523 2.85666513 44.5128517
v -109.740959 5.13524628 -37.7988434
v -108.65699 40.0563736 44.5668945
v -102.216255 37.2410202 45.535881
v -113.212387 69.6287003 42.6123161
v -113.096619 71.7135849 40.5343323
v -115.777031 66.5937958 40.340641
v -103.268456 72.3628006 43.0019836
v -107.673843 69.1791153 43.7428551
v -100.949966 58.7675552 44.6503181
v -97.9086151 70.7718277 42.0572357
v -92.5041428 67.8727798 39.3217278
v -95.6970978 72.933815 37.9003181
v -115.928902 74.2195282 36.9550323
v -111.177849 76.9548721 33.5262794
v -110.450897 73.3506241 -43.3849678
v -104.140343 78.028923 -40.0552216
v -101.273125 74.3824615 -42.8236389
v -97.1846313 71.3604431 -43.0272255
v -114.967194 70.3186951 -43.0399704
v -89.1051178 45.8213615 42.6489983
v -94.9420471 45.1247902 44.8667107
v -88.870491 23.4620094 42.8540726
v -94.9387894 61.6975021 43.5994225
v -115.70607 65.1241302 -41.7050591
v -111.426636 53.6516075 -40.9430733
v -114.000717 55.816906 -38.2446632
v -94.1933746 63.9026222 -42.3837242
v -109.559601 72.9411087 42.3954697
v -100.676491 76.2241745 37.6770134
v -117.07515 70.4808884 37.9421043
v -112.532242 74.9275665 38.6720467
v -86.6460876 40.7375107 34.6507721
v -86.5540009 45.9875145 36.7948418
v -87.0871048 27.5035763 34.1202354
v -106.448624 78.1114426 29.9689522
v -105.738861 76.686615 39.0042763
v -92.0380783 69.3938293 35.2975311
v -89.484848 61.8555412 38.9575768
v -88.7870407 62.3612556 36.1245117
v -87.5357666 52.1199417 39.088707
v -102.39225 77.70961 32.5019493
v -97.2069931 75.5866394 -40.0561409
v -111.441338 51.8394775 43.19664
v -91.6406555 61.1360893 42.6256485
v -94.5526505 22.2149849 44.7122154
v -90.2439804 4.09080362 43.0019302
v -89.3003845 -0.162573278 41.7441139
v -98.7204361 -0.1870507 43.6368675
v -88.748291 -0.250928521 39.7019157
v -94.1008987 72.7926559 -39.5319214
v -112.588081 76.44841 -40.1486588
v -111.411865 -0.0763832927 42.1423111
v -91.723053 63.4969826 40.4230309
v -88.5598373 51.9099236 40.1764107
v -114.210602 2.08108377 -33.0872803
v -114.24427 51.4897346 -33.4549446
v -107.647545 74.3027725 40.7411041
v -117.95105 68.0749359 -38.9423981
v -112.302063 52.9023895 41.1210327
v -114.932632 55.6603165 39.3006134
v -114.195999 51.4897346 38.7834969
v -115.012108 55.8665047 -35.6834259
v -88.5601654 27.1814785 40.4150162
v -86.6171875 25.2474499 36.3976288
v -95.3092804 74.0053253 33.2702599
v -99.0697098 76.5379639 33.5688629
v -117.647881 71.2999573 -39.1505203
v -86.8004227 52.5150719 36.094017
v -89.4782028 -0.159409463 -36.7398109
v -109.825935 -0.250011683 -37.3833046
v -90.8785782 0.86016047 -37.448597
v -111.325592 3.29222345 42.6134872
v -99.8787155 77.1697998 -26.8567657
v -117.663437 62.9249039 37.7179108
v -117.996719 66.6928558 37.8257904
v -113.33667 2.76683307 -35.2653046
v 90.3243027 54.2562408 -41.551384
v 109.017654 50.9718132 -41.3356514
v 90.8339539 5.15945196 -37.7789421
v 95.4384842 2.48300767 44.3521118
v 106.02523 2.85666513 44.5128517
v 99.0606995 22.3944206 45.3093414
v 109.740959 5.13524628 -37.7988434
v 108.65699 40.0563736 44.5668945
v 102.216255 37.2410202 45.535881
v 113.212387 69.6287003 42.6123161
v 115.777031 66.5937958 40.340641
v 113.096619 71.7135849 40.5343323
v 103.268456 72.3628006 43.0019836
v 100.949966 58.7675552 44.6503181
v 107.673843 69.1791153 43.7428551
v 97.9086151 70.7718277 42.0572357
v 95.6970978 72.933815 37.9003181
v 92.5041428 67.8727798 39.3217278
v 115.928902 74.2195282 36.9550323
v 111.177849 76.9548721 33.5262833
v 110.450897 73.3506241 -43.3849678
v 101.273125 74.3824615 -42.8236389
v 104.140343 78.028923 -40.0552216
v 97.1846313 71.3604431 -43.0272255
v 114.967194 70.3186951 -43.0399704
v 89.1051178 45.8213615 42.6489983
v 88.870491 23.4620094 42.8540726
v 94.9420471 45.1247902 44.8667107
v 94.9387894 61.6975021 43.5994225
v 115.70607 65.1241302 -41.7050591
v 114.000717 55.816906 -38.2446632
v 111.426636 53.6516075 -40.9430733
v 94.1933746 63.9026222 -42.3837242
v 109.559601 72.9411087 42.3954697
v 100.676491 76.2241745 37.6770134
v 117.07515 70.4808884 37.9421043
v 112.532242 74.9275665 38.6720467
v 86.6460876 40.7375107 34.6507721
v 87.0871048 27.5035763 34.1202354
v 86.5540009 45.9875145 36.7948418
v 106.448624 78.1114426 29.9689522
v 105.738861 76.686615 39.0042763
v 92.0380783 69.3938293 35.2975311
v 88.7870407 62.3612556 36.1245117
v 89.484848 61.8555412 38.9575768
v 87.5357666 52.1199417 39.088707
v 102.39225 77.70961 32.5019493
v 97.2069931 75.5866394 -40.0561409
v 111.441338 51.8394775 43.19664
v 91.6406555 61.1360893 42.6256485
v 94.5526505 22.2149849 44.7122154
v 90.2439804 4.09080362 43.0019302
v 89.3003845 -0.162573278 41.7441139
v 88.748291 -0.250928521 39.7019157
v 98.7204361 -0.1870507 43.6368675
v 94.1008987 72.7926559 -39.5319214
v 112.588081 76.44841 -40.1486588
v 111.411865 -0.0763832927 42.1423111
v 91.723053 63.4969826 40.4230309
v 88.5598373 51.9099236 40.1764107
v 114.24427 51.4897346 -33.4549446
v 114.210602 2.08108377 -33.0872803
v 107.647545 74.3027725 40.7411041
v 117.95105 68.0749359 -38.9423981
v 112.302063 52.9023895 41.1210327
v 114.195999 51.4897346 38.7834969
v 114.932632 55.6603165 39.3006134
v 115.012108 55.8665047 -35.6834259
v 88.5601654 27.1814785 40.4150162
v 86.6171875 25.2474499 36.3976288
v 95.3092804 74.0053253 33.2702599
v 99.0697098 76.5379639 33.5688629
v 117.647881 71.2999573 -39.1505203
v 86.8004227 52.5150719 36.094017
v 89.4782028 -0.159409463 -36.7398109
v 90.8785782 0.86016047 -37.448597
v 109.825935 -0.250011683 -37.3833046
v 111.325592 3.29222345 42.6134872
v 99.8787155 77.1697998 -26.8567657
v 117.663437 62.9249039 37.7179108
v 117.996719 66.6928558 37.8257904
v 113.33667 2.76683307 -35.2653046
v -114.203125 3.36793184 32.858696
v -117.363861 61.5897369 -37.1299744
v -111.800026 3.28579378 40.4203262
v -118.107697 65.0323334 -38.2397232
v -86.5942001 0 37.6473236
v -86.599884 6.24442625 37.7140541
v -108.266708 78.1114426 -40.0999374
v -112.991341 -0.0520713925 30.3347645
v -113.078728 -0.188787639 -33.5039444
v -115.928902 74.2195282 -39.5733871
v -111.693359 -0.249688208 40.1187439
v -97.0097275 75.5032806 -24.1380253
v -93.7117462 72.213501 -20.8694324
v -89.575119 64.4938736 -16.3948669
v -87.2171173 55.2854652 -13.3428001
v -86.567749 46.6245232 -14.5640631
v -86.6012115 41.1414833 -13.899209
v -86.6294022 0.0287816525 -33.9197426
v -86.8526993 5.51918316 -34.4824219
v -88.6620255 -0.208382726 -35.0688286
v -88.4762115 5.41498041 -35.4321709
v -89.3814774 5.243536 -37.014225
v 114.203125 3.36793184 32.858696
v 117.363861 61.5897369 -37.1299744
v 111.800026 3.28579378 40.4203262
v 118.107697 65.0323334 -38.2397232
v 86.5942001 0 37.6473236
v 86.599884 6.24442625 37.7140541
v 108.266708 78.1114426 -40.0999374
v 112.991341 -0.0520713925 30.3347645
v 113.078728 -0.188787639 -33.5039444
v 115.928902 74.2195282 -39.5733871
v 111.693359 -0.249688208 40.1187439
v 97.0097275 75.5032806 -24.1380253
v 93.7117462 72.213501 -20.8694324
v 89.575119 64.4938736 -16.3948669
v 87.2171173 55.2854652 -13.3428001
v 86.567749 46.6245232 -14.5640631
v 86.6012115 41.1414833 -13.899209
v 86.8526993 5.51918316 -34.4824219
v 86.6294022 0.0287816525 -33.9197426
v 88.4762115 5.41498041 -35.4321709
v 88.6620255 -0.208382726 -35.0688286
v 89.3814774 5.243536 -37.014225
vt 0.526456654 0.416471839 0
vt 0.210455298 0.41233325 0
vt 0.417260349 0.420106828 0
vt 0.194139704 0.435835898 0
vt 0.116606414 0.435888052 0
vt 0.110029921 0.451435149 0
vt 0.0966491848 0.417246222 0
vt 0.191532627 0.419279277 0
vt 0.0945371911 0.411090851 0
vt 0.524384499 0.423452616 0
vt 0.458938599 0.439372659 0
vt 0.528338909 0.45875746 0
vt 0.536380291 0.472183704 0
vt 0.532465398 0.420619726 0
vt 0.531105042 0.47606957 0
vt 0.479909509 0.474011064 0
vt 0.459755898 0.48030442 0
vt 0.0889711902 0.418279231 0
vt 0.0869860649 0.467690408 0
vt 0.0953453928 0.453085542 0
vt 0.0925753564 0.472911179 0
vt 0.518468201 0.485173404 0
vt 0.0877253488 0.413003922 0
vt 0.383529544 0.428702414 0
vt 0.459462941 0.458008468 0
vt 0.333592474 0.435229361 0
vt 0.361778766 0.455571175 0
vt 0.301050007 0.423194706 0
vt 0.514694095 0.468186259 0
vt 0.285940796 0.445878923 0
vt 0.250144422 0.436822832 0
vt 0.197696328 0.457069159 0
vt 0.244548544 0.455815375 0
vt 0.160553664 0.469041824 0
vt 0.0951317027 0.47010231 0
vt 0.523639321 0.409856856 0
vt 0.538587928 0.378976285 0
vt 0.538591862 0.397066116 0
vt 0.158230275 0.476022303 0
vt 0.0988271311 0.480845988 0
vt 0.1531405 0.483952761 0
vt 0.0996318609 0.402173877 0
vt 0.236177415 0.470560491 0
vt 0.299050868 0.470573902 0
vt 0.389720231 0.472919106 0
vt 0.232888088 0.478135943 0
vt 0.232074738 0.485201836 0
vt 0.298385143 0.478844523 0
vt 0.35108909 0.48474282 0
vt 0.38884908 0.48502028 0
vt 0.317173928 0.406874001 0
vt 0.328408897 0.291877329 0
vt 0.302850068 0.29180181 0
vt 0.30978784 0.406618893 0
vt 0.366969526 0.287126958 0
vt 0.299723059 0.258725047 0
vt 0.504238307 0.185231209 0
vt 0.505885839 0.131875515 0
vt 0.400221527 0.123351097 0
vt 0.51203078 0.0931843519 0
vt 0.403273731 0.0794782043 0
vt 0.450618356 0.119672179 0
vt 0.399977267 0.193225026 0
vt 0.438317746 0.263353944 0
vt 0.460246772 0.204386592 0
vt 0.369096488 0.196467996 0
vt 0.39341107 0.180710435 0
vt 0.378246486 0.119607091 0
vt 0.616525114 0.186163247 0
vt 0.606022179 0.27063632 0
vt 0.642215908 0.271785021 0
vt 0.537562132 0.277255893 0
vt 0.521582007 0.241439283 0
vt 0.439929575 0.307133913 0
vt 0.5102579 0.285545528 0
vt 0.419618338 0.275169909 0
vt 0.38657859 0.264848828 0
vt 0.362129688 0.256598353 0
vt 0.6522457 0.158135116 0
vt 0.568138242 0.285884023 0
vt 0.605075836 0.31089741 0
vt 0.480218291 0.314397156 0
vt 0.566258609 0.309540689 0
vt 0.564942479 0.132281601 0
vt 0.579009473 0.20891273 0
vt 0.558899462 0.251815438 0
vt 0.521247387 0.368331373 0
vt 0.556101382 0.318246305 0
vt 0.653749824 0.209002852 0
vt 0.600324512 0.336633265 0
vt 0.394581318 0.275878072 0
vt 0.39039436 0.305095673 0
vt 0.415482312 0.304984033 0
vt 0.379644364 0.379627764 0
vt 0.473417908 0.385222912 0
vt 0.619458914 0.133038819 0
vt 0.621954381 0.107344389 0
vt 0.6098032 0.14953208 0
vt 0.603620946 0.232262611 0
vt 0.354939431 0.116475046 0
vt 0.354931951 0.183350384 0
vt 0.399668694 0.260303617 0
vt 0.397737592 0.10224402 0
vt 0.652204812 0.250212252 0
vt 0.128893033 0.238977849 0
vt 0.0968697071 0.198884785 0
vt 0.110770732 0.247547865 0
vt 0.266113877 0.106355131 0
vt 0.274879217 0.207659841 0
vt 0.297706425 0.102383792 0
vt 0.0541985445 0.263987839 0
vt 0.0527542159 0.196189225 0
vt 0.0178048387 0.181126356 0
vt 0.173381075 0.2744807 0
vt 0.110174283 0.27662468 0
vt 0.0988623425 0.298273802 0
vt 0.0234605353 0.262791395 0
vt 0.199529558 0.184824646 0
vt 0.177721605 0.234016895 0
vt 0.223786712 0.223124862 0
vt 0.307769597 0.244273603 0
vt 0.171619117 0.298770726 0
vt 0.223803818 0.293597519 0
vt 0.247739062 0.26954782 0
vt 0.261162132 0.161520898 0
vt 0.222910106 0.153529346 0
vt 0.253298551 0.235447228 0
vt 0.118950628 0.13579762 0
vt 0.0530054495 0.142745793 0
vt 0.0616334975 0.191281676 0
vt 0.0932821631 0.130444527 0
vt 0.207045987 0.120408058 0
vt 0.212215319 0.110658288 0
vt 0.0710416511 0.306249738 0
vt 0.0650527403 0.269809246 0
vt 0.126857921 0.33014828 0
vt 0.110033445 0.307699203 0
vt 0.07350339 0.316274047 0
vt 0.23374401 0.302182555 0
vt 0.228551745 0.334011316 0
vt 0.285452187 0.310369194 0
vt 0.125523508 0.265559256 0
vt 0.256018966 0.244329333 0
vt 0.175486952 0.264098167 0
vt 0.149379805 0.18839097 0
vt 0.0946357325 0.249519587 0
vt 0.243820488 0.254923999 0
vt 0.259513766 0.112858355 0
vt 0.269380152 0.230529606 0
vt 0.181051761 0.307609379 0
vt 0.0884745568 0.26560086 0
vt 0.0758231878 0.381236017 0
vt 0.013671875 0.202862561 0
vt 0.310300052 0.215270042 0
vt 0.259566069 0.287088215 0
vt 0.057360936 0.280757785 0
vt 0.279809028 0.27776891 0
vt 0.0149044357 0.268498003 0
vt 0.0434478298 0.102093875 0
vt 0.045798596 0.132179976 0
vt 0.289141387 0.246163309 0
vt 0.042297978 0.135653734 0
vt 0.278137296 0.257453501 0
vt 0.0620433018 0.313272536 0
vt 0.323660374 0.517168045 0
vt 0.31446141 0.575914264 0
vt 0.372004539 0.552758217 0
vt 0.319485396 0.653804421 0
vt 0.438157588 0.68908608 0
vt 0.421972692 0.645979822 0
vt 0.013671875 0.670632005 0
vt 0.0283643305 0.59109211 0
vt 0.028649807 0.508169234 0
vt 0.252025515 0.577332199 0
vt 0.19947885 0.535332561 0
vt 0.128773466 0.564668059 0
vt 0.0212828219 0.670615792 0
vt 0.157402828 0.51269424 0
vt 0.0387845188 0.514808059 0
vt 0.266246408 0.68519789 0
vt 0.242918313 0.650897205 0
vt 0.13867414 0.681510448 0
vt 0.322182864 0.688034952 0
vt 0.254796296 0.514609456 0
vt 0.517272294 0.57738477 0
vt 0.408528566 0.520047486 0
vt 0.0308647752 0.590967417 0
vt 0.0246410519 0.667608261 0
vt 0.0368404686 0.51064086 0
vt 0.0329148024 0.607859612 0
vt 0.123487853 0.597439528 0
vt 0.157999739 0.633921623 0
vt 0.276181877 0.654932082 0
vt 0.44337073 0.567263961 0
vt 0.424541444 0.608693838 0
vt 0.346320122 0.591571212 0
vt 0.286894709 0.603748322 0
vt 0.536408603 0.67734462 0
vt 0.5431422 0.606988966 0
vt 0.545850039 0.68136543 0
vt 0.0347283334 0.512116194 0
vt 0.549531698 0.683999002 0
vt 0.547241211 0.682468474 0
vt 0.439451247 0.695837498 0
vt 0.544140875 0.52709645 0
vt 0.550064325 0.523581445 0
vt 0.542558551 0.52449429 0
vt 0.243608326 0.608843207 0
vt 0.435129166 0.625568986 0
vt 0.548386157 0.518677831 0
vt 0.54607749 0.51735276 0
vt 0.0205079615 0.676883101 0
vt 0.0323531181 0.502692342 0
vt 0.227250025 0.593105078 0
vt 0.540457726 0.528219223 0
vt 0.0374543071 0.508405924 0
vt 0.541673243 0.522148848 0
vt 0.325310647 0.505286932 0
vt 0.325828314 0.500570893 0
vt 0.255201578 0.501599371 0
vt 0.138080478 0.683725178 0
vt 0.410116017 0.503962874 0
vt 0.410006851 0.507711589 0
vt 0.560177267 0.376608372 0
vt 0.555344522 0.687642574 0
vt 0.440817773 0.702189624 0
vt 0.157772809 0.506557345 0
vt 0.157510847 0.499788284 0
vt 0.265835375 0.689481318 0
vt 0.157280207 0.496780396 0
vt 0.0356027484 0.499157965 0
vt 0.408992201 0.515642166 0
vt 0.324539065 0.512687087 0
vt 0.438763916 0.692476749 0
vt 0.322047204 0.691699028 0
vt 0.137395918 0.686242819 0
vt 0.26516372 0.693134785 0
vt 0.136667579 0.692404091 0
vt 0.2641294 0.698312402 0
vt 0.322002918 0.695793509 0
vt 0.321809411 0.701400399 0
vt 0.254943609 0.510226369 0
vt 0.255095989 0.504430294 0
vt 0.324912131 0.508875728 0
vt 0.409400642 0.512283623 0
vt 0.746536076 0.644609809 0
vt 0.744716346 0.586616635 0
vt 0.713299394 0.604438365 0
vt 0.778667212 0.68758291 0
vt 0.773625195 0.575471461 0
vt 0.666120052 0.68165791 0
vt 0.651878238 0.728585482 0
vt 0.688482523 0.717793584 0
vt 0.713092864 0.73340106 0
vt 0.747845888 0.7215693 0
vt 0.592189372 0.578261256 0
vt 0.612334609 0.609074414 0
vt 0.608367741 0.493003666 0
vt 0.822953045 0.724377215 0
vt 0.796079636 0.657832503 0
vt 0.781166017 0.719650865 0
vt 0.719712198 0.793486714 0
vt 0.702816486 0.754689515 0
vt 0.663782001 0.775146723 0
vt 0.609457314 0.698254585 0
vt 0.56799233 0.629464328 0
vt 0.594235241 0.735975981 0
vt 0.623279333 0.736300528 0
vt 0.648769736 0.670450926 0
vt 0.625325561 0.660430312 0
vt 0.618043184 0.501163542 0
vt 0.626342058 0.616463423 0
vt 0.653911471 0.458578706 0
vt 0.596858561 0.46960324 0
vt 0.697938383 0.543289542 0
vt 0.662705183 0.485897362 0
vt 0.771893859 0.520968199 0
vt 0.794628561 0.564500928 0
vt 0.823010266 0.511405706 0
vt 0.758387744 0.534511387 0
vt 0.665709853 0.524858475 0
vt 0.69833678 0.60821116 0
vt 0.642496943 0.568505406 0
vt 0.643330932 0.520359993 0
vt 0.670861602 0.619785905 0
vt 0.682946146 0.656922817 0
vt 0.649301171 0.431355596 0
vt 0.588503718 0.436987519 0
vt 0.720396578 0.700821877 0
vt 0.698423684 0.663172007 0
vt 0.718571126 0.506722808 0
vt 0.689860702 0.478939652 0
vt 0.651621461 0.630735517 0
vt 0.634875655 0.725842595 0
vt 0.6181072 0.694210052 0
vt 0.754027069 0.732244968 0
vt 0.585871696 0.54270947 0
vt 0.583604753 0.50278759 0
vt 0.563528299 0.530540466 0
vt 0.686017096 0.731538832 0
vt 0.648256719 0.740919232 0
vt 0.635278404 0.746602654 0
vt 0.655462801 0.789459944 0
vt 0.668475449 0.814388394 0
vt 0.762162805 0.508326352 0
vt 0.714129329 0.493584573 0
vt 0.642385721 0.775282204 0
vt 0.401335776 0.777474225 0
vt 0.365910321 0.769655764 0
vt 0.399343342 0.802272558 0
vt 0.303515494 0.957091033 0
vt 0.241702721 0.986328125 0
vt 0.356384307 0.967304468 0
vt 0.322178185 0.926227927 0
vt 0.259161741 0.788763762 0
vt 0.095852077 0.791438937 0
vt 0.124746263 0.812940836 0
vt 0.231769279 0.744683504 0
vt 0.279704571 0.712395608 0
vt 0.223256901 0.716758132 0
vt 0.243292615 0.76361227 0
vt 0.0909737051 0.756149352 0
vt 0.0477684438 0.810084701 0
vt 0.0498927981 0.760981321 0
vt 0.013671875 0.791922808 0
vt 0.180207044 0.840694666 0
vt 0.141926154 0.871685445 0
vt 0.201499268 0.871649384 0
vt 0.0799399167 0.821711063 0
vt 0.0575458854 0.840094447 0
vt 0.095132798 0.858962655 0
vt 0.155166045 0.946530104 0
vt 0.191305146 0.928364575 0
vt 0.231750801 0.887783885 0
vt 0.279058158 0.881817043 0
vt 0.268298835 0.856697977 0
vt 0.36209479 0.954658687 0
vt 0.36579591 0.868580937 0
vt 0.341614515 0.916621685 0
vt 0.293557137 0.83302629 0
vt 0.321499586 0.848930836 0
vt 0.34807238 0.817776799 0
vt 0.33917731 0.76905179 0
vt 0.312900335 0.797971129 0
vt 0.0195204169 0.764232397 0
vt 0.147311717 0.731380224 0
vt 0.151851296 0.747144818 0
vt 0.308032066 0.895573378 0
vt 0.271477759 0.933319688 0
vt 0.341349572 0.874142587 0
vt 0.124529138 0.833735466 0
vt 0.0692202151 0.799314141 0
vt 0.292379379 0.737618983 0
vt 0.335090011 0.751961648 0
vt 0.334688336 0.719746888 0
vt 0.130928278 0.938097954 0
vt 0.113677859 0.896009803 0
vt 0.107733369 0.974967778 0
vt 0.233254284 0.805463314 0
vt 0.0832899511 0.742079437 0
vt 0.147608444 0.712405562 0
vt 0.102698475 0.717874706 0
vt 0.201922521 0.901653469 0
vt 0.26261729 0.764653087 0
vt 0.30196178 0.753353 0
vt 0.232111171 0.829430997 0
vt 0.0689795315 0.776744068 0
vt 0.0988042653 0.920659006 0
vt 0.0842176676 0.869621754 0
vt 0.0606952459 0.878141522 0
vt 0.385440707 0.764063001 0
vt 0.0691294968 0.760827422 0
vt 0.193597704 0.952575684 0
vt 0.354246527 0.758862138 0
vt 0.461060882 0.882452488 0
vt 0.585112453 0.878237963 0
vt 0.468397945 0.835013628 0
vt 0.566818535 0.939536214 0
vt 0.516554534 0.944069982 0
vt 0.564618528 0.966127872 0
vt 0.583690226 0.830731988 0
vt 0.470263749 0.964026809 0
vt 0.478833079 0.948575616 0
vt 0.394988388 0.967740715 0
vt 0.387620866 0.968221188 0
vt 0.400212139 0.977162004 0
vt 0.392262876 0.942348242 0
vt 0.398487836 0.954025388 0
vt 0.425908357 0.940042675 0
vt 0.396010041 0.928664565 0
vt 0.403157622 0.912981987 0
vt 0.387775451 0.918740034 0
vt 0.411936283 0.834242821 0
vt 0.397821426 0.849927902 0
vt 0.40993154 0.856675863 0
vt 0.417845637 0.866526425 0
vt 0.419163346 0.823564291 0
vt 0.460215718 0.913092017 0
vt 0.460894525 0.928643525 0
vt 0.516350567 0.91711843 0
vt 0.419826567 0.924246132 0
vt 0.431445867 0.820370436 0
vt 0.461367726 0.828898549 0
vt 0.456386209 0.819119453 0
vt 0.436276406 0.873821557 0
vt 0.388231844 0.957246661 0
vt 0.37749514 0.931982279 0
vt 0.912814081 0.310208261 0
vt 0.915287971 0.29229027 0
vt 0.909561396 0.300312817 0
vt 0.915624201 0.156028926 0
vt 0.92000854 0.16958493 0
vt 0.916791081 0.122764766 0
vt 0.37587887 0.946201444 0
vt 0.396160692 0.904676437 0
vt 0.419061363 0.905582786 0
vt 0.41662842 0.898621261 0
vt 0.444578826 0.902306795 0
vt 0.894473195 0.273430109 0
vt 0.917387545 0.273986518 0
vt 0.901539564 0.263790667 0
vt 0.404857993 0.868467927 0
vt 0.439655662 0.968601823 0
vt 0.42185536 0.915935099 0
vt 0.517961562 0.932625115 0
vt 0.56324476 0.925808787 0
vt 0.57335943 0.923218489 0
vt 0.574234962 0.947502851 0
vt 0.576474547 0.918634892 0
vt 0.412157595 0.87724179 0
vt 0.388371557 0.980958819 0
vt 0.901583552 0.28611201 0
vt 0.40182355 0.827226341 0
vt 0.571821809 0.981095076 0
vt 0.414819449 0.912252903 0
vt 0.445020169 0.90607971 0
vt 0.591766536 0.814089894 0
vt 0.468334436 0.807741284 0
vt 0.378083467 0.966161132 0
vt 0.382715464 0.952157319 0
vt 0.423769951 0.811328113 0
vt 0.436481863 0.974047124 0
vt 0.920004904 0.357371509 0
vt 0.913854659 0.349295378 0
vt 0.912134469 0.359900236 0
vt 0.456842959 0.811990201 0
vt 0.507485449 0.910161376 0
vt 0.507869959 0.893863797 0
vt 0.513882875 0.899673641 0
vt 0.905161858 0.243925095 0
vt 0.904928744 0.255261838 0
vt 0.917160153 0.244275391 0
vt 0.911702514 0.230236173 0
vt 0.915127218 0.259974658 0
vt 0.460421622 0.896751642 0
vt 0.719279945 0.29583168 0
vt 0.719309509 0.303958178 0
vt 0.415256411 0.812927544 0
vt 0.443293124 0.894696474 0
vt 0.5991081 0.880949616 0
vt 0.597302079 0.829939842 0
vt 0.595928133 0.877450466 0
vt 0.56293577 0.980324388 0
vt 0.721067727 0.236603141 0
vt 0.719787061 0.255018592 0
vt 0.753690183 0.246516883 0
vt 0.408350259 0.986328125 0
vt 0.398338974 0.985194683 0
vt 0.589668095 0.819867611 0
vt 0.665644467 0.16068393 0
vt 0.713082492 0.153341472 0
vt 0.669844866 0.0366319418 0
vt 0.882392049 0.772931933 0
vt 0.908982456 0.77072674 0
vt 0.886918068 0.722669303 0
vt 0.71735096 0.0380486846 0
vt 0.906868994 0.67637676 0
vt 0.891418457 0.684947133 0
vt 0.910576284 0.601101398 0
vt 0.919998229 0.606325209 0
vt 0.911057293 0.593734145 0
vt 0.885184288 0.598376513 0
vt 0.882880449 0.632022381 0
vt 0.896861255 0.604601145 0
vt 0.87150085 0.602124035 0
vt 0.861576736 0.593889177 0
vt 0.855818212 0.609272122 0
vt 0.713859797 0.209803045 0
vt 0.691426992 0.211810291 0
vt 0.698176265 0.22391963 0
vt 0.681575477 0.203897357 0
vt 0.724537432 0.20257473 0
vt 0.855932713 0.666332841 0
vt 0.859966576 0.722468495 0
vt 0.87148428 0.66700983 0
vt 0.867083013 0.625941277 0
vt 0.727729976 0.190291882 0
vt 0.728978097 0.165351391 0
vt 0.719198406 0.160370946 0
vt 0.6742782 0.185467422 0
vt 0.900082767 0.594345212 0
vt 0.874819458 0.583608687 0
vt 0.806185603 0.979008913 0
vt 0.796262443 0.976019025 0
vt 0.788692474 0.982230186 0
vt 0.651792288 0.981868744 0
vt 0.618513942 0.982896388 0
vt 0.66533637 0.986309767 0
vt 0.889038324 0.581992388 0
vt 0.847512603 0.602275074 0
vt 0.841457665 0.622744858 0
vt 0.848419368 0.625177324 0
vt 0.845145464 0.650696814 0
vt 0.769346476 0.961112261 0
vt 0.759687603 0.968269348 0
vt 0.76976037 0.984433889 0
vt 0.679635525 0.216885209 0
vt 0.911440969 0.645769179 0
vt 0.858771861 0.627970695 0
vt 0.875473499 0.724077344 0
vt 0.868664384 0.76936084 0
vt 0.866075754 0.779475987 0
vt 0.861492932 0.782592058 0
vt 0.890360057 0.780346632 0
vt 0.670860767 0.209586561 0
vt 0.923795044 0.594484925 0
vt 0.782063305 0.969019592 0
vt 0.720877409 0.219914913 0
vt 0.923950136 0.777928054 0
vt 0.855089247 0.620934606 0
vt 0.848918438 0.65113765 0
vt 0.740354896 0.153401852 0
vt 0.7339921 0.0299704671 0
vt 0.894993782 0.588828921 0
vt 0.908997715 0.584196925 0
vt 0.736773133 0.197966754 0
vt 0.916885912 0.642595172 0
vt 0.853291392 0.986328125 0
vt 0.855830908 0.97846365 0
vt 0.845233321 0.980155766 0
vt 0.73610723 0.164893806 0
vt 0.83671093 0.713992119 0
vt 0.853008449 0.71360445 0
vt 0.842521906 0.720004082 0
vt 0.739779055 0.971799552 0
vt 0.740045846 0.983794808 0
vt 0.75113672 0.97163564 0
vt 0.726054013 0.978270531 0
vt 0.755750954 0.981891513 0
vt 0.839592397 0.666541457 0
vt 0.791872382 0.78580004 0
vt 0.800007284 0.785829008 0
vt 0.735174596 0.206480443 0
vt 0.837535083 0.649412274 0
vt 0.667131543 0.0226365924 0
vt 0.670631111 0.025816083 0
vt 0.718141556 0.0244367719 0
vt 0.923178494 0.769042552 0
vt 0.732752502 0.787479222 0
vt 0.742618978 0.820097029 0
vt 0.751157403 0.786268532 0
vt 0.929164827 0.614463389 0
vt 0.928030968 0.604452133 0
vt 0.728214562 0.0320695639 0
vt 0.730459452 0.347770512 0
vt 0.722969294 0.471756637 0
vt 0.887639999 0.479146063 0
vt 0.911065102 0.329492629 0
vt 0.722863257 0.320652544 0
vt 0.725547969 0.336324692 0
vt 0.428193182 0.98105967 0
vt 0.562669992 0.985957265 0
vt 0.441255361 0.809979796 0
vt 0.431867748 0.810124397 0
vt 0.576848567 0.91107595 0
vt 0.561252952 0.909069359 0
vt 0.718937695 0.265378594 0
vt 0.397698581 0.839038849 0
vt 0.880865753 0.487856388 0
vt 0.721552193 0.478049636 0
vt 0.407693535 0.818133056 0
vt 0.90731442 0.481624365 0
vt 0.597733021 0.816999912 0
vt 0.90557456 0.490437806 0
vt 0.57215482 0.986308813 0
vt 0.761124194 0.238697767 0
vt 0.770207465 0.227634311 0
vt 0.915222526 0.210980773 0
vt 0.783112645 0.206583321 0
vt 0.792580664 0.183379829 0
vt 0.917027116 0.185811877 0
vt 0.79116559 0.161406159 0
vt 0.793867409 0.147804439 0
vt 0.720612228 0.311680079 0
vt 0.911917567 0.319993019 0
vt 0.90158236 0.286110461 0
vt 0.718011737 0.277001798 0
vt 0.71876812 0.287236154 0
vt 0.957117498 0.776704729 0
vt 0.955309093 0.597070038 0
vt 0.941503048 0.59578979 0
vt 0.94144547 0.777023673 0
vt 0.9559443 0.591213226 0
vt 0.941792488 0.591070116 0
vt 0.955666065 0.586551905 0
vt 0.942084432 0.586483836 0
vt 0.585405827 0.882422864 0
vt 0.843847871 0.796973169 0
vt 0.975063503 0.954204321 0
vt 0.96786654 0.789620638 0
vt 0.832397878 0.79206264 0
vt 0.81671524 0.789377809 0
vt 0.82545042 0.977317631 0
vt 0.923897803 0.634306371 0
vt 0.928811371 0.768776357 0
vt 0.738119364 0.180481136 0
vt 0.737975895 0.189868808 0
vt 0.853934109 0.782967746 0
vt 0.851925015 0.767372549 0
vt 0.76150167 0.785431147 0
vt 0.709065378 0.224041283 0
vt 0.983780861 0.947446883 0
vt 0.974161208 0.788213134 0
vt 0.729969978 0.214043915 0
vt 0.977513075 0.973879158 0
vt 0.731081367 0.0240042806 0
vt 0.986328125 0.97215271 0
vt 0.929163814 0.778260946 0
vt 0.734802902 0.827524066 0
vt 0.72374171 0.836589932 0
vt 0.706767976 0.981700957 0
vt 0.702690482 0.849446833 0
vt 0.679483593 0.858846903 0
vt 0.681576371 0.983394086 0
vt 0.657523632 0.857351065 0
vt 0.64391619 0.860002279 0
vt 0.80773598 0.787129402 0
vt 0.81596005 0.978142083 0
vt 0.783279896 0.785288692 0
vt 0.773106277 0.784519315 0
vt 0.782063305 0.969019353 0
vt 0.946644068 0.383699656 0
vt 0.93097198 0.383381605 0
vt 0.931040227 0.564615309 0
vt 0.944846213 0.563334286 0
vt 0.931330025 0.569335103 0
vt 0.945481896 0.569191098 0
vt 0.931622207 0.573921323 0
vt 0.94520396 0.573852479 0
vt 0.665659904 0.0363390446 0
vn 0.359185755 0.864632726 0.35127753
vn 2.48354463e-05 0.959171593 0.282824814
vn 0.00465704268 0.491723329 0.870739043
vn -0.00115050084 0.027204942 0.9996292
vn -0.0338916928 0.0332788639 0.998871326
vn -0.0211141501 -0.052072756 0.998420119
vn -0.499396145 0.338432252 0.797538161
vn -0.00130982371 0.459926724 0.887955844
vn -0.286440104 0.812909245 0.507080555
vn -0.00130982371 0.459926724 0.887955844
vn -0.0338916928 0.0332788639 0.998871326
vn -0.00115050084 0.027204942 0.9996292
vn 0.222146869 0.316005468 0.922383428
vn 0.00561340526 0.0276710801 0.999601305
vn 0.264916509 -0.0221418794 0.964017153
vn 0.264916509 -0.0221418794 0.964017153
vn 0.64587301 -0.00821858831 0.763400555
vn 0.718869507 0.348011643 0.601759493
vn 0.136452436 -0.44006294 0.88753891
vn -0.0136408349 -0.31763643 0.948114455
vn -0.00717406301 -0.816538632 0.577246249
vn -0.804645121 0.244756863 0.540962338
vn -0.788954794 -0.0394213907 0.613185287
vn -0.536327362 -0.0217887517 0.843728781
vn -0.536327362 -0.0217887517 0.843728781
vn -0.788954794 -0.0394213907 0.613185287
vn -0.385864526 -0.600047708 0.700750589
vn -0.00169181998 -0.926810861 0.37552461
vn 0.136452436 -0.44006294 0.88753891
vn -0.00717406301 -0.816538632 0.577246249
vn -0.844655931 0.406881124 0.347856462
vn -0.499396145 0.338432252 0.797538161
vn -0.286440104 0.812909245 0.507080555
vn -0.804645121 0.244756863 0.540962338
vn -0.536327362 -0.0217887517 0.843728781
vn -0.499396145 0.338432252 0.797538161
vn -0.0338916928 0.0332788639 0.998871326
vn -0.499396145 0.338432252 0.797538161
vn -0.536327362 -0.0217887517 0.843728781
vn -0.499396145 0.338432252 0.797538161
vn -0.0338916928 0.0332788639 0.998871326
vn -0.00130982371 0.459926724 0.887955844
vn 0.718869507 0.348011643 0.601759493
vn 0.222146869 0.316005468 0.922383428
vn 0.264916509 -0.0221418794 0.964017153
vn 0.359185755 0.864632726 0.35127753
vn 0.222146869 0.316005468 0.922383428
vn 0.718869507 0.348011643 0.601759493
vn 0.00561340526 0.0276710801 0.999601305
vn 0.222146869 0.316005468 0.922383428
vn -1.72282671e-05 0.0998249054 0.995005071
vn 0.00465704268 0.491723329 0.870739043
vn 0.222146869 0.316005468 0.922383428
vn 0.359185755 0.864632726 0.35127753
vn 0.264916509 -0.0221418794 0.964017153
vn 0.00561340526 0.0276710801 0.999601305
vn 0.00396971963 -0.07694076 0.997027814
vn 0.00561340526 0.0276710801 0.999601305
vn -1.72282671e-05 0.0998249054 0.995005071
vn 0.00396971963 -0.07694076 0.997027814
vn -1.72282671e-05 0.0998249054 0.995005071
vn 0.00675865496 0.0788739622 0.996861756
vn 0.00453282753 -0.0337047614 0.999421597
vn 0.00465704268 0.491723329 0.870739043
vn 0.00180509861 0.133229211 0.991083622
vn 0.00675865496 0.0788739622 0.996861756
vn -0.00130982371 0.459926724 0.887955844
vn 0.00465704268 0.491723329 0.870739043
vn 2.48354463e-05 0.959171593 0.282824814
vn 0.136452436 -0.44006294 0.88753891
vn 0.264916509 -0.0221418794 0.964017153
vn -0.00702723768 -0.0843625143 0.996410251
vn 0.00675865496 0.0788739622 0.996861756
vn 0.00180509861 0.133229211 0.991083622
vn 0.000958264864 0.00214161677 0.999997258
vn 0.00675865496 0.0788739622 0.996861756
vn 0.000958264864 0.00214161677 0.999997258
vn 0.00453282753 -0.0337047614 0.999421597
vn 0.00180509861 0.133229211 0.991083622
vn -0.0030970627 0.016253043 0.999863148
vn 0.000958264864 0.00214161677 0.999997258
vn -0.00115050084 0.027204942 0.9996292
vn -0.0211141501 -0.052072756 0.998420119
vn -0.0069430368 -0.0593083501 0.998215616
vn 0.136452436 -0.44006294 0.88753891
vn 0.64587301 -0.00821858831 0.763400555
vn 0.264916509 -0.0221418794 0.964017153
vn -0.0030970627 0.016253043 0.999863148
vn -0.0069430368 -0.0593083501 0.998215616
vn -0.00579357613 -0.059715867 0.998198628
vn 0.0069592339 -0.40823561 0.912850082
vn -0.26551038 -0.324947149 0.907696903
vn -0.385864526 -0.600047708 0.700750589
vn -0.0211141501 -0.052072756 0.998420119
vn 0.0069592339 -0.40823561 0.912850082
vn -0.0069430368 -0.0593083501 0.998215616
vn -0.385864526 -0.600047708 0.700750589
vn -0.26551038 -0.324947149 0.907696903
vn -0.536327362 -0.0217887517 0.843728781
vn 0.0069592339 -0.40823561 0.912850082
vn -0.0211141501 -0.052072756 0.998420119
vn -0.26551038 -0.324947149 0.907696903
vn 0.359185755 0.864632726 0.35127753
vn 0.106309667 0.990779459 0.0839902833
vn 2.48354463e-05 0.959171593 0.282824814
vn -0.0211141501 -0.052072756 0.998420119
vn -0.536327362 -0.0217887517 0.843728781
vn -0.26551038 -0.324947149 0.907696903
vn 0.106309667 0.990779459 0.0839902833
vn 0.359185755 0.864632726 0.35127753
vn 0.488664955 0.87233156 0.0156297293
vn 0.359185755 0.864632726 0.35127753
vn 0.693387032 0.719384968 0.0412273295
vn 0.488664955 0.87233156 0.0156297293
vn 0.00465704268 0.491723329 0.870739043
vn 0.00675865496 0.0788739622 0.996861756
vn -1.72282671e-05 0.0998249054 0.995005071
vn 0.00465704268 0.491723329 0.870739043
vn -1.72282671e-05 0.0998249054 0.995005071
vn 0.222146869 0.316005468 0.922383428
vn -0.0211141501 -0.052072756 0.998420119
vn -0.0338916928 0.0332788639 0.998871326
vn -0.536327362 -0.0217887517 0.843728781
vn -0.00230689417 -0.823523819 0.567276955
vn -0.00394368172 -0.946271598 0.323349148
vn -0.00214887247 -0.957006097 0.290059835
vn -1.72282671e-05 0.0998249054 0.995005071
vn 0.00453282753 -0.0337047614 0.999421597
vn 0.00396971963 -0.07694076 0.997027814
vn 0.0069592339 -0.40823561 0.912850082
vn -0.385864526 -0.600047708 0.700750589
vn -0.00230689417 -0.823523819 0.567276955
vn -0.00230689417 -0.823523819 0.567276955
vn -0.385864526 -0.600047708 0.700750589
vn -0.00394368172 -0.946271598 0.323349148
vn 0.00180509861 0.133229211 0.991083622
vn -0.00130982371 0.459926724 0.887955844
vn -0.00115050084 0.027204942 0.9996292
vn -0.00130982371 0.459926724 0.887955844
vn 0.00180509861 0.133229211 0.991083622
vn 0.00465704268 0.491723329 0.870739043
vn -0.00267935754 0.997064114 0.0765247867
vn -0.286440104 0.812909245 0.507080555
vn 2.48354463e-05 0.959171593 0.282824814
vn 2.48354463e-05 0.959171593 0.282824814
vn -0.286440104 0.812909245 0.507080555
vn -0.00130982371 0.459926724 0.887955844
vn -0.00579357613 -0.059715867 0.998198628
vn 0.000958264864 0.00214161677 0.999997258
vn -0.0030970627 0.016253043 0.999863148
vn 0.000958264864 0.00214161677 0.999997258
vn -0.00579357613 -0.059715867 0.998198628
vn 0.00453282753 -0.0337047614 0.999421597
vn -0.0136408349 -0.31763643 0.948114455
vn 0.136452436 -0.44006294 0.88753891
vn -0.00702723768 -0.0843625143 0.996410251
vn -0.0030970627 0.016253043 0.999863148
vn -0.00115050084 0.027204942 0.9996292
vn -0.0069430368 -0.0593083501 0.998215616
vn 0.00180509861 0.133229211 0.991083622
vn -0.00115050084 0.027204942 0.9996292
vn -0.0030970627 0.016253043 0.999863148
vn 0.359185755 0.864632726 0.35127753
vn 0.718869507 0.348011643 0.601759493
vn 0.693387032 0.719384968 0.0412273295
vn -0.804645121 0.244756863 0.540962338
vn -0.499396145 0.338432252 0.797538161
vn -0.844655931 0.406881124 0.347856462
vn -0.00579357613 -0.059715867 0.998198628
vn -0.00744830212 -0.27711919 0.960806727
vn -0.00326426141 -0.313751221 0.949499667
vn -0.00579357613 -0.059715867 0.998198628
vn -0.00326426141 -0.313751221 0.949499667
vn 0.00453282753 -0.0337047614 0.999421597
vn 0.00396971963 -0.07694076 0.997027814
vn 0.00453282753 -0.0337047614 0.999421597
vn 0.00729801413 -0.559619725 0.828717351
vn -0.0136408349 -0.31763643 0.948114455
vn 0.00396971963 -0.07694076 0.997027814
vn 0.00729801413 -0.559619725 0.828717351
vn -0.00717406301 -0.816538632 0.577246249
vn -0.0136408349 -0.31763643 0.948114455
vn 0.00729801413 -0.559619725 0.828717351
vn -0.0069430368 -0.0593083501 0.998215616
vn -0.00744830212 -0.27711919 0.960806727
vn -0.00579357613 -0.059715867 0.998198628
vn -0.0069430368 -0.0593083501 0.998215616
vn 0.0069592339 -0.40823561 0.912850082
vn -0.00744830212 -0.27711919 0.960806727
vn -0.00507409824 -0.816580296 0.577209473
vn -0.00744830212 -0.27711919 0.960806727
vn 0.0069592339 -0.40823561 0.912850082
vn 0.0069592339 -0.40823561 0.912850082
vn -0.00230689417 -0.823523819 0.567276955
vn -0.00507409824 -0.816580296 0.577209473
vn -0.00230689417 -0.823523819 0.567276955
vn -0.00214887247 -0.957006097 0.290059835
vn -0.00507409824 -0.816580296 0.577209473
vn -0.00214887247 -0.957006097 0.290059835
vn -0.00141655514 -0.962220669 0.272267103
vn -0.00507409824 -0.816580296 0.577209473
vn 0.00729801413 -0.559619725 0.828717351
vn 0.00453282753 -0.0337047614 0.999421597
vn -0.00326426141 -0.313751221 0.949499667
vn 0.00729801413 -0.559619725 0.828717351
vn -0.00326426141 -0.313751221 0.949499667
vn 0.00164280459 -0.801106513 0.598519683
vn 0.00729801413 -0.559619725 0.828717351
vn 0.00164280459 -0.801106513 0.598519683
vn 0.00577372778 -0.942543507 0.334033281
vn -0.000238655412 -0.862068951 0.506790876
vn 0.00729801413 -0.559619725 0.828717351
vn 0.00577372778 -0.942543507 0.334033281
vn -0.00507409824 -0.816580296 0.577209473
vn -0.00141655514 -0.962220669 0.272267103
vn 0.00577372778 -0.942543507 0.334033281
vn -0.00507409824 -0.816580296 0.577209473
vn 0.00577372778 -0.942543507 0.334033281
vn 0.00164280459 -0.801106513 0.598519683
vn -0.00717406301 -0.816538632 0.577246249
vn 0.00729801413 -0.559619725 0.828717351
vn -0.000238655412 -0.862068951 0.506790876
vn -0.00717406301 -0.816538632 0.577246249
vn -0.000238655412 -0.862068951 0.506790876
vn -0.00169181998 -0.926810861 0.37552461
vn -0.00326426141 -0.313751221 0.949499667
vn -0.00744830212 -0.27711919 0.960806727
vn -0.00507409824 -0.816580296 0.577209473
vn -0.00326426141 -0.313751221 0.949499667
vn -0.00507409824 -0.816580296 0.577209473
vn 0.00164280459 -0.801106513 0.598519683
vn 0.264916509 -0.0221418794 0.964017153
vn 0.00396971963 -0.07694076 0.997027814
vn -0.0136408349 -0.31763643 0.948114455
vn 0.264916509 -0.0221418794 0.964017153
vn -0.0136408349 -0.31763643 0.948114455
vn -0.00702723768 -0.0843625143 0.996410251
vn -0.000206835699 0.99973923 0.0228340104
vn -4.89542363e-05 1 2.18118839e-05
vn -1.99722945e-05 1 2.64428345e-05
vn -0.000206835699 0.99973923 0.0228340104
vn -1.99722945e-05 1 2.64428345e-05
vn -0.000346937974 0.999583304 0.0288621262
vn -1.99722945e-05 1 2.64428345e-05
vn -4.89542363e-05 1 2.18118839e-05
vn -4.74028566e-05 1 2.38984285e-05
vn -1.99722945e-05 1 2.64428345e-05
vn -4.74028566e-05 1 2.38984285e-05
vn -4.54816836e-05 1 4.15870782e-05
vn 2.48354463e-05 0.959171593 0.282824814
vn -0.000346937974 0.999583304 0.0288621262
vn -0.00267935754 0.997064114 0.0765247867
vn -0.000346937974 0.999583304 0.0288621262
vn 2.48354463e-05 0.959171593 0.282824814
vn -0.000206835699 0.99973923 0.0228340104
vn -0.000206835699 0.99973923 0.0228340104
vn 2.48354463e-05 0.959171593 0.282824814
vn 0.106309667 0.990779459 0.0839902833
vn 0.00297489832 0.99782449 0.0658581331
vn 0.0513111055 0.753665566 -0.655252099
vn -0.28556186 0.890040696 -0.355361879
vn 0.0693021715 0.216962099 -0.973716915
vn 0.0603768863 0.154141173 -0.986202419
vn 0.0778455138 0.28559503 -0.955183506
vn -0.340512037 0.938347042 0.0596342348
vn -0.0220690109 0.862003922 0.50642097
vn 0.0086265076 0.997017264 0.0766952634
vn -0.98232609 -0.174866155 -0.0667625219
vn -0.948434889 0.31691739 -0.00589770405
vn -0.993963718 0.0242114477 -0.107004456
vn 0.976749599 0.213266268 0.0218537096
vn 0.476587623 0.667727172 0.571843266
vn 0.875900805 -0.482490987 0.000387611479
vn -0.0207372643 0.786949337 0.616669118
vn 0.0320623927 0.978283703 0.204775408
vn -0.0220690109 0.862003922 0.50642097
vn -0.046116095 -0.904310882 0.42437613
vn -0.0192019157 0.009747562 0.999768078
vn -0.195836619 0.128199279 0.9722206
vn -0.969346464 0.23971884 0.0538752042
vn -0.948434889 0.31691739 -0.00589770405
vn -0.997586429 -0.0678045005 -0.0149608562
vn 0.875900805 -0.482490987 0.000387611479
vn 0.821398079 -0.570185721 -0.0139070172
vn 0.976749599 0.213266268 0.0218537096
vn 0.0778455138 0.28559503 -0.955183506
vn 0.0513111055 0.753665566 -0.655252099
vn 0.0693021715 0.216962099 -0.973716915
vn 0.112568058 0.108634464 0.987687707
vn 0.291215241 -0.621385336 0.727374673
vn 0.476587623 0.667727172 0.571843266
vn -0.0361256674 -0.866563559 0.497757375
vn 0.0812084228 -0.523881495 0.847911179
vn -0.0192019157 0.009747562 0.999768078
vn -0.00944722909 0.865095377 -0.501518428
vn 0.00297489832 0.99782449 0.0658581331
vn -0.0453124605 0.996693373 0.0674468875
vn 0.476587623 0.667727172 0.571843266
vn -0.0804531574 0.975229144 0.206046745
vn -0.0207372643 0.786949337 0.616669118
vn -0.0361256674 -0.866563559 0.497757375
vn -0.0136158019 -0.983837068 -0.178547651
vn 0.105916329 -0.975457788 0.193038568
vn 0.0812084228 -0.523881495 0.847911179
vn 0.291215241 -0.621385336 0.727374673
vn 0.112568058 0.108634464 0.987687707
vn 0.821398079 -0.570185721 -0.0139070172
vn 0.875900805 -0.482490987 0.000387611479
vn 0.552757919 -0.832640946 -0.0341724232
vn 0.105916329 -0.975457788 0.193038568
vn 0.156402394 -0.986069262 -0.0566182435
vn 0.291215241 -0.621385336 0.727374673
vn -0.28556186 0.890040696 -0.355361879
vn -0.993963718 0.0242114477 -0.107004456
vn -0.948434889 0.31691739 -0.00589770405
vn -0.28556186 0.890040696 -0.355361879
vn -0.340512037 0.938347042 0.0596342348
vn 0.0086265076 0.997017264 0.0766952634
vn -0.393017769 -0.0647288561 0.917249739
vn -0.42851913 -0.767640531 0.476549536
vn -0.292915493 -0.696191132 0.655376494
vn -0.046116095 -0.904310882 0.42437613
vn -0.0708071887 -0.995138407 -0.0684533194
vn 0.00244583888 -0.996201634 -0.0870430171
vn 0.426723599 0.574898183 -0.698139727
vn -0.101672746 0.183719575 -0.977706492
vn -0.00944722909 0.865095377 -0.501518428
vn -0.0453124605 0.996693373 0.0674468875
vn 0.451440006 0.882251322 -0.133545741
vn -0.00944722909 0.865095377 -0.501518428
vn 0.476587623 0.667727172 0.571843266
vn 0.367786586 0.924554408 0.0996602476
vn -0.0804531574 0.975229144 0.206046745
vn 0.476587623 0.667727172 0.571843266
vn 0.976749599 0.213266268 0.0218537096
vn 0.367786586 0.924554408 0.0996602476
vn -0.98232609 -0.174866155 -0.0667625219
vn -0.952712536 -0.291420013 -0.0860994607
vn -0.913506627 -0.399879843 -0.0748459399
vn -0.0708071887 -0.995138407 -0.0684533194
vn -0.292915493 -0.696191132 0.655376494
vn -0.42851913 -0.767640531 0.476549536
vn -0.195836619 0.128199279 0.9722206
vn -0.0192019157 0.009747562 0.999768078
vn -0.0220690109 0.862003922 0.50642097
vn -0.552524805 0.693618476 0.462179154
vn -0.0220690109 0.862003922 0.50642097
vn -0.340512037 0.938347042 0.0596342348
vn -0.0804531574 0.975229144 0.206046745
vn -0.0453124605 0.996693373 0.0674468875
vn 0.00297489832 0.99782449 0.0658581331
vn 0.0086265076 0.997017264 0.0766952634
vn -0.0220690109 0.862003922 0.50642097
vn 0.0320623927 0.978283703 0.204775408
vn 0.156402394 -0.986069262 -0.0566182435
vn 0.105916329 -0.975457788 0.193038568
vn -0.0136158019 -0.983837068 -0.178547651
vn -0.0207372643 0.786949337 0.616669118
vn 0.112568058 0.108634464 0.987687707
vn 0.476587623 0.667727172 0.571843266
vn -0.0192019157 0.009747562 0.999768078
vn -0.0207372643 0.786949337 0.616669118
vn -0.0220690109 0.862003922 0.50642097
vn 0.426723599 0.574898183 -0.698139727
vn -0.00944722909 0.865095377 -0.501518428
vn 0.451440006 0.882251322 -0.133545741
vn 0.426723599 0.574898183 -0.698139727
vn 0.451440006 0.882251322 -0.133545741
vn 0.976749599 0.213266268 0.0218537096
vn 0.451440006 0.882251322 -0.133545741
vn 0.367786586 0.924554408 0.0996602476
vn 0.976749599 0.213266268 0.0218537096
vn 0.0365954489 0.197193906 -0.979681194
vn 0.0778455138 0.28559503 -0.955183506
vn 0.0603768863 0.154141173 -0.986202419
vn -0.98232609 -0.174866155 -0.0667625219
vn -0.993963718 0.0242114477 -0.107004456
vn -0.952712536 -0.291420013 -0.0860994607
vn -0.393017769 -0.0647288561 0.917249739
vn -0.292915493 -0.696191132 0.655376494
vn -0.195836619 0.128199279 0.9722206
vn -0.552524805 0.693618476 0.462179154
vn -0.195836619 0.128199279 0.9722206
vn -0.0220690109 0.862003922 0.50642097
vn -0.046116095 -0.904310882 0.42437613
vn -0.0136158019 -0.983837068 -0.178547651
vn -0.0361256674 -0.866563559 0.497757375
vn -0.0361256674 -0.866563559 0.497757375
vn -0.0192019157 0.009747562 0.999768078
vn -0.046116095 -0.904310882 0.42437613
vn 0.0365954489 0.197193906 -0.979681194
vn -0.28556186 0.890040696 -0.355361879
vn 0.0778455138 0.28559503 -0.955183506
vn 0.0513111055 0.753665566 -0.655252099
vn 0.0778455138 0.28559503 -0.955183506
vn -0.28556186 0.890040696 -0.355361879
vn -0.00944722909 0.865095377 -0.501518428
vn 0.0693021715 0.216962099 -0.973716915
vn 0.0513111055 0.753665566 -0.655252099
vn 0.0513111055 0.753665566 -0.655252099
vn 0.00297489832 0.99782449 0.0658581331
vn -0.00944722909 0.865095377 -0.501518428
vn -0.0192019157 0.009747562 0.999768078
vn 0.112568058 0.108634464 0.987687707
vn -0.0207372643 0.786949337 0.616669118
vn 0.0812084228 -0.523881495 0.847911179
vn 0.112568058 0.108634464 0.987687707
vn -0.0192019157 0.009747562 0.999768078
vn -0.969346464 0.23971884 0.0538752042
vn -0.552524805 0.693618476 0.462179154
vn -0.948434889 0.31691739 -0.00589770405
vn -0.393017769 -0.0647288561 0.917249739
vn -0.195836619 0.128199279 0.9722206
vn -0.552524805 0.693618476 0.462179154
vn 0.367786586 0.924554408 0.0996602476
vn 0.451440006 0.882251322 -0.133545741
vn -0.0453124605 0.996693373 0.0674468875
vn -0.0453124605 0.996693373 0.0674468875
vn -0.0804531574 0.975229144 0.206046745
vn 0.367786586 0.924554408 0.0996602476
vn 0.651802659 -0.757173002 -0.0429230779
vn 0.552757919 -0.832640946 -0.0341724232
vn 0.875900805 -0.482490987 0.000387611479
vn -0.948434889 0.31691739 -0.00589770405
vn -0.98232609 -0.174866155 -0.0667625219
vn -0.997586429 -0.0678045005 -0.0149608562
vn -0.98232609 -0.174866155 -0.0667625219
vn -0.913506627 -0.399879843 -0.0748459399
vn -0.997586429 -0.0678045005 -0.0149608562
vn 0.0320623927 0.978283703 0.204775408
vn -0.0804531574 0.975229144 0.206046745
vn 0.00297489832 0.99782449 0.0658581331
vn 0.0320623927 0.978283703 0.204775408
vn -0.0207372643 0.786949337 0.616669118
vn -0.0804531574 0.975229144 0.206046745
vn 0.105916329 -0.975457788 0.193038568
vn 0.0812084228 -0.523881495 0.847911179
vn -0.0361256674 -0.866563559 0.497757375
vn 0.105916329 -0.975457788 0.193038568
vn 0.291215241 -0.621385336 0.727374673
vn 0.0812084228 -0.523881495 0.847911179
vn -0.046116095 -0.904310882 0.42437613
vn -0.195836619 0.128199279 0.9722206
vn -0.292915493 -0.696191132 0.655376494
vn -0.292915493 -0.696191132 0.655376494
vn -0.0708071887 -0.995138407 -0.0684533194
vn -0.046116095 -0.904310882 0.42437613
vn 0.0320623927 0.978283703 0.204775408
vn 0.00297489832 0.99782449 0.0658581331
vn 0.0086265076 0.997017264 0.0766952634
vn 0.0086265076 0.997017264 0.0766952634
vn 0.00297489832 0.99782449 0.0658581331
vn -0.28556186 0.890040696 -0.355361879
vn -0.046116095 -0.904310882 0.42437613
vn 0.00244583888 -0.996201634 -0.0870430171
vn -0.0136158019 -0.983837068 -0.178547651
vn -0.340512037 0.938347042 0.0596342348
vn -0.28556186 0.890040696 -0.355361879
vn -0.948434889 0.31691739 -0.00589770405
vn -0.948434889 0.31691739 -0.00589770405
vn -0.552524805 0.693618476 0.462179154
vn -0.340512037 0.938347042 0.0596342348
vn 0.195806399 0.958007514 0.209478959
vn 0.0990675166 0.990596771 0.0943588912
vn 0.16374056 0.955203593 0.246526003
vn 0.947852135 0.314976513 -0.0486433916
vn 0.939347506 0.342434615 -0.0191002712
vn 0.975514472 -0.209493145 -0.0669635087
vn -0.968385577 0.248210952 0.024917325
vn -0.861447394 0.505329847 0.0504986271
vn -0.983962774 -0.178373024 0.000627713802
vn 0.0692122057 0.165285617 0.98381424
vn 0.0447436869 0.346328139 0.937045693
vn -0.104324013 -0.420453191 0.901296675
vn -0.821543932 -0.568484724 -0.043480847
vn -0.968385577 0.248210952 0.024917325
vn -0.983962774 -0.178373024 0.000627713802
vn -0.0672402754 0.983900547 0.165585756
vn -0.0085936226 0.969900966 0.243347868
vn -0.172276169 0.958980918 0.225114346
vn 0.975514472 -0.209493145 -0.0669635087
vn 0.939347506 0.342434615 -0.0191002712
vn 0.978057206 -0.197518736 -0.0662608445
vn 0.0692122057 0.165285617 0.98381424
vn -0.00726814661 -0.730407 0.682973385
vn 0.105503626 -0.720348239 0.68554163
vn 0.105503626 -0.720348239 0.68554163
vn 0.150274783 -0.0974522904 0.983829558
vn 0.0692122057 0.165285617 0.98381424
vn 0.0858877748 0.995861471 0.0297201052
vn -0.057059519 0.994950116 0.082574673
vn -0.101224579 0.976400793 0.190774769
vn 0.0187505838 0.992953122 -0.117015153
vn -0.347613543 0.906296074 -0.240400121
vn -0.206588507 0.976085782 0.0676581785
vn -0.0409032181 0.766665936 -0.640741944
vn -0.0213445369 0.993427813 -0.112452671
vn -0.0441644415 0.912360966 -0.406997502
vn -0.612276316 -0.304370016 0.729710042
vn -0.104324013 -0.420453191 0.901296675
vn -0.414206624 0.643609583 0.643583357
vn -0.058102645 -0.982381225 -0.177626729
vn -0.0917152613 -0.943257749 0.319144458
vn -0.205537528 -0.893702924 0.398810029
vn 0.111851789 -0.986494005 -0.119661123
vn 0.0318246521 -0.909647822 -0.414159268
vn 0.267008215 -0.945411563 -0.186825156
vn 0.0692122057 0.165285617 0.98381424
vn 0.194145575 0.82425493 0.531894088
vn 0.0447436869 0.346328139 0.937045693
vn 0.0692122057 0.165285617 0.98381424
vn 0.00524646975 0.796524644 0.604583323
vn 0.018213369 0.868723869 0.494961709
vn 0.0858877748 0.995861471 0.0297201052
vn -0.0213445369 0.993427813 -0.112452671
vn -0.057059519 0.994950116 0.082574673
vn 0.195806399 0.958007514 0.209478959
vn 0.0362125151 0.990357518 0.133717895
vn 0.0990675166 0.990596771 0.0943588912
vn -0.861447394 0.505329847 0.0504986271
vn -0.414206624 0.643609583 0.643583357
vn -0.206588507 0.976085782 0.0676581785
vn 0.0721167848 0.981674194 0.176394537
vn 0.0990675166 0.990596771 0.0943588912
vn -0.206588507 0.976085782 0.0676581785
vn 0.0721167848 0.981674194 0.176394537
vn -0.206588507 0.976085782 0.0676581785
vn -0.414206624 0.643609583 0.643583357
vn 0.0447436869 0.346328139 0.937045693
vn -0.414206624 0.643609583 0.643583357
vn -0.104324013 -0.420453191 0.901296675
vn 0.00524646975 0.796524644 0.604583323
vn 0.0692122057 0.165285617 0.98381424
vn 0.104555435 0.326592058 0.939364552
vn 0.939347506 0.342434615 -0.0191002712
vn 0.498500466 0.866887689 -0.00176344672
vn 0.430243105 0.88168323 0.193715408
vn -0.058102645 -0.982381225 -0.177626729
vn -0.0177508276 -0.999545574 -0.0243625678
vn -0.0917152613 -0.943257749 0.319144458
vn -0.00726814661 -0.730407 0.682973385
vn 0.0692122057 0.165285617 0.98381424
vn -0.104324013 -0.420453191 0.901296675
vn 0.947852135 0.314976513 -0.0486433916
vn 0.498500466 0.866887689 -0.00176344672
vn 0.939347506 0.342434615 -0.0191002712
vn 0.0447436869 0.346328139 0.937045693
vn 0.135699421 0.855228543 0.500169694
vn -0.414206624 0.643609583 0.643583357
vn 0.0447436869 0.346328139 0.937045693
vn 0.194145575 0.82425493 0.531894088
vn 0.135699421 0.855228543 0.500169694
vn -0.205537528 -0.893702924 0.398810029
vn -0.0187028758 -0.993431926 -0.112886325
vn -0.058102645 -0.982381225 -0.177626729
vn -0.821543932 -0.568484724 -0.043480847
vn -0.983962774 -0.178373024 0.000627713802
vn -0.621530235 -0.780869484 -0.0627932847
vn -0.0409032181 0.766665936 -0.640741944
vn 0.0187505838 0.992953122 -0.117015153
vn -0.0213445369 0.993427813 -0.112452671
vn -0.0213445369 0.993427813 -0.112452671
vn 0.0187505838 0.992953122 -0.117015153
vn 0.0362125151 0.990357518 0.133717895
vn 0.975514472 -0.209493145 -0.0669635087
vn 0.978057206 -0.197518736 -0.0662608445
vn 0.781176686 -0.620963931 -0.0645510554
vn 0.111851789 -0.986494005 -0.119661123
vn 0.267008215 -0.945411563 -0.186825156
vn 0.275039196 -0.821781635 0.499027342
vn -0.057059519 0.994950116 0.082574673
vn -0.0213445369 0.993427813 -0.112452671
vn 0.0362125151 0.990357518 0.133717895
vn -0.0085936226 0.969900966 0.243347868
vn -0.0672402754 0.983900547 0.165585756
vn 0.0362125151 0.990357518 0.133717895
vn -0.414206624 0.643609583 0.643583357
vn -0.861447394 0.505329847 0.0504986271
vn -0.968385577 0.248210952 0.024917325
vn -0.612276316 -0.304370016 0.729710042
vn -0.414206624 0.643609583 0.643583357
vn -0.828594148 -0.0407891124 0.558361769
vn 0.388522834 -0.443137825 0.807885349
vn 0.275039196 -0.821781635 0.499027342
vn 0.267008215 -0.945411563 -0.186825156
vn 0.388522834 -0.443137825 0.807885349
vn 0.150274783 -0.0974522904 0.983829558
vn 0.275039196 -0.821781635 0.499027342
vn -0.206588507 0.976085782 0.0676581785
vn 0.0990675166 0.990596771 0.0943588912
vn 0.0187505838 0.992953122 -0.117015153
vn 0.0187505838 0.992953122 -0.117015153
vn 0.0990675166 0.990596771 0.0943588912
vn 0.0362125151 0.990357518 0.133717895
vn 0.194145575 0.82425493 0.531894088
vn 0.195806399 0.958007514 0.209478959
vn 0.16374056 0.955203593 0.246526003
vn -0.172276169 0.958980918 0.225114346
vn -0.0085936226 0.969900966 0.243347868
vn 0.018213369 0.868723869 0.494961709
vn -0.205537528 -0.893702924 0.398810029
vn -0.104324013 -0.420453191 0.901296675
vn -0.612276316 -0.304370016 0.729710042
vn -0.821543932 -0.568484724 -0.043480847
vn -0.621530235 -0.780869484 -0.0627932847
vn -0.589775026 -0.805227637 -0.0614329092
vn -0.0085936226 0.969900966 0.243347868
vn 0.0362125151 0.990357518 0.133717895
vn 0.195806399 0.958007514 0.209478959
vn -0.0085936226 0.969900966 0.243347868
vn 0.195806399 0.958007514 0.209478959
vn 0.018213369 0.868723869 0.494961709
vn -0.0409032181 0.766665936 -0.640741944
vn -0.347613543 0.906296074 -0.240400121
vn 0.0187505838 0.992953122 -0.117015153
vn -0.0101512652 0.116444953 -0.993145287
vn -0.0400508381 0.476692766 -0.878157079
vn -0.0409032181 0.766665936 -0.640741944
vn 0.962810755 0.268948823 0.0257309861
vn 0.939347506 0.342434615 -0.0191002712
vn 0.430243105 0.88168323 0.193715408
vn 0.939347506 0.342434615 -0.0191002712
vn 0.962810755 0.268948823 0.0257309861
vn 0.978057206 -0.197518736 -0.0662608445
vn -0.0409032181 0.766665936 -0.640741944
vn -0.0400508381 0.476692766 -0.878157079
vn -0.347613543 0.906296074 -0.240400121
vn -0.983962774 -0.178373024 0.000627713802
vn -0.861447394 0.505329847 0.0504986271
vn -0.938760698 0.340324551 0.0539207645
vn 0.00524646975 0.796524644 0.604583323
vn 0.104555435 0.326592058 0.939364552
vn 0.263806731 0.301349759 0.916293859
vn 0.263806731 0.301349759 0.916293859
vn 0.150274783 -0.0974522904 0.983829558
vn 0.388522834 -0.443137825 0.807885349
vn -0.938760698 0.340324551 0.0539207645
vn -0.861447394 0.505329847 0.0504986271
vn -0.347613543 0.906296074 -0.240400121
vn -0.347613543 0.906296074 -0.240400121
vn -0.861447394 0.505329847 0.0504986271
vn -0.206588507 0.976085782 0.0676581785
vn 0.0318246521 -0.909647822 -0.414159268
vn -0.0177508276 -0.999545574 -0.0243625678
vn -0.058102645 -0.982381225 -0.177626729
vn 0.263806731 0.301349759 0.916293859
vn 0.430243105 0.88168323 0.193715408
vn 0.00524646975 0.796524644 0.604583323
vn -0.172276169 0.958980918 0.225114346
vn 0.018213369 0.868723869 0.494961709
vn 0.00524646975 0.796524644 0.604583323
vn 0.430243105 0.88168323 0.193715408
vn 0.0858877748 0.995861471 0.0297201052
vn -0.101224579 0.976400793 0.190774769
vn 0.430243105 0.88168323 0.193715408
vn -0.101224579 0.976400793 0.190774769
vn 0.00524646975 0.796524644 0.604583323
vn 0.194145575 0.82425493 0.531894088
vn 0.018213369 0.868723869 0.494961709
vn 0.195806399 0.958007514 0.209478959
vn 0.0692122057 0.165285617 0.98381424
vn 0.018213369 0.868723869 0.494961709
vn 0.194145575 0.82425493 0.531894088
vn -0.836672544 -0.33613345 0.432427436
vn -0.612276316 -0.304370016 0.729710042
vn -0.828594148 -0.0407891124 0.558361769
vn -0.836672544 -0.33613345 0.432427436
vn -0.205537528 -0.893702924 0.398810029
vn -0.612276316 -0.304370016 0.729710042
vn -0.172276169 0.958980918 0.225114346
vn 0.00524646975 0.796524644 0.604583323
vn -0.101224579 0.976400793 0.190774769
vn -0.057059519 0.994950116 0.082574673
vn -0.172276169 0.958980918 0.225114346
vn -0.101224579 0.976400793 0.190774769
vn -0.0917152613 -0.943257749 0.319144458
vn -0.00726814661 -0.730407 0.682973385
vn -0.104324013 -0.420453191 0.901296675
vn -0.205537528 -0.893702924 0.398810029
vn -0.0917152613 -0.943257749 0.319144458
vn -0.104324013 -0.420453191 0.901296675
vn -0.00726814661 -0.730407 0.682973385
vn -0.0177508276 -0.999545574 -0.0243625678
vn 0.105503626 -0.720348239 0.68554163
vn -0.0917152613 -0.943257749 0.319144458
vn -0.0177508276 -0.999545574 -0.0243625678
vn -0.00726814661 -0.730407 0.682973385
vn 0.135699421 0.855228543 0.500169694
vn 0.0721167848 0.981674194 0.176394537
vn -0.414206624 0.643609583 0.643583357
vn 0.0721167848 0.981674194 0.176394537
vn 0.135699421 0.855228543 0.500169694
vn 0.194145575 0.82425493 0.531894088
vn -0.0213445369 0.993427813 -0.112452671
vn 0.0858877748 0.995861471 0.0297201052
vn 0.498500466 0.866887689 -0.00176344672
vn 0.498500466 0.866887689 -0.00176344672
vn 0.0858877748 0.995861471 0.0297201052
vn 0.430243105 0.88168323 0.193715408
vn 0.105503626 -0.720348239 0.68554163
vn -0.0177508276 -0.999545574 -0.0243625678
vn 0.111851789 -0.986494005 -0.119661123
vn -0.0177508276 -0.999545574 -0.0243625678
vn 0.0318246521 -0.909647822 -0.414159268
vn 0.111851789 -0.986494005 -0.119661123
vn 0.150274783 -0.0974522904 0.983829558
vn 0.104555435 0.326592058 0.939364552
vn 0.0692122057 0.165285617 0.98381424
vn 0.263806731 0.301349759 0.916293859
vn 0.104555435 0.326592058 0.939364552
vn 0.150274783 -0.0974522904 0.983829558
vn -0.057059519 0.994950116 0.082574673
vn 0.0362125151 0.990357518 0.133717895
vn -0.0672402754 0.983900547 0.165585756
vn -0.0672402754 0.983900547 0.165585756
vn -0.172276169 0.958980918 0.225114346
vn -0.057059519 0.994950116 0.082574673
vn 0.16374056 0.955203593 0.246526003
vn 0.0990675166 0.990596771 0.0943588912
vn 0.0721167848 0.981674194 0.176394537
vn 0.194145575 0.82425493 0.531894088
vn 0.16374056 0.955203593 0.246526003
vn 0.0721167848 0.981674194 0.176394537
vn 0.105503626 -0.720348239 0.68554163
vn 0.111851789 -0.986494005 -0.119661123
vn 0.275039196 -0.821781635 0.499027342
vn 0.105503626 -0.720348239 0.68554163
vn 0.275039196 -0.821781635 0.499027342
vn 0.150274783 -0.0974522904 0.983829558
vn -0.0101660211 0.307602614 -0.9514606
vn -0.00861574151 -0.0608853064 -0.998107553
vn -0.0156376176 -0.0764398724 -0.99695152
vn -0.0209992975 -0.0888103396 -0.995827138
vn -0.0260016527 -0.162594035 -0.986350358
vn -0.0333511345 -0.105916202 -0.99381566
vn 0.946727395 -0.309839606 0.0877866447
vn 0.890468359 -0.0367661007 -0.453557342
vn 0.988498747 0.149680898 -0.0215855706
vn 0.013110687 -0.065692015 -0.997753859
vn 0.0155790849 -0.0729083046 -0.997217059
vn 0.0184936989 -0.0815081745 -0.996501088
vn 0.890468359 -0.0367661007 -0.453557342
vn 0.946727395 -0.309839606 0.0877866447
vn 0.53581357 -0.661947608 -0.524146259
vn 0.0173753295 0.224940941 -0.974217415
vn 0.279471278 -0.0158460271 -0.960023284
vn 0.0184936989 -0.0815081745 -0.996501088
vn 0.00981451571 -0.289188236 -0.957221985
vn 0.0235559009 -0.0866275653 -0.995962262
vn 0.0250119586 -0.310282886 -0.950315237
vn -0.0209992975 -0.0888103396 -0.995827138
vn -0.0225440729 -0.24515605 -0.969221473
vn -0.0260016527 -0.162594035 -0.986350358
vn 0.00922497083 0.138703227 -0.990290999
vn -0.00861574151 -0.0608853064 -0.998107553
vn -0.0101660211 0.307602614 -0.9514606
vn -0.0333511345 -0.105916202 -0.99381566
vn -0.0260016527 -0.162594035 -0.986350358
vn -0.0182029642 -0.0910160691 -0.995683014
vn -0.0156376176 -0.0764398724 -0.99695152
vn -0.0164176952 0.224038407 -0.974442005
vn -0.0101660211 0.307602614 -0.9514606
vn 0.599211037 -0.0679825246 -0.797699451
vn 0.53581357 -0.661947608 -0.524146259
vn 0.315917492 -0.324893832 -0.891425967
vn 0.401824921 0.622227728 -0.67184031
vn 0.279471278 -0.0158460271 -0.960023284
vn 0.0173753295 0.224940941 -0.974217415
vn 0.599211037 -0.0679825246 -0.797699451
vn 0.890468359 -0.0367661007 -0.453557342
vn 0.53581357 -0.661947608 -0.524146259
vn 0.279471278 -0.0158460271 -0.960023284
vn 0.0319476947 -0.0907851979 -0.99535799
vn 0.0222807843 -0.0831823498 -0.9962852
vn 0.0250119586 -0.310282886 -0.950315237
vn 0.0271411166 -0.0875788257 -0.995787799
vn 0.0319476947 -0.0907851979 -0.99535799
vn 0.0271411166 -0.0875788257 -0.995787799
vn 0.0250119586 -0.310282886 -0.950315237
vn 0.0235559009 -0.0866275653 -0.995962262
vn 0.00505505363 -0.0858713016 -0.996293426
vn 0.00981451571 -0.289188236 -0.957221985
vn -0.0209992975 -0.0888103396 -0.995827138
vn 0.013110687 -0.065692015 -0.997753859
vn -0.00861574151 -0.0608853064 -0.998107553
vn 0.00922497083 0.138703227 -0.990290999
vn -0.0189365614 -0.0789984614 -0.996694863
vn -0.0210778713 -0.0758953169 -0.996892989
vn -0.0182029642 -0.0910160691 -0.995683014
vn -0.0189365614 -0.0789984614 -0.996694863
vn -0.0198936258 -0.07066641 -0.997301579
vn -0.0210778713 -0.0758953169 -0.996892989
vn -0.0198936258 -0.07066641 -0.997301579
vn -0.0209992975 -0.0888103396 -0.995827138
vn -0.0210778713 -0.0758953169 -0.996892989
vn 0.00378825096 -0.0667013228 -0.997765839
vn 0.00505505363 -0.0858713016 -0.996293426
vn -0.0209992975 -0.0888103396 -0.995827138
vn -0.0182029642 -0.0910160691 -0.995683014
vn -0.0260016527 -0.162594035 -0.986350358
vn -0.0317321047 -0.119708948 -0.992301822
vn -0.558965564 -0.0772596896 -0.825583696
vn -0.0317321047 -0.119708948 -0.992301822
vn -0.224982664 -0.36112231 -0.90497154
vn -0.0182029642 -0.0910160691 -0.995683014
vn -0.0164176952 0.224038407 -0.974442005
vn -0.0156376176 -0.0764398724 -0.99695152
vn -0.0182029642 -0.0910160691 -0.995683014
vn -0.0317321047 -0.119708948 -0.992301822
vn -0.558965564 -0.0772596896 -0.825583696
vn 0.840969622 0.16046682 -0.516740441
vn 0.988498747 0.149680898 -0.0215855706
vn 0.890468359 -0.0367661007 -0.453557342
vn 0.890468359 -0.0367661007 -0.453557342
vn 0.599211037 -0.0679825246 -0.797699451
vn 0.840969622 0.16046682 -0.516740441
vn -0.733671308 -0.494781703 -0.465744138
vn -0.482258379 -0.450454265 -0.751344085
vn -0.0147319585 -0.952935219 -0.302816093
vn -0.00861574151 -0.0608853064 -0.998107553
vn -0.0198936258 -0.07066641 -0.997301579
vn -0.0189365614 -0.0789984614 -0.996694863
vn -0.0198936258 -0.07066641 -0.997301579
vn 0.00378825096 -0.0667013228 -0.997765839
vn -0.0209992975 -0.0888103396 -0.995827138
vn -0.0209992975 -0.0888103396 -0.995827138
vn 0.00981451571 -0.289188236 -0.957221985
vn -0.0225440729 -0.24515605 -0.969221473
vn -0.831338227 0.0725062639 -0.551017046
vn -0.950388432 0.310983688 -0.00714786863
vn -0.673814416 0.555180371 -0.487595111
vn 0.0235559009 -0.0866275653 -0.995962262
vn 0.00378825096 -0.0667013228 -0.997765839
vn 0.0225106459 -0.0707100034 -0.997242987
vn 0.0235559009 -0.0866275653 -0.995962262
vn 0.0225106459 -0.0707100034 -0.997242987
vn 0.0271411166 -0.0875788257 -0.995787799
vn 0.00378825096 -0.0667013228 -0.997765839
vn -0.0198936258 -0.07066641 -0.997301579
vn -0.00861574151 -0.0608853064 -0.998107553
vn 0.013110687 -0.065692015 -0.997753859
vn 0.00378825096 -0.0667013228 -0.997765839
vn -0.00861574151 -0.0608853064 -0.998107553
vn 0.279471278 -0.0158460271 -0.960023284
vn 0.315917492 -0.324893832 -0.891425967
vn 0.0319476947 -0.0907851979 -0.99535799
vn 0.0319476947 -0.0907851979 -0.99535799
vn 0.315917492 -0.324893832 -0.891425967
vn 0.0250119586 -0.310282886 -0.950315237
vn 0.0271411166 -0.0875788257 -0.995787799
vn 0.0225106459 -0.0707100034 -0.997242987
vn 0.0222807843 -0.0831823498 -0.9962852
vn 0.0222807843 -0.0831823498 -0.9962852
vn 0.0319476947 -0.0907851979 -0.99535799
vn 0.0271411166 -0.0875788257 -0.995787799
vn -0.0182029642 -0.0910160691 -0.995683014
vn -0.0210778713 -0.0758953169 -0.996892989
vn -0.0272007789 -0.0913379118 -0.995448411
vn -0.0272007789 -0.0913379118 -0.995448411
vn -0.0210778713 -0.0758953169 -0.996892989
vn -0.0209992975 -0.0888103396 -0.995827138
vn -0.656144023 0.617717564 0.433474392
vn -0.329257488 0.842215776 0.426921666
vn -0.673814416 0.555180371 -0.487595111
vn 0.00922497083 0.138703227 -0.990290999
vn 0.0155790849 -0.0729083046 -0.997217059
vn 0.013110687 -0.065692015 -0.997753859
vn -0.673814416 0.555180371 -0.487595111
vn -0.950388432 0.310983688 -0.00714786863
vn -0.656144023 0.617717564 0.433474392
vn -0.0182029642 -0.0910160691 -0.995683014
vn -0.0272007789 -0.0913379118 -0.995448411
vn -0.0333511345 -0.105916202 -0.99381566
vn -0.0333511345 -0.105916202 -0.99381566
vn -0.0272007789 -0.0913379118 -0.995448411
vn -0.0209992975 -0.0888103396 -0.995827138
vn 0.178552076 -0.9741804 0.138172522
vn 0.53581357 -0.661947608 -0.524146259
vn 0.946727395 -0.309839606 0.0877866447
vn 0.469661444 0.844297945 0.258029312
vn 0.988498747 0.149680898 -0.0215855706
vn 0.840969622 0.16046682 -0.516740441
vn 0.0212097559 -0.0672889203 -0.997508109
vn 0.0225106459 -0.0707100034 -0.997242987
vn 0.00378825096 -0.0667013228 -0.997765839
vn 0.0222807843 -0.0831823498 -0.9962852
vn 0.0225106459 -0.0707100034 -0.997242987
vn 0.0212097559 -0.0672889203 -0.997508109
vn -0.272744358 0.0673523247 -0.959726095
vn -0.0164176952 0.224038407 -0.974442005
vn -0.0182029642 -0.0910160691 -0.995683014
vn 0.401824921 0.622227728 -0.67184031
vn 0.139601231 0.973170817 -0.182893515
vn 0.469661444 0.844297945 0.258029312
vn 0.00505505363 -0.0858713016 -0.996293426
vn 0.00378825096 -0.0667013228 -0.997765839
vn 0.0235559009 -0.0866275653 -0.995962262
vn 0.00505505363 -0.0858713016 -0.996293426
vn 0.0235559009 -0.0866275653 -0.995962262
vn 0.00981451571 -0.289188236 -0.957221985
vn -0.329257488 0.842215776 0.426921666
vn -0.081894502 0.981404841 -0.173601985
vn -0.673814416 0.555180371 -0.487595111
vn 0.279471278 -0.0158460271 -0.960023284
vn 0.599211037 -0.0679825246 -0.797699451
vn 0.315917492 -0.324893832 -0.891425967
vn 0.599211037 -0.0679825246 -0.797699451
vn 0.279471278 -0.0158460271 -0.960023284
vn 0.840969622 0.16046682 -0.516740441
vn 0.840969622 0.16046682 -0.516740441
vn 0.401824921 0.622227728 -0.67184031
vn 0.469661444 0.844297945 0.258029312
vn 0.840969622 0.16046682 -0.516740441
vn 0.279471278 -0.0158460271 -0.960023284
vn 0.401824921 0.622227728 -0.67184031
vn -0.673814416 0.555180371 -0.487595111
vn -0.272744358 0.0673523247 -0.959726095
vn -0.558965564 -0.0772596896 -0.825583696
vn -0.0182029642 -0.0910160691 -0.995683014
vn -0.558965564 -0.0772596896 -0.825583696
vn -0.272744358 0.0673523247 -0.959726095
vn 0.0184936989 -0.0815081745 -0.996501088
vn 0.279471278 -0.0158460271 -0.960023284
vn 0.0222807843 -0.0831823498 -0.9962852
vn 0.0222807843 -0.0831823498 -0.9962852
vn 0.0212097559 -0.0672889203 -0.997508109
vn 0.0184936989 -0.0815081745 -0.996501088
vn 0.00100964028 0.901281118 0.433233559
vn 0.000951554102 0.623463213 0.781852067
vn 0.00659842836 0.921696782 0.387855113
vn -0.0156376176 -0.0764398724 -0.99695152
vn -0.0189365614 -0.0789984614 -0.996694863
vn -0.0182029642 -0.0910160691 -0.995683014
vn -0.0156376176 -0.0764398724 -0.99695152
vn -0.00861574151 -0.0608853064 -0.998107553
vn -0.0189365614 -0.0789984614 -0.996694863
vn 0.0184936989 -0.0815081745 -0.996501088
vn 0.0155790849 -0.0729083046 -0.997217059
vn 0.0173753295 0.224940941 -0.974217415
vn 0.0155790849 -0.0729083046 -0.997217059
vn 0.00922497083 0.138703227 -0.990290999
vn 0.0173753295 0.224940941 -0.974217415
vn 0.00378825096 -0.0667013228 -0.997765839
vn 0.013110687 -0.065692015 -0.997753859
vn 0.0212097559 -0.0672889203 -0.997508109
vn 0.0212097559 -0.0672889203 -0.997508109
vn 0.013110687 -0.065692015 -0.997753859
vn 0.0184936989 -0.0815081745 -0.996501088
vn 0.315917492 -0.324893832 -0.891425967
vn 0.0226337314 -0.65172863 -0.758114398
vn 0.0250119586 -0.310282886 -0.950315237
vn -0.329257488 0.842215776 0.426921666
vn 0.00161015254 0.580305099 0.814397573
vn -0.00913651939 0.926028132 0.377344012
vn -0.329257488 0.842215776 0.426921666
vn -0.656144023 0.617717564 0.433474392
vn 0.00202807342 0.335119039 0.942173719
vn -0.733671308 -0.494781703 -0.465744138
vn -0.451787859 -0.890621603 0.051777482
vn -0.950388432 0.310983688 -0.00714786863
vn -0.733671308 -0.494781703 -0.465744138
vn -0.950388432 0.310983688 -0.00714786863
vn -0.831338227 0.0725062639 -0.551017046
vn -0.0147319585 -0.952935219 -0.302816093
vn -0.00781518221 -0.998990536 0.0442366041
vn -0.451787859 -0.890621603 0.051777482
vn -0.0147319585 -0.952935219 -0.302816093
vn -0.451787859 -0.890621603 0.051777482
vn -0.733671308 -0.494781703 -0.465744138
vn 0.139601231 0.973170817 -0.182893515
vn 0.0180799477 0.836900711 -0.547056079
vn 0.00884737913 0.983286917 0.18184723
vn 0.139601231 0.973170817 -0.182893515
vn 0.00884737913 0.983286917 0.18184723
vn 0.469661444 0.844297945 0.258029312
vn 0.401824921 0.622227728 -0.67184031
vn 0.0173753295 0.224940941 -0.974217415
vn 0.0180799477 0.836900711 -0.547056079
vn 0.401824921 0.622227728 -0.67184031
vn 0.0180799477 0.836900711 -0.547056079
vn 0.139601231 0.973170817 -0.182893515
vn 0.0226337314 -0.65172863 -0.758114398
vn 0.0164050441 -0.709932983 -0.704078197
vn 0.00981451571 -0.289188236 -0.957221985
vn 0.0226337314 -0.65172863 -0.758114398
vn 0.00981451571 -0.289188236 -0.957221985
vn 0.0250119586 -0.310282886 -0.950315237
vn -0.482258379 -0.450454265 -0.751344085
vn -0.673814416 0.555180371 -0.487595111
vn -0.558965564 -0.0772596896 -0.825583696
vn -0.482258379 -0.450454265 -0.751344085
vn -0.558965564 -0.0772596896 -0.825583696
vn -0.224982664 -0.36112231 -0.90497154
vn -0.482258379 -0.450454265 -0.751344085
vn -0.733671308 -0.494781703 -0.465744138
vn -0.831338227 0.0725062639 -0.551017046
vn -0.482258379 -0.450454265 -0.751344085
vn -0.831338227 0.0725062639 -0.551017046
vn -0.673814416 0.555180371 -0.487595111
vn -0.00104187918 0.744983435 0.667082191
vn -0.0049970299 0.548120975 0.836384177
vn 0.469661444 0.844297945 0.258029312
vn -0.00104187918 0.744983435 0.667082191
vn 0.469661444 0.844297945 0.258029312
vn 0.00884737913 0.983286917 0.18184723
vn -0.0101660211 0.307602614 -0.9514606
vn -0.0164176952 0.224038407 -0.974442005
vn -0.0182996523 0.785115659 -0.619078755
vn -0.0101660211 0.307602614 -0.9514606
vn -0.0182996523 0.785115659 -0.619078755
vn -0.0118602617 0.844120562 -0.536022305
vn -0.224982664 -0.36112231 -0.90497154
vn -0.0317321047 -0.119708948 -0.992301822
vn -0.0260016527 -0.162594035 -0.986350358
vn -0.224982664 -0.36112231 -0.90497154
vn -0.0260016527 -0.162594035 -0.986350358
vn -0.0259723645 -0.616795063 -0.786695123
vn -0.0259723645 -0.616795063 -0.786695123
vn -0.0147319585 -0.952935219 -0.302816093
vn -0.482258379 -0.450454265 -0.751344085
vn -0.0259723645 -0.616795063 -0.786695123
vn -0.482258379 -0.450454265 -0.751344085
vn -0.224982664 -0.36112231 -0.90497154
vn 0.00981451571 -0.289188236 -0.957221985
vn 0.0164050441 -0.709932983 -0.704078197
vn -0.0150385518 -0.764599025 -0.64433074
vn 0.00981451571 -0.289188236 -0.957221985
vn -0.0150385518 -0.764599025 -0.64433074
vn -0.0225440729 -0.24515605 -0.969221473
vn -0.0225440729 -0.24515605 -0.969221473
vn -0.0150385518 -0.764599025 -0.64433074
vn -0.0259723645 -0.616795063 -0.786695123
vn -0.0225440729 -0.24515605 -0.969221473
vn -0.0259723645 -0.616795063 -0.786695123
vn -0.0260016527 -0.162594035 -0.986350358
vn 0.0156503245 -0.954451084 -0.297956765
vn 0.00156925316 -0.99386847 -0.110556975
vn 0.0164050441 -0.709932983 -0.704078197
vn 0.0156503245 -0.954451084 -0.297956765
vn 0.0164050441 -0.709932983 -0.704078197
vn 0.0226337314 -0.65172863 -0.758114398
vn 0.00156925316 -0.99386847 -0.110556975
vn 0.0156503245 -0.954451084 -0.297956765
vn 0.00667607412 -0.996829569 0.079285197
vn 0.00156925316 -0.99386847 -0.110556975
vn 0.00667607412 -0.996829569 0.079285197
vn -0.00277560111 -0.995638728 0.0932500735
vn 0.00156925316 -0.99386847 -0.110556975
vn -0.00908530783 -0.999897778 -0.0110445907
vn -0.0150385518 -0.764599025 -0.64433074
vn 0.00156925316 -0.99386847 -0.110556975
vn -0.0150385518 -0.764599025 -0.64433074
vn 0.0164050441 -0.709932983 -0.704078197
vn -0.00277560111 -0.995638728 0.0932500735
vn -0.00606888253 -0.997084856 0.0760593563
vn -0.00908530783 -0.999897778 -0.0110445907
vn -0.00277560111 -0.995638728 0.0932500735
vn -0.00908530783 -0.999897778 -0.0110445907
vn 0.00156925316 -0.99386847 -0.110556975
vn -0.0150385518 -0.764599025 -0.64433074
vn -0.00908530783 -0.999897778 -0.0110445907
vn -0.0147319585 -0.952935219 -0.302816093
vn -0.0150385518 -0.764599025 -0.64433074
vn -0.0147319585 -0.952935219 -0.302816093
vn -0.0259723645 -0.616795063 -0.786695123
vn -0.00908530783 -0.999897778 -0.0110445907
vn -0.00606888253 -0.997084856 0.0760593563
vn -0.00781518221 -0.998990536 0.0442366041
vn -0.00908530783 -0.999897778 -0.0110445907
vn -0.00781518221 -0.998990536 0.0442366041
vn -0.0147319585 -0.952935219 -0.302816093
vn 0.53581357 -0.661947608 -0.524146259
vn 0.0156503245 -0.954451084 -0.297956765
vn 0.0226337314 -0.65172863 -0.758114398
vn 0.53581357 -0.661947608 -0.524146259
vn 0.0226337314 -0.65172863 -0.758114398
vn 0.315917492 -0.324893832 -0.891425967
vn 0.178552076 -0.9741804 0.138172522
vn 0.00667607412 -0.996829569 0.079285197
vn 0.0156503245 -0.954451084 -0.297956765
vn 0.178552076 -0.9741804 0.138172522
vn 0.0156503245 -0.954451084 -0.297956765
vn 0.53581357 -0.661947608 -0.524146259
vn 0.0105345175 0.821636856 -0.569914043
vn 0.0180799477 0.836900711 -0.547056079
vn 0.0173753295 0.224940941 -0.974217415
vn 0.0105345175 0.821636856 -0.569914043
vn 0.0173753295 0.224940941 -0.974217415
vn 0.00922497083 0.138703227 -0.990290999
vn 0.0105345175 0.821636856 -0.569914043
vn 0.00476650335 0.974389613 0.224815682
vn 0.00884737913 0.983286917 0.18184723
vn 0.0105345175 0.821636856 -0.569914043
vn 0.00884737913 0.983286917 0.18184723
vn 0.0180799477 0.836900711 -0.547056079
vn -0.00104187918 0.744983435 0.667082191
vn 0.00884737913 0.983286917 0.18184723
vn 0.00476650335 0.974389613 0.224815682
vn -0.00104187918 0.744983435 0.667082191
vn 0.00476650335 0.974389613 0.224815682
vn 0.00659842836 0.921696782 0.387855113
vn 0.0105345175 0.821636856 -0.569914043
vn 0.00922497083 0.138703227 -0.990290999
vn -0.0101660211 0.307602614 -0.9514606
vn 0.0105345175 0.821636856 -0.569914043
vn -0.0101660211 0.307602614 -0.9514606
vn -0.0118602617 0.844120562 -0.536022305
vn -0.0049686525 0.998354316 -0.0571302697
vn 0.00476650335 0.974389613 0.224815682
vn 0.0105345175 0.821636856 -0.569914043
vn -0.0049686525 0.998354316 -0.0571302697
vn 0.0105345175 0.821636856 -0.569914043
vn -0.0118602617 0.844120562 -0.536022305
vn -0.0049686525 0.998354316 -0.0571302697
vn 0.00100964028 0.901281118 0.433233559
vn 0.00659842836 0.921696782 0.387855113
vn -0.0049686525 0.998354316 -0.0571302697
vn 0.00659842836 0.921696782 0.387855113
vn 0.00476650335 0.974389613 0.224815682
vn -0.0118602617 0.844120562 -0.536022305
vn -0.0182996523 0.785115659 -0.619078755
vn -0.0169754885 0.980452418 -0.19602263
vn -0.0118602617 0.844120562 -0.536022305
vn -0.0169754885 0.980452418 -0.19602263
vn -0.0049686525 0.998354316 -0.0571302697
vn -0.00913651939 0.926028132 0.377344012
vn 0.00100964028 0.901281118 0.433233559
vn -0.0049686525 0.998354316 -0.0571302697
vn -0.00913651939 0.926028132 0.377344012
vn -0.0049686525 0.998354316 -0.0571302697
vn -0.0169754885 0.980452418 -0.19602263
vn -0.00913651939 0.926028132 0.377344012
vn 0.00161015254 0.580305099 0.814397573
vn 0.000951554102 0.623463213 0.781852067
vn -0.00913651939 0.926028132 0.377344012
vn 0.000951554102 0.623463213 0.781852067
vn 0.00100964028 0.901281118 0.433233559
vn -0.0164176952 0.224038407 -0.974442005
vn -0.272744358 0.0673523247 -0.959726095
vn -0.673814416 0.555180371 -0.487595111
vn -0.0164176952 0.224038407 -0.974442005
vn -0.673814416 0.555180371 -0.487595111
vn -0.0182996523 0.785115659 -0.619078755
vn -0.081894502 0.981404841 -0.173601985
vn -0.0169754885 0.980452418 -0.19602263
vn -0.0182996523 0.785115659 -0.619078755
vn -0.081894502 0.981404841 -0.173601985
vn -0.0182996523 0.785115659 -0.619078755
vn -0.673814416 0.555180371 -0.487595111
vn -0.081894502 0.981404841 -0.173601985
vn -0.329257488 0.842215776 0.426921666
vn -0.00913651939 0.926028132 0.377344012
vn -0.081894502 0.981404841 -0.173601985
vn -0.00913651939 0.926028132 0.377344012
vn -0.0169754885 0.980452418 -0.19602263
vn 0.0484894961 0.514851511 0.855906904
vn -0.00696523115 0.507229269 0.861783028
vn -0.0460761972 0.693146884 0.719322205
vn -0.140286133 -0.0852266699 0.986436129
vn 0.0240353588 0.182632253 0.982887506
vn 0.0484894961 0.514851511 0.855906904
vn 0.136156961 0.971085012 0.196099922
vn -0.196851984 0.962900519 -0.184585541
vn -0.0509581454 0.760730922 0.647063971
vn -0.0509581454 0.760730922 0.647063971
vn -0.656072557 0.404223919 0.637316048
vn -0.376008779 0.265472084 0.887773573
vn 0.0818744376 -0.193220884 -0.977733314
vn 0.0257272795 0.377529949 -0.925639868
vn 0.57953316 0.392404497 -0.714254856
vn -0.545160234 -0.204415798 0.813027978
vn -0.137280643 -0.300189197 0.943949521
vn -0.517026246 -0.261742324 0.814969301
vn -0.999260426 0.0143402349 0.035678748
vn -0.994021118 0.100976981 0.0415401533
vn -0.917402506 -0.144207403 -0.370913714
vn -0.0761492252 -0.382798076 -0.920688272
vn 0.0190792456 -0.664187014 -0.747323096
vn -0.135116905 -0.645159304 -0.752005935
vn -0.0761492252 -0.382798076 -0.920688272
vn -0.135116905 -0.645159304 -0.752005935
vn -0.155054957 -0.289632261 -0.944495201
vn -0.196851984 0.962900519 -0.184585541
vn 0.0190324616 0.98485595 -0.172326714
vn 0.0310071837 0.780445933 -0.624453902
vn 0.11462409 0.895470917 -0.430108428
vn 0.0257272795 0.377529949 -0.925639868
vn -0.0802272111 0.861025155 -0.502194524
vn 0.965791821 -0.255954921 0.041633077
vn 0.827309132 -0.561281502 0.0228586253
vn 0.57953316 0.392404497 -0.714254856
vn -0.0460761972 0.693146884 0.719322205
vn -0.00696523115 0.507229269 0.861783028
vn -0.163483754 0.434280485 0.885818005
vn 0.338254601 0.73740226 0.584655285
vn 0.965791821 -0.255954921 0.041633077
vn 0.57953316 0.392404497 -0.714254856
vn -0.137280643 -0.300189197 0.943949521
vn 0.0240353588 0.182632253 0.982887506
vn -0.140286133 -0.0852266699 0.986436129
vn 0.455115885 0.0293518342 0.889948308
vn 0.0849764273 -0.0618598759 0.994460881
vn 0.638999581 -0.125524938 0.758895993
vn 0.0240353588 0.182632253 0.982887506
vn 0.0849764273 -0.0618598759 0.994460881
vn 0.455115885 0.0293518342 0.889948308
vn -0.00696523115 0.507229269 0.861783028
vn -0.00197260221 0.343321145 0.939216018
vn -0.163483754 0.434280485 0.885818005
vn -0.223680958 0.752118111 0.619907379
vn -0.119410545 0.594253957 0.795363724
vn -0.163483754 0.434280485 0.885818005
vn 0.11462409 0.895470917 -0.430108428
vn -0.165447682 0.98621124 0.00380929839
vn -0.0567414016 0.997932374 -0.0301901698
vn -0.0971597359 0.755696416 0.647674918
vn -0.223680958 0.752118111 0.619907379
vn -0.165447682 0.98621124 0.00380929839
vn -0.0509581454 0.760730922 0.647063971
vn 0.157734364 0.758672416 0.632088602
vn 0.136156961 0.971085012 0.196099922
vn 0.691296339 -0.721018672 0.0473458692
vn 0.689005554 -0.723278821 0.0462513082
vn 0.827309132 -0.561281502 0.0228586253
vn 0.0190792456 -0.664187014 -0.747323096
vn -0.0761492252 -0.382798076 -0.920688272
vn 0.0818744376 -0.193220884 -0.977733314
vn -0.0509581454 0.760730922 0.647063971
vn -0.376008779 0.265472084 0.887773573
vn 0.150013864 0.537558079 0.829775333
vn 0.150013864 0.537558079 0.829775333
vn 0.150371313 0.593915045 0.790350199
vn -0.0509581454 0.760730922 0.647063971
vn 0.827309132 -0.561281502 0.0228586253
vn 0.965791821 -0.255954921 0.041633077
vn 0.691296339 -0.721018672 0.0473458692
vn 0.479275793 0.0268968605 0.877252042
vn 0.670363903 -0.357943594 0.649991274
vn 0.338254601 0.73740226 0.584655285
vn -0.119410545 0.594253957 0.795363724
vn -0.223680958 0.752118111 0.619907379
vn -0.0971597359 0.755696416 0.647674918
vn 0.0484894961 0.514851511 0.855906904
vn -0.0460761972 0.693146884 0.719322205
vn 0.150371313 0.593915045 0.790350199
vn -0.140286133 -0.0852266699 0.986436129
vn 0.0484894961 0.514851511 0.855906904
vn -0.376008779 0.265472084 0.887773573
vn -0.140286133 -0.0852266699 0.986436129
vn -0.517026246 -0.261742324 0.814969301
vn -0.137280643 -0.300189197 0.943949521
vn 0.0190324616 0.98485595 -0.172326714
vn -0.0802272111 0.861025155 -0.502194524
vn 0.0310071837 0.780445933 -0.624453902
vn 0.157734364 0.758672416 0.632088602
vn -0.044147484 0.973453641 0.224586114
vn 0.136156961 0.971085012 0.196099922
vn 0.0240353588 0.182632253 0.982887506
vn -0.137280643 -0.300189197 0.943949521
vn 0.0849764273 -0.0618598759 0.994460881
vn 0.0818744376 -0.193220884 -0.977733314
vn -0.0761492252 -0.382798076 -0.920688272
vn 0.0257272795 0.377529949 -0.925639868
vn -0.21464318 0.396605641 -0.89254266
vn 0.0310071837 0.780445933 -0.624453902
vn -0.0258968379 0.253454119 -0.967000723
vn -0.656072557 0.404223919 0.637316048
vn -0.833625853 -0.0230160356 0.551849842
vn -0.376008779 0.265472084 0.887773573
vn -0.517026246 -0.261742324 0.814969301
vn -0.140286133 -0.0852266699 0.986436129
vn -0.376008779 0.265472084 0.887773573
vn 0.147598445 -0.266027063 -0.952598631
vn 0.57953316 0.392404497 -0.714254856
vn 0.230384618 -0.109432042 -0.966926813
vn 0.126251534 -0.422376692 -0.897584796
vn 0.147598445 -0.266027063 -0.952598631
vn 0.230384618 -0.109432042 -0.966926813
vn 0.479275793 0.0268968605 0.877252042
vn -0.163483754 0.434280485 0.885818005
vn -0.00197260221 0.343321145 0.939216018
vn -0.163483754 0.434280485 0.885818005
vn 0.479275793 0.0268968605 0.877252042
vn 0.338254601 0.73740226 0.584655285
vn -0.775319695 0.586092114 0.235319868
vn -0.0509581454 0.760730922 0.647063971
vn -0.196851984 0.962900519 -0.184585541
vn -0.900400817 0.272257805 -0.339343429
vn -0.917402506 -0.144207403 -0.370913714
vn -0.994021118 0.100976981 0.0415401533
vn 0.11462409 0.895470917 -0.430108428
vn -0.0567414016 0.997932374 -0.0301901698
vn 0.338254601 0.73740226 0.584655285
vn 0.338254601 0.73740226 0.584655285
vn -0.223680958 0.752118111 0.619907379
vn -0.163483754 0.434280485 0.885818005
vn -0.900400817 0.272257805 -0.339343429
vn -0.775319695 0.586092114 0.235319868
vn -0.196851984 0.962900519 -0.184585541
vn -0.21464318 0.396605641 -0.89254266
vn -0.196851984 0.962900519 -0.184585541
vn 0.0310071837 0.780445933 -0.624453902
vn -0.223680958 0.752118111 0.619907379
vn 0.338254601 0.73740226 0.584655285
vn -0.0567414016 0.997932374 -0.0301901698
vn -0.165447682 0.98621124 0.00380929839
vn -0.223680958 0.752118111 0.619907379
vn -0.0567414016 0.997932374 -0.0301901698
vn 0.147598445 -0.266027063 -0.952598631
vn 0.126251534 -0.422376692 -0.897584796
vn 0.0190792456 -0.664187014 -0.747323096
vn -0.119410545 0.594253957 0.795363724
vn -0.0971597359 0.755696416 0.647674918
vn 0.150371313 0.593915045 0.790350199
vn -0.044147484 0.973453641 0.224586114
vn 0.157734364 0.758672416 0.632088602
vn -0.0971597359 0.755696416 0.647674918
vn 0.150371313 0.593915045 0.790350199
vn 0.150013864 0.537558079 0.829775333
vn 0.0484894961 0.514851511 0.855906904
vn 0.150013864 0.537558079 0.829775333
vn -0.376008779 0.265472084 0.887773573
vn 0.0484894961 0.514851511 0.855906904
vn 0.0310071837 0.780445933 -0.624453902
vn 0.0257272795 0.377529949 -0.925639868
vn -0.0258968379 0.253454119 -0.967000723
vn 0.0257272795 0.377529949 -0.925639868
vn 0.0310071837 0.780445933 -0.624453902
vn -0.0802272111 0.861025155 -0.502194524
vn -0.833625853 -0.0230160356 0.551849842
vn -0.545160234 -0.204415798 0.813027978
vn -0.517026246 -0.261742324 0.814969301
vn -0.376008779 0.265472084 0.887773573
vn -0.833625853 -0.0230160356 0.551849842
vn -0.517026246 -0.261742324 0.814969301
vn -0.624892056 -0.205190301 -0.753264189
vn -0.530706286 -0.370438844 -0.762316048
vn -0.917402506 -0.144207403 -0.370913714
vn -0.530706286 -0.370438844 -0.762316048
vn -0.657962561 -0.208844215 -0.723511934
vn -0.917402506 -0.144207403 -0.370913714
vn 0.909471333 -0.085016124 0.406981736
vn 0.479275793 0.0268968605 0.877252042
vn 0.455115885 0.0293518342 0.889948308
vn 0.455115885 0.0293518342 0.889948308
vn 0.638999581 -0.125524938 0.758895993
vn 0.909471333 -0.085016124 0.406981736
vn -0.21464318 0.396605641 -0.89254266
vn -0.0761492252 -0.382798076 -0.920688272
vn -0.155054957 -0.289632261 -0.944495201
vn -0.196851984 0.962900519 -0.184585541
vn -0.21464318 0.396605641 -0.89254266
vn -0.900400817 0.272257805 -0.339343429
vn -0.165447682 0.98621124 0.00380929839
vn 0.11462409 0.895470917 -0.430108428
vn -0.0802272111 0.861025155 -0.502194524
vn 0.0190324616 0.98485595 -0.172326714
vn -0.044147484 0.973453641 0.224586114
vn -0.0802272111 0.861025155 -0.502194524
vn -0.900400817 0.272257805 -0.339343429
vn -0.624892056 -0.205190301 -0.753264189
vn -0.917402506 -0.144207403 -0.370913714
vn -0.900400817 0.272257805 -0.339343429
vn -0.21464318 0.396605641 -0.89254266
vn -0.624892056 -0.205190301 -0.753264189
vn 0.0240353588 0.182632253 0.982887506
vn -0.00197260221 0.343321145 0.939216018
vn -0.00696523115 0.507229269 0.861783028
vn 0.0484894961 0.514851511 0.855906904
vn 0.0240353588 0.182632253 0.982887506
vn -0.00696523115 0.507229269 0.861783028
vn -0.0460761972 0.693146884 0.719322205
vn -0.163483754 0.434280485 0.885818005
vn -0.119410545 0.594253957 0.795363724
vn -0.0460761972 0.693146884 0.719322205
vn -0.119410545 0.594253957 0.795363724
vn 0.150371313 0.593915045 0.790350199
vn 0.11462409 0.895470917 -0.430108428
vn 0.338254601 0.73740226 0.584655285
vn 0.57953316 0.392404497 -0.714254856
vn 0.11462409 0.895470917 -0.430108428
vn 0.57953316 0.392404497 -0.714254856
vn 0.0257272795 0.377529949 -0.925639868
vn -0.0761492252 -0.382798076 -0.920688272
vn -0.21464318 0.396605641 -0.89254266
vn -0.0258968379 0.253454119 -0.967000723
vn -0.0761492252 -0.382798076 -0.920688272
vn -0.0258968379 0.253454119 -0.967000723
vn 0.0257272795 0.377529949 -0.925639868
vn -0.044147484 0.973453641 0.224586114
vn -0.165447682 0.98621124 0.00380929839
vn -0.0802272111 0.861025155 -0.502194524
vn -0.0971597359 0.755696416 0.647674918
vn -0.165447682 0.98621124 0.00380929839
vn -0.044147484 0.973453641 0.224586114
vn 0.670363903 -0.357943594 0.649991274
vn 0.479275793 0.0268968605 0.877252042
vn 0.82795155 -0.432930052 0.356465548
vn 0.479275793 0.0268968605 0.877252042
vn 0.909471333 -0.085016124 0.406981736
vn 0.82795155 -0.432930052 0.356465548
vn 0.150371313 0.593915045 0.790350199
vn -0.0971597359 0.755696416 0.647674918
vn 0.157734364 0.758672416 0.632088602
vn 0.157734364 0.758672416 0.632088602
vn -0.0509581454 0.760730922 0.647063971
vn 0.150371313 0.593915045 0.790350199
vn -0.624892056 -0.205190301 -0.753264189
vn -0.0701431483 -0.513178885 -0.855410695
vn -0.530706286 -0.370438844 -0.762316048
vn -0.0509581454 0.760730922 0.647063971
vn -0.775319695 0.586092114 0.235319868
vn -0.656072557 0.404223919 0.637316048
vn -0.900400817 0.272257805 -0.339343429
vn -0.994021118 0.100976981 0.0415401533
vn -0.775319695 0.586092114 0.235319868
vn -0.00197260221 0.343321145 0.939216018
vn 0.455115885 0.0293518342 0.889948308
vn 0.479275793 0.0268968605 0.877252042
vn 0.0240353588 0.182632253 0.982887506
vn 0.455115885 0.0293518342 0.889948308
vn -0.00197260221 0.343321145 0.939216018
vn 0.136156961 0.971085012 0.196099922
vn -0.044147484 0.973453641 0.224586114
vn 0.0190324616 0.98485595 -0.172326714
vn 0.0190324616 0.98485595 -0.172326714
vn -0.196851984 0.962900519 -0.184585541
vn 0.136156961 0.971085012 0.196099922
vn 0.147598445 -0.266027063 -0.952598631
vn 0.0190792456 -0.664187014 -0.747323096
vn 0.0818744376 -0.193220884 -0.977733314
vn 0.147598445 -0.266027063 -0.952598631
vn 0.0818744376 -0.193220884 -0.977733314
vn 0.57953316 0.392404497 -0.714254856
vn 0.982135415 -0.147786319 -0.116487205
vn 0.876613021 -0.235914424 -0.419397384
vn 0.989227951 -0.108223796 -0.0985681489
vn 0.0414259546 -0.229788721 0.972358465
vn 0.116605267 0.0184591934 0.993006825
vn 0.371313661 -0.0988553613 0.923230112
vn 0.371313661 -0.0988553613 0.923230112
vn 0.218615428 -0.0174796209 0.975654483
vn 0.0414259546 -0.229788721 0.972358465
vn 0.01648283 0.972311795 -0.233105034
vn -0.0277333651 0.953701973 -0.299471974
vn 0.0780119672 0.970166206 0.229546621
vn 0.0194943994 -0.352180928 -0.935728908
vn -0.00476819836 -0.761825204 -0.6477651
vn 0.028250875 -0.712608337 -0.700993121
vn 0.0570527613 0.61487633 -0.786557198
vn -0.0277333651 0.953701973 -0.299471974
vn 0.01648283 0.972311795 -0.233105034
vn -0.0277333651 0.953701973 -0.299471974
vn 0.0570527613 0.61487633 -0.786557198
vn -0.0162766334 0.647566736 -0.761834979
vn -0.861862898 -0.41595456 0.290127754
vn -0.620938361 -0.775201738 0.116180465
vn -0.620938361 -0.775201738 0.116180465
vn 0.159171462 0.303093463 0.939573705
vn 0.108308077 0.401172936 0.909576654
vn 0.0741076767 0.344035178 0.936027706
vn -0.443128079 0.745503366 0.49785763
vn -0.754844964 -0.501469433 0.42277354
vn -0.632766724 0.0629002675 0.771783471
vn 0.142285913 0.230307892 0.962659359
vn 0.179471329 0.407289028 0.895491898
vn 0.108308077 0.401172936 0.909576654
vn -0.136213079 0.421177268 0.896691501
vn -0.171841249 0.430231422 0.886211932
vn -0.163450286 0.487669528 0.857591033
vn 0.91846323 0.0684096068 0.389545172
vn 0.982241333 0.0651948974 0.175930768
vn 0.791300833 0.114048816 0.600696266
vn -0.0853452086 0.707532346 0.701508582
vn 0.102615893 0.498705596 0.860675752
vn 0.102121353 0.899807334 0.424167305
vn 0.0196192246 0.791334391 -0.611068666
vn -0.0247349329 0.988896906 -0.146529824
vn 0.102121353 0.899807334 0.424167305
vn -0.620938361 -0.775201738 0.116180465
vn -0.735390306 -0.646929324 0.201701775
vn -0.620938361 -0.775201738 0.116180465
vn -0.0384751856 -0.40794003 -0.912197649
vn -0.029606685 -0.0234384965 -0.99928683
vn 0.0194943994 -0.352180928 -0.935728908
vn 0.131096393 0.296234727 0.946075439
vn -0.0641200244 0.235071734 0.969860733
vn 0.218615428 -0.0174796209 0.975654483
vn 0.102121353 0.899807334 0.424167305
vn 0.102615893 0.498705596 0.860675752
vn 0.40185377 0.323382258 0.856701493
vn 0.146382675 0.88346678 0.445037603
vn 0.0780119672 0.970166206 0.229546621
vn -0.00894911587 0.657349706 0.753532648
vn -0.632766724 0.0629002675 0.771783471
vn -0.00894911587 0.657349706 0.753532648
vn -0.443128079 0.745503366 0.49785763
vn -0.945637822 -0.12199419 -0.301473826
vn -0.952186823 -0.186119333 -0.242280558
vn -0.945637822 -0.12199419 -0.301473826
vn -0.861862898 -0.41595456 0.290127754
vn -0.443128079 0.745503366 0.49785763
vn -0.875323772 0.219050214 0.431074828
vn 0.0792252123 -0.549848199 -0.831498802
vn 0.180741593 -0.234114408 -0.955260634
vn 0.15968059 -0.708437204 -0.687472761
vn 0.0570527613 0.61487633 -0.786557198
vn 0.0194943994 -0.352180928 -0.935728908
vn -0.029606685 -0.0234384965 -0.99928683
vn -0.22944808 0.180682912 0.956403315
vn -0.763488591 0.0471074171 0.644100964
vn -0.491928875 -0.128885299 0.861042678
vn 0.108308077 0.401172936 0.909576654
vn -0.00772007415 0.479873687 0.87730372
vn -0.22944808 0.180682912 0.956403315
vn 0.984522998 0.0303388406 0.172610179
vn 0.982241333 0.0651948974 0.175930768
vn 0.999355137 -0.0219702534 -0.028401861
vn 0.876613021 -0.235914424 -0.419397384
vn 0.999355137 -0.0219702534 -0.028401861
vn 0.989227951 -0.108223796 -0.0985681489
vn 0.108308077 0.401172936 0.909576654
vn -0.632766724 0.0629002675 0.771783471
vn -0.00772007415 0.479873687 0.87730372
vn -0.00689640641 0.96337688 0.268062741
vn -0.0853452086 0.707532346 0.701508582
vn 0.102121353 0.899807334 0.424167305
vn -0.00689640641 0.96337688 0.268062741
vn 0.0780119672 0.970166206 0.229546621
vn 0.146382675 0.88346678 0.445037603
vn -0.121052712 -0.69087106 -0.712771654
vn -0.0313814282 -0.694370568 -0.718933165
vn -0.138866618 -0.71982199 -0.680126727
vn -0.0641200244 0.235071734 0.969860733
vn -0.171841249 0.430231422 0.886211932
vn -0.136213079 0.421177268 0.896691501
vn 0.108308077 0.401172936 0.909576654
vn 0.179471329 0.407289028 0.895491898
vn 0.0963879898 0.425917596 0.899613023
vn 0.0159043297 0.616361201 -0.787302911
vn 0.0196192246 0.791334391 -0.611068666
vn 0.0406021103 0.131343767 -0.990505099
vn 0.01648283 0.972311795 -0.233105034
vn 0.0196192246 0.791334391 -0.611068666
vn 0.0159043297 0.616361201 -0.787302911
vn 0.0963879898 0.425917596 0.899613023
vn 0.179471329 0.407289028 0.895491898
vn -0.0641200244 0.235071734 0.969860733
vn -0.0327176005 0.597676516 0.801069498
vn -0.0853452086 0.707532346 0.701508582
vn -0.00689640641 0.96337688 0.268062741
vn -0.136213079 0.421177268 0.896691501
vn -0.163450286 0.487669528 0.857591033
vn -0.0327176005 0.597676516 0.801069498
vn -0.0384751856 -0.40794003 -0.912197649
vn 0.0154094677 0.0577113517 -0.998214424
vn -0.0678580999 -0.133630767 -0.988705218
vn -0.931846559 -0.0569347255 -0.358358145
vn -0.945637822 -0.12199419 -0.301473826
vn -0.945637822 -0.12199419 -0.301473826
vn -0.632766724 0.0629002675 0.771783471
vn 0.108308077 0.401172936 0.909576654
vn -0.00894911587 0.657349706 0.753532648
vn -0.00894911587 0.657349706 0.753532648
vn 0.108308077 0.401172936 0.909576654
vn 0.159171462 0.303093463 0.939573705
vn -0.0384751856 -0.40794003 -0.912197649
vn -0.0678580999 -0.133630767 -0.988705218
vn -0.029606685 -0.0234384965 -0.99928683
vn -0.029606685 -0.0234384965 -0.99928683
vn -0.0162766334 0.647566736 -0.761834979
vn 0.0570527613 0.61487633 -0.786557198
vn -0.632766724 0.0629002675 0.771783471
vn -0.970768392 -0.166402072 0.172971293
vn -0.98336786 -0.118482791 0.1376573
vn 0.0196192246 0.791334391 -0.611068666
vn 0.180741593 -0.234114408 -0.955260634
vn 0.0406021103 0.131343767 -0.990505099
vn 0.876613021 -0.235914424 -0.419397384
vn 0.932822347 -0.00400773156 -0.360314339
vn 0.999355137 -0.0219702534 -0.028401861
vn -0.776919127 -0.581323087 0.241785139
vn -0.754844964 -0.501469433 0.42277354
vn -0.490283996 -0.866222084 -0.0963377506
vn 0.218615428 -0.0174796209 0.975654483
vn 0.40185377 0.323382258 0.856701493
vn 0.131096393 0.296234727 0.946075439
vn 0.791300833 0.114048816 0.600696266
vn 0.218615428 -0.0174796209 0.975654483
vn 0.371313661 -0.0988553613 0.923230112
vn 0.0194943994 -0.352180928 -0.935728908
vn 0.028250875 -0.712608337 -0.700993121
vn -0.0313814282 -0.694370568 -0.718933165
vn 0.146382675 0.88346678 0.445037603
vn -0.0327176005 0.597676516 0.801069498
vn -0.00689640641 0.96337688 0.268062741
vn 0.0741076767 0.344035178 0.936027706
vn -0.0327176005 0.597676516 0.801069498
vn 0.159171462 0.303093463 0.939573705
vn -0.443128079 0.745503366 0.49785763
vn 0.0780119672 0.970166206 0.229546621
vn -0.0277333651 0.953701973 -0.299471974
vn -0.00894911587 0.657349706 0.753532648
vn 0.0780119672 0.970166206 0.229546621
vn -0.443128079 0.745503366 0.49785763
vn 0.487777829 -0.531739831 -0.69233346
vn 0.876613021 -0.235914424 -0.419397384
vn 0.462498516 -0.525942802 -0.713778198
vn -0.22944808 0.180682912 0.956403315
vn -0.491928875 -0.128885299 0.861042678
vn 0.142285913 0.230307892 0.962659359
vn -0.22944808 0.180682912 0.956403315
vn 0.142285913 0.230307892 0.962659359
vn 0.108308077 0.401172936 0.909576654
vn -0.0144174322 0.851133227 -0.524751604
vn -0.211614728 0.960132778 -0.182658762
vn -0.0277333651 0.953701973 -0.299471974
vn -0.211614728 0.960132778 -0.182658762
vn -0.443128079 0.745503366 0.49785763
vn -0.0277333651 0.953701973 -0.299471974
vn 0.0414259546 -0.229788721 0.972358465
vn 0.218615428 -0.0174796209 0.975654483
vn -0.0641200244 0.235071734 0.969860733
vn 0.0194943994 -0.352180928 -0.935728908
vn 0.0792252123 -0.549848199 -0.831498802
vn -0.00476819836 -0.761825204 -0.6477651
vn 0.0194943994 -0.352180928 -0.935728908
vn 0.0159043297 0.616361201 -0.787302911
vn 0.0406021103 0.131343767 -0.990505099
vn -0.0327176005 0.597676516 0.801069498
vn 0.0741076767 0.344035178 0.936027706
vn -0.136213079 0.421177268 0.896691501
vn 0.0741076767 0.344035178 0.936027706
vn -0.0641200244 0.235071734 0.969860733
vn -0.136213079 0.421177268 0.896691501
vn -0.171841249 0.430231422 0.886211932
vn 0.102615893 0.498705596 0.860675752
vn -0.163450286 0.487669528 0.857591033
vn 0.40185377 0.323382258 0.856701493
vn 0.102615893 0.498705596 0.860675752
vn 0.131096393 0.296234727 0.946075439
vn -0.0313814282 -0.694370568 -0.718933165
vn -0.0384751856 -0.40794003 -0.912197649
vn 0.0194943994 -0.352180928 -0.935728908
vn -0.0313814282 -0.694370568 -0.718933165
vn -0.121052712 -0.69087106 -0.712771654
vn -0.0384751856 -0.40794003 -0.912197649
vn -0.632766724 0.0629002675 0.771783471
vn -0.754844964 -0.501469433 0.42277354
vn -0.776919127 -0.581323087 0.241785139
vn -0.776919127 -0.581323087 0.241785139
vn -0.970768392 -0.166402072 0.172971293
vn -0.632766724 0.0629002675 0.771783471
vn -0.0327176005 0.597676516 0.801069498
vn -0.163450286 0.487669528 0.857591033
vn -0.0853452086 0.707532346 0.701508582
vn -0.163450286 0.487669528 0.857591033
vn 0.102615893 0.498705596 0.860675752
vn -0.0853452086 0.707532346 0.701508582
vn 0.0194943994 -0.352180928 -0.935728908
vn 0.0406021103 0.131343767 -0.990505099
vn 0.0792252123 -0.549848199 -0.831498802
vn 0.0406021103 0.131343767 -0.990505099
vn 0.180741593 -0.234114408 -0.955260634
vn 0.0792252123 -0.549848199 -0.831498802
vn 0.791300833 0.114048816 0.600696266
vn 0.982241333 0.0651948974 0.175930768
vn 0.984522998 0.0303388406 0.172610179
vn 0.218615428 -0.0174796209 0.975654483
vn 0.791300833 0.114048816 0.600696266
vn 0.40185377 0.323382258 0.856701493
vn 0.0741076767 0.344035178 0.936027706
vn 0.108308077 0.401172936 0.909576654
vn 0.0963879898 0.425917596 0.899613023
vn 0.0963879898 0.425917596 0.899613023
vn -0.0641200244 0.235071734 0.969860733
vn 0.0741076767 0.344035178 0.936027706
vn 0.0792252123 -0.549848199 -0.831498802
vn 0.15968059 -0.708437204 -0.687472761
vn -0.00476819836 -0.761825204 -0.6477651
vn -0.338101834 0.244153619 -0.908887327
vn -0.338101834 0.244153619 -0.908887327
vn -0.338101834 0.244153619 -0.908887327
vn -0.0144174322 0.851133227 -0.524751604
vn -0.0277333651 0.953701973 -0.299471974
vn 0.193439439 0.742500305 -0.641306818
vn 0.371313661 -0.0988553613 0.923230112
vn 0.91846323 0.0684096068 0.389545172
vn 0.791300833 0.114048816 0.600696266
vn -0.00689640641 0.96337688 0.268062741
vn 0.102121353 0.899807334 0.424167305
vn -0.0247349329 0.988896906 -0.146529824
vn -0.0247349329 0.988896906 -0.146529824
vn 0.0196192246 0.791334391 -0.611068666
vn 0.01648283 0.972311795 -0.233105034
vn 0.179471329 0.407289028 0.895491898
vn 0.142285913 0.230307892 0.962659359
vn 0.165809065 0.277373016 0.946346402
vn 0.165809065 0.277373016 0.946346402
vn -0.0641200244 0.235071734 0.969860733
vn 0.179471329 0.407289028 0.895491898
vn 0.01648283 0.972311795 -0.233105034
vn -0.00689640641 0.96337688 0.268062741
vn -0.0247349329 0.988896906 -0.146529824
vn 0.01648283 0.972311795 -0.233105034
vn 0.0780119672 0.970166206 0.229546621
vn -0.00689640641 0.96337688 0.268062741
vn -0.171841249 0.430231422 0.886211932
vn -0.0641200244 0.235071734 0.969860733
vn 0.131096393 0.296234727 0.946075439
vn -0.171841249 0.430231422 0.886211932
vn 0.131096393 0.296234727 0.946075439
vn 0.102615893 0.498705596 0.860675752
vn 0.0159043297 0.616361201 -0.787302911
vn 0.0194943994 -0.352180928 -0.935728908
vn 0.0570527613 0.61487633 -0.786557198
vn 0.0159043297 0.616361201 -0.787302911
vn 0.0570527613 0.61487633 -0.786557198
vn 0.01648283 0.972311795 -0.233105034
vn 0.932822347 -0.00400773156 -0.360314339
vn 0.876613021 -0.235914424 -0.419397384
vn 0.713433027 -0.316561639 -0.62514168
vn 0.713433027 -0.316561639 -0.62514168
vn 0.876613021 -0.235914424 -0.419397384
vn 0.487777829 -0.531739831 -0.69233346
vn -0.98336786 -0.118482791 0.1376573
vn -0.970768392 -0.166402072 0.172971293
vn -0.991992891 -0.00705453474 -0.126097277
vn 0.00266352273 -0.0806281641 -0.996740758
vn 0.180167019 -0.0733159631 -0.98089993
vn -0.0842531249 -0.0970125422 -0.991710603
vn 0.151592255 -0.173801795 0.973043025
vn 0.0637872666 -0.0190941487 0.997780859
vn -0.14190121 -0.14580074 0.979084432
vn 0.180167019 -0.0733159631 -0.98089993
vn -0.228558719 -0.0741739199 -0.970700324
vn -0.0842531249 -0.0970125422 -0.991710603
vn -0.30868724 -0.00105234841 0.951162994
vn -0.14190121 -0.14580074 0.979084432
vn -0.0435644388 0.0137060871 0.998956561
vn -0.523165703 0.229128182 0.820851982
vn -0.566258729 0.561599851 0.603288054
vn -0.7631284 0.0349666178 0.645300269
vn 0.12447869 0.467540592 0.875163376
vn -0.0948007926 0.135697961 0.986204326
vn 0.0596868061 0.085833244 0.994520128
vn 0.414115459 0.556107223 0.72059226
vn 0.714386225 0.438984007 0.544927001
vn 0.608044386 0.611899436 0.505827129
vn -0.102348588 0.407295108 -0.907543659
vn 0.0840735659 0.626578689 -0.774810135
vn 0.165838063 0.513056159 -0.842182457
vn 0.258181274 0.166476563 -0.951644778
vn -0.0842531249 -0.0970125422 -0.991710603
vn -0.466486812 0.0610859245 -0.882416308
vn 0.687219203 0.0611496232 0.723871827
vn 0.215718493 0.0322110578 0.975924194
vn 0.795721352 -0.0106878066 0.605568647
vn 0.218562424 0.157336488 0.963055372
vn 0.12447869 0.467540592 0.875163376
vn 0.0596868061 0.085833244 0.994520128
vn -0.74035567 -0.23143816 -0.63111794
vn -0.525838435 -0.157003313 -0.835968852
vn -0.88153857 -0.22377488 -0.415709704
vn -0.0842531249 -0.0970125422 -0.991710603
vn 0.249863297 0.016681673 -0.968137324
vn 0.00266352273 -0.0806281641 -0.996740758
vn -0.258984834 0.620954871 0.739825547
vn -0.0948007926 0.135697961 0.986204326
vn 0.12447869 0.467540592 0.875163376
vn 0.414115459 0.556107223 0.72059226
vn 0.608044386 0.611899436 0.505827129
vn 0.337875783 0.687725961 0.64255178
vn -0.948795736 0.278476745 0.149121895
vn -0.379755437 0.784069479 0.490938783
vn -0.523818493 0.797887683 0.298310757
vn 0.999413133 -0.02643013 0.0217891503
vn 0.999926925 -0.00531485211 0.0108617395
vn 0.9984712 -0.0349909775 0.0427914597
vn 0.0397669934 0.648350477 0.760302722
vn 0.414115459 0.556107223 0.72059226
vn 0.337875783 0.687725961 0.64255178
vn 0.833120048 0.474324435 0.284477144
vn 0.808536232 0.284250885 0.515238345
vn 0.922596395 0.272829115 0.272727281
vn 0.808536232 0.284250885 0.515238345
vn 0.89282465 0.0683121011 0.445193887
vn 0.922596395 0.272829115 0.272727281
vn -0.0934766904 0.99337548 0.0668381974
vn -0.0560488217 0.975333095 0.21350424
vn 0.177048802 0.979507148 0.0960178897
vn 0.390398592 0.581627965 -0.71365118
vn 0.165838063 0.513056159 -0.842182457
vn 0.0840735659 0.626578689 -0.774810135
vn -0.7631284 0.0349666178 0.645300269
vn -0.741206884 -0.0640176088 0.668217242
vn -0.523165703 0.229128182 0.820851982
vn -0.0948007926 0.135697961 0.986204326
vn -0.30868724 -0.00105234841 0.951162994
vn -0.0435644388 0.0137060871 0.998956561
vn 0.687219203 0.0611496232 0.723871827
vn 0.62864393 0.232389733 0.742160141
vn 0.215718493 0.0322110578 0.975924194
vn -0.0948007926 0.135697961 0.986204326
vn -0.0435644388 0.0137060871 0.998956561
vn 0.0596868061 0.085833244 0.994520128
vn 0.215718493 0.0322110578 0.975924194
vn 0.230082229 -0.0148147559 0.973058403
vn 0.795721352 -0.0106878066 0.605568647
vn 0.410498857 -0.0762821659 0.908664823
vn 0.230082229 -0.0148147559 0.973058403
vn 0.151592255 -0.173801795 0.973043025
vn 0.551040053 -0.438502073 0.709979475
vn 0.0250970218 -0.628015995 0.777795672
vn 0.862798274 -0.344237328 0.370242953
vn 0.258181274 0.166476563 -0.951644778
vn 0.390398592 0.581627965 -0.71365118
vn 0.625080466 0.353062302 -0.696147561
vn -0.7631284 0.0349666178 0.645300269
vn -0.566258729 0.561599851 0.603288054
vn -0.641176999 0.310139924 0.701929569
vn -0.0560488217 0.975333095 0.21350424
vn -0.0934766904 0.99337548 0.0668381974
vn 0.222451895 0.868816912 0.44234851
vn -0.523165703 0.229128182 0.820851982
vn -0.258984834 0.620954871 0.739825547
vn -0.566258729 0.561599851 0.603288054
vn -0.0948007926 0.135697961 0.986204326
vn -0.523165703 0.229128182 0.820851982
vn -0.30868724 -0.00105234841 0.951162994
vn -0.0948007926 0.135697961 0.986204326
vn -0.258984834 0.620954871 0.739825547
vn -0.523165703 0.229128182 0.820851982
vn -0.102348588 0.407295108 -0.907543659
vn 0.258181274 0.166476563 -0.951644778
vn -0.466486812 0.0610859245 -0.882416308
vn -0.102348588 0.407295108 -0.907543659
vn -0.466486812 0.0610859245 -0.882416308
vn -0.374937266 0.425053775 -0.823863626
vn 0.608044386 0.611899436 0.505827129
vn 0.714386225 0.438984007 0.544927001
vn 0.833120048 0.474324435 0.284477144
vn -0.14190121 -0.14580074 0.979084432
vn 0.0637872666 -0.0190941487 0.997780859
vn -0.0435644388 0.0137060871 0.998956561
vn -0.0435644388 0.0137060871 0.998956561
vn 0.0637872666 -0.0190941487 0.997780859
vn 0.215718493 0.0322110578 0.975924194
vn -0.14190121 -0.14580074 0.979084432
vn -0.579704583 -0.247980699 0.77617538
vn 0.0250970218 -0.628015995 0.777795672
vn -0.0560488217 0.975333095 0.21350424
vn 0.222451895 0.868816912 0.44234851
vn -0.379755437 0.784069479 0.490938783
vn -0.379755437 0.784069479 0.490938783
vn 0.222451895 0.868816912 0.44234851
vn -0.523818493 0.797887683 0.298310757
vn 0.414115459 0.556107223 0.72059226
vn 0.62864393 0.232389733 0.742160141
vn 0.723606288 0.307817876 0.617771864
vn 0.723606288 0.307817876 0.617771864
vn 0.62864393 0.232389733 0.742160141
vn 0.864648104 0.106611773 0.490935475
vn -0.88153857 -0.22377488 -0.415709704
vn -0.945681453 -0.126569003 -0.299444258
vn -0.964716911 -0.169090018 -0.201816306
vn -0.523165703 0.229128182 0.820851982
vn -0.741206884 -0.0640176088 0.668217242
vn -0.30868724 -0.00105234841 0.951162994
vn 0.410498857 -0.0762821659 0.908664823
vn 0.795721352 -0.0106878066 0.605568647
vn 0.230082229 -0.0148147559 0.973058403
vn 0.795721352 -0.0106878066 0.605568647
vn 0.551040053 -0.438502073 0.709979475
vn 0.862798274 -0.344237328 0.370242953
vn 0.0397669934 0.648350477 0.760302722
vn -0.361878812 0.570852757 0.73700124
vn -0.0921310857 0.78061974 0.618178487
vn -0.0921310857 0.78061974 0.618178487
vn 0.414115459 0.556107223 0.72059226
vn 0.0397669934 0.648350477 0.760302722
vn -0.525838435 -0.157003313 -0.835968852
vn -0.74035567 -0.23143816 -0.63111794
vn -0.466486812 0.0610859245 -0.882416308
vn -0.74035567 -0.23143816 -0.63111794
vn -0.637280464 -0.130093068 -0.75957191
vn -0.466486812 0.0610859245 -0.882416308
vn -0.102348588 0.407295108 -0.907543659
vn 0.165838063 0.513056159 -0.842182457
vn 0.258181274 0.166476563 -0.951644778
vn 0.218562424 0.157336488 0.963055372
vn 0.0596868061 0.085833244 0.994520128
vn 0.215718493 0.0322110578 0.975924194
vn 0.215718493 0.0322110578 0.975924194
vn 0.0596868061 0.085833244 0.994520128
vn -0.0435644388 0.0137060871 0.998956561
vn -0.7631284 0.0349666178 0.645300269
vn -0.903031826 -0.0940535963 0.419150889
vn -0.741206884 -0.0640176088 0.668217242
vn 0.414115459 0.556107223 0.72059226
vn 0.12447869 0.467540592 0.875163376
vn 0.218562424 0.157336488 0.963055372
vn -0.0921310857 0.78061974 0.618178487
vn 0.12447869 0.467540592 0.875163376
vn 0.414115459 0.556107223 0.72059226
vn -0.737467706 -0.113072835 0.665849745
vn -0.951666355 -0.270443469 0.145573393
vn -0.933959663 -0.0924419612 0.345215857
vn -0.863206446 -0.378991783 -0.333526254
vn -0.88153857 -0.22377488 -0.415709704
vn -0.964716911 -0.169090018 -0.201816306
vn -0.525838435 -0.157003313 -0.835968852
vn -0.466486812 0.0610859245 -0.882416308
vn -0.0842531249 -0.0970125422 -0.991710603
vn 0.62864393 0.232389733 0.742160141
vn 0.687219203 0.0611496232 0.723871827
vn 0.864648104 0.106611773 0.490935475
vn 0.687219203 0.0611496232 0.723871827
vn 0.795721352 -0.0106878066 0.605568647
vn 0.864648104 0.106611773 0.490935475
vn 0.89282465 0.0683121011 0.445193887
vn 0.923667371 0.0572261661 0.378898263
vn 0.919739783 0.0953375399 0.380774915
vn 0.707381904 0.390950829 0.588870406
vn 0.919739783 0.0953375399 0.380774915
vn 0.923667371 0.0572261661 0.378898263
vn 0.68879801 0.719254553 0.0907197371
vn 0.464261055 0.877966702 0.116774149
vn 0.616066456 0.751106083 0.237279892
vn 0.616066456 0.751106083 0.237279892
vn 0.834046662 0.547287583 0.0695884228
vn 0.68879801 0.719254553 0.0907197371
vn 0.320162594 0.919517219 0.22799997
vn 0.177048802 0.979507148 0.0960178897
vn -0.0560488217 0.975333095 0.21350424
vn -0.14190121 -0.14580074 0.979084432
vn 0.0250970218 -0.628015995 0.777795672
vn 0.151592255 -0.173801795 0.973043025
vn 0.551040053 -0.438502073 0.709979475
vn 0.151592255 -0.173801795 0.973043025
vn 0.0250970218 -0.628015995 0.777795672
vn 0.616066456 0.751106083 0.237279892
vn 0.464261055 0.877966702 0.116774149
vn 0.320162594 0.919517219 0.22799997
vn 0.177048802 0.979507148 0.0960178897
vn 0.320162594 0.919517219 0.22799997
vn 0.464261055 0.877966702 0.116774149
vn 0.723606288 0.307817876 0.617771864
vn 0.714386225 0.438984007 0.544927001
vn 0.414115459 0.556107223 0.72059226
vn 0.218562424 0.157336488 0.963055372
vn 0.62864393 0.232389733 0.742160141
vn 0.414115459 0.556107223 0.72059226
vn 0.215718493 0.0322110578 0.975924194
vn 0.62864393 0.232389733 0.742160141
vn 0.218562424 0.157336488 0.963055372
vn -0.0921310857 0.78061974 0.618178487
vn -0.361878812 0.570852757 0.73700124
vn -0.566258729 0.561599851 0.603288054
vn -0.566258729 0.561599851 0.603288054
vn -0.361878812 0.570852757 0.73700124
vn -0.641176999 0.310139924 0.701929569
vn -0.258984834 0.620954871 0.739825547
vn -0.0921310857 0.78061974 0.618178487
vn -0.566258729 0.561599851 0.603288054
vn -0.0921310857 0.78061974 0.618178487
vn -0.258984834 0.620954871 0.739825547
vn 0.12447869 0.467540592 0.875163376
vn 0.919739783 0.0953375399 0.380774915
vn 0.891961694 -0.0260341782 0.451360703
vn 0.89282465 0.0683121011 0.445193887
vn 0.410498857 -0.0762821659 0.908664823
vn 0.551040053 -0.438502073 0.709979475
vn 0.795721352 -0.0106878066 0.605568647
vn 0.151592255 -0.173801795 0.973043025
vn 0.551040053 -0.438502073 0.709979475
vn 0.410498857 -0.0762821659 0.908664823
vn -0.951075912 0.308783829 0.0103463773
vn -0.997224212 0.0739056915 0.00904817693
vn -0.948795736 0.278476745 0.149121895
vn -0.466486812 0.0610859245 -0.882416308
vn -0.637280464 -0.130093068 -0.75957191
vn -0.585214019 0.179999933 -0.790648222
vn 0.230082229 -0.0148147559 0.973058403
vn 0.215718493 0.0322110578 0.975924194
vn 0.0637872666 -0.0190941487 0.997780859
vn 0.0637872666 -0.0190941487 0.997780859
vn 0.151592255 -0.173801795 0.973043025
vn 0.230082229 -0.0148147559 0.973058403
vn 0.891961694 -0.0260341782 0.451360703
vn 0.959294856 0.126886591 0.252296031
vn 0.89282465 0.0683121011 0.445193887
vn 0.922596395 0.272829115 0.272727281
vn 0.89282465 0.0683121011 0.445193887
vn 0.959294856 0.126886591 0.252296031
vn 0.315627903 -0.234370172 -0.919483304
vn -0.336019456 -0.297998548 -0.893469572
vn 0.113849983 -0.200461313 -0.973063946
vn 0.258181274 0.166476563 -0.951644778
vn 0.625080466 0.353062302 -0.696147561
vn 0.249863297 0.016681673 -0.968137324
vn -0.14190121 -0.14580074 0.979084432
vn -0.806069911 -0.035147313 0.590775788
vn -0.579704583 -0.247980699 0.77617538
vn -0.0842531249 -0.0970125422 -0.991710603
vn 0.258181274 0.166476563 -0.951644778
vn 0.249863297 0.016681673 -0.968137324
vn 0.331887186 0.942205131 -0.045831576
vn 0.163258865 0.986518741 -0.0112819402
vn 0.342985868 0.939290524 -0.00969881844
vn 0.165838063 0.513056159 -0.842182457
vn 0.390398592 0.581627965 -0.71365118
vn 0.258181274 0.166476563 -0.951644778
vn -0.733696222 -0.102889225 0.671642423
vn -0.7631284 0.0349666178 0.645300269
vn -0.748481095 0.0373305753 0.662104607
vn -0.641176999 0.310139924 0.701929569
vn -0.748481095 0.0373305753 0.662104607
vn -0.7631284 0.0349666178 0.645300269
vn -0.743416131 -0.16482532 -0.648201346
vn -0.228558719 -0.0741739199 -0.970700324
vn -0.336019456 -0.297998548 -0.893469572
vn -0.00266352273 -0.0806281641 -0.996740758
vn 0.0842531249 -0.0970125422 -0.991710603
vn -0.180167019 -0.0733159631 -0.98089993
vn -0.151592255 -0.173801795 0.973043025
vn 0.14190121 -0.14580074 0.979084432
vn -0.0637872666 -0.0190941487 0.997780859
vn -0.180167019 -0.0733159631 -0.98089993
vn 0.0842531249 -0.0970125422 -0.991710603
vn 0.228558704 -0.0741739199 -0.970700324
vn 0.30868724 -0.00105234841 0.951162994
vn 0.0435644388 0.0137060871 0.998956561
vn 0.14190121 -0.14580074 0.979084432
vn 0.523165703 0.229128182 0.820851982
vn 0.7631284 0.0349666178 0.645300269
vn 0.566258729 0.561599851 0.603288054
vn -0.12447869 0.467540592 0.875163376
vn -0.0596868061 0.085833244 0.994520128
vn 0.0948007926 0.135697961 0.986204326
vn -0.414115459 0.556107223 0.72059226
vn -0.608044386 0.611899436 0.505827129
vn -0.714386225 0.438984007 0.544927001
vn 0.102348588 0.407295108 -0.907543659
vn -0.165838063 0.513056159 -0.842182457
vn -0.0840735659 0.626578689 -0.774810135
vn -0.258181274 0.166476563 -0.951644778
vn 0.466486812 0.0610859245 -0.882416308
vn 0.0842531249 -0.0970125422 -0.991710603
vn -0.687219203 0.0611496232 0.723871827
vn -0.795721352 -0.0106878066 0.605568647
vn -0.215718493 0.0322110578 0.975924194
vn -0.218562424 0.157336488 0.963055372
vn -0.0596868061 0.085833244 0.994520128
vn -0.12447869 0.467540592 0.875163376
vn 0.74035567 -0.23143816 -0.63111794
vn 0.88153857 -0.22377488 -0.415709704
vn 0.525838435 -0.157003313 -0.835968852
vn 0.0842531249 -0.0970125422 -0.991710603
vn -0.00266352273 -0.0806281641 -0.996740758
vn -0.249863297 0.016681673 -0.968137324
vn 0.258984834 0.620954871 0.739825547
vn -0.12447869 0.467540592 0.875163376
vn 0.0948007926 0.135697961 0.986204326
vn -0.414115459 0.556107223 0.72059226
vn -0.337875783 0.687725961 0.64255178
vn -0.608044386 0.611899436 0.505827129
vn 0.948795736 0.278476745 0.149121895
vn 0.523818493 0.797887683 0.298310757
vn 0.379755437 0.784069479 0.490938783
vn -0.999413133 -0.02643013 0.0217891503
vn -0.9984712 -0.0349909775 0.0427914597
vn -0.999926925 -0.00531485211 0.0108617395
vn -0.0397669934 0.648350477 0.760302722
vn -0.337875783 0.687725961 0.64255178
vn -0.414115459 0.556107223 0.72059226
vn -0.833120048 0.474324435 0.284477144
vn -0.922596395 0.272829115 0.272727281
vn -0.808536232 0.284250885 0.515238345
vn -0.808536232 0.284250885 0.515238345
vn -0.922596395 0.272829115 0.272727281
vn -0.89282465 0.0683121011 0.445193887
vn 0.0934766829 0.99337548 0.06683819
vn -0.177048802 0.979507148 0.0960178897
vn 0.0560488217 0.975333095 0.21350424
vn -0.390398592 0.581627965 -0.71365118
vn -0.0840735659 0.626578689 -0.774810135
vn -0.165838063 0.513056159 -0.842182457
vn 0.7631284 0.0349666178 0.645300269
vn 0.523165703 0.229128182 0.820851982
vn 0.741206884 -0.0640176088 0.668217242
vn 0.0948007926 0.135697961 0.986204326
vn 0.0435644388 0.0137060871 0.998956561
vn 0.30868724 -0.00105234841 0.951162994
vn -0.687219203 0.0611496232 0.723871827
vn -0.215718493 0.0322110578 0.975924194
vn -0.62864393 0.232389733 0.742160141
vn 0.0948007926 0.135697961 0.986204326
vn -0.0596868061 0.085833244 0.994520128
vn 0.0435644388 0.0137060871 0.998956561
vn -0.215718493 0.0322110578 0.975924194
vn -0.795721352 -0.0106878066 0.605568647
vn -0.230082229 -0.0148147559 0.973058403
vn -0.410498857 -0.0762821659 0.908664823
vn -0.151592255 -0.173801795 0.973043025
vn -0.230082229 -0.0148147559 0.973058403
vn -0.551040053 -0.438502073 0.709979475
vn -0.862798274 -0.344237328 0.370242894
vn -0.0250970218 -0.628015995 0.777795672
vn -0.258181274 0.166476563 -0.951644778
vn -0.625080466 0.353062302 -0.696147561
vn -0.390398592 0.581627965 -0.71365118
vn 0.7631284 0.0349666178 0.645300269
vn 0.641176999 0.310139924 0.701929569
vn 0.566258729 0.561599851 0.603288054
vn 0.0560488217 0.975333095 0.21350424
vn -0.222451895 0.868816912 0.44234851
vn 0.0934766829 0.99337548 0.06683819
vn 0.523165703 0.229128182 0.820851982
vn 0.566258729 0.561599851 0.603288054
vn 0.258984834 0.620954871 0.739825547
vn 0.0948007926 0.135697961 0.986204326
vn 0.30868724 -0.00105234841 0.951162994
vn 0.523165703 0.229128182 0.820851982
vn 0.0948007926 0.135697961 0.986204326
vn 0.523165703 0.229128182 0.820851982
vn 0.258984834 0.620954871 0.739825547
vn 0.102348588 0.407295108 -0.907543659
vn 0.466486812 0.0610859245 -0.882416308
vn -0.258181274 0.166476563 -0.951644778
vn 0.102348588 0.407295108 -0.907543659
vn 0.374937236 0.425053746 -0.823863626
vn 0.466486812 0.0610859245 -0.882416308
vn -0.608044386 0.611899436 0.505827129
vn -0.833120048 0.474324435 0.284477144
vn -0.714386225 0.438984007 0.544927001
vn 0.14190121 -0.14580074 0.979084432
vn 0.0435644388 0.0137060871 0.998956561
vn -0.0637872666 -0.0190941487 0.997780859
vn 0.0435644388 0.0137060871 0.998956561
vn -0.215718493 0.0322110578 0.975924194
vn -0.0637872666 -0.0190941487 0.997780859
vn 0.14190121 -0.14580074 0.979084432
vn -0.0250970218 -0.628015995 0.777795672
vn 0.579704583 -0.247980699 0.77617538
vn 0.0560488217 0.975333095 0.21350424
vn 0.379755437 0.784069479 0.490938783
vn -0.222451895 0.868816912 0.44234851
vn 0.379755437 0.784069479 0.490938783
vn 0.523818493 0.797887683 0.298310757
vn -0.222451895 0.868816912 0.44234851
vn -0.414115459 0.556107223 0.72059226
vn -0.723606288 0.307817876 0.617771864
vn -0.62864393 0.232389733 0.742160141
vn -0.723606288 0.307817876 0.617771864
vn -0.864648104 0.106611773 0.490935475
vn -0.62864393 0.232389733 0.742160141
vn 0.88153857 -0.22377488 -0.415709704
vn 0.964716911 -0.169090018 -0.201816306
vn 0.945681453 -0.126569003 -0.299444258
vn 0.523165703 0.229128182 0.820851982
vn 0.30868724 -0.00105234841 0.951162994
vn 0.741206884 -0.0640176088 0.668217242
vn -0.410498857 -0.0762821659 0.908664823
vn -0.230082229 -0.0148147559 0.973058403
vn -0.795721352 -0.0106878066 0.605568647
vn -0.795721352 -0.0106878066 0.605568647
vn -0.862798274 -0.344237328 0.370242894
vn -0.551040053 -0.438502073 0.709979475
vn -0.0397669934 0.648350477 0.760302722
vn 0.0921310857 0.78061974 0.618178487
vn 0.361878812 0.570852757 0.73700124
vn 0.0921310857 0.78061974 0.618178487
vn -0.0397669934 0.648350477 0.760302722
vn -0.414115459 0.556107223 0.72059226
vn 0.525838435 -0.157003313 -0.835968852
vn 0.466486812 0.0610859245 -0.882416308
vn 0.74035567 -0.23143816 -0.63111794
vn 0.74035567 -0.23143816 -0.63111794
vn 0.466486812 0.0610859245 -0.882416308
vn 0.637280464 -0.130093068 -0.75957191
vn 0.102348588 0.407295108 -0.907543659
vn -0.258181274 0.166476563 -0.951644778
vn -0.165838063 0.513056159 -0.842182457
vn -0.218562424 0.157336488 0.963055372
vn -0.215718493 0.0322110578 0.975924194
vn -0.0596868061 0.085833244 0.994520128
vn -0.215718493 0.0322110578 0.975924194
vn 0.0435644388 0.0137060871 0.998956561
vn -0.0596868061 0.085833244 0.994520128
vn 0.7631284 0.0349666178 0.645300269
vn 0.741206884 -0.0640176088 0.668217242
vn 0.903031826 -0.0940535963 0.419150919
vn -0.414115459 0.556107223 0.72059226
vn -0.218562424 0.157336488 0.963055372
vn -0.12447869 0.467540592 0.875163376
vn 0.0921310857 0.78061974 0.618178487
vn -0.414115459 0.556107223 0.72059226
vn -0.12447869 0.467540592 0.875163376
vn 0.737467706 -0.113072835 0.665849745
vn 0.933959663 -0.0924419612 0.345215857
vn 0.951666296 -0.270443499 0.145573407
vn 0.863206446 -0.378991783 -0.333526254
vn 0.964716911 -0.169090018 -0.201816306
vn 0.88153857 -0.22377488 -0.415709704
vn 0.525838435 -0.157003313 -0.835968852
vn 0.0842531249 -0.0970125422 -0.991710603
vn 0.466486812 0.0610859245 -0.882416308
vn -0.62864393 0.232389733 0.742160141
vn -0.864648104 0.106611773 0.490935475
vn -0.687219203 0.0611496232 0.723871827
vn -0.687219203 0.0611496232 0.723871827
vn -0.864648104 0.106611773 0.490935475
vn -0.795721352 -0.0106878066 0.605568647
vn -0.89282465 0.0683121011 0.445193887
vn -0.919739783 0.0953375399 0.380774915
vn -0.923667371 0.0572261661 0.378898263
vn -0.707381904 0.390950859 0.588870466
vn -0.923667371 0.0572261661 0.378898263
vn -0.919739783 0.0953375399 0.380774915
vn -0.68879807 0.719254553 0.0907197371
vn -0.616066456 0.751106083 0.237279892
vn -0.464261055 0.877966702 0.116774149
vn -0.616066456 0.751106083 0.237279892
vn -0.68879807 0.719254553 0.0907197371
vn -0.834046662 0.547287583 0.0695884228
vn -0.320162594 0.919517219 0.22799997
vn 0.0560488217 0.975333095 0.21350424
vn -0.177048802 0.979507148 0.0960178897
vn 0.14190121 -0.14580074 0.979084432
vn -0.151592255 -0.173801795 0.973043025
vn -0.0250970218 -0.628015995 0.777795672
vn -0.551040053 -0.438502073 0.709979475
vn -0.0250970218 -0.628015995 0.777795672
vn -0.151592255 -0.173801795 0.973043025
vn -0.616066456 0.751106083 0.237279892
vn -0.320162594 0.919517219 0.22799997
vn -0.464261055 0.877966702 0.116774149
vn -0.177048802 0.979507148 0.0960178897
vn -0.464261055 0.877966702 0.116774149
vn -0.320162594 0.919517219 0.22799997
vn -0.723606288 0.307817876 0.617771864
vn -0.414115459 0.556107223 0.72059226
vn -0.714386225 0.438984007 0.544927001
vn -0.218562424 0.157336488 0.963055372
vn -0.414115459 0.556107223 0.72059226
vn -0.62864393 0.232389733 0.742160141
vn -0.215718493 0.0322110578 0.975924194
vn -0.218562424 0.157336488 0.963055372
vn -0.62864393 0.232389733 0.742160141
vn 0.0921310857 0.78061974 0.618178487
vn 0.566258729 0.561599851 0.603288054
vn 0.361878812 0.570852757 0.73700124
vn 0.566258729 0.561599851 0.603288054
vn 0.641176999 0.310139924 0.701929569
vn 0.361878812 0.570852757 0.73700124
vn 0.258984834 0.620954871 0.739825547
vn 0.566258729 0.561599851 0.603288054
vn 0.0921310857 0.78061974 0.618178487
vn 0.0921310857 0.78061974 0.618178487
vn -0.12447869 0.467540592 0.875163376
vn 0.258984834 0.620954871 0.739825547
vn -0.919739783 0.0953375399 0.380774915
vn -0.89282465 0.0683121011 0.445193887
vn -0.891961694 -0.0260341782 0.451360703
vn -0.410498857 -0.0762821659 0.908664823
vn -0.795721352 -0.0106878066 0.605568647
vn -0.551040053 -0.438502073 0.709979475
vn -0.151592255 -0.173801795 0.973043025
vn -0.410498857 -0.0762821659 0.908664823
vn -0.551040053 -0.438502073 0.709979475
vn 0.951075912 0.308783829 0.0103463773
vn 0.948795736 0.278476745 0.149121895
vn 0.997224212 0.0739056915 0.00904817693
vn 0.466486812 0.0610859245 -0.882416308
vn 0.585213959 0.179999918 -0.790648222
vn 0.637280464 -0.130093068 -0.75957191
vn -0.230082229 -0.0148147559 0.973058403
vn -0.0637872666 -0.0190941487 0.997780859
vn -0.215718493 0.0322110578 0.975924194
vn -0.0637872666 -0.0190941487 0.997780859
vn -0.230082229 -0.0148147559 0.973058403
vn -0.151592255 -0.173801795 0.973043025
vn -0.891961694 -0.0260341782 0.451360703
vn -0.89282465 0.0683121011 0.445193887
vn -0.959294856 0.126886591 0.252296031
vn -0.922596395 0.272829115 0.272727281
vn -0.959294856 0.126886591 0.252296031
vn -0.89282465 0.0683121011 0.445193887
vn -0.315627903 -0.234370172 -0.919483304
vn -0.113849983 -0.200461313 -0.973063946
vn 0.336019456 -0.297998548 -0.893469572
vn -0.258181274 0.166476563 -0.951644778
vn -0.249863297 0.016681673 -0.968137324
vn -0.625080466 0.353062302 -0.696147561
vn 0.14190121 -0.14580074 0.979084432
vn 0.579704583 -0.247980699 0.77617538
vn 0.80606997 -0.035147313 0.590775728
vn 0.0842531249 -0.0970125422 -0.991710603
vn -0.249863297 0.016681673 -0.968137324
vn -0.258181274 0.166476563 -0.951644778
vn -0.331887186 0.942205131 -0.045831576
vn -0.342985809 0.939290524 -0.00969881844
vn -0.163258865 0.986518741 -0.0112819402
vn -0.165838063 0.513056159 -0.842182457
vn -0.258181274 0.166476563 -0.951644778
vn -0.390398592 0.581627965 -0.71365118
vn 0.733696222 -0.102889225 0.671642423
vn 0.748481095 0.0373305753 0.662104607
vn 0.7631284 0.0349666178 0.645300269
vn 0.641176999 0.310139924 0.701929569
vn 0.7631284 0.0349666178 0.645300269
vn 0.748481095 0.0373305753 0.662104607
vn 0.74341619 -0.16482535 -0.648201466
vn 0.336019456 -0.297998548 -0.893469572
vn 0.228558704 -0.0741739199 -0.970700324
vn -0.996198177 -0.0871144459 0.000507549557
vn -0.963696063 -0.266983956 0.0030644224
vn -0.982045352 -0.142532066 0.123578757
vn -0.996198177 -0.0871144459 0.000507549557
vn -0.982045352 -0.142532066 0.123578757
vn -0.933959663 -0.0924419612 0.345215857
vn -0.951666355 -0.270443469 0.145573393
vn -0.97510469 -0.221744776 5.2736792e-05
vn -0.965846479 -0.259110689 0.00152019947
vn -0.951666355 -0.270443469 0.145573393
vn -0.965846479 -0.259110689 0.00152019947
vn -0.960600972 -0.277931273 0.000253888807
vn -0.683815598 -0.121253282 0.719509602
vn -0.903031826 -0.0940535963 0.419150889
vn -0.7631284 0.0349666178 0.645300269
vn -0.683815598 -0.121253282 0.719509602
vn -0.7631284 0.0349666178 0.645300269
vn -0.733696222 -0.102889225 0.671642423
vn -0.525838435 -0.157003313 -0.835968852
vn -0.0842531249 -0.0970125422 -0.991710603
vn -0.228558719 -0.0741739199 -0.970700324
vn -0.525838435 -0.157003313 -0.835968852
vn -0.228558719 -0.0741739199 -0.970700324
vn -0.743416131 -0.16482532 -0.648201346
vn -0.903031826 -0.0940535963 0.419150889
vn -0.976928771 -0.0301821586 0.211421788
vn -0.806069911 -0.035147313 0.590775788
vn -0.903031826 -0.0940535963 0.419150889
vn -0.806069911 -0.035147313 0.590775788
vn -0.741206884 -0.0640176088 0.668217242
vn -0.642965674 -0.361277461 -0.675332367
vn 0.314717829 -0.228942692 -0.921161175
vn -0.637280464 -0.130093068 -0.75957191
vn -0.642965674 -0.361277461 -0.675332367
vn -0.637280464 -0.130093068 -0.75957191
vn -0.74035567 -0.23143816 -0.63111794
vn 0.864648104 0.106611773 0.490935475
vn 0.795721352 -0.0106878066 0.605568647
vn 0.923667371 0.0572261661 0.378898263
vn 0.864648104 0.106611773 0.490935475
vn 0.923667371 0.0572261661 0.378898263
vn 0.89282465 0.0683121011 0.445193887
vn -0.642965674 -0.361277461 -0.675332367
vn -0.74035567 -0.23143816 -0.63111794
vn -0.88153857 -0.22377488 -0.415709704
vn -0.642965674 -0.361277461 -0.675332367
vn -0.88153857 -0.22377488 -0.415709704
vn -0.863206446 -0.378991783 -0.333526254
vn 0.460259736 -0.00191489619 0.887782276
vn -0.999999642 -0.000910225033 4.10837538e-06
vn 0.707381904 0.390950829 0.588870406
vn 0.460259736 -0.00191489619 0.887782276
vn 0.707381904 0.390950829 0.588870406
vn 0.923667371 0.0572261661 0.378898263
vn 0.923667371 0.0572261661 0.378898263
vn 0.795721352 -0.0106878066 0.605568647
vn 0.862798274 -0.344237328 0.370242953
vn 0.923667371 0.0572261661 0.378898263
vn 0.862798274 -0.344237328 0.370242953
vn 0.460259736 -0.00191489619 0.887782276
vn 0.163258865 0.986518741 -0.0112819402
vn -0.172853574 0.98493737 0.00448509539
vn -0.0934766904 0.99337548 0.0668381974
vn 0.163258865 0.986518741 -0.0112819402
vn -0.0934766904 0.99337548 0.0668381974
vn 0.177048802 0.979507148 0.0960178897
vn -0.102348588 0.407295108 -0.907543659
vn -0.374937266 0.425053775 -0.823863626
vn -0.106372841 0.597310603 -0.794924498
vn -0.102348588 0.407295108 -0.907543659
vn -0.106372841 0.597310603 -0.794924498
vn 0.0840735659 0.626578689 -0.774810135
vn -0.916733384 -0.397443563 0.0404783599
vn -0.982045352 -0.142532066 0.123578757
vn -0.963696063 -0.266983956 0.0030644224
vn -0.916733384 -0.397443563 0.0404783599
vn -0.963696063 -0.266983956 0.0030644224
vn -0.894746602 -0.446568966 0.0021811577
vn 0.864648104 0.106611773 0.490935475
vn 0.89282465 0.0683121011 0.445193887
vn 0.808536232 0.284250885 0.515238345
vn 0.864648104 0.106611773 0.490935475
vn 0.808536232 0.284250885 0.515238345
vn 0.723606288 0.307817876 0.617771864
vn -0.374937266 0.425053775 -0.823863626
vn -0.466486812 0.0610859245 -0.882416308
vn -0.585214019 0.179999933 -0.790648222
vn -0.374937266 0.425053775 -0.823863626
vn -0.585214019 0.179999933 -0.790648222
vn -0.123183206 -0.0708416253 -0.98985219
vn -0.743416131 -0.16482532 -0.648201346
vn -0.945681453 -0.126569003 -0.299444258
vn -0.88153857 -0.22377488 -0.415709704
vn -0.743416131 -0.16482532 -0.648201346
vn -0.88153857 -0.22377488 -0.415709704
vn -0.525838435 -0.157003313 -0.835968852
vn -0.806069911 -0.035147313 0.590775788
vn -0.14190121 -0.14580074 0.979084432
vn -0.30868724 -0.00105234841 0.951162994
vn -0.806069911 -0.035147313 0.590775788
vn -0.30868724 -0.00105234841 0.951162994
vn -0.741206884 -0.0640176088 0.668217242
vn -0.996198177 -0.0871144459 0.000507549557
vn -0.933959663 -0.0924419612 0.345215857
vn -0.951666355 -0.270443469 0.145573393
vn -0.996198177 -0.0871144459 0.000507549557
vn -0.951666355 -0.270443469 0.145573393
vn -0.960600972 -0.277931273 0.000253888807
vn -0.933959663 -0.0924419612 0.345215857
vn -0.982045352 -0.142532066 0.123578757
vn -0.906755865 -0.0367049687 0.42005524
vn -0.933959663 -0.0924419612 0.345215857
vn -0.906755865 -0.0367049687 0.42005524
vn -0.737467706 -0.113072835 0.665849745
vn -0.772118509 -0.373690039 -0.513992906
vn -0.945681453 -0.126569003 -0.299444258
vn -0.743416131 -0.16482532 -0.648201346
vn -0.772118509 -0.373690039 -0.513992906
vn -0.743416131 -0.16482532 -0.648201346
vn -0.336019456 -0.297998548 -0.893469572
vn 0.714386225 0.438984007 0.544927001
vn 0.723606288 0.307817876 0.617771864
vn 0.808536232 0.284250885 0.515238345
vn 0.714386225 0.438984007 0.544927001
vn 0.808536232 0.284250885 0.515238345
vn 0.833120048 0.474324435 0.284477144
vn -0.948938787 -0.234196365 0.211346447
vn -0.906755865 -0.0367049687 0.42005524
vn -0.982045352 -0.142532066 0.123578757
vn -0.948938787 -0.234196365 0.211346447
vn -0.982045352 -0.142532066 0.123578757
vn -0.916733384 -0.397443563 0.0404783599
vn -0.984443426 -0.0206788667 0.174480677
vn -0.579704583 -0.247980699 0.77617538
vn -0.806069911 -0.035147313 0.590775788
vn -0.984443426 -0.0206788667 0.174480677
vn -0.806069911 -0.035147313 0.590775788
vn -0.976928771 -0.0301821586 0.211421788
vn 0.342985868 0.939290524 -0.00969881844
vn 0.163258865 0.986518741 -0.0112819402
vn 0.177048802 0.979507148 0.0960178897
vn 0.342985868 0.939290524 -0.00969881844
vn 0.177048802 0.979507148 0.0960178897
vn 0.464261055 0.877966702 0.116774149
vn 0.592622221 0.805478871 0.00164918764
vn 0.342985868 0.939290524 -0.00969881844
vn 0.464261055 0.877966702 0.116774149
vn 0.592622221 0.805478871 0.00164918764
vn 0.464261055 0.877966702 0.116774149
vn 0.68879801 0.719254553 0.0907197371
vn 0.835048795 0.550175428 0.000603924156
vn 0.592622221 0.805478871 0.00164918764
vn 0.68879801 0.719254553 0.0907197371
vn 0.835048795 0.550175428 0.000603924156
vn 0.68879801 0.719254553 0.0907197371
vn 0.834046662 0.547287583 0.0695884228
vn 0.941440523 0.337179035 -0.000412857655
vn 0.931554854 0.363600165 0.00078603212
vn 0.835048795 0.550175428 0.000603924156
vn 0.941440523 0.337179035 -0.000412857655
vn 0.835048795 0.550175428 0.000603924156
vn 0.834046662 0.547287583 0.0695884228
vn 0.984792471 0.17372407 -0.00196773931
vn 0.931554854 0.363600165 0.00078603212
vn 0.941440523 0.337179035 -0.000412857655
vn 0.984792471 0.17372407 -0.00196773931
vn 0.941440523 0.337179035 -0.000412857655
vn 0.994590878 0.103869334 -0.000387877546
vn 0.994590878 0.103869334 -0.000387877546
vn 0.999926925 -0.00531485211 0.0108617395
vn 0.999362528 0.0356713049 -0.00144258002
vn 0.994590878 0.103869334 -0.000387877546
vn 0.999362528 0.0356713049 -0.00144258002
vn 0.984792471 0.17372407 -0.00196773931
vn 0.999926925 -0.00531485211 0.0108617395
vn 0.999413133 -0.02643013 0.0217891503
vn 0.999928057 -0.0120003819 0.000215865453
vn 0.999926925 -0.00531485211 0.0108617395
vn 0.999928057 -0.0120003819 0.000215865453
vn 0.999362528 0.0356713049 -0.00144258002
vn -0.999616265 0.027398536 0.00405145111
vn -0.999786437 -0.0206642337 -5.5995064e-05
vn -0.948795736 0.278476745 0.149121895
vn -0.999616265 0.027398536 0.00405145111
vn -0.948795736 0.278476745 0.149121895
vn -0.997224212 0.0739056915 0.00904817693
vn -0.965846479 -0.259110689 0.00152019947
vn -0.97510469 -0.221744776 5.2736792e-05
vn -0.999786437 -0.0206642337 -5.5995064e-05
vn -0.965846479 -0.259110689 0.00152019947
vn -0.999786437 -0.0206642337 -5.5995064e-05
vn -0.999616265 0.027398536 0.00405145111
vn -0.523818493 0.797887683 0.298310757
vn 0.572460949 0.81992805 0.00253830757
vn -0.41635105 0.909199834 0.00271723862
vn -0.523818493 0.797887683 0.298310757
vn -0.41635105 0.909199834 0.00271723862
vn -0.823574483 0.567193389 0.00409693271
vn -0.823574483 0.567193389 0.00409693271
vn -0.951075912 0.308783829 0.0103463773
vn -0.948795736 0.278476745 0.149121895
vn -0.823574483 0.567193389 0.00409693271
vn -0.948795736 0.278476745 0.149121895
vn -0.523818493 0.797887683 0.298310757
vn -0.0934766904 0.99337548 0.0668381974
vn -0.172853574 0.98493737 0.00448509539
vn -0.41635105 0.909199834 0.00271723862
vn -0.0934766904 0.99337548 0.0668381974
vn -0.41635105 0.909199834 0.00271723862
vn 0.572460949 0.81992805 0.00253830757
vn 0.999782324 0.0207711048 -0.00199359981
vn 0.757382512 -0.0374831073 -0.651894748
vn 0.945435166 -0.00977431424 -0.325663567
vn 0.999782324 0.0207711048 -0.00199359981
vn 0.945435166 -0.00977431424 -0.325663567
vn 0.999993443 0.000944543164 -0.00351126492
vn 0.757382512 -0.0374831073 -0.651894748
vn 0.782222569 -0.0591254234 -0.620187044
vn 0.644295335 -0.0688423291 -0.76167202
vn 0.757382512 -0.0374831073 -0.651894748
vn 0.644295335 -0.0688423291 -0.76167202
vn 0.945435166 -0.00977431424 -0.325663567
vn 0.782222569 -0.0591254234 -0.620187044
vn 0.897436738 -0.0383867733 -0.439469874
vn 0.88373816 -0.0494340993 -0.465363562
vn 0.782222569 -0.0591254234 -0.620187044
vn 0.88373816 -0.0494340993 -0.465363562
vn 0.644295335 -0.0688423291 -0.76167202
vn 0.315627903 -0.234370172 -0.919483304
vn 0.113849983 -0.200461313 -0.973063946
vn 0.180167019 -0.0733159631 -0.98089993
vn 0.315627903 -0.234370172 -0.919483304
vn 0.180167019 -0.0733159631 -0.98089993
vn 0.467616916 -0.0531866662 -0.882329702
vn 0.113849983 -0.200461313 -0.973063946
vn -0.336019456 -0.297998548 -0.893469572
vn -0.228558719 -0.0741739199 -0.970700324
vn 0.113849983 -0.200461313 -0.973063946
vn -0.228558719 -0.0741739199 -0.970700324
vn 0.180167019 -0.0733159631 -0.98089993
vn 0.996198177 -0.0871144459 0.000507549557
vn 0.933959663 -0.0924419612 0.345215857
vn 0.982045352 -0.14253208 0.123578757
vn 0.996198177 -0.0871144459 0.000507549557
vn 0.982045352 -0.14253208 0.123578757
vn 0.963696063 -0.266983956 0.0030644224
vn 0.951666296 -0.270443499 0.145573407
vn 0.960600972 -0.277931273 0.000253888807
vn 0.965846479 -0.259110659 0.00152019947
vn 0.951666296 -0.270443499 0.145573407
vn 0.965846479 -0.259110659 0.00152019947
vn 0.97510469 -0.221744776 5.2736792e-05
vn 0.683815598 -0.121253282 0.719509602
vn 0.733696222 -0.102889225 0.671642423
vn 0.7631284 0.0349666178 0.645300269
vn 0.683815598 -0.121253282 0.719509602
vn 0.7631284 0.0349666178 0.645300269
vn 0.903031826 -0.0940535963 0.419150919
vn 0.525838435 -0.157003313 -0.835968852
vn 0.74341619 -0.16482535 -0.648201466
vn 0.228558704 -0.0741739199 -0.970700324
vn 0.525838435 -0.157003313 -0.835968852
vn 0.228558704 -0.0741739199 -0.970700324
vn 0.0842531249 -0.0970125422 -0.991710603
vn 0.903031826 -0.0940535963 0.419150919
vn 0.741206884 -0.0640176088 0.668217242
vn 0.80606997 -0.035147313 0.590775728
vn 0.903031826 -0.0940535963 0.419150919
vn 0.80606997 -0.035147313 0.590775728
vn 0.976928771 -0.0301821586 0.211421788
vn 0.642965674 -0.361277461 -0.675332367
vn 0.74035567 -0.23143816 -0.63111794
vn 0.637280464 -0.130093068 -0.75957191
vn 0.642965674 -0.361277461 -0.675332367
vn 0.637280464 -0.130093068 -0.75957191
vn -0.314717829 -0.228942692 -0.921161175
vn -0.864648104 0.106611773 0.490935475
vn -0.89282465 0.0683121011 0.445193887
vn -0.923667371 0.0572261661 0.378898263
vn -0.864648104 0.106611773 0.490935475
vn -0.923667371 0.0572261661 0.378898263
vn -0.795721352 -0.0106878066 0.605568647
vn 0.642965674 -0.361277461 -0.675332367
vn 0.863206446 -0.378991783 -0.333526254
vn 0.88153857 -0.22377488 -0.415709704
vn 0.642965674 -0.361277461 -0.675332367
vn 0.88153857 -0.22377488 -0.415709704
vn 0.74035567 -0.23143816 -0.63111794
vn -0.460259736 -0.00191489619 0.887782276
vn -0.923667371 0.0572261661 0.378898263
vn -0.707381904 0.390950859 0.588870466
vn -0.460259736 -0.00191489619 0.887782276
vn -0.707381904 0.390950859 0.588870466
vn 0.999999642 -0.000910225033 4.10837538e-06
vn -0.923667371 0.0572261661 0.378898263
vn -0.460259736 -0.00191489619 0.887782276
vn -0.862798274 -0.344237328 0.370242894
vn -0.923667371 0.0572261661 0.378898263
vn -0.862798274 -0.344237328 0.370242894
vn -0.795721352 -0.0106878066 0.605568647
vn -0.163258865 0.986518741 -0.0112819402
vn -0.177048802 0.979507148 0.0960178897
vn 0.0934766829 0.99337548 0.06683819
vn -0.163258865 0.986518741 -0.0112819402
vn 0.0934766829 0.99337548 0.06683819
vn 0.172853574 0.98493737 0.00448509539
vn 0.102348588 0.407295108 -0.907543659
vn -0.0840735659 0.626578689 -0.774810135
vn 0.106372841 0.597310603 -0.794924498
vn 0.102348588 0.407295108 -0.907543659
vn 0.106372841 0.597310603 -0.794924498
vn 0.374937236 0.425053746 -0.823863626
vn 0.916733384 -0.397443563 0.0404783599
vn 0.894746602 -0.446568966 0.0021811577
vn 0.963696063 -0.266983956 0.0030644224
vn 0.916733384 -0.397443563 0.0404783599
vn 0.963696063 -0.266983956 0.0030644224
vn 0.982045352 -0.14253208 0.123578757
vn -0.864648104 0.106611773 0.490935475
vn -0.723606288 0.307817876 0.617771864
vn -0.808536232 0.284250885 0.515238345
vn -0.864648104 0.106611773 0.490935475
vn -0.808536232 0.284250885 0.515238345
vn -0.89282465 0.0683121011 0.445193887
vn 0.374937236 0.425053746 -0.823863626
vn 0.123183206 -0.0708416253 -0.98985219
vn 0.585213959 0.179999918 -0.790648222
vn 0.374937236 0.425053746 -0.823863626
vn 0.585213959 0.179999918 -0.790648222
vn 0.466486812 0.0610859245 -0.882416308
vn 0.74341619 -0.16482535 -0.648201466
vn 0.525838435 -0.157003313 -0.835968852
vn 0.88153857 -0.22377488 -0.415709704
vn 0.74341619 -0.16482535 -0.648201466
vn 0.88153857 -0.22377488 -0.415709704
vn 0.945681453 -0.126569003 -0.299444258
vn 0.80606997 -0.035147313 0.590775728
vn 0.741206884 -0.0640176088 0.668217242
vn 0.30868724 -0.00105234841 0.951162994
vn 0.80606997 -0.035147313 0.590775728
vn 0.30868724 -0.00105234841 0.951162994
vn 0.14190121 -0.14580074 0.979084432
vn 0.996198177 -0.0871144459 0.000507549557
vn 0.960600972 -0.277931273 0.000253888807
vn 0.951666296 -0.270443499 0.145573407
vn 0.996198177 -0.0871144459 0.000507549557
vn 0.951666296 -0.270443499 0.145573407
vn 0.933959663 -0.0924419612 0.345215857
vn 0.933959663 -0.0924419612 0.345215857
vn 0.737467706 -0.113072835 0.665849745
vn 0.906755865 -0.0367049687 0.42005524
vn 0.933959663 -0.0924419612 0.345215857
vn 0.906755865 -0.0367049687 0.42005524
vn 0.982045352 -0.14253208 0.123578757
vn 0.772118509 -0.373690039 -0.513992906
vn 0.336019456 -0.297998548 -0.893469572
vn 0.74341619 -0.16482535 -0.648201466
vn 0.772118509 -0.373690039 -0.513992906
vn 0.74341619 -0.16482535 -0.648201466
vn 0.945681453 -0.126569003 -0.299444258
vn -0.714386225 0.438984007 0.544927001
vn -0.833120048 0.474324435 0.284477144
vn -0.808536232 0.284250885 0.515238345
vn -0.714386225 0.438984007 0.544927001
vn -0.808536232 0.284250885 0.515238345
vn -0.723606288 0.307817876 0.617771864
vn 0.948938787 -0.234196365 0.211346447
vn 0.916733384 -0.397443563 0.0404783599
vn 0.982045352 -0.14253208 0.123578757
vn 0.948938787 -0.234196365 0.211346447
vn 0.982045352 -0.14253208 0.123578757
vn 0.906755865 -0.0367049687 0.42005524
vn 0.984443426 -0.0206788667 0.174480677
vn 0.976928771 -0.0301821586 0.211421788
vn 0.80606997 -0.035147313 0.590775728
vn 0.984443426 -0.0206788667 0.174480677
vn 0.80606997 -0.035147313 0.590775728
vn 0.579704583 -0.247980699 0.77617538
vn -0.342985809 0.939290524 -0.00969881844
vn -0.464261055 0.877966702 0.116774149
vn -0.177048802 0.979507148 0.0960178897
vn -0.342985809 0.939290524 -0.00969881844
vn -0.177048802 0.979507148 0.0960178897
vn -0.163258865 0.986518741 -0.0112819402
vn -0.592622221 0.805478871 0.00164918764
vn -0.68879807 0.719254553 0.0907197371
vn -0.464261055 0.877966702 0.116774149
vn -0.592622221 0.805478871 0.00164918764
vn -0.464261055 0.877966702 0.116774149
vn -0.342985809 0.939290524 -0.00969881844
vn -0.835048795 0.550175428 0.000603924098
vn -0.834046662 0.547287583 0.0695884228
vn -0.68879807 0.719254553 0.0907197371
vn -0.835048795 0.550175428 0.000603924098
vn -0.68879807 0.719254553 0.0907197371
vn -0.592622221 0.805478871 0.00164918764
vn -0.941440463 0.337179005 -0.000412857597
vn -0.834046662 0.547287583 0.0695884228
vn -0.835048795 0.550175428 0.000603924098
vn -0.941440463 0.337179005 -0.000412857597
vn -0.835048795 0.550175428 0.000603924098
vn -0.931554854 0.363600165 0.00078603212
vn -0.984792471 0.17372407 -0.00196773931
vn -0.994590878 0.103869319 -0.000387877575
vn -0.941440463 0.337179005 -0.000412857597
vn -0.984792471 0.17372407 -0.00196773931
vn -0.941440463 0.337179005 -0.000412857597
vn -0.931554854 0.363600165 0.00078603212
vn -0.994590878 0.103869319 -0.000387877575
vn -0.984792471 0.17372407 -0.00196773931
vn -0.999362528 0.0356713049 -0.00144258002
vn -0.994590878 0.103869319 -0.000387877575
vn -0.999362528 0.0356713049 -0.00144258002
vn -0.999926925 -0.00531485211 0.0108617395
vn -0.999926925 -0.00531485211 0.0108617395
vn -0.999362528 0.0356713049 -0.00144258002
vn -0.999928057 -0.0120003819 0.000215865453
vn -0.999926925 -0.00531485211 0.0108617395
vn -0.999928057 -0.0120003819 0.000215865453
vn -0.999413133 -0.02643013 0.0217891503
vn 0.999616265 0.027398536 0.00405145111
vn 0.997224212 0.0739056915 0.00904817693
vn 0.948795736 0.278476745 0.149121895
vn 0.999616265 0.027398536 0.00405145111
vn 0.948795736 0.278476745 0.149121895
vn 0.999786437 -0.0206642319 -5.59950568e-05
vn 0.965846479 -0.259110659 0.00152019947
vn 0.999616265 0.027398536 0.00405145111
vn 0.999786437 -0.0206642319 -5.59950568e-05
vn 0.965846479 -0.259110659 0.00152019947
vn 0.999786437 -0.0206642319 -5.59950568e-05
vn 0.97510469 -0.221744776 5.2736792e-05
vn 0.523818493 0.797887683 0.298310757
vn 0.823574483 0.567193389 0.00409693271
vn 0.41635105 0.909199834 0.00271723862
vn 0.523818493 0.797887683 0.298310757
vn 0.41635105 0.909199834 0.00271723862
vn -0.572460949 0.81992805 0.00253830757
vn 0.823574483 0.567193389 0.00409693271
vn 0.523818493 0.797887683 0.298310757
vn 0.948795736 0.278476745 0.149121895
vn 0.823574483 0.567193389 0.00409693271
vn 0.948795736 0.278476745 0.149121895
vn 0.951075912 0.308783829 0.0103463773
vn 0.0934766829 0.99337548 0.06683819
vn -0.572460949 0.81992805 0.00253830757
vn 0.41635105 0.909199834 0.00271723862
vn 0.0934766829 0.99337548 0.06683819
vn 0.41635105 0.909199834 0.00271723862
vn 0.172853574 0.98493737 0.00448509539
vn -0.999782324 0.0207711048 -0.00199359981
vn -0.999993443 0.000944543164 -0.00351126492
vn -0.945435166 -0.00977431424 -0.325663567
vn -0.999782324 0.0207711048 -0.00199359981
vn -0.945435166 -0.00977431424 -0.325663567
vn -0.757382512 -0.0374831073 -0.651894748
vn -0.757382512 -0.0374831073 -0.651894748
vn -0.945435166 -0.00977431424 -0.325663567
vn -0.644295335 -0.0688423291 -0.76167202
vn -0.757382512 -0.0374831073 -0.651894748
vn -0.644295335 -0.0688423291 -0.76167202
vn -0.782222569 -0.0591254234 -0.620187044
vn -0.782222569 -0.0591254234 -0.620187044
vn -0.644295335 -0.0688423291 -0.76167202
vn -0.88373816 -0.0494340993 -0.465363562
vn -0.782222569 -0.0591254234 -0.620187044
vn -0.88373816 -0.0494340993 -0.465363562
vn -0.897436738 -0.0383867733 -0.439469874
vn -0.315627903 -0.234370172 -0.919483304
vn -0.467616916 -0.0531866662 -0.882329702
vn -0.180167019 -0.0733159631 -0.98089993
vn -0.315627903 -0.234370172 -0.919483304
vn -0.180167019 -0.0733159631 -0.98089993
vn -0.113849983 -0.200461313 -0.973063946
vn -0.113849983 -0.200461313 -0.973063946
vn -0.180167019 -0.0733159631 -0.98089993
vn 0.228558704 -0.0741739199 -0.970700324
vn -0.113849983 -0.200461313 -0.973063946
vn 0.228558704 -0.0741739199 -0.970700324
vn 0.336019456 -0.297998548 -0.893469572
g default
usemtl couchMaterial
f 1/1/1 2/2/2 3/3/3
f 4/4/4 5/5/5 6/6/6
f 7/7/7 8/8/8 9/9/9
f 8/8/10 5/5/11 4/4/12
f 10/10/13 11/11/14 12/12/15
f 12/12/16 13/13/17 14/14/18
f 15/15/19 16/16/20 17/17/21
f 18/18/22 19/19/23 20/20/24
f 20/20/25 19/19/26 21/21/27
f 22/22/28 15/15/29 17/17/30
f 23/23/31 7/7/32 9/9/33
f 18/18/34 20/20/35 7/7/36
f 5/5/37 7/7/38 20/20/39
f 7/7/40 5/5/41 8/8/42
f 14/14/43 10/10/44 12/12/45
f 1/1/46 10/10/47 14/14/48
f 11/11/49 10/10/50 24/24/51
f 3/3/52 10/10/53 1/1/54
f 12/12/55 11/11/56 25/25/57
f 11/11/58 24/24/59 25/25/60
f 24/24/61 26/26/62 27/27/63
f 3/3/64 28/28/65 26/26/66
f 8/8/67 3/3/68 2/2/69
f 15/15/70 12/12/71 29/29/72
f 26/26/73 28/28/74 30/30/75
f 26/26/76 30/30/77 27/27/78
f 28/28/79 31/31/80 30/30/81
f 4/4/82 6/6/83 32/32/84
f 15/15/85 13/13/86 12/12/87
f 31/31/88 32/32/89 33/33/90
f 34/34/91 35/35/92 21/21/93
f 6/6/94 34/34/95 32/32/96
f 21/21/97 35/35/98 20/20/99
f 34/34/100 6/6/101 35/35/102
f 1/1/103 36/36/104 2/2/105
f 6/6/106 20/20/107 35/35/108
f 36/36/109 1/1/110 37/37/111
f 1/1/112 38/38/113 37/37/114
f 3/3/115 26/26/116 24/24/117
f 3/3/118 24/24/119 10/10/120
f 6/6/121 5/5/122 20/20/123
f 39/39/124 40/40/125 41/41/126
f 24/24/127 27/27/128 25/25/129
f 34/34/130 21/21/131 39/39/132
f 39/39/133 21/21/134 40/40/135
f 28/28/136 8/8/137 4/4/138
f 8/8/139 28/28/140 3/3/141
f 42/42/142 9/9/143 2/2/144
f 2/2/145 9/9/146 8/8/147
f 33/33/148 30/30/149 31/31/150
f 30/30/151 33/33/152 27/27/153
f 16/16/154 15/15/155 29/29/156
f 31/31/157 4/4/158 32/32/159
f 28/28/160 4/4/161 31/31/162
f 1/1/163 14/14/164 38/38/165
f 18/18/166 7/7/167 23/23/168
f 33/33/169 43/43/170 44/44/171
f 33/33/172 44/44/173 27/27/174
f 25/25/175 27/27/176 45/45/177
f 16/16/178 25/25/179 45/45/180
f 17/17/181 16/16/182 45/45/183
f 32/32/184 43/43/185 33/33/186
f 32/32/187 34/34/188 43/43/189
f 46/46/190 43/43/191 34/34/192
f 34/34/193 39/39/194 46/46/195
f 39/39/196 41/41/197 46/46/198
f 41/41/199 47/47/200 46/46/201
f 45/45/202 27/27/203 44/44/204
f 45/45/205 44/44/206 48/48/207
f 45/45/208 48/48/209 49/49/210
f 50/50/211 45/45/212 49/49/213
f 46/46/214 47/47/215 49/49/216
f 46/46/217 49/49/218 48/48/219
f 17/17/220 45/45/221 50/50/222
f 17/17/223 50/50/224 22/22/225
f 44/44/226 43/43/227 46/46/228
f 44/44/229 46/46/230 48/48/231
f 12/12/232 25/25/233 16/16/234
f 12/12/235 16/16/236 29/29/237
f 51/51/238 52/52/239 53/53/240
f 51/51/241 53/53/242 54/54/243
f 53/53/244 52/52/245 55/55/246
f 53/53/247 55/55/248 56/56/249
f 2/2/250 54/54/251 42/42/252
f 54/54/253 2/2/254 51/51/255
f 51/51/256 2/2/257 36/36/258
f 57/57/259 58/58/260 59/59/261
f 60/60/262 61/61/263 62/62/264
f 63/63/265 64/64/266 65/65/267
f 66/66/268 67/67/269 68/68/270
f 69/69/271 70/70/272 71/71/273
f 72/72/274 73/73/275 64/64/276
f 74/74/277 75/75/278 76/76/279
f 77/77/280 67/67/281 78/78/282
f 71/71/283 79/79/284 69/69/285
f 62/62/286 58/58/287 60/60/288
f 80/80/289 71/81/290 70/70/291
f 81/82/292 82/83/293 75/75/294
f 83/84/295 57/57/296 84/85/297
f 70/70/298 85/86/299 72/72/300
f 81/82/301 86/87/302 87/88/303
f 82/83/304 71/81/305 80/80/306
f 79/79/307 71/71/308 88/89/309
f 87/88/310 89/90/311 71/81/312
f 59/59/313 68/68/314 67/67/315
f 59/59/316 63/63/317 65/65/318
f 77/91/319 78/92/320 90/93/321
f 74/74/322 91/94/323 92/95/324
f 93/96/325 94/97/326 83/84/327
f 84/85/328 95/98/329 83/84/330
f 70/70/331 96/99/332 85/86/333
f 70/70/334 69/69/335 96/99/336
f 66/66/337 61/100/338 91/101/339
f 91/94/340 90/93/341 78/92/342
f 76/76/343 75/75/344 64/64/345
f 97/102/346 64/64/347 63/63/348
f 85/86/349 84/85/350 57/57/351
f 65/65/352 64/64/353 73/73/354
f 89/90/355 87/88/356 86/87/357
f 72/72/358 80/80/359 70/70/360
f 75/75/361 72/72/362 64/64/363
f 93/96/364 83/84/365 95/98/366
f 93/96/367 95/98/368 69/69/369
f 95/98/370 96/99/371 69/69/372
f 68/103/373 62/62/374 61/61/375
f 66/66/376 68/68/377 61/100/378
f 77/91/379 90/93/380 76/76/381
f 97/102/382 76/76/383 64/64/384
f 74/74/385 86/87/386 81/82/387
f 81/82/388 75/75/389 74/74/390
f 68/103/391 59/59/392 62/62/393
f 58/58/394 62/62/395 59/59/396
f 83/84/397 60/60/398 58/58/399
f 58/58/400 57/57/401 83/84/402
f 75/75/403 80/80/404 72/72/405
f 82/83/406 80/80/407 75/75/408
f 77/77/409 97/102/410 67/67/411
f 77/91/412 76/76/413 97/102/414
f 96/99/415 95/98/416 84/85/417
f 84/85/418 85/86/419 96/99/420
f 89/104/421 88/89/422 71/71/423
f 67/67/424 66/66/425 78/78/426
f 66/66/427 91/101/428 78/78/429
f 73/73/430 85/86/431 57/57/432
f 73/73/433 72/72/434 85/86/435
f 87/88/436 82/83/437 81/82/438
f 87/88/439 71/81/440 82/83/441
f 74/74/442 76/76/443 90/93/444
f 90/93/445 91/94/446 74/74/447
f 73/73/448 57/57/449 65/65/450
f 65/65/451 57/57/452 59/59/453
f 74/74/454 92/95/455 86/87/456
f 63/63/457 59/59/458 67/67/459
f 67/67/460 97/102/461 63/63/462
f 98/105/463 99/106/464 100/107/465
f 101/108/466 102/109/467 103/110/468
f 104/111/469 105/112/470 106/113/471
f 107/114/472 108/115/473 109/116/474
f 110/117/475 104/111/476 106/113/477
f 111/118/478 112/119/479 113/120/480
f 103/110/481 102/109/482 114/121/483
f 107/114/484 115/122/485 116/123/486
f 116/123/487 117/124/488 107/114/489
f 118/125/490 119/126/491 120/127/492
f 121/128/493 122/129/494 123/130/495
f 124/131/496 125/132/497 126/133/498
f 127/134/499 109/116/500 128/135/501
f 129/136/502 130/137/503 131/138/504
f 132/139/505 133/140/506 134/141/507
f 107/114/508 135/142/509 108/115/510
f 107/114/511 136/143/512 137/144/513
f 118/125/514 125/132/515 119/126/516
f 98/105/517 138/145/518 99/106/519
f 105/112/520 128/135/521 123/130/522
f 139/146/523 99/106/524 123/130/525
f 139/146/526 123/130/527 128/135/528
f 108/115/529 128/135/530 109/116/531
f 136/143/532 107/114/533 140/147/534
f 102/109/535 141/148/536 142/149/537
f 129/136/538 143/150/539 130/137/540
f 115/122/541 107/114/542 109/116/543
f 101/108/544 141/148/545 102/109/546
f 108/115/547 144/151/548 128/135/549
f 108/115/550 135/142/551 144/151/552
f 131/138/553 145/152/554 129/136/555
f 110/117/556 106/113/557 145/153/558
f 124/131/559 121/128/560 125/132/561
f 125/132/562 121/128/563 138/145/564
f 103/110/565 114/121/566 134/154/567
f 132/139/568 134/141/569 146/155/570
f 119/126/571 125/132/572 138/145/573
f 112/119/574 111/118/575 138/145/576
f 128/135/577 105/112/578 104/111/579
f 127/134/580 128/135/581 104/156/582
f 114/157/583 146/155/584 134/141/585
f 114/157/586 117/124/587 146/155/588
f 123/130/589 99/106/590 121/128/591
f 121/128/592 99/106/593 138/145/594
f 135/142/595 98/105/596 100/107/597
f 113/120/598 112/119/599 137/144/600
f 131/138/601 109/116/602 127/134/603
f 110/117/604 145/153/605 131/158/606
f 112/119/607 138/145/608 98/105/609
f 112/119/610 98/105/611 137/144/612
f 124/131/613 122/129/614 121/128/615
f 147/159/616 148/160/617 124/131/618
f 149/161/619 102/109/620 142/149/621
f 102/109/622 149/161/623 114/121/624
f 124/131/625 148/160/626 122/129/627
f 106/113/628 105/112/629 148/162/630
f 136/143/631 140/147/632 149/163/633
f 149/163/634 117/124/635 114/157/636
f 148/162/637 105/112/638 122/129/639
f 122/129/640 105/112/641 123/130/642
f 133/140/643 143/150/644 129/136/645
f 149/163/646 142/149/647 136/143/648
f 113/120/649 137/144/650 136/143/651
f 142/149/652 118/125/653 120/127/654
f 142/149/655 120/127/656 136/143/657
f 135/142/658 137/144/659 98/105/660
f 107/114/661 137/144/662 135/142/663
f 110/164/664 127/134/665 104/156/666
f 110/164/667 131/138/668 127/134/669
f 113/120/670 136/143/671 120/127/672
f 119/126/673 113/120/674 120/127/675
f 130/137/676 115/122/677 109/116/678
f 131/138/679 130/137/680 109/116/681
f 115/122/682 143/150/683 116/123/684
f 130/137/685 143/150/686 115/122/687
f 144/151/688 139/146/689 128/135/690
f 139/146/691 144/151/692 135/142/693
f 125/132/694 118/125/695 141/148/696
f 141/148/697 118/125/698 142/149/699
f 116/123/700 143/150/701 132/139/702
f 143/150/703 133/140/704 132/139/705
f 117/124/706 140/147/707 107/114/708
f 149/163/709 140/147/710 117/124/711
f 119/126/712 138/145/713 111/118/714
f 111/118/715 113/120/716 119/126/717
f 100/107/718 99/106/719 139/146/720
f 135/142/721 100/107/722 139/146/723
f 116/123/724 132/139/725 146/155/726
f 116/123/727 146/155/728 117/124/729
f 150/165/730 151/166/731 152/167/732
f 153/168/733 154/169/734 155/170/735
f 156/171/736 157/172/737 158/173/738
f 159/174/739 160/175/740 161/176/741
f 157/172/742 156/171/743 162/177/744
f 163/178/745 164/179/746 161/176/747
f 165/180/748 166/181/749 167/182/750
f 153/168/751 168/183/752 154/169/753
f 169/184/754 151/166/755 150/165/756
f 155/170/757 154/169/758 170/185/759
f 152/167/760 171/186/761 150/165/762
f 172/187/763 162/177/764 173/188/765
f 174/189/766 164/179/767 163/178/768
f 172/187/769 157/172/770 162/177/771
f 164/179/772 175/190/773 176/191/774
f 167/182/775 177/192/776 175/190/777
f 177/192/778 167/182/779 166/181/780
f 178/193/781 165/180/782 153/168/783
f 159/174/784 151/166/785 169/184/786
f 179/194/787 180/195/788 170/185/789
f 179/194/790 181/196/791 180/195/792
f 181/196/793 153/168/794 180/195/795
f 182/197/796 178/193/797 153/168/798
f 170/185/799 154/169/800 183/198/801
f 184/199/802 183/198/803 185/200/804
f 170/185/805 171/186/806 152/167/807
f 170/185/808 183/198/809 184/199/810
f 186/201/811 158/173/812 157/172/813
f 157/172/814 172/187/815 186/201/816
f 187/202/817 188/203/818 189/204/819
f 151/166/820 181/196/821 179/194/822
f 181/196/823 182/197/824 153/168/825
f 153/168/826 165/180/827 168/183/828
f 190/205/829 191/206/830 192/207/831
f 166/181/832 182/197/833 193/208/834
f 166/181/835 193/208/836 177/192/837
f 182/197/838 181/196/839 151/166/840
f 159/174/841 182/197/842 151/166/843
f 164/179/844 173/188/845 175/190/846
f 175/190/847 173/188/848 167/182/849
f 177/192/850 193/208/851 176/191/852
f 176/191/853 175/190/854 177/192/855
f 170/185/856 180/195/857 194/209/858
f 194/209/859 180/195/860 153/168/861
f 195/210/862 196/211/863 192/207/864
f 169/184/865 160/175/866 159/174/867
f 192/207/868 191/206/869 195/210/870
f 170/185/871 194/209/872 155/170/873
f 155/170/874 194/209/875 153/168/876
f 197/212/877 162/177/878 156/171/879
f 198/213/880 158/173/881 186/201/882
f 199/214/883 193/208/884 182/197/885
f 176/191/886 193/208/887 199/214/888
f 200/215/889 171/186/890 170/185/891
f 174/189/892 201/216/893 198/213/894
f 178/193/895 182/197/896 166/181/897
f 178/193/898 166/181/899 165/180/900
f 196/211/901 202/217/902 192/207/903
f 164/179/904 172/187/905 173/188/906
f 172/187/907 164/179/908 186/201/909
f 186/201/910 174/189/911 198/213/912
f 186/201/913 164/179/914 174/189/915
f 192/207/916 200/215/917 184/199/918
f 170/185/919 184/199/920 200/215/921
f 161/176/922 164/179/923 176/191/924
f 176/191/925 199/214/926 161/176/927
f 203/218/928 204/219/929 205/220/930
f 152/167/931 179/194/932 170/185/933
f 152/167/934 151/166/935 179/194/936
f 161/176/937 160/175/938 163/178/939
f 160/175/940 169/184/941 163/178/942
f 182/197/943 159/174/944 199/214/945
f 199/214/946 159/174/947 161/176/948
f 173/188/949 206/221/950 167/182/951
f 196/211/952 207/222/953 208/223/954
f 196/211/955 195/210/956 207/224/957
f 187/202/958 209/225/959 191/206/960
f 187/202/961 191/206/962 190/205/963
f 189/204/964 210/226/965 209/225/966
f 189/204/967 209/225/968 187/202/969
f 201/216/970 211/227/971 212/228/972
f 201/216/973 212/228/974 198/213/975
f 174/189/976 163/178/977 211/227/978
f 174/189/979 211/227/980 201/216/981
f 206/221/982 213/229/983 165/180/984
f 206/221/985 165/180/986 167/182/987
f 188/203/988 192/207/989 184/199/990
f 188/203/991 184/199/992 185/200/993
f 188/203/994 187/202/995 190/205/996
f 188/203/997 190/205/998 192/207/999
f 214/230/1000 215/231/1001 198/213/1002
f 214/230/1003 198/213/1004 212/228/1005
f 150/165/1006 171/186/1007 216/232/1008
f 150/165/1009 216/232/1010 217/233/1011
f 185/200/1012 183/198/1013 154/169/1014
f 185/200/1015 154/169/1016 218/234/1017
f 218/234/1018 189/204/1019 188/203/1020
f 218/234/1021 188/203/1022 185/200/1023
f 165/180/1024 213/229/1025 219/235/1026
f 165/180/1027 219/235/1028 168/183/1029
f 168/183/1030 219/235/1031 218/234/1032
f 168/183/1033 218/234/1034 154/169/1035
f 220/236/1036 221/237/1037 213/229/1038
f 220/236/1039 213/229/1040 206/221/1041
f 221/237/1042 220/236/1043 222/238/1044
f 221/237/1045 222/238/1046 223/239/1047
f 221/237/1048 224/240/1049 219/235/1050
f 221/237/1051 219/235/1052 213/229/1053
f 223/239/1054 225/241/1055 224/240/1056
f 223/239/1057 224/240/1058 221/237/1059
f 219/235/1060 224/240/1061 189/204/1062
f 219/235/1063 189/204/1064 218/234/1065
f 224/240/1066 225/241/1067 210/226/1068
f 224/240/1069 210/226/1070 189/204/1071
f 162/177/1072 220/236/1073 206/221/1074
f 162/177/1075 206/221/1076 173/188/1077
f 197/212/1078 222/238/1079 220/236/1080
f 197/212/1081 220/236/1082 162/177/1083
f 226/242/1084 211/227/1085 163/178/1086
f 226/242/1087 163/178/1088 169/184/1089
f 226/242/1090 227/243/1091 212/228/1092
f 226/242/1093 212/228/1094 211/227/1095
f 214/230/1096 212/228/1097 227/243/1098
f 214/230/1099 227/243/1100 205/220/1101
f 226/242/1102 169/184/1103 150/165/1104
f 226/242/1105 150/165/1106 217/233/1107
f 228/244/1108 227/243/1109 226/242/1110
f 228/244/1111 226/242/1112 217/233/1113
f 228/244/1114 203/218/1115 205/220/1116
f 228/244/1117 205/220/1118 227/243/1119
f 217/233/1120 216/232/1121 229/245/1122
f 217/233/1123 229/245/1124 228/244/1125
f 208/223/1126 203/218/1127 228/244/1128
f 208/223/1129 228/244/1130 229/245/1131
f 208/223/1132 207/222/1133 204/219/1134
f 208/223/1135 204/219/1136 203/218/1137
f 171/186/1138 200/215/1139 192/207/1140
f 171/186/1141 192/207/1142 216/232/1143
f 202/217/1144 229/245/1145 216/232/1146
f 202/217/1147 216/232/1148 192/207/1149
f 202/217/1150 196/211/1151 208/223/1152
f 202/217/1153 208/223/1154 229/245/1155
f 230/246/1156 231/247/1157 232/248/1158
f 233/249/1159 234/250/1160 230/246/1161
f 235/251/1162 236/252/1163 237/253/1164
f 237/253/1165 238/254/1166 239/255/1167
f 240/256/1168 241/257/1169 242/258/1170
f 243/259/1171 244/260/1172 245/261/1173
f 246/262/1174 238/263/1175 247/264/1176
f 248/265/1177 249/266/1178 250/267/1179
f 248/265/1180 250/267/1181 251/268/1182
f 236/252/1183 252/269/1184 253/270/1185
f 254/271/1186 241/257/1187 255/272/1188
f 256/273/1189 257/274/1190 242/258/1191
f 232/248/1192 231/247/1193 258/275/1194
f 259/276/1195 256/273/1196 242/258/1197
f 244/260/1198 234/250/1199 233/249/1200
f 260/277/1201 261/278/1202 262/279/1203
f 234/250/1204 261/278/1205 260/277/1206
f 231/247/1207 263/280/1208 258/275/1209
f 264/281/1210 265/282/1211 258/275/1212
f 254/271/1213 266/283/1214 267/284/1215
f 268/285/1216 264/281/1217 266/283/1218
f 237/253/1219 269/286/1220 235/251/1221
f 270/287/1222 271/288/1223 257/274/1224
f 249/266/1225 248/265/1226 240/256/1227
f 237/253/1228 239/255/1229 272/289/1230
f 272/289/1231 273/290/1232 237/253/1233
f 257/274/1234 256/273/1235 270/287/1236
f 274/291/1237 256/292/1238 259/276/1239
f 265/282/1240 264/281/1241 268/285/1242
f 230/246/1243 232/248/1244 273/290/1245
f 233/249/1246 230/246/1247 239/255/1248
f 233/249/1249 245/261/1250 244/260/1251
f 252/269/1252 255/272/1253 253/270/1254
f 269/286/1255 275/293/1256 235/251/1257
f 234/250/1258 244/260/1259 261/278/1260
f 240/256/1261 248/265/1262 241/257/1263
f 276/294/1264 253/270/1265 277/295/1266
f 238/254/1267 246/296/1268 239/255/1269
f 245/261/1270 233/249/1271 239/255/1272
f 278/297/1273 242/258/1274 257/298/1275
f 271/299/1276 278/297/1277 257/298/1278
f 274/291/1279 258/275/1280 263/280/1281
f 258/275/1282 274/291/1283 259/276/1284
f 279/300/1285 237/253/1286 236/252/1287
f 280/301/1288 247/264/1289 238/263/1290
f 254/271/1291 267/284/1292 259/276/1293
f 259/276/1294 264/281/1295 258/275/1296
f 280/301/1297 279/300/1298 236/252/1299
f 276/294/1300 236/252/1301 253/270/1302
f 264/281/1303 259/276/1304 267/284/1305
f 266/283/1306 264/281/1307 267/284/1308
f 278/297/1309 271/299/1310 249/266/1311
f 265/282/1312 268/285/1313 273/290/1314
f 275/293/1315 269/286/1316 268/285/1317
f 273/290/1318 272/289/1319 230/246/1320
f 272/289/1321 239/255/1322 230/246/1323
f 253/270/1324 241/257/1325 277/295/1326
f 241/257/1327 253/270/1328 255/272/1329
f 246/296/1330 243/259/1331 245/261/1332
f 239/255/1333 246/296/1334 245/261/1335
f 251/302/1336 281/303/1337 247/264/1338
f 281/303/1339 282/304/1340 247/264/1341
f 283/305/1342 274/291/1343 260/277/1344
f 260/277/1345 262/279/1346 283/305/1347
f 276/294/1348 248/265/1349 251/268/1350
f 236/252/1351 276/294/1352 280/301/1353
f 266/283/1354 254/271/1355 255/272/1356
f 252/269/1357 275/293/1358 255/272/1359
f 280/301/1360 251/302/1361 247/264/1362
f 280/301/1363 276/294/1364 251/302/1365
f 234/250/1366 263/280/1367 231/247/1368
f 230/246/1369 234/250/1370 231/247/1371
f 232/248/1372 258/275/1373 265/282/1374
f 232/248/1375 265/282/1376 273/290/1377
f 254/271/1378 259/276/1379 242/258/1380
f 254/271/1381 242/258/1382 241/257/1383
f 248/265/1384 276/294/1385 277/295/1386
f 248/265/1387 277/295/1388 241/257/1389
f 275/293/1390 266/283/1391 255/272/1392
f 268/285/1393 266/283/1394 275/293/1395
f 256/292/1396 274/291/1397 270/306/1398
f 274/291/1399 283/305/1400 270/306/1401
f 273/290/1402 268/285/1403 269/286/1404
f 269/286/1405 237/253/1406 273/290/1407
f 251/302/1408 250/307/1409 281/303/1410
f 237/253/1411 279/300/1412 238/254/1413
f 280/301/1414 238/263/1415 279/300/1416
f 263/280/1417 260/277/1418 274/291/1419
f 234/250/1420 260/277/1421 263/280/1422
f 235/251/1423 275/293/1424 252/269/1425
f 252/269/1426 236/252/1427 235/251/1428
f 278/297/1429 249/266/1430 240/256/1431
f 278/297/1432 240/256/1433 242/258/1434
f 284/308/1435 285/309/1436 286/310/1437
f 287/311/1438 288/312/1439 289/313/1440
f 289/313/1441 290/314/1442 287/311/1443
f 291/315/1444 292/316/1445 293/317/1446
f 294/318/1447 295/319/1448 296/320/1449
f 297/321/1450 292/316/1451 291/315/1452
f 292/316/1453 297/321/1454 298/322/1455
f 299/323/1456 300/324/1457 301/325/1458
f 302/326/1459 303/327/1460 304/328/1461
f 305/329/1462 299/330/1463 306/331/1464
f 307/332/1465 308/333/1466 303/327/1467
f 309/334/1468 310/335/1469 311/336/1470
f 312/337/1471 286/338/1472 313/339/1473
f 314/340/1474 315/341/1475 316/342/1476
f 317/343/1477 318/344/1478 316/342/1479
f 300/324/1480 319/345/1481 301/325/1482
f 320/346/1483 321/347/1484 294/318/1485
f 322/348/1486 323/349/1487 290/314/1488
f 316/342/1489 315/341/1490 324/350/1491
f 302/326/1492 293/317/1493 325/351/1494
f 306/331/1495 325/351/1496 305/329/1497
f 300/324/1498 299/323/1499 326/352/1500
f 299/323/1501 305/329/1502 326/352/1503
f 327/353/1504 328/354/1505 329/355/1506
f 297/321/1507 294/318/1508 321/347/1509
f 330/356/1510 331/357/1511 332/358/1512
f 303/327/1513 331/357/1514 330/356/1515
f 324/350/1516 286/338/1517 316/342/1518
f 285/309/1519 316/342/1520 286/310/1521
f 303/327/1522 306/331/1523 331/357/1524
f 333/359/1525 314/340/1526 316/342/1527
f 333/359/1528 293/317/1529 302/326/1530
f 300/360/1531 334/361/1532 319/362/1533
f 323/349/1534 310/335/1535 309/334/1536
f 303/327/1537 308/333/1538 335/363/1539
f 336/364/1540 317/343/1541 337/365/1542
f 291/315/1543 317/343/1544 336/364/1545
f 335/363/1546 308/333/1547 323/349/1548
f 338/366/1549 314/340/1550 333/359/1551
f 309/334/1552 311/336/1553 338/366/1554
f 320/346/1555 300/360/1556 298/322/1557
f 339/367/1558 300/324/1559 326/352/1560
f 306/331/1561 303/327/1562 325/351/1563
f 325/351/1564 303/327/1565 302/326/1566
f 320/346/1567 298/322/1568 321/347/1569
f 321/347/1570 298/322/1571 297/321/1572
f 306/331/1573 340/368/1574 331/357/1575
f 317/343/1576 328/354/1577 337/365/1578
f 285/309/1579 317/343/1580 316/342/1581
f 341/369/1582 299/330/1583 301/370/1584
f 290/314/1585 324/350/1586 322/348/1587
f 313/339/1588 290/314/1589 289/313/1590
f 294/318/1591 296/320/1592 334/361/1593
f 302/326/1594 338/366/1595 333/359/1596
f 304/328/1597 338/366/1598 302/326/1599
f 305/329/1600 293/317/1601 292/316/1602
f 325/351/1603 293/317/1604 305/329/1605
f 329/371/1606 285/309/1607 284/308/1608
f 330/356/1609 332/358/1610 307/332/1611
f 330/356/1612 307/332/1613 303/327/1614
f 339/367/1615 326/352/1616 292/316/1617
f 326/352/1618 305/329/1619 292/316/1620
f 287/311/1621 290/314/1622 323/349/1623
f 294/318/1624 327/353/1625 295/319/1626
f 294/318/1627 336/364/1628 337/365/1629
f 338/366/1630 304/328/1631 309/334/1632
f 304/328/1633 323/349/1634 309/334/1635
f 310/335/1636 315/341/1637 311/336/1638
f 324/350/1639 315/341/1640 322/348/1641
f 334/361/1642 320/346/1643 294/318/1644
f 334/361/1645 300/360/1646 320/346/1647
f 306/331/1648 299/330/1649 341/369/1650
f 341/369/1651 340/368/1652 306/331/1653
f 338/366/1654 311/336/1655 314/340/1656
f 311/336/1657 315/341/1658 314/340/1659
f 294/318/1660 337/365/1661 327/353/1662
f 337/365/1663 328/354/1664 327/353/1665
f 313/339/1666 286/338/1667 324/350/1668
f 290/314/1669 313/339/1670 324/350/1671
f 304/328/1672 303/327/1673 335/363/1674
f 335/363/1675 323/349/1676 304/328/1677
f 327/353/1678 329/355/1679 295/319/1680
f 339/367/1681 298/372/1682 300/324/1683
f 339/367/1684 292/316/1685 298/372/1686
f 289/313/1687 312/337/1688 313/339/1689
f 333/359/1690 316/342/1691 318/344/1692
f 318/344/1693 317/343/1694 291/315/1695
f 308/333/1696 307/332/1697 342/373/1698
f 342/373/1699 323/349/1700 308/333/1701
f 291/315/1702 333/359/1703 318/344/1704
f 291/315/1705 293/317/1706 333/359/1707
f 310/335/1708 323/349/1709 322/348/1710
f 310/335/1711 322/348/1712 315/341/1713
f 336/364/1714 294/318/1715 297/321/1716
f 336/364/1717 297/321/1718 291/315/1719
f 317/343/1720 285/309/1721 328/374/1722
f 328/374/1723 285/309/1724 329/371/1725
f 331/357/1726 340/368/1727 332/358/1728
f 343/375/1729 344/376/1730 345/377/1731
f 346/378/1732 347/379/1733 348/380/1734
f 344/376/1735 349/381/1736 345/377/1737
f 350/382/1738 348/380/1739 351/383/1740
f 352/384/1741 353/385/1742 354/386/1743
f 355/387/1744 356/388/1745 357/389/1746
f 358/390/1747 359/391/1748 360/392/1749
f 363/393/1750 364/394/1751 365/395/1752
f 366/396/1753 345/377/1754 367/397/1755
f 368/398/1756 369/399/1757 370/400/1758
f 371/401/1759 355/387/1760 357/389/1761
f 372/402/1762 373/403/1763 374/404/1764
f 345/377/1765 375/405/1766 343/375/1767
f 376/406/1768 356/388/1769 355/387/1770
f 358/390/1771 360/392/1772 377/407/1773
f 378/408/1774 379/409/1775 361/410/1776
f 380/411/1777 381/412/1778 382/413/1779
f 384/414/1780 358/390/1781 377/407/1782
f 385/415/1783 386/416/1784 387/417/1785
f 386/416/1786 388/418/1787 387/417/1788
f 383/419/1789 384/420/1790 389/421/1791
f 390/422/1792 365/395/1793 364/394/1794
f 354/386/1795 391/423/1796 352/384/1797
f 356/388/1798 350/382/1799 351/383/1800
f 368/398/1801 392/424/1802 369/399/1803
f 356/388/1804 351/383/1805 357/389/1806
f 369/399/1807 393/425/1808 370/400/1809
f 394/426/1810 393/425/1811 346/378/1812
f 395/427/1813 396/428/1814 397/429/1815
f 366/396/1816 390/422/1817 398/430/1818
f 354/386/1819 353/385/1820 378/431/1821
f 384/420/1822 383/419/1823 362/432/1824
f 352/384/1825 376/406/1826 353/385/1827
f 356/388/1828 352/384/1829 350/382/1830
f 356/388/1831 376/406/1832 352/384/1833
f 363/393/1834 366/396/1835 367/397/1836
f 363/393/1837 367/397/1838 399/433/1839
f 360/392/1840 359/391/1841 385/415/1842
f 348/380/1843 347/379/1844 351/383/1845
f 351/383/1846 347/379/1847 369/399/1848
f 348/380/1849 400/434/1850 396/428/1851
f 384/420/1852 362/432/1853 379/409/1854
f 379/409/1855 362/432/1856 361/410/1857
f 358/390/1858 392/424/1859 401/435/1860
f 401/435/1861 392/424/1862 402/436/1863
f 374/404/1864 403/437/1865 404/438/1866
f 352/384/1867 391/423/1868 350/382/1869
f 394/426/1870 370/400/1871 393/425/1872
f 370/400/1873 395/427/1874 397/429/1875
f 384/414/1876 379/439/1877 405/440/1878
f 405/440/1879 358/390/1880 384/414/1881
f 373/403/1882 372/402/1883 367/397/1884
f 372/402/1885 406/441/1886 367/397/1887
f 363/393/1888 365/395/1889 366/396/1890
f 371/401/1891 357/389/1892 369/399/1893
f 369/399/1894 357/389/1895 351/383/1896
f 354/386/1897 407/442/1898 391/423/1899
f 358/390/1900 355/387/1901 371/401/1902
f 405/440/1903 355/387/1904 358/390/1905
f 407/443/1906 408/444/1907 409/445/1908
f 410/446/1909 374/404/1910 404/438/1911
f 373/403/1912 367/397/1913 345/377/1914
f 392/424/1915 368/398/1916 402/436/1917
f 368/398/1918 370/400/1919 402/436/1920
f 388/418/1921 411/447/1922 382/448/1923
f 412/449/1924 382/448/1925 411/447/1926
f 413/450/1927 414/451/1928 360/452/1929
f 360/452/1930 385/453/1931 413/450/1932
f 377/454/1933 389/421/1934 384/420/1935
f 348/380/1936 396/428/1937 346/378/1938
f 395/427/1939 346/378/1940 396/428/1941
f 360/452/1942 414/451/1943 377/454/1944
f 389/421/1945 377/454/1946 414/451/1947
f 401/435/1948 359/391/1949 358/390/1950
f 371/401/1951 392/424/1952 358/390/1953
f 369/399/1954 392/424/1955 371/401/1956
f 405/440/1957 379/439/1958 353/385/1959
f 353/385/1960 379/439/1961 378/431/1962
f 376/406/1963 405/440/1964 353/385/1965
f 405/440/1966 376/406/1967 355/387/1968
f 382/448/1969 381/455/1970 388/418/1971
f 394/426/1972 395/427/1973 370/400/1974
f 346/378/1975 395/427/1976 394/426/1977
f 415/456/1978 406/457/1979 378/408/1980
f 367/397/1981 406/441/1982 415/458/1983
f 393/425/1984 369/399/1985 347/379/1986
f 347/379/1987 346/378/1988 393/425/1989
f 381/455/1990 416/459/1991 388/418/1992
f 387/417/1993 388/418/1994 416/459/1995
f 417/460/1996 418/461/1997 419/462/1998
f 366/396/1999 398/430/2000 375/405/2001
f 348/380/2002 420/463/2003 400/434/2004
f 345/377/2005 366/396/2006 375/405/2007
f 390/464/2008 364/465/2009 421/466/2010
f 365/395/2011 390/422/2012 366/396/2013
f 422/467/2014 354/386/2015 423/468/2016
f 378/431/2017 423/468/2018 354/386/2019
f 424/469/2020 349/381/2021 418/461/2022
f 425/470/2023 426/471/2024 427/472/2025
f 428/473/2026 429/474/2027 430/475/2028
f 427/472/2029 426/471/2030 431/476/2031
f 432/477/2032 433/478/2033 429/474/2034
f 434/479/2035 435/480/2036 436/481/2037
f 437/482/2038 438/483/2039 439/484/2040
f 440/485/2041 441/486/2042 442/487/2043
f 445/488/2044 446/489/2045 447/490/2046
f 448/491/2047 449/492/2048 426/471/2049
f 450/493/2050 451/494/2051 452/495/2052
f 453/496/2053 438/483/2054 437/482/2055
f 454/497/2056 455/498/2057 456/499/2058
f 426/471/2059 425/470/2060 457/500/2061
f 458/501/2062 437/482/2063 439/484/2064
f 440/485/2065 459/502/2066 441/486/2067
f 460/503/2068 443/504/2069 461/505/2070
f 462/506/2071 463/507/2072 464/508/2073
f 466/509/2074 459/502/2075 440/485/2076
f 467/510/2077 468/511/2078 469/512/2079
f 469/512/2080 468/511/2081 470/513/2082
f 465/514/2083 471/515/2084 466/516/2085
f 472/517/2086 447/490/2087 446/489/2088
f 435/480/2089 434/479/2090 473/518/2091
f 439/484/2092 433/478/2093 432/477/2094
f 450/493/2095 452/495/2096 474/519/2097
f 439/484/2098 438/483/2099 433/478/2100
f 452/495/2101 451/494/2102 475/520/2103
f 476/521/2104 428/473/2105 475/520/2106
f 477/522/2107 478/523/2108 479/524/2109
f 448/491/2110 480/525/2111 472/517/2112
f 435/480/2113 460/526/2114 436/481/2115
f 466/516/2116 444/527/2117 465/514/2118
f 434/479/2119 436/481/2120 458/501/2121
f 439/484/2122 432/477/2123 434/479/2124
f 439/484/2125 434/479/2126 458/501/2127
f 445/488/2128 449/492/2129 448/491/2130
f 445/488/2131 481/528/2132 449/492/2133
f 441/486/2134 467/510/2135 442/487/2136
f 429/474/2137 433/478/2138 430/475/2139
f 433/478/2140 452/495/2141 430/475/2142
f 429/474/2143 479/524/2144 482/529/2145
f 466/516/2146 461/505/2147 444/527/2148
f 461/505/2149 443/504/2150 444/527/2151
f 440/485/2152 483/530/2153 474/519/2154
f 483/530/2155 484/531/2156 474/519/2157
f 455/498/2158 485/532/2159 486/533/2160
f 434/479/2161 432/477/2162 473/518/2163
f 476/521/2164 475/520/2165 451/494/2166
f 451/494/2167 478/523/2168 477/522/2169
f 466/509/2170 487/534/2171 461/535/2172
f 487/534/2173 466/509/2174 440/485/2175
f 456/499/2176 449/492/2177 454/497/2178
f 454/497/2179 449/492/2180 488/536/2181
f 445/488/2182 448/491/2183 446/489/2184
f 453/496/2185 452/495/2186 438/483/2187
f 452/495/2188 433/478/2189 438/483/2190
f 435/480/2191 473/518/2192 489/537/2193
f 440/485/2194 453/496/2195 437/482/2196
f 487/534/2197 440/485/2198 437/482/2199
f 489/538/2200 490/539/2201 491/540/2202
f 492/541/2203 485/532/2204 455/498/2205
f 456/499/2206 426/471/2207 449/492/2208
f 474/519/2209 484/531/2210 450/493/2211
f 450/493/2212 484/531/2213 451/494/2214
f 470/513/2215 463/542/2216 493/543/2217
f 494/544/2218 493/543/2219 463/542/2220
f 495/545/2221 441/546/2222 496/547/2223
f 441/546/2224 495/545/2225 467/548/2226
f 459/549/2227 466/516/2228 471/515/2229
f 429/474/2230 428/473/2231 479/524/2232
f 477/522/2233 479/524/2234 428/473/2235
f 441/546/2236 459/549/2237 496/547/2238
f 471/515/2239 496/547/2240 459/549/2241
f 483/530/2242 440/485/2243 442/487/2244
f 453/496/2245 440/485/2246 474/519/2247
f 452/495/2248 453/496/2249 474/519/2250
f 487/534/2251 436/481/2252 461/535/2253
f 436/481/2254 460/526/2255 461/535/2256
f 458/501/2257 436/481/2258 487/534/2259
f 487/534/2260 437/482/2261 458/501/2262
f 463/542/2263 470/513/2264 464/550/2265
f 476/521/2266 451/494/2267 477/522/2268
f 428/473/2269 476/521/2270 477/522/2271
f 497/551/2272 460/503/2273 488/552/2274
f 449/492/2275 497/553/2276 488/536/2277
f 475/520/2278 430/475/2279 452/495/2280
f 430/475/2281 475/520/2282 428/473/2283
f 464/550/2284 470/513/2285 498/554/2286
f 468/511/2287 498/554/2288 470/513/2289
f 499/555/2290 500/556/2291 501/557/2292
f 448/491/2293 457/500/2294 480/525/2295
f 429/474/2296 482/529/2297 502/558/2298
f 426/471/2299 457/500/2300 448/491/2301
f 472/559/2302 503/560/2303 447/561/2304
f 446/489/2305 448/491/2306 472/517/2307
f 504/562/2308 505/563/2309 435/480/2310
f 460/526/2311 435/480/2312 505/563/2313
f 506/564/2314 501/557/2315 431/476/2316
f 404/565/2317 403/566/2318 507/567/2319
f 404/565/2320 507/567/2321 409/445/2322
f 408/444/2323 422/568/2324 508/569/2325
f 408/444/2326 508/569/2327 410/570/2328
f 408/571/2329 407/442/2330 354/386/2331
f 408/571/2332 354/386/2333 422/467/2334
f 373/403/2335 345/377/2336 349/381/2337
f 373/403/2338 349/381/2339 424/469/2340
f 407/442/2341 509/572/2342 420/463/2343
f 407/442/2344 420/463/2345 391/423/2346
f 508/573/2347 510/574/2348 406/441/2349
f 508/573/2350 406/441/2351 372/402/2352
f 402/436/2353 370/400/2354 411/447/2355
f 402/436/2356 411/447/2357 388/418/2358
f 508/573/2359 372/402/2360 374/404/2361
f 508/573/2362 374/404/2363 410/446/2364
f 511/575/2365 512/576/2366 412/449/2367
f 511/575/2368 412/449/2369 411/447/2370
f 411/447/2371 370/400/2372 397/429/2373
f 411/447/2374 397/429/2375 511/575/2376
f 364/465/2377 513/577/2378 383/419/2379
f 364/465/2380 383/419/2381 389/421/2382
f 363/393/2383 399/433/2384 513/578/2385
f 363/393/2386 513/578/2387 364/394/2388
f 514/579/2389 507/567/2390 403/566/2391
f 514/579/2392 403/566/2393 515/580/2394
f 402/436/2395 388/418/2396 386/416/2397
f 402/436/2398 386/416/2399 401/435/2400
f 399/433/2401 367/397/2402 415/458/2403
f 399/433/2404 415/458/2405 516/581/2406
f 424/469/2407 403/437/2408 374/404/2409
f 424/469/2410 374/404/2411 373/403/2412
f 420/463/2413 348/380/2414 350/382/2415
f 420/463/2416 350/382/2417 391/423/2418
f 404/565/2419 409/445/2420 408/444/2421
f 404/565/2422 408/444/2423 410/570/2424
f 409/445/2425 507/567/2426 509/582/2427
f 409/445/2428 509/582/2429 407/443/2430
f 515/583/2431 403/437/2432 424/469/2433
f 515/583/2434 424/469/2435 418/461/2436
f 359/391/2437 401/435/2438 386/416/2439
f 359/391/2440 386/416/2441 385/415/2442
f 517/584/2443 509/582/2444 507/567/2445
f 517/584/2446 507/567/2447 514/579/2448
f 517/585/2449 400/434/2450 420/463/2451
f 517/585/2452 420/463/2453 509/572/2454
f 421/466/2455 364/465/2456 389/421/2457
f 421/466/2458 389/421/2459 414/451/2460
f 518/586/2461 421/466/2462 414/451/2463
f 518/586/2464 414/451/2465 413/450/2466
f 519/587/2467 518/586/2468 413/450/2469
f 519/587/2470 413/450/2471 385/453/2472
f 387/588/2473 520/589/2474 519/587/2475
f 387/588/2476 519/587/2477 385/453/2478
f 521/590/2479 520/589/2480 387/588/2481
f 521/590/2482 387/588/2483 416/591/2484
f 416/591/2485 381/412/2486 522/592/2487
f 416/591/2488 522/592/2489 521/590/2490
f 381/412/2491 380/411/2492 523/593/2493
f 381/412/2494 523/593/2495 522/592/2496
f 510/594/2497 423/595/2498 378/408/2499
f 510/594/2500 378/408/2501 406/457/2502
f 508/569/2503 422/568/2504 423/595/2505
f 508/569/2506 423/595/2507 510/594/2508
f 361/410/2509 362/596/2510 399/597/2511
f 361/410/2512 399/597/2513 516/598/2514
f 516/598/2515 415/456/2516 378/408/2517
f 516/598/2518 378/408/2519 361/410/2520
f 383/419/2521 513/577/2522 399/597/2523
f 383/419/2524 399/597/2525 362/596/2526
f 511/599/2527 524/600/2528 525/601/2529
f 511/599/2530 525/601/2531 512/602/2532
f 524/600/2533 526/603/2534 527/604/2535
f 524/600/2536 527/604/2537 525/601/2538
f 526/603/2539 417/605/2540 528/606/2541
f 526/603/2542 528/606/2543 527/604/2544
f 417/460/2545 419/462/2546 344/376/2547
f 417/460/2548 344/376/2549 528/607/2550
f 419/462/2551 418/461/2552 349/381/2553
f 419/462/2554 349/381/2555 344/376/2556
f 485/608/2557 490/539/2558 529/609/2559
f 485/608/2560 529/609/2561 486/610/2562
f 491/540/2563 492/611/2564 530/612/2565
f 491/540/2566 530/612/2567 504/613/2568
f 491/614/2569 504/562/2570 435/480/2571
f 491/614/2572 435/480/2573 489/537/2574
f 456/499/2575 506/564/2576 431/476/2577
f 456/499/2578 431/476/2579 426/471/2580
f 489/537/2581 473/518/2582 502/558/2583
f 489/537/2584 502/558/2585 531/615/2586
f 530/616/2587 454/497/2588 488/536/2589
f 530/616/2590 488/536/2591 532/617/2592
f 484/531/2593 470/513/2594 493/543/2595
f 484/531/2596 493/543/2597 451/494/2598
f 530/616/2599 492/541/2600 455/498/2601
f 530/616/2602 455/498/2603 454/497/2604
f 533/618/2605 493/543/2606 494/544/2607
f 533/618/2608 494/544/2609 534/619/2610
f 493/543/2611 533/618/2612 478/523/2613
f 493/543/2614 478/523/2615 451/494/2616
f 447/561/2617 471/515/2618 465/514/2619
f 447/561/2620 465/514/2621 535/620/2622
f 445/488/2623 447/490/2624 535/621/2625
f 445/488/2626 535/621/2627 481/528/2628
f 536/622/2629 537/623/2630 486/610/2631
f 536/622/2632 486/610/2633 529/609/2634
f 484/531/2635 483/530/2636 469/512/2637
f 484/531/2638 469/512/2639 470/513/2640
f 481/528/2641 538/624/2642 497/553/2643
f 481/528/2644 497/553/2645 449/492/2646
f 506/564/2647 456/499/2648 455/498/2649
f 506/564/2650 455/498/2651 486/533/2652
f 502/558/2653 473/518/2654 432/477/2655
f 502/558/2656 432/477/2657 429/474/2658
f 485/608/2659 492/611/2660 491/540/2661
f 485/608/2662 491/540/2663 490/539/2664
f 490/539/2665 489/538/2666 531/625/2667
f 490/539/2668 531/625/2669 529/609/2670
f 537/626/2671 501/557/2672 506/564/2673
f 537/626/2674 506/564/2675 486/533/2676
f 442/487/2677 467/510/2678 469/512/2679
f 442/487/2680 469/512/2681 483/530/2682
f 539/627/2683 536/622/2684 529/609/2685
f 539/627/2686 529/609/2687 531/625/2688
f 539/628/2689 531/615/2690 502/558/2691
f 539/628/2692 502/558/2693 482/529/2694
f 503/560/2695 496/547/2696 471/515/2697
f 503/560/2698 471/515/2699 447/561/2700
f 540/629/2701 495/545/2702 496/547/2703
f 540/629/2704 496/547/2705 503/560/2706
f 541/630/2707 467/548/2708 495/545/2709
f 541/630/2710 495/545/2711 540/629/2712
f 468/631/2713 467/548/2714 541/630/2715
f 468/631/2716 541/630/2717 542/632/2718
f 543/633/2719 498/634/2720 468/631/2721
f 543/633/2722 468/631/2723 542/632/2724
f 498/634/2725 543/633/2726 544/635/2727
f 498/634/2728 544/635/2729 464/508/2730
f 464/508/2731 544/635/2732 545/636/2733
f 464/508/2734 545/636/2735 462/506/2736
f 532/637/2737 488/552/2738 460/503/2739
f 532/637/2740 460/503/2741 505/638/2742
f 530/612/2743 532/637/2744 505/638/2745
f 530/612/2746 505/638/2747 504/613/2748
f 443/504/2749 538/639/2750 481/640/2751
f 443/504/2752 481/640/2753 444/641/2754
f 538/639/2755 443/504/2756 460/503/2757
f 538/639/2758 460/503/2759 497/551/2760
f 465/514/2761 444/641/2762 481/640/2763
f 465/514/2764 481/640/2765 535/620/2766
f 533/642/2767 534/643/2768 546/644/2769
f 533/642/2770 546/644/2771 547/645/2772
f 547/645/2773 546/644/2774 548/646/2775
f 547/645/2776 548/646/2777 549/647/2778
f 549/647/2779 548/646/2780 550/648/2781
f 549/647/2782 550/648/2783 499/649/2784
f 499/555/2785 550/650/2786 427/472/2787
f 499/555/2788 427/472/2789 500/556/2790
f 500/556/2791 427/472/2792 431/476/2793
f 500/556/2794 431/476/2795 501/557/2796
