# This file uses centimeters as units for non-parametric coordinates.

mtllib world_land_collision_high_only_01.mtl
g default
v -250.000000 -234.375000 0.000000
v -250.000000 -250.000000 5.882353
v -250.000000 -226.562500 5.882353
v -250.000000 -222.656250 5.058824
v -250.000000 -214.843750 -4.941176
v -250.000000 -203.125000 0.000000
v -250.000000 -210.937500 -10.000000
v -250.000000 -207.031250 -11.647059
v -250.000000 -203.125000 -11.764706
v -250.000000 -187.500000 0.000000
v -250.000000 -187.500000 -11.764706
v -250.000000 -183.593750 -11.529412
v -250.000000 -179.687500 -9.294118
v -250.000000 -175.781250 -4.235294
v -250.000000 -171.875000 1.411765
v -250.000000 -125.000000 0.000000
v -250.000000 -164.062500 5.647059
v -250.000000 -23.437500 0.000000
v -250.000000 7.812500 0.000000
v -250.000000 132.812500 0.000000
v -250.000000 226.562500 0.000000
v -250.000000 250.000000 0.000000
v -250.000000 -250.000000 0.000000
v -246.093750 -250.000000 5.176471
v -238.281250 -250.000000 -0.588235
v -246.093750 -238.281250 5.647059
v -230.468750 -210.937500 0.000000
v -250.000000 -218.750000 1.411765
v -246.093750 -214.843750 -4.117647
v -234.375000 -207.031250 0.000000
v -230.468750 -203.125000 0.000000
v -246.093750 -175.781250 -6.588235
v -246.093750 -171.875000 -1.882353
v -250.000000 -164.062500 0.000000
v -246.093750 -164.062500 4.470588
v -246.093750 -160.156250 5.647059
v -218.750000 -136.718750 0.000000
v -218.750000 -132.812500 0.000000
v -199.218750 -117.187500 0.000000
v 0.000000 58.593750 0.000000
v -140.625000 97.656250 0.000000
v 0.000000 167.968750 0.000000
v 35.156250 187.500000 0.000000
v -230.468750 -250.000000 0.470588
v -242.187500 -246.093750 2.235294
v -242.187500 -234.375000 5.647059
v -242.187500 -214.843750 -1.411765
v -242.187500 -210.937500 -6.352941
v -242.187500 -171.875000 -6.823529
v -242.187500 -167.968750 -2.588235
v -242.187500 -160.156250 4.470588
v -242.187500 -156.250000 5.529412
v -238.281250 -246.093750 -2.117647
v -238.281250 -242.187500 -1.529412
v -238.281250 -234.375000 4.588235
v -238.281250 -230.468750 5.647059
v -238.281250 -222.656250 5.647059
v -238.281250 -218.750000 4.705882
v -238.281250 -214.843750 2.235294
v -238.281250 -210.937500 -1.882353
v -238.281250 -207.031250 -6.588235
v -238.281250 -167.968750 -7.411765
v -238.281250 -164.062500 -3.058824
v -238.281250 -156.250000 3.764706
v -238.281250 -152.343750 5.176471
v -250.000000 -128.906250 5.882353
v -234.375000 -250.000000 -1.764706
v -234.375000 -246.093750 -4.470588
v -234.375000 -242.187500 -5.411765
v -234.375000 -238.281250 -2.117647
v -234.375000 -230.468750 4.941176
v -234.375000 -226.562500 5.764706
v -234.375000 -218.750000 5.647059
v -234.375000 -207.031250 -3.176471
v -234.375000 -164.062500 -7.764706
v -234.375000 -160.156250 -4.235294
v -234.375000 -156.250000 -0.588235
v -234.375000 -148.437500 4.588235
v -234.375000 -144.531250 5.647059
v -230.468750 -246.093750 -3.411765
v -230.468750 -238.281250 -6.117647
v -230.468750 -234.375000 -1.647059
v -230.468750 -230.468750 2.705882
v -230.468750 -226.562500 4.941176
v -230.468750 -222.656250 5.764706
v -234.375000 -214.843750 4.823529
v -230.468750 -210.937500 4.117647
v -230.468750 -207.031250 -0.058824
v -230.468750 -203.125000 -5.764706
v -230.468750 -156.250000 -6.117647
v -230.468750 -152.343750 -2.352941
v -230.468750 -148.437500 1.647059
v -230.468750 -140.625000 5.647059
v -195.312500 -85.937500 0.000000
v -125.000000 -54.687500 0.000000
v -109.375000 -27.343750 0.000000
v -46.875000 -7.812500 0.000000
v -250.000000 70.312500 0.000000
v -226.562500 -246.093750 -0.588235
v -226.562500 -242.187500 -6.000000
v -226.562500 -234.375000 -6.000000
v -226.562500 -230.468750 -1.411765
v -226.562500 -222.656250 4.705882
v -226.562500 -218.750000 5.647059
v -226.562500 -210.937500 0.000000
v -226.562500 -210.937500 5.058824
v -226.562500 -207.031250 0.000000
v -226.562500 -207.031250 2.117647
v -226.562500 -203.125000 -3.411765
v -226.562500 -152.343750 -7.294118
v -226.562500 -148.437500 -2.823529
v -230.468750 -144.531250 4.470588
v -226.562500 -136.718750 5.764706
v -222.656250 -250.000000 4.941176
v -222.656250 -242.187500 -3.647059
v -226.562500 -250.000000 0.000000
v -222.656250 -230.468750 -6.352941
v -222.656250 -226.562500 -2.235294
v -214.843750 -234.375000 0.000000
v -222.656250 -222.656250 1.647059
v -222.656250 -218.750000 0.000000
v -222.656250 -218.750000 4.117647
v -222.656250 -214.843750 5.058824
v -222.656250 -210.937500 4.352941
v -222.656250 -207.031250 1.411765
v -222.656250 -203.125000 -3.647059
v -222.656250 -148.437500 -6.941176
v -222.656250 -144.531250 -1.882353
v -226.562500 -140.625000 4.823529
v -195.312500 250.000000 0.000000
v -218.750000 -246.093750 3.882353
v -218.750000 -242.187500 -0.705882
v -218.750000 -238.281250 -6.470588
v -218.750000 -226.562500 -7.294118
v -210.937500 -234.375000 0.000000
v -218.750000 -222.656250 0.000000
v -218.750000 -218.750000 0.117647
v -218.750000 -214.843750 1.882353
v -218.750000 -207.031250 -2.823529
v -218.750000 -144.531250 -6.000000
v -218.750000 -140.625000 -0.705882
v -218.750000 -136.718750 3.411765
v -218.750000 -132.812500 5.411765
v -214.843750 -250.000000 5.764706
v -214.843750 -242.187500 2.000000
v -214.843750 -238.281250 0.000000
v -214.843750 -222.656250 0.000000
v -214.843750 -218.750000 0.000000
v -214.843750 -214.843750 -3.882353
v -214.843750 -210.937500 -4.941176
v -222.656250 -214.843750 0.000000
v -222.656250 -203.125000 0.000000
v -140.625000 -187.500000 0.000000
v -214.843750 -140.625000 0.000000
v -214.843750 -136.718750 0.117647
v -214.843750 -132.812500 0.000000
v -214.843750 -132.812500 4.000000
v -214.843750 -128.906250 5.529412
v -250.000000 -89.843750 5.882353
v -167.968750 -93.750000 0.000000
v -85.937500 -46.875000 0.000000
v 42.968750 101.562500 0.000000
v -210.937500 -242.187500 0.000000
v -210.937500 -242.187500 4.117647
v -210.937500 -238.281250 0.058824
v -207.031250 -222.656250 0.000000
v -203.125000 -148.437500 0.000000
v -210.937500 -132.812500 1.176471
v -210.937500 -125.000000 5.647059
v -210.937500 -246.093750 5.647059
v -207.031250 -242.187500 0.000000
v -207.031250 -242.187500 5.294118
v -191.406250 -238.281250 0.000000
v -207.031250 -234.375000 -1.882353
v -207.031250 -230.468750 -7.411765
v -175.781250 -203.125000 0.000000
v -207.031250 -136.718750 -7.764706
v -207.031250 -132.812500 -3.058824
v -210.937500 -128.906250 4.470588
v -210.937500 -136.718750 0.000000
v -199.218750 -121.093750 0.000000
v -207.031250 -121.093750 5.647059
v -195.312500 -117.187500 0.000000
v -207.031250 -238.281250 2.941176
v -203.125000 -230.468750 -4.117647
v -167.968750 -214.843750 0.000000
v -218.750000 -214.843750 0.000000
v -203.125000 -132.812500 -7.294118
v -203.125000 -128.906250 -2.470588
v -195.312500 -125.000000 0.000000
v -207.031250 -125.000000 4.588235
v -203.125000 -121.093750 4.823529
v -203.125000 -117.187500 5.764706
v -199.218750 -234.375000 3.882353
v -199.218750 -226.562500 -6.117647
v -199.218750 -128.906250 -6.705882
v -199.218750 -125.000000 -1.764706
v -199.218750 -121.093750 2.823529
v -199.218750 -117.187500 5.176471
v -199.218750 -113.281250 5.764706
v -203.125000 -242.187500 5.764706
v -199.218750 -230.468750 -0.470588
v -195.312500 -226.562500 -2.470588
v -195.312500 -222.656250 -7.764706
v -195.312500 -125.000000 -5.764706
v -195.312500 -121.093750 -0.117647
v -187.500000 -105.468750 5.882353
v -199.218750 -238.281250 5.529412
v -191.406250 -222.656250 -4.588235
v -167.968750 -207.031250 0.000000
v -191.406250 -125.000000 0.000000
v -191.406250 -121.093750 -3.529412
v -191.406250 -121.093750 0.000000
v -195.312500 -117.187500 4.000000
v -191.406250 -113.281250 5.176471
v -171.875000 -105.468750 0.000000
v -132.812500 250.000000 0.000000
v -207.031250 -250.000000 0.000000
v -191.406250 -230.468750 4.470588
v -187.500000 -226.562500 3.529412
v -187.500000 -222.656250 -0.941176
v -187.500000 -218.750000 -6.588235
v -175.781250 -210.937500 0.000000
v -175.781250 -117.187500 0.000000
v -187.500000 -121.093750 -6.352941
v -179.687500 -117.187500 0.000000
v -187.500000 -117.187500 -0.470588
v -250.000000 -27.343750 5.882353
v -250.000000 160.156250 5.882353
v -250.000000 250.000000 5.882353
v -171.875000 -250.000000 5.882353
v -183.593750 -218.750000 -3.058824
v -183.593750 -214.843750 -8.235294
v -128.906250 -179.687500 0.000000
v -179.687500 -117.187500 -6.117647
v -183.593750 -113.281250 0.000000
v -183.593750 -113.281250 2.235294
v -183.593750 -109.375000 0.000000
v -183.593750 -109.375000 5.176471
v -191.406250 -234.375000 5.764706
v -183.593750 -226.562500 5.058824
v -179.687500 -222.656250 4.235294
v -179.687500 -214.843750 -5.176471
v -179.687500 -113.281250 -0.058824
v -179.687500 -109.375000 0.000000
v -179.687500 -109.375000 4.235294
v -175.781250 -109.375000 0.000000
v -183.593750 -230.468750 5.764706
v -175.781250 -218.750000 3.176471
v -175.781250 -214.843750 -1.529412
v -175.781250 -210.937500 -7.058824
v -175.781250 -113.281250 -2.941176
v -175.781250 -113.281250 0.000000
v -175.781250 -109.375000 2.588235
v -175.781250 -105.468750 5.294118
v -171.875000 -210.937500 -3.647059
v -171.875000 -113.281250 0.000000
v -171.875000 -109.375000 0.117647
v -171.875000 -105.468750 4.352941
v -171.875000 -101.562500 5.764706
v -175.781250 -222.656250 5.411765
v -167.968750 -214.843750 4.117647
v -167.968750 -210.937500 -0.058824
v -167.968750 -207.031250 -5.647059
v -164.062500 -210.937500 0.000000
v -167.968750 -113.281250 0.000000
v -167.968750 -109.375000 0.000000
v -167.968750 -105.468750 0.000000
v -167.968750 -105.468750 2.705882
v -167.968750 -101.562500 5.294118
v -167.968750 -101.562500 0.000000
v -167.968750 -70.312500 5.882353
v -164.062500 -214.843750 0.000000
v -164.062500 -207.031250 -2.117647
v -164.062500 -203.125000 -7.529412
v -164.062500 -109.375000 0.000000
v -164.062500 -105.468750 0.058824
v -164.062500 -101.562500 4.117647
v -89.843750 -250.000000 0.000000
v -167.968750 -218.750000 5.647059
v -164.062500 -214.843750 5.294118
v -164.062500 -210.937500 2.941176
v -160.156250 -203.125000 -4.117647
v -160.156250 -109.375000 0.000000
v -160.156250 -105.468750 0.000000
v -160.156250 -101.562500 2.000000
v -164.062500 -101.562500 0.000000
v -164.062500 -97.656250 5.647059
v -156.250000 -234.375000 0.000000
v -156.250000 -207.031250 3.764706
v -156.250000 -203.125000 -0.588235
v -156.250000 -199.218750 -6.117647
v -156.250000 -105.468750 -6.823529
v -156.250000 -101.562500 -1.176471
v -156.250000 -93.750000 5.411765
v -156.250000 -210.937500 5.529412
v -152.343750 -199.218750 -2.588235
v -152.343750 -195.312500 -8.000000
v -152.343750 -101.562500 -4.705882
v -156.250000 -97.656250 3.411765
v -148.437500 -203.125000 4.470588
v -148.437500 -195.312500 -4.705882
v -148.437500 -101.562500 -7.882353
v -148.437500 -97.656250 -2.588235
v -152.343750 -93.750000 4.470588
v -132.812500 -89.843750 0.000000
v -152.343750 -89.843750 5.764706
v -148.437500 -85.937500 5.764706
v -144.531250 -199.218750 3.411765
v -144.531250 -195.312500 -1.058824
v -144.531250 -191.406250 -6.588235
v -144.531250 -97.656250 -6.000000
v -144.531250 -93.750000 -0.470588
v -144.531250 -203.125000 5.411765
v -140.625000 -195.312500 2.117647
v -140.625000 -191.406250 0.000000
v -117.187500 -140.625000 0.000000
v -140.625000 -93.750000 -4.000000
v -144.531250 -89.843750 3.882353
v -140.625000 -85.937500 4.823529
v -140.625000 -82.031250 5.764706
v -140.625000 -74.218750 5.882353
v -175.781250 -226.562500 5.882353
v -140.625000 -199.218750 4.941176
v -136.718750 -195.312500 0.000000
v -136.718750 -195.312500 4.235294
v -136.718750 -191.406250 0.176471
v -136.718750 -187.500000 0.000000
v -136.718750 -93.750000 -7.294118
v -136.718750 -89.843750 -1.882353
v -136.718750 -85.937500 0.000000
v -136.718750 -85.937500 2.941176
v -136.718750 -82.031250 0.000000
v -136.718750 -82.031250 5.294118
v -132.812500 -82.031250 0.000000
v 0.000000 19.531250 0.000000
v -148.437500 -207.031250 5.764706
v -132.812500 -195.312500 0.000000
v -132.812500 -191.406250 0.000000
v -132.812500 -187.500000 -1.647059
v -132.812500 -183.593750 -7.176471
v -128.906250 -183.593750 0.000000
v -132.812500 -89.843750 -5.647059
v -132.812500 -85.937500 -0.058824
v -132.812500 -78.125000 5.647059
v -136.718750 -226.562500 0.000000
v -132.812500 -195.312500 5.411765
v -132.812500 -191.406250 3.176471
v -128.906250 -183.593750 -3.764706
v -125.000000 -179.687500 0.000000
v -128.906250 -89.843750 0.000000
v -128.906250 -85.937500 -3.882353
v -132.812500 -82.031250 4.000000
v -39.062500 250.000000 0.000000
v -152.343750 -250.000000 0.000000
v -156.250000 -214.843750 5.882353
v -125.000000 -187.500000 0.000000
v -125.000000 -187.500000 4.000000
v -125.000000 -183.593750 -0.058824
v -125.000000 -179.687500 -5.764706
v -121.093750 -101.562500 0.000000
v -125.000000 -85.937500 -7.411765
v -125.000000 -82.031250 -2.117647
v -128.906250 -78.125000 4.705882
v -125.000000 -74.218750 5.176471
v -250.000000 113.281250 5.882353
v -160.156250 250.000000 5.882353
v -109.375000 -250.000000 5.882353
v -125.000000 -191.406250 5.647059
v -121.093750 -187.500000 0.000000
v -121.093750 -187.500000 5.294118
v -121.093750 -183.593750 0.000000
v -121.093750 -183.593750 2.823529
v -121.093750 -179.687500 -2.235294
v -121.093750 -175.781250 -7.529412
v -66.406250 -128.906250 0.000000
v -121.093750 -82.031250 -5.882353
v -121.093750 -78.125000 -0.470588
v -121.093750 -70.312500 5.529412
v -128.906250 -85.937500 0.000000
v -121.093750 -66.406250 5.882353
v -85.937500 -50.781250 0.000000
v -62.500000 -23.437500 0.000000
v 31.250000 85.937500 0.000000
v -117.187500 -175.781250 -4.235294
v -117.187500 -78.125000 -4.235294
v -121.093750 -74.218750 3.764706
v -117.187500 -183.593750 4.588235
v -113.281250 -179.687500 3.764706
v -113.281250 -175.781250 -0.705882
v -113.281250 -171.875000 -6.352941
v -113.281250 -78.125000 -7.647059
v -113.281250 -74.218750 -2.470588
v -117.187500 -70.312500 4.588235
v -113.281250 -66.406250 5.176471
v -109.375000 -58.593750 5.882353
v -109.375000 -175.781250 2.470588
v -109.375000 -171.875000 -2.823529
v -109.375000 -167.968750 -8.000000
v -78.125000 -156.250000 0.000000
v -109.375000 -74.218750 -6.235294
v -109.375000 -70.312500 -0.823529
v -82.031250 -31.250000 5.882353
v -117.187500 -187.500000 5.764706
v -109.375000 -179.687500 5.176471
v -105.468750 -167.968750 -4.823529
v -105.468750 -70.312500 -4.588235
v -109.375000 -66.406250 3.647059
v -105.468750 -62.500000 4.470588
v -78.125000 -70.312500 0.000000
v -85.937500 -195.312500 0.000000
v -105.468750 -175.781250 4.470588
v -101.562500 -171.875000 3.294118
v -101.562500 -167.968750 -1.411765
v -101.562500 -164.062500 -7.058824
v -101.562500 -70.312500 -8.000000
v -101.562500 -66.406250 -2.941176
v -101.562500 -62.500000 2.235294
v -101.562500 -58.593750 4.941176
v -27.343750 -250.000000 0.000000
v -109.375000 -183.593750 5.764706
v -97.656250 -66.406250 -6.588235
v -97.656250 -62.500000 -1.176471
v -101.562500 -54.687500 5.764706
v -97.656250 -171.875000 4.823529
v -93.750000 -167.968750 3.529412
v -93.750000 -164.062500 -1.411765
v -93.750000 -160.156250 -7.294118
v -78.125000 -152.343750 0.000000
v -42.968750 -136.718750 0.000000
v -93.750000 -62.500000 -4.941176
v -97.656250 -58.593750 3.411765
v -93.750000 -50.781250 5.647059
v -97.656250 250.000000 5.882353
v -74.218750 -160.156250 0.000000
v -89.843750 -160.156250 -4.823529
v -89.843750 -62.500000 -8.352941
v -89.843750 -58.593750 -3.294118
v -93.750000 -54.687500 4.235294
v -85.937500 -42.968750 0.000000
v -78.125000 -35.156250 0.000000
v -89.843750 -167.968750 4.823529
v -85.937500 -164.062500 3.176471
v -85.937500 -160.156250 -2.000000
v -85.937500 -156.250000 -7.764706
v -74.218750 -152.343750 0.000000
v -85.937500 -58.593750 -6.941176
v -85.937500 -54.687500 -1.529412
v -85.937500 -50.781250 3.058824
v -85.937500 -46.875000 5.294118
v -85.937500 -42.968750 5.764706
v -82.031250 -42.968750 0.000000
v -97.656250 -175.781250 5.764706
v -82.031250 -54.687500 -5.411765
v -82.031250 -54.687500 0.000000
v -82.031250 -42.968750 5.294118
v -89.843750 -171.875000 5.764706
v -78.125000 -160.156250 2.705882
v -82.031250 -156.250000 -5.411765
v -78.125000 -54.687500 0.000000
v -78.125000 -46.875000 0.000000
v -78.125000 -42.968750 3.411765
v -78.125000 -35.156250 5.764706
v -160.156250 -222.656250 5.882353
v -78.125000 -164.062500 5.294118
v -74.218750 -160.156250 4.235294
v -74.218750 -156.250000 -0.058824
v -54.687500 -113.281250 0.000000
v -74.218750 -50.781250 0.000000
v -74.218750 -42.968750 -0.705882
v -74.218750 -39.062500 2.823529
v -58.593750 -31.250000 0.000000
v -74.218750 -35.156250 4.941176
v -82.031250 -167.968750 5.764706
v -70.312500 -156.250000 2.235294
v -74.218750 -152.343750 -6.117647
v -70.312500 -156.250000 0.000000
v -70.312500 -42.968750 -5.882353
v -70.312500 -39.062500 -1.647059
v -70.312500 -35.156250 2.352941
v -74.218750 -3.906250 5.882353
v -66.406250 -152.343750 -0.705882
v -66.406250 -148.437500 -6.588235
v -74.218750 -54.687500 0.000000
v -66.406250 -39.062500 -6.588235
v -66.406250 -35.156250 -1.882353
v -70.312500 -31.250000 4.823529
v -66.406250 -27.343750 5.058824
v -66.406250 -23.437500 5.764706
v -70.312500 -160.156250 5.176471
v -66.406250 -156.250000 4.000000
v -62.500000 -148.437500 -4.117647
v -62.500000 -46.875000 0.000000
v -62.500000 -35.156250 -6.352941
v -62.500000 -31.250000 -1.058824
v -62.500000 -27.343750 0.000000
v -62.500000 -27.343750 3.294118
v -62.500000 -23.437500 5.294118
v -250.000000 50.781250 5.882353
v -46.875000 -250.000000 5.882353
v -58.593750 -152.343750 3.647059
v -58.593750 -148.437500 -1.411765
v -58.593750 -144.531250 -7.294118
v -54.687500 -31.250000 0.000000
v -58.593750 -27.343750 0.058824
v -58.593750 -23.437500 4.000000
v -58.593750 -19.531250 5.529412
v 39.062500 70.312500 0.000000
v 54.687500 105.468750 0.000000
v 3.906250 242.187500 0.000000
v -93.750000 -222.656250 0.000000
v -58.593750 -156.250000 5.529412
v -54.687500 -144.531250 -4.823529
v -54.687500 -27.343750 0.000000
v -54.687500 -23.437500 1.294118
v -54.687500 -15.625000 5.647059
v -50.781250 -148.437500 3.176471
v -50.781250 -144.531250 -2.000000
v -50.781250 -140.625000 -7.764706
v -70.312500 -160.156250 0.000000
v -31.250000 -85.937500 0.000000
v -50.781250 -27.343750 -7.647059
v -50.781250 -23.437500 -2.470588
v -54.687500 -19.531250 4.588235
v -58.593750 -23.437500 0.000000
v -58.593750 -160.156250 5.882353
v -50.781250 -152.343750 5.411765
v 31.250000 -97.656250 0.000000
v -46.875000 -23.437500 -6.470588
v -46.875000 -19.531250 -1.176471
v -46.875000 -15.625000 0.000000
v -46.875000 -15.625000 3.294118
v -46.875000 -11.718750 0.000000
v -46.875000 -11.718750 5.294118
v -42.968750 -144.531250 2.705882
v -46.875000 -140.625000 -5.411765
v -42.968750 -140.625000 0.000000
v -39.062500 -136.718750 0.000000
v -42.968750 -19.531250 0.000000
v -42.968750 -15.625000 0.058824
v -42.968750 -11.718750 0.000000
v -42.968750 -11.718750 4.000000
v -42.968750 -7.812500 5.529412
v 31.250000 15.625000 0.000000
v 27.343750 19.531250 0.000000
v 27.343750 214.843750 0.000000
v 7.812500 -234.375000 0.000000
v -42.968750 -148.437500 5.294118
v -39.062500 -144.531250 0.000000
v -39.062500 -144.531250 4.235294
v -39.062500 -140.625000 -0.058824
v -39.062500 -15.625000 0.000000
v -39.062500 -11.718750 1.411765
v 35.156250 -250.000000 0.000000
v -125.000000 -195.312500 5.882353
v -27.343750 -156.250000 0.000000
v -35.156250 -144.531250 0.000000
v -35.156250 -140.625000 0.000000
v -35.156250 -140.625000 2.235294
v -39.062500 -136.718750 -6.117647
v -35.156250 -15.625000 -7.529412
v -39.062500 -19.531250 0.000000
v -35.156250 -11.718750 -2.000000
v -39.062500 -7.812500 4.588235
v -39.062500 -3.906250 5.764706
v -35.156250 0.000000 5.882353
v 0.000000 250.000000 0.000000
v -70.312500 -164.062500 5.882353
v -31.250000 -136.718750 -0.705882
v -31.250000 -132.812500 -6.588235
v 0.000000 -117.187500 0.000000
v -31.250000 -11.718750 -5.176471
v -11.718750 -11.718750 0.000000
v -58.593750 23.437500 5.882353
v 31.250000 42.968750 5.882353
v -35.156250 -144.531250 5.176471
v -31.250000 -140.625000 4.000000
v -27.343750 -132.812500 -4.000000
v 3.906250 -113.281250 0.000000
v -27.343750 -11.718750 -7.529412
v -27.343750 -7.812500 -1.411765
v -27.343750 0.000000 5.647059
v 31.250000 152.343750 0.000000
v -11.718750 -144.531250 0.000000
v -23.437500 -136.718750 3.647059
v -23.437500 -132.812500 -1.176471
v -23.437500 -128.906250 -7.058824
v -23.437500 -7.812500 -3.647059
v -23.437500 -140.625000 5.647059
v -19.531250 -128.906250 -4.470588
v 19.531250 -113.281250 0.000000
v -19.531250 -7.812500 -5.647059
v -27.343750 -3.906250 3.647059
v -23.437500 0.000000 5.294118
v -19.531250 -136.718750 4.823529
v -11.718750 -132.812500 0.000000
v -15.625000 -132.812500 3.294118
v -15.625000 -128.906250 -1.764706
v -15.625000 -125.000000 -7.529412
v -15.625000 -7.812500 -7.411765
v -15.625000 -3.906250 -1.294118
v -15.625000 3.906250 5.647059
v -35.156250 -148.437500 5.882353
v -23.437500 -144.531250 5.882353
v -11.718750 -125.000000 -4.941176
v -11.718750 -3.906250 -2.941176
v -35.156250 250.000000 5.882353
v -7.812500 -128.906250 3.058824
v -7.812500 -125.000000 -2.235294
v 0.000000 -121.093750 0.000000
v -7.812500 -121.093750 -7.882353
v 136.718750 -89.843750 0.000000
v -7.812500 -3.906250 -4.352941
v -15.625000 0.000000 3.764706
v -7.812500 250.000000 5.882353
v -7.812500 -132.812500 5.411765
v -3.906250 -121.093750 -5.529412
v 0.000000 -3.906250 -6.941176
v -7.812500 7.812500 5.882353
v -11.718750 -136.718750 5.764706
v 0.000000 -125.000000 2.705882
v 0.000000 0.000000 -0.588235
v -7.812500 3.906250 5.176471
v -3.906250 250.000000 5.294118
v 15.625000 -250.000000 5.882353
v 0.000000 -128.906250 5.294118
v 3.906250 -125.000000 0.000000
v 3.906250 -125.000000 4.235294
v 3.906250 -121.093750 -0.117647
v 3.906250 -117.187500 -6.352941
v 3.906250 0.000000 -1.882353
v 3.906250 7.812500 5.647059
v 27.343750 23.437500 0.000000
v 31.250000 35.156250 0.000000
v 39.062500 66.406250 0.000000
v 3.906250 242.187500 3.647059
v 3.906250 246.093750 0.470588
v 3.906250 250.000000 -2.235294
v 15.625000 250.000000 0.000000
v 7.812500 -117.187500 -4.470588
v 7.812500 -121.093750 0.000000
v 7.812500 0.000000 -3.294118
v 0.000000 242.187500 5.294118
v 7.812500 230.468750 0.000000
v 7.812500 242.187500 0.117647
v 7.812500 246.093750 0.000000
v 7.812500 250.000000 -7.647059
v 7.812500 -125.000000 5.058824
v 7.812500 -125.000000 0.000000
v 7.812500 -121.093750 1.647059
v 11.718750 -117.187500 -3.058824
v 11.718750 0.000000 -4.941176
v 7.812500 3.906250 2.588235
v 11.718750 7.812500 4.823529
v 11.718750 11.718750 5.764706
v 15.625000 230.468750 0.000000
v 11.718750 238.281250 0.000000
v 11.718750 242.187500 0.000000
v 11.718750 250.000000 -10.705882
v 23.437500 -121.093750 0.000000
v 15.625000 -117.187500 -1.882353
v 15.625000 0.000000 -7.176471
v 15.625000 3.906250 -1.411765
v -7.812500 242.187500 5.882353
v 7.812500 238.281250 3.882353
v 11.718750 238.281250 0.588235
v 15.625000 238.281250 -4.000000
v 15.625000 250.000000 -11.647059
v 19.531250 -121.093750 4.117647
v 19.531250 -117.187500 0.000000
v 15.625000 7.812500 3.411765
v 19.531250 11.718750 4.470588
v 39.062500 179.687500 0.000000
v 19.531250 234.375000 -3.529412
v 19.531250 250.000000 -11.764706
v 23.437500 -121.093750 4.588235
v 23.437500 -117.187500 0.176471
v 23.437500 -113.281250 0.000000
v 23.437500 3.906250 -8.000000
v 23.437500 7.812500 -2.941176
v 23.437500 11.718750 1.882353
v 23.437500 15.625000 4.588235
v 23.437500 19.531250 5.647059
v 27.343750 31.250000 5.882353
v 23.437500 230.468750 -3.176471
v 97.656250 -250.000000 0.000000
v -74.218750 -195.312500 5.882353
v 27.343750 -117.187500 1.294118
v 27.343750 -113.281250 -4.941176
v 27.343750 7.812500 -7.176471
v 27.343750 11.718750 -2.588235
v 27.343750 19.531250 4.000000
v 27.343750 23.437500 5.176471
v 3.906250 85.937500 5.882353
v 42.968750 70.312500 0.000000
v 27.343750 207.031250 5.882353
v 27.343750 214.843750 5.294118
v 27.343750 218.750000 0.000000
v 27.343750 218.750000 4.000000
v 27.343750 222.656250 0.000000
v 27.343750 222.656250 1.176471
v 27.343750 226.562500 -3.058824
v 7.812500 -128.906250 5.882353
v 31.250000 -113.281250 -3.764706
v 27.343750 -117.187500 0.000000
v 31.250000 11.718750 -7.529412
v 31.250000 15.625000 -4.000000
v 31.250000 19.531250 -0.176471
v 31.250000 23.437500 2.352941
v 31.250000 27.343750 4.117647
v 31.250000 35.156250 5.647059
v 42.968750 62.500000 0.000000
v 31.250000 187.500000 5.647059
v 31.250000 207.031250 4.823529
v 31.250000 210.937500 0.000000
v 31.250000 210.937500 4.235294
v 31.250000 218.750000 -0.058824
v 31.250000 222.656250 -4.000000
v 31.250000 222.656250 0.000000
v 27.343750 -121.093750 4.941176
v 35.156250 15.625000 0.000000
v 35.156250 19.531250 -6.000000
v 35.156250 23.437500 -3.176471
v 35.156250 27.343750 -0.470588
v 35.156250 35.156250 3.647059
v 62.500000 46.875000 0.000000
v 35.156250 42.968750 5.294118
v 58.593750 50.781250 0.000000
v 46.875000 62.500000 0.000000
v 35.156250 70.312500 5.882353
v 66.406250 121.093750 0.000000
v 35.156250 183.593750 0.000000
v 35.156250 183.593750 4.235294
v 35.156250 187.500000 3.647059
v 35.156250 207.031250 0.941176
v 35.156250 207.031250 0.000000
v 35.156250 218.750000 0.000000
v 35.156250 -152.343750 0.000000
v 39.062500 -113.281250 -1.647059
v 140.625000 -42.968750 0.000000
v 42.968750 3.906250 0.000000
v 39.062500 27.343750 -6.470588
v 39.062500 31.250000 -4.000000
v 39.062500 35.156250 -1.411765
v 39.062500 42.968750 2.117647
v 39.062500 54.687500 2.470588
v 39.062500 62.500000 3.647059
v 39.062500 66.406250 4.470588
v 39.062500 70.312500 5.176471
v 39.062500 179.687500 2.470588
v 39.062500 183.593750 -0.058824
v 39.062500 187.500000 -1.764706
v 39.062500 187.500000 0.000000
v 39.062500 191.406250 -2.588235
v 39.062500 207.031250 -5.411765
v 39.062500 207.031250 0.000000
v 39.062500 210.937500 0.000000
v 39.062500 214.843750 0.000000
v 35.156250 -117.187500 3.058824
v 42.968750 -109.375000 -6.823529
v 42.968750 35.156250 -7.294118
v 42.968750 39.062500 -5.411765
v 42.968750 42.968750 -4.000000
v 42.968750 46.875000 -3.411765
v 42.968750 50.781250 -3.411765
v 42.968750 54.687500 -3.647059
v 42.968750 58.593750 -3.058824
v 42.968750 66.406250 0.117647
v 42.968750 70.312500 1.882353
v 42.968750 78.125000 4.470588
v 42.968750 85.937500 5.764706
v 39.062500 175.781250 4.588235
v 42.968750 179.687500 -2.352941
v 15.625000 -125.000000 5.647059
v 42.968750 -113.281250 -0.470588
v 46.875000 -109.375000 -5.764706
v 46.875000 -105.468750 0.000000
v 46.875000 66.406250 0.000000
v 46.875000 70.312500 -4.117647
v 46.875000 74.218750 -1.882353
v 46.875000 82.031250 2.588235
v 54.687500 70.312500 0.000000
v 46.875000 85.937500 4.235294
v 46.875000 89.843750 0.000000
v 46.875000 89.843750 5.294118
v 42.968750 93.750000 5.882353
v 46.875000 175.781250 -2.352941
v 42.968750 183.593750 0.000000
v -136.718750 -203.125000 5.882353
v 50.781250 -109.375000 -4.470588
v 27.343750 -121.093750 0.000000
v 35.156250 19.531250 0.000000
v 54.687500 66.406250 0.000000
v 50.781250 74.218750 -7.764706
v 50.781250 78.125000 -5.529412
v 58.593750 70.312500 0.000000
v 50.781250 82.031250 0.000000
v 50.781250 85.937500 0.058824
v 50.781250 89.843750 0.000000
v 50.781250 89.843750 2.588235
v 50.781250 93.750000 0.000000
v 50.781250 93.750000 4.235294
v 50.781250 97.656250 0.000000
v 50.781250 97.656250 5.176471
v 50.781250 105.468750 5.882353
v 27.343750 179.687500 5.882353
v 42.968750 175.781250 1.882353
v 50.781250 171.875000 -1.764706
v 54.687500 -109.375000 -3.058824
v 54.687500 82.031250 0.000000
v 54.687500 85.937500 0.000000
v 54.687500 89.843750 -2.941176
v 54.687500 89.843750 0.000000
v 54.687500 93.750000 -0.058824
v 54.687500 97.656250 0.000000
v 54.687500 97.656250 2.352941
v 54.687500 101.562500 0.000000
v 54.687500 101.562500 4.117647
v 54.687500 105.468750 5.176471
v 54.687500 160.156250 5.176471
v 54.687500 167.968750 -1.058824
v 58.593750 -109.375000 -1.764706
v 58.593750 54.687500 0.000000
v 58.593750 58.593750 -6.000000
v 58.593750 62.500000 0.000000
v 58.593750 89.843750 0.000000
v 58.593750 93.750000 -6.000000
v 58.593750 93.750000 0.000000
v 58.593750 97.656250 0.000000
v 58.593750 101.562500 -0.117647
v 58.593750 105.468750 0.000000
v 58.593750 105.468750 2.117647
v 58.593750 113.281250 4.823529
v 58.593750 117.187500 5.411765
v 54.687500 125.000000 5.882353
v 58.593750 136.718750 5.882353
v 58.593750 156.250000 4.705882
v 58.593750 160.156250 3.058824
v 58.593750 164.062500 -0.588235
v 42.968750 179.687500 0.000000
v 85.937500 -121.093750 0.000000
v 62.500000 -109.375000 -0.705882
v 66.406250 31.250000 0.000000
v 62.500000 50.781250 0.117647
v 62.500000 54.687500 0.000000
v 62.500000 54.687500 0.588235
v 62.500000 58.593750 0.000000
v 62.500000 58.593750 0.470588
v 62.500000 66.406250 -0.117647
v 62.500000 70.312500 -1.176471
v 62.500000 74.218750 -2.941176
v 62.500000 78.125000 -5.294118
v 62.500000 82.031250 -7.529412
v 62.500000 101.562500 -6.235294
v 62.500000 105.468750 -3.647059
v 62.500000 101.562500 0.000000
v 62.500000 109.375000 -1.294118
v 62.500000 117.187500 2.705882
v 62.500000 125.000000 4.941176
v 62.500000 140.625000 4.705882
v 62.500000 148.437500 3.294118
v 62.500000 160.156250 -1.764706
v 78.125000 -250.000000 5.882353
v 50.781250 -117.187500 5.176471
v 58.593750 -113.281250 3.647059
v 66.406250 -109.375000 -0.470588
v 97.656250 -109.375000 0.000000
v 70.312500 27.343750 0.000000
v 66.406250 35.156250 0.000000
v 66.406250 39.062500 0.000000
v 66.406250 42.968750 2.117647
v 66.406250 46.875000 0.000000
v 66.406250 46.875000 3.882353
v 66.406250 50.781250 0.000000
v 66.406250 50.781250 4.588235
v 66.406250 58.593750 4.705882
v 66.406250 58.593750 0.000000
v 66.406250 66.406250 0.000000
v 66.406250 66.406250 4.470588
v 66.406250 74.218750 2.588235
v 66.406250 82.031250 -1.647059
v 66.406250 89.843750 -7.294118
v 66.406250 109.375000 -7.294118
v 66.406250 113.281250 -5.176471
v 66.406250 117.187500 -2.941176
v 66.406250 121.093750 -0.588235
v 66.406250 128.906250 2.470588
v 66.406250 132.812500 2.588235
v 66.406250 144.531250 -0.823529
v 66.406250 148.437500 -2.235294
v 66.406250 152.343750 -3.764706
v 66.406250 156.250000 -5.411765
v 74.218750 218.750000 0.000000
v 109.375000 250.000000 0.000000
v -7.812500 -156.250000 5.882353
v 50.781250 -121.093750 5.882353
v 70.312500 -109.375000 -1.058824
v 82.031250 -11.718750 0.000000
v 70.312500 35.156250 0.176471
v 70.312500 39.062500 0.000000
v 70.312500 39.062500 3.647059
v 74.218750 39.062500 0.000000
v 70.312500 58.593750 0.000000
v 70.312500 62.500000 0.000000
v 70.312500 62.500000 5.764706
v 62.500000 70.312500 0.000000
v 70.312500 78.125000 4.588235
v 70.312500 82.031250 3.411765
v 70.312500 89.843750 -2.117647
v 70.312500 93.750000 -6.352941
v 62.500000 97.656250 0.000000
v 70.312500 121.093750 -6.705882
v 70.312500 125.000000 -4.823529
v 70.312500 128.906250 -3.529412
v 70.312500 132.812500 -3.411765
v 70.312500 136.718750 -4.235294
v 70.312500 140.625000 -5.647059
v 74.218750 -113.281250 2.705882
v 74.218750 -109.375000 -2.705882
v 74.218750 27.343750 0.000000
v 74.218750 39.062500 5.411765
v 70.312500 58.593750 5.882353
v 74.218750 82.031250 5.529412
v 74.218750 85.937500 4.705882
v 74.218750 93.750000 -1.411765
v 74.218750 97.656250 -6.117647
v 203.125000 156.250000 0.000000
v 74.218750 -117.187500 5.176471
v 78.125000 -113.281250 -0.705882
v 78.125000 27.343750 0.000000
v 78.125000 31.250000 0.000000
v 78.125000 31.250000 3.411765
v 78.125000 35.156250 0.000000
v 70.312500 50.781250 5.882353
v 78.125000 46.875000 0.000000
v 74.218750 70.312500 5.882353
v 78.125000 89.843750 4.941176
v 78.125000 93.750000 2.705882
v 78.125000 97.656250 -1.411765
v 78.125000 101.562500 -6.117647
v 117.187500 -156.250000 0.000000
v 78.125000 -128.906250 5.882353
v 82.031250 -121.093750 2.588235
v 82.031250 -117.187500 -1.294118
v 82.031250 23.437500 -4.470588
v 97.656250 31.250000 0.000000
v 82.031250 93.750000 4.941176
v 82.031250 97.656250 2.705882
v 82.031250 101.562500 -1.411765
v 82.031250 105.468750 -6.352941
v 82.031250 187.500000 0.000000
v 167.968750 250.000000 -11.764706
v 85.937500 -125.000000 3.882353
v 85.937500 -121.093750 -0.470588
v 85.937500 23.437500 -3.058824
v 82.031250 27.343750 1.647059
v 82.031250 31.250000 4.941176
v 105.468750 66.406250 0.000000
v 85.937500 101.562500 2.588235
v 85.937500 105.468750 -2.117647
v 89.843750 -121.093750 -2.470588
v 105.468750 -121.093750 0.000000
v 89.843750 23.437500 -2.235294
v 78.125000 35.156250 5.411765
v 85.937500 97.656250 4.941176
v 89.843750 101.562500 4.823529
v 89.843750 105.468750 1.529412
v 85.937500 109.375000 -7.294118
v 85.937500 -128.906250 5.647059
v 89.843750 -125.000000 3.058824
v 93.750000 -121.093750 -2.470588
v 93.750000 23.437500 -1.882353
v 93.750000 27.343750 3.529412
v 93.750000 109.375000 -0.705882
v 93.750000 113.281250 -6.588235
v 97.656250 -121.093750 -1.411765
v 97.656250 -117.187500 -7.294118
v 117.187500 -113.281250 0.000000
v 97.656250 23.437500 -2.941176
v 97.656250 27.343750 0.000000
v 97.656250 27.343750 2.705882
v 97.656250 31.250000 5.294118
v 93.750000 105.468750 3.764706
v 97.656250 113.281250 -3.647059
v 78.125000 109.375000 0.000000
v 101.562500 -121.093750 0.941176
v 101.562500 -117.187500 0.000000
v 105.468750 7.812500 0.000000
v 101.562500 23.437500 0.000000
v 101.562500 27.343750 0.117647
v 101.562500 31.250000 0.000000
v 101.562500 31.250000 4.235294
v 101.562500 35.156250 5.647059
v 125.000000 85.937500 0.000000
v 85.937500 93.750000 5.764706
v 101.562500 109.375000 3.764706
v 101.562500 113.281250 -1.058824
v 101.562500 117.187500 -7.058824
v 101.562500 -128.906250 5.764706
v 101.562500 -125.000000 4.588235
v 105.468750 -121.093750 3.647059
v 105.468750 -117.187500 0.117647
v 105.468750 -113.281250 0.000000
v 105.468750 -109.375000 -7.647059
v 105.468750 23.437500 0.000000
v 105.468750 27.343750 0.000000
v 105.468750 31.250000 1.882353
v 109.375000 35.156250 0.000000
v 105.468750 39.062500 5.764706
v 78.125000 85.937500 5.764706
v 82.031250 89.843750 5.764706
v 105.468750 117.187500 -5.882353
v 109.375000 -121.093750 5.294118
v 109.375000 -117.187500 0.000000
v 109.375000 -117.187500 4.000000
v 109.375000 -113.281250 1.294118
v 109.375000 -109.375000 -2.588235
v 109.375000 -105.468750 -6.823529
v 109.375000 27.343750 -6.823529
v 109.375000 31.250000 -1.411765
v 109.375000 35.156250 3.176471
v 109.375000 39.062500 5.294118
v 109.375000 42.968750 5.764706
v 101.562500 105.468750 5.647059
v 105.468750 109.375000 4.588235
v 109.375000 117.187500 -5.647059
v 164.062500 183.593750 0.000000
v 109.375000 -125.000000 5.764706
v 113.281250 -117.187500 5.529412
v 109.375000 -121.093750 0.000000
v 113.281250 -113.281250 4.588235
v 113.281250 -109.375000 2.117647
v 113.281250 -105.468750 -2.352941
v 113.281250 -101.562500 -7.411765
v 113.281250 31.250000 -5.294118
v 113.281250 31.250000 0.000000
v 113.281250 35.156250 -0.058824
v 113.281250 39.062500 3.411765
v 113.281250 42.968750 4.705882
v 113.281250 54.687500 5.529412
v 113.281250 70.312500 5.882353
v 93.750000 101.562500 5.647059
v 105.468750 113.281250 0.470588
v 113.281250 117.187500 -5.647059
v 125.000000 89.843750 0.000000
v 136.718750 101.562500 0.000000
v 117.187500 -109.375000 4.588235
v 117.187500 -101.562500 -4.352941
v 117.187500 35.156250 -4.823529
v 117.187500 39.062500 -1.294118
v 117.187500 42.968750 0.588235
v 117.187500 54.687500 2.941176
v 117.187500 70.312500 5.294118
v 117.187500 78.125000 5.764706
v 117.187500 117.187500 -6.000000
v 140.625000 -97.656250 0.000000
v 136.718750 -93.750000 0.000000
v 121.093750 -101.562500 -1.411765
v 121.093750 -97.656250 -7.294118
v 121.093750 39.062500 -7.176471
v 121.093750 42.968750 -5.764706
v 121.093750 46.875000 -4.823529
v 113.281250 39.062500 0.000000
v 121.093750 50.781250 -3.764706
v 121.093750 58.593750 -1.882353
v 121.093750 62.500000 -0.705882
v 121.093750 74.218750 3.647059
v 109.375000 39.062500 0.000000
v 121.093750 82.031250 5.411765
v 121.093750 89.843750 5.882353
v 121.093750 105.468750 5.647059
v 117.187500 109.375000 4.705882
v 121.093750 113.281250 -0.705882
v 117.187500 -113.281250 5.647059
v 121.093750 -109.375000 5.529412
v 121.093750 -105.468750 3.529412
v 125.000000 -97.656250 -4.705882
v 117.187500 35.156250 0.000000
v 125.000000 62.500000 -7.058824
v 125.000000 66.406250 -5.647059
v 125.000000 70.312500 -3.647059
v 125.000000 74.218750 -1.294118
v 125.000000 82.031250 2.823529
v 125.000000 85.937500 4.235294
v 125.000000 89.843750 5.058824
v 125.000000 101.562500 5.647059
v 125.000000 113.281250 -3.176471
v 140.625000 -250.000000 5.882353
v 128.906250 -101.562500 3.294118
v 128.906250 -97.656250 -1.882353
v 128.906250 -93.750000 -7.647059
v 144.531250 -85.937500 0.000000
v 128.906250 74.218750 -7.294118
v 128.906250 78.125000 -5.058824
v 125.000000 46.875000 0.000000
v 128.906250 85.937500 -0.117647
v 128.906250 82.031250 0.000000
v 128.906250 85.937500 -0.117647
v 128.906250 89.843750 1.647059
v 128.906250 101.562500 4.000000
v 128.906250 105.468750 2.705882
v 128.906250 109.375000 -1.294118
v 128.906250 -105.468750 5.411765
v 132.812500 -93.750000 -5.294118
v 117.187500 31.250000 0.000000
v 132.812500 85.937500 -6.352941
v 132.812500 89.843750 -4.470588
v 132.812500 93.750000 -2.823529
v 132.812500 97.656250 -1.647059
v 128.906250 89.843750 0.000000
v 132.812500 101.562500 -1.058824
v 132.812500 105.468750 -2.235294
v 136.718750 -97.656250 2.941176
v 175.781250 7.812500 0.000000
v 132.812500 85.937500 0.000000
v 203.125000 226.562500 0.000000
v 136.718750 -101.562500 5.411765
v 140.625000 -97.656250 4.352941
v 140.625000 -93.750000 0.117647
v 140.625000 -89.843750 0.000000
v 132.812500 82.031250 0.000000
v 210.937500 183.593750 0.000000
v 160.156250 -113.281250 0.000000
v 144.531250 -93.750000 0.000000
v 144.531250 -93.750000 2.470588
v 144.531250 -89.843750 -3.058824
v 144.531250 -89.843750 0.000000
v 148.437500 -93.750000 0.000000
v 148.437500 -93.750000 4.117647
v 148.437500 -89.843750 -0.117647
v 207.031250 187.500000 0.000000
v 191.406250 207.031250 0.000000
v 144.531250 -101.562500 5.882353
v 144.531250 -97.656250 5.294118
v 152.343750 -93.750000 0.000000
v 152.343750 -89.843750 0.000000
v 148.437500 -85.937500 -6.352941
v 183.593750 -93.750000 0.000000
v 152.343750 -89.843750 2.117647
v 156.250000 -85.937500 -0.705882
v 156.250000 -82.031250 -6.705882
v 207.031250 3.906250 0.000000
v 199.218750 234.375000 0.000000
v 152.343750 -93.750000 5.176471
v 160.156250 -82.031250 -4.117647
v 250.000000 -199.218750 0.000000
v 160.156250 -89.843750 4.941176
v 164.062500 -85.937500 3.647059
v 164.062500 -82.031250 -1.411765
v 164.062500 -78.125000 -7.294118
v 187.500000 -70.312500 0.000000
v 148.437500 -85.937500 0.000000
v 167.968750 -78.125000 -5.058824
v 171.875000 -82.031250 2.705882
v 171.875000 -78.125000 -2.941176
v 171.875000 250.000000 -11.647059
v 121.093750 -160.156250 5.882353
v 160.156250 -250.000000 0.000000
v 250.000000 -152.343750 0.000000
v 132.812500 -109.375000 5.882353
v 171.875000 -85.937500 5.411765
v 175.781250 -74.218750 -7.294118
v 175.781250 250.000000 -10.823529
v 250.000000 -250.000000 0.000000
v 156.250000 -97.656250 5.882353
v 179.687500 -74.218750 -5.764706
v 218.750000 7.812500 0.000000
v 250.000000 74.218750 0.000000
v 179.687500 250.000000 -7.176471
v 167.968750 -89.843750 5.764706
v 175.781250 -78.125000 -1.176471
v 183.593750 -74.218750 -4.117647
v 187.500000 -74.218750 0.000000
v 164.062500 93.750000 0.000000
v 183.593750 246.093750 -4.000000
v 183.593750 250.000000 -1.294118
v 183.593750 -82.031250 5.176471
v 187.500000 -74.218750 -2.235294
v 187.500000 242.187500 -3.294118
v 183.593750 250.000000 0.000000
v 203.125000 -250.000000 5.882353
v 191.406250 -78.125000 0.000000
v 191.406250 -78.125000 4.235294
v 191.406250 -74.218750 -0.117647
v 191.406250 -70.312500 -6.235294
v 191.406250 -70.312500 0.000000
v 203.125000 -58.593750 0.000000
v 191.406250 238.281250 -3.647059
v 179.687500 -85.937500 5.764706
v 195.312500 -78.125000 0.000000
v 195.312500 -74.218750 0.000000
v 195.312500 -74.218750 2.117647
v 195.312500 -70.312500 -2.941176
v 195.312500 -66.406250 -7.529412
v 207.031250 -35.156250 0.000000
v 199.218750 230.468750 -4.117647
v 187.500000 246.093750 1.058824
v 191.406250 246.093750 4.235294
v 230.468750 -93.750000 0.000000
v 195.312500 -82.031250 5.764706
v 195.312500 -78.125000 5.058824
v 199.218750 -74.218750 4.235294
v 199.218750 -66.406250 -2.823529
v 199.218750 -62.500000 -6.823529
v 207.031250 210.937500 0.000000
v 203.125000 222.656250 0.000000
v 191.406250 250.000000 5.411765
v 199.218750 250.000000 5.882353
v 203.125000 -70.312500 4.470588
v 203.125000 -66.406250 2.117647
v 203.125000 -62.500000 -1.529412
v 203.125000 -54.687500 0.000000
v 207.031250 218.750000 0.000000
v 203.125000 230.468750 0.470588
v 203.125000 -82.031250 0.000000
v 207.031250 -66.406250 4.941176
v 207.031250 -62.500000 0.000000
v 207.031250 -62.500000 3.058824
v 207.031250 -58.593750 0.058824
v 207.031250 -50.781250 -6.941176
v 210.937500 210.937500 0.000000
v 207.031250 226.562500 0.117647
v 207.031250 230.468750 0.000000
v 207.031250 230.468750 3.764706
v 207.031250 -70.312500 5.647059
v 210.937500 -62.500000 0.000000
v 210.937500 -62.500000 5.294118
v 210.937500 -58.593750 0.000000
v 210.937500 -58.593750 4.117647
v 210.937500 -54.687500 1.647059
v 210.937500 -50.781250 -1.294118
v 210.937500 -46.875000 -4.000000
v 210.937500 -42.968750 -5.647059
v 210.937500 -39.062500 0.000000
v 210.937500 3.906250 0.000000
v 210.937500 214.843750 -5.176471
v 214.843750 210.937500 0.000000
v 210.937500 218.750000 0.000000
v 210.937500 230.468750 5.411765
v 210.937500 230.468750 0.000000
v 210.937500 -66.406250 5.764706
v 214.843750 -54.687500 4.823529
v 214.843750 -42.968750 0.705882
v 214.843750 -42.968750 0.000000
v 214.843750 0.000000 -0.117647
v 214.843750 3.906250 0.000000
v 214.843750 3.906250 -0.470588
v 214.843750 11.718750 -0.941176
v 214.843750 58.593750 -0.941176
v 214.843750 89.843750 -0.941176
v 214.843750 93.750000 -1.058824
v 214.843750 97.656250 -1.294118
v 214.843750 101.562500 -1.647059
v 214.843750 105.468750 -1.764706
v 214.843750 144.531250 -1.764706
v 214.843750 148.437500 -1.647059
v 214.843750 152.343750 -1.411765
v 214.843750 156.250000 -1.058824
v 214.843750 160.156250 -0.941176
v 214.843750 171.875000 -0.941176
v 214.843750 179.687500 -0.470588
v 214.843750 179.687500 0.000000
v 214.843750 207.031250 0.176471
v 214.843750 210.937500 0.588235
v 214.843750 214.843750 0.941176
v 214.843750 218.750000 0.000000
v 214.843750 218.750000 2.235294
v 214.843750 222.656250 0.000000
v 214.843750 222.656250 4.000000
v 214.843750 226.562500 0.000000
v 214.843750 226.562500 5.294118
v 203.125000 -78.125000 5.764706
v 218.750000 -42.968750 4.823529
v 218.750000 -42.968750 0.000000
v 218.750000 0.000000 4.470588
v 218.750000 0.000000 0.000000
v 218.750000 7.812500 4.117647
v 218.750000 89.843750 4.117647
v 218.750000 144.531250 3.647059
v 218.750000 179.687500 4.235294
v 218.750000 179.687500 0.000000
v 218.750000 207.031250 0.000000
v 218.750000 207.031250 4.588235
v 218.750000 218.750000 5.176471
v 250.000000 250.000000 0.000000
v 250.000000 -250.000000 5.882353
v 214.843750 -62.500000 5.764706
v 222.656250 -3.906250 5.764706
v 222.656250 -42.968750 0.000000
v 222.656250 -3.906250 0.000000
v 222.656250 54.687500 5.764706
v 222.656250 97.656250 5.764706
v 222.656250 136.718750 5.647059
v 222.656250 179.687500 5.764706
v 222.656250 179.687500 0.000000
v 222.656250 203.125000 5.764706
v 222.656250 203.125000 0.000000
v 222.656250 226.562500 5.882353
v 207.031250 -54.687500 0.000000
v 250.000000 -97.656250 0.000000
v 226.562500 31.250000 5.882353
v 226.562500 97.656250 5.882353
v 250.000000 183.593750 0.000000
v 226.562500 203.125000 5.882353
v 218.750000 -50.781250 5.529412
v 222.656250 -42.968750 5.764706
v 242.187500 222.656250 0.000000
v 250.000000 -3.906250 0.000000
v 226.562500 152.343750 5.882353
v 183.593750 -101.562500 5.882353
v 226.562500 -46.875000 5.882353
v 250.000000 15.625000 5.882353
v 222.656250 218.750000 5.882353
v 250.000000 -171.875000 5.882353
v 250.000000 -93.750000 5.882353
v 250.000000 -46.875000 5.882353
v 250.000000 140.625000 5.882353
v 250.000000 250.000000 5.882353
v -230.468750 -207.031250 -0.058824
v -230.468750 -207.031250 -0.058824
v -230.468750 -207.031250 -0.058824
v -230.468750 -207.031250 -0.058824
v -230.468750 -207.031250 -0.058824
v -230.468750 -207.031250 -0.058824
v -230.468750 -207.031250 -0.058824
v -230.468750 -207.031250 -0.058824
v -230.468750 -207.031250 -0.058824
v -218.750000 -218.750000 0.117647
v -218.750000 -218.750000 0.117647
v -218.750000 -218.750000 0.117647
v -218.750000 -218.750000 0.117647
v -218.750000 -218.750000 0.117647
v -218.750000 -218.750000 0.117647
v -218.750000 -218.750000 0.117647
v -214.843750 -136.718750 0.117647
v -214.843750 -136.718750 0.117647
v -214.843750 -136.718750 0.117647
v -214.843750 -136.718750 0.117647
v -214.843750 -136.718750 0.117647
v -214.843750 -136.718750 0.117647
v -214.843750 -136.718750 0.117647
v -210.937500 -238.281250 0.058824
v -210.937500 -238.281250 0.058824
v -210.937500 -238.281250 0.058824
v -210.937500 -238.281250 0.058824
v -210.937500 -238.281250 0.058824
v -210.937500 -238.281250 0.058824
v -210.937500 -238.281250 0.058824
v -195.312500 -121.093750 -0.117647
v -195.312500 -121.093750 -0.117647
v -195.312500 -121.093750 -0.117647
v -195.312500 -121.093750 -0.117647
v -195.312500 -121.093750 -0.117647
v -195.312500 -121.093750 -0.117647
v -195.312500 -121.093750 -0.117647
v -195.312500 -121.093750 -0.117647
v -195.312500 -121.093750 -0.117647
v -179.687500 -113.281250 -0.058824
v -179.687500 -113.281250 -0.058824
v -179.687500 -113.281250 -0.058824
v -179.687500 -113.281250 -0.058824
v -179.687500 -113.281250 -0.058824
v -179.687500 -113.281250 -0.058824
v -179.687500 -113.281250 -0.058824
v -179.687500 -113.281250 -0.058824
v -179.687500 -113.281250 -0.058824
v -171.875000 -109.375000 0.117647
v -171.875000 -109.375000 0.117647
v -171.875000 -109.375000 0.117647
v -171.875000 -109.375000 0.117647
v -171.875000 -109.375000 0.117647
v -171.875000 -109.375000 0.117647
v -171.875000 -109.375000 0.117647
v -167.968750 -210.937500 -0.058824
v -167.968750 -210.937500 -0.058824
v -167.968750 -210.937500 -0.058824
v -167.968750 -210.937500 -0.058824
v -167.968750 -210.937500 -0.058824
v -167.968750 -210.937500 -0.058824
v -167.968750 -210.937500 -0.058824
v -167.968750 -210.937500 -0.058824
v -167.968750 -210.937500 -0.058824
v -164.062500 -105.468750 0.058824
v -164.062500 -105.468750 0.058824
v -164.062500 -105.468750 0.058824
v -164.062500 -105.468750 0.058824
v -164.062500 -105.468750 0.058824
v -164.062500 -105.468750 0.058824
v -164.062500 -105.468750 0.058824
v -136.718750 -191.406250 0.176471
v -136.718750 -191.406250 0.176471
v -136.718750 -191.406250 0.176471
v -136.718750 -191.406250 0.176471
v -136.718750 -191.406250 0.176471
v -136.718750 -191.406250 0.176471
v -136.718750 -191.406250 0.176471
v -132.812500 -85.937500 -0.058824
v -132.812500 -85.937500 -0.058824
v -132.812500 -85.937500 -0.058824
v -132.812500 -85.937500 -0.058824
v -132.812500 -85.937500 -0.058824
v -132.812500 -85.937500 -0.058824
v -132.812500 -85.937500 -0.058824
v -132.812500 -85.937500 -0.058824
v -132.812500 -85.937500 -0.058824
v -125.000000 -183.593750 -0.058824
v -125.000000 -183.593750 -0.058824
v -125.000000 -183.593750 -0.058824
v -125.000000 -183.593750 -0.058824
v -125.000000 -183.593750 -0.058824
v -125.000000 -183.593750 -0.058824
v -125.000000 -183.593750 -0.058824
v -125.000000 -183.593750 -0.058824
v -125.000000 -183.593750 -0.058824
v -82.031250 -50.781250 -0.117647
v -82.031250 -50.781250 -0.117647
v -82.031250 -50.781250 -0.117647
v -82.031250 -50.781250 -0.117647
v -82.031250 -50.781250 -0.117647
v -78.125000 -46.875000 0.000000
v -78.125000 -46.875000 0.000000
v -78.125000 -46.875000 0.000000
v -74.218750 -156.250000 -0.058824
v -74.218750 -156.250000 -0.058824
v -74.218750 -156.250000 -0.058824
v -74.218750 -156.250000 -0.058824
v -74.218750 -156.250000 -0.058824
v -74.218750 -156.250000 -0.058824
v -74.218750 -156.250000 -0.058824
v -74.218750 -156.250000 -0.058824
v -74.218750 -156.250000 -0.058824
v -58.593750 -27.343750 0.058824
v -58.593750 -27.343750 0.058824
v -58.593750 -27.343750 0.058824
v -58.593750 -27.343750 0.058824
v -58.593750 -27.343750 0.058824
v -58.593750 -27.343750 0.058824
v -58.593750 -27.343750 0.058824
v -42.968750 -15.625000 0.058824
v -42.968750 -15.625000 0.058824
v -42.968750 -15.625000 0.058824
v -42.968750 -15.625000 0.058824
v -42.968750 -15.625000 0.058824
v -42.968750 -15.625000 0.058824
v -42.968750 -15.625000 0.058824
v -39.062500 -140.625000 -0.058824
v -39.062500 -140.625000 -0.058824
v -39.062500 -140.625000 -0.058824
v -39.062500 -140.625000 -0.058824
v -39.062500 -140.625000 -0.058824
v -39.062500 -140.625000 -0.058824
v -39.062500 -140.625000 -0.058824
v -39.062500 -140.625000 -0.058824
v -39.062500 -140.625000 -0.058824
v 3.906250 -121.093750 -0.117647
v 3.906250 -121.093750 -0.117647
v 3.906250 -121.093750 -0.117647
v 3.906250 -121.093750 -0.117647
v 3.906250 -121.093750 -0.117647
v 3.906250 -121.093750 -0.117647
v 3.906250 -121.093750 -0.117647
v 3.906250 -121.093750 -0.117647
v 3.906250 -121.093750 -0.117647
v 7.812500 242.187500 0.117647
v 7.812500 242.187500 0.117647
v 7.812500 242.187500 0.117647
v 7.812500 242.187500 0.117647
v 7.812500 242.187500 0.117647
v 7.812500 242.187500 0.117647
v 7.812500 242.187500 0.117647
v 7.812500 242.187500 0.117647
v 23.437500 -117.187500 0.176471
v 23.437500 -117.187500 0.176471
v 23.437500 -117.187500 0.176471
v 23.437500 -117.187500 0.176471
v 23.437500 -117.187500 0.176471
v 23.437500 -117.187500 0.176471
v 23.437500 -117.187500 0.176471
v 31.250000 19.531250 -0.176471
v 31.250000 19.531250 -0.176471
v 31.250000 19.531250 -0.176471
v 31.250000 19.531250 -0.176471
v 31.250000 19.531250 -0.176471
v 31.250000 19.531250 -0.176471
v 31.250000 19.531250 -0.176471
v 31.250000 19.531250 -0.176471
v 31.250000 19.531250 -0.176471
v 31.250000 218.750000 -0.058824
v 31.250000 218.750000 -0.058824
v 31.250000 218.750000 -0.058824
v 31.250000 218.750000 -0.058824
v 35.156250 210.937500 -0.176471
v 35.156250 210.937500 -0.176471
v 35.156250 210.937500 -0.176471
v 35.156250 210.937500 -0.176471
v 35.156250 210.937500 -0.176471
v 39.062500 183.593750 -0.058824
v 39.062500 183.593750 -0.058824
v 39.062500 183.593750 -0.058824
v 39.062500 183.593750 -0.058824
v 39.062500 183.593750 -0.058824
v 39.062500 183.593750 -0.058824
v 39.062500 183.593750 -0.058824
v 39.062500 183.593750 -0.058824
v 39.062500 183.593750 -0.058824
v 42.968750 66.406250 0.117647
v 42.968750 66.406250 0.117647
v 42.968750 66.406250 0.117647
v 42.968750 66.406250 0.117647
v 42.968750 66.406250 0.117647
v 42.968750 66.406250 0.117647
v 42.968750 66.406250 0.117647
v 50.781250 85.937500 0.058824
v 50.781250 85.937500 0.058824
v 50.781250 85.937500 0.058824
v 50.781250 85.937500 0.058824
v 50.781250 85.937500 0.058824
v 50.781250 85.937500 0.058824
v 50.781250 85.937500 0.058824
v 54.687500 93.750000 -0.058824
v 54.687500 93.750000 -0.058824
v 54.687500 93.750000 -0.058824
v 54.687500 93.750000 -0.058824
v 54.687500 93.750000 -0.058824
v 54.687500 93.750000 -0.058824
v 54.687500 93.750000 -0.058824
v 54.687500 93.750000 -0.058824
v 54.687500 93.750000 -0.058824
v 58.593750 101.562500 -0.117647
v 58.593750 101.562500 -0.117647
v 58.593750 101.562500 -0.117647
v 58.593750 101.562500 -0.117647
v 58.593750 101.562500 -0.117647
v 58.593750 101.562500 -0.117647
v 58.593750 101.562500 -0.117647
v 58.593750 101.562500 -0.117647
v 58.593750 101.562500 -0.117647
v 62.500000 50.781250 0.117647
v 62.500000 50.781250 0.117647
v 62.500000 50.781250 0.117647
v 62.500000 50.781250 0.117647
v 62.500000 50.781250 0.117647
v 62.500000 50.781250 0.117647
v 62.500000 50.781250 0.117647
v 62.500000 62.500000 0.058824
v 62.500000 62.500000 0.058824
v 62.500000 62.500000 0.058824
v 62.500000 66.406250 -0.117647
v 62.500000 66.406250 -0.117647
v 70.312500 35.156250 0.176471
v 74.218750 31.250000 0.117647
v 74.218750 31.250000 0.117647
v 101.562500 27.343750 0.117647
v 101.562500 27.343750 0.117647
v 101.562500 27.343750 0.117647
v 101.562500 27.343750 0.117647
v 101.562500 27.343750 0.117647
v 101.562500 27.343750 0.117647
v 101.562500 27.343750 0.117647
v 105.468750 -117.187500 0.117647
v 105.468750 -117.187500 0.117647
v 105.468750 -117.187500 0.117647
v 105.468750 -117.187500 0.117647
v 105.468750 -117.187500 0.117647
v 105.468750 -117.187500 0.117647
v 105.468750 -117.187500 0.117647
v 113.281250 35.156250 -0.058824
v 113.281250 35.156250 -0.058824
v 113.281250 35.156250 -0.058824
v 113.281250 35.156250 -0.058824
v 113.281250 35.156250 -0.058824
v 113.281250 35.156250 -0.058824
v 113.281250 35.156250 -0.058824
v 113.281250 35.156250 -0.058824
v 113.281250 35.156250 -0.058824
v 128.906250 85.937500 -0.117647
v 128.906250 85.937500 -0.117647
v 128.906250 85.937500 -0.117647
v 128.906250 85.937500 -0.117647
v 128.906250 85.937500 -0.117647
v 128.906250 85.937500 -0.117647
v 128.906250 85.937500 -0.117647
v 128.906250 85.937500 -0.117647
v 140.625000 -93.750000 0.117647
v 140.625000 -93.750000 0.117647
v 140.625000 -93.750000 0.117647
v 140.625000 -93.750000 0.117647
v 140.625000 -93.750000 0.117647
v 140.625000 -93.750000 0.117647
v 140.625000 -93.750000 0.117647
v 148.437500 -89.843750 -0.117647
v 148.437500 -89.843750 -0.117647
v 148.437500 -89.843750 -0.117647
v 148.437500 -89.843750 -0.117647
v 148.437500 -89.843750 -0.117647
v 148.437500 -89.843750 -0.117647
v 148.437500 -89.843750 -0.117647
v 148.437500 -89.843750 -0.117647
v 148.437500 -89.843750 -0.117647
v 191.406250 -74.218750 -0.117647
v 191.406250 -74.218750 -0.117647
v 191.406250 -74.218750 -0.117647
v 191.406250 -74.218750 -0.117647
v 191.406250 -74.218750 -0.117647
v 191.406250 -74.218750 -0.117647
v 191.406250 -74.218750 -0.117647
v 191.406250 -74.218750 -0.117647
v 191.406250 -74.218750 -0.117647
v 207.031250 -58.593750 0.058824
v 207.031250 -58.593750 0.058824
v 207.031250 -58.593750 0.058824
v 207.031250 -58.593750 0.058824
v 207.031250 -58.593750 0.058824
v 207.031250 -58.593750 0.058824
v 207.031250 -58.593750 0.058824
v 207.031250 226.562500 0.117647
v 207.031250 226.562500 0.117647
v 210.937500 222.656250 0.176471
v 210.937500 222.656250 0.176471
v 210.937500 222.656250 0.176471
v 214.843750 -39.062500 0.000000
v 214.843750 -39.062500 0.000000
v 214.843750 -39.062500 0.000000
v 214.843750 0.000000 -0.117647
v 214.843750 0.000000 -0.117647
v 214.843750 183.593750 -0.117647
v 214.843750 183.593750 -0.117647
v 214.843750 183.593750 -0.117647
v 214.843750 207.031250 0.176471
v 214.843750 207.031250 0.176471
v -214.843750 -242.187500 2.000000
v -214.843750 -238.281250 -3.411765
v -218.750000 -238.281250 -6.470588
v -214.843750 -242.187500 2.000000
v -210.937500 -242.187500 4.117647
v -214.843750 -238.281250 -3.411765
v -210.937500 -242.187500 4.117647
v -210.937500 -238.281250 0.058824
v -214.843750 -238.281250 -3.411765
v -214.843750 -238.281250 -3.411765
v -210.937500 -238.281250 0.058824
v -214.843750 -234.375000 -8.470588
v -210.937500 -238.281250 0.058824
v -210.937500 -234.375000 -5.529412
v -214.843750 -234.375000 -8.470588
v -210.937500 -238.281250 0.058824
v -207.031250 -238.281250 2.941176
v -210.937500 -234.375000 -5.529412
v -207.031250 -238.281250 2.941176
v -207.031250 -234.375000 -1.882353
v -210.937500 -234.375000 -5.529412
v -218.750000 -226.562500 -7.294118
v -218.750000 -222.656250 -3.411765
v -222.656250 -222.656250 1.647059
v -222.656250 -222.656250 1.647059
v -218.750000 -222.656250 -3.411765
v -222.656250 -218.750000 4.117647
v -218.750000 -222.656250 -3.411765
v -218.750000 -218.750000 0.117647
v -222.656250 -218.750000 4.117647
v -218.750000 -222.656250 -3.411765
v -214.843750 -222.656250 -8.235294
v -218.750000 -218.750000 0.117647
v -214.843750 -222.656250 -8.235294
v -214.843750 -218.750000 -5.411765
v -218.750000 -218.750000 0.117647
v -218.750000 -218.750000 0.117647
v -214.843750 -218.750000 -5.411765
v -218.750000 -214.843750 1.882353
v -214.843750 -218.750000 -5.411765
v -214.843750 -214.843750 -3.882353
v -218.750000 -214.843750 1.882353
v -140.625000 -195.312500 2.117647
v -140.625000 -191.406250 -3.176471
v -144.531250 -191.406250 -6.588235
v -140.625000 -195.312500 2.117647
v -136.718750 -195.312500 4.235294
v -140.625000 -191.406250 -3.176471
v -136.718750 -195.312500 4.235294
v -136.718750 -191.406250 0.176471
v -140.625000 -191.406250 -3.176471
v -140.625000 -191.406250 -3.176471
v -136.718750 -191.406250 0.176471
v -140.625000 -187.500000 -8.352941
v -136.718750 -191.406250 0.176471
v -136.718750 -187.500000 -5.294118
v -140.625000 -187.500000 -8.352941
v -136.718750 -191.406250 0.176471
v -132.812500 -191.406250 3.176471
v -136.718750 -187.500000 -5.294118
v -132.812500 -191.406250 3.176471
v -132.812500 -187.500000 -1.647059
v -136.718750 -187.500000 -5.294118
v -218.750000 -140.625000 -0.705882
v -214.843750 -140.625000 -4.941176
v -218.750000 -136.718750 3.411765
v -214.843750 -140.625000 -4.941176
v -214.843750 -136.718750 0.117647
v -218.750000 -136.718750 3.411765
v -214.843750 -140.625000 -4.941176
v -210.937500 -140.625000 -8.470588
v -214.843750 -136.718750 0.117647
v -210.937500 -140.625000 -8.470588
v -210.937500 -136.718750 -3.882353
v -214.843750 -136.718750 0.117647
v -214.843750 -136.718750 0.117647
v -210.937500 -136.718750 -3.882353
v -214.843750 -132.812500 4.000000
v -210.937500 -136.718750 -3.882353
v -210.937500 -132.812500 1.176471
v -214.843750 -132.812500 4.000000
v -210.937500 -136.718750 -3.882353
v -207.031250 -136.718750 -7.764706
v -210.937500 -132.812500 1.176471
v 19.531250 -121.093750 4.117647
v 19.531250 -117.187500 -0.705882
v 15.625000 -117.187500 -1.882353
v 19.531250 -121.093750 4.117647
v 23.437500 -121.093750 4.588235
v 19.531250 -117.187500 -0.705882
v 23.437500 -121.093750 4.588235
v 23.437500 -117.187500 0.176471
v 19.531250 -117.187500 -0.705882
v 101.562500 -121.093750 0.941176
v 101.562500 -117.187500 -4.352941
v 97.656250 -117.187500 -7.294118
v 101.562500 -121.093750 0.941176
v 105.468750 -121.093750 3.647059
v 101.562500 -117.187500 -4.352941
v 105.468750 -121.093750 3.647059
v 105.468750 -117.187500 0.117647
v 101.562500 -117.187500 -4.352941
v 19.531250 -117.187500 -0.705882
v 23.437500 -117.187500 0.176471
v 19.531250 -113.281250 -7.058824
v 23.437500 -117.187500 0.176471
v 23.437500 -113.281250 -6.000000
v 19.531250 -113.281250 -7.058824
v 23.437500 -117.187500 0.176471
v 27.343750 -117.187500 1.294118
v 23.437500 -113.281250 -6.000000
v 27.343750 -117.187500 1.294118
v 27.343750 -113.281250 -4.941176
v 23.437500 -113.281250 -6.000000
v 101.562500 -117.187500 -4.352941
v 105.468750 -117.187500 0.117647
v 101.562500 -113.281250 -8.470588
v 105.468750 -117.187500 0.117647
v 105.468750 -113.281250 -4.000000
v 101.562500 -113.281250 -8.470588
v 105.468750 -117.187500 0.117647
v 109.375000 -117.187500 4.000000
v 105.468750 -113.281250 -4.000000
v 109.375000 -117.187500 4.000000
v 109.375000 -113.281250 1.294118
v 105.468750 -113.281250 -4.000000
v -175.781250 -113.281250 -2.941176
v -171.875000 -113.281250 -5.764706
v -175.781250 -109.375000 2.588235
v -171.875000 -113.281250 -5.764706
v -171.875000 -109.375000 0.117647
v -175.781250 -109.375000 2.588235
v -171.875000 -113.281250 -5.764706
v -167.968750 -113.281250 -8.117647
v -171.875000 -109.375000 0.117647
v -167.968750 -113.281250 -8.117647
v -167.968750 -109.375000 -2.588235
v -171.875000 -109.375000 0.117647
v 105.468750 -113.281250 -4.000000
v 109.375000 -113.281250 1.294118
v 105.468750 -109.375000 -7.647059
v -171.875000 -109.375000 0.117647
v -167.968750 -109.375000 -2.588235
v -171.875000 -105.468750 4.352941
v -167.968750 -109.375000 -2.588235
v -167.968750 -105.468750 2.705882
v -171.875000 -105.468750 4.352941
v -167.968750 -109.375000 -2.588235
v -164.062500 -109.375000 -5.647059
v -167.968750 -105.468750 2.705882
v -164.062500 -109.375000 -5.647059
v -164.062500 -105.468750 0.058824
v -167.968750 -105.468750 2.705882
v -164.062500 -109.375000 -5.647059
v -160.156250 -109.375000 -8.470588
v -164.062500 -105.468750 0.058824
v -160.156250 -109.375000 -8.470588
v -160.156250 -105.468750 -3.411765
v -164.062500 -105.468750 0.058824
v -164.062500 -105.468750 0.058824
v -160.156250 -105.468750 -3.411765
v -164.062500 -101.562500 4.117647
v -160.156250 -105.468750 -3.411765
v -160.156250 -101.562500 2.000000
v -164.062500 -101.562500 4.117647
v -160.156250 -105.468750 -3.411765
v -156.250000 -105.468750 -6.823529
v -160.156250 -101.562500 2.000000
v 136.718750 -97.656250 2.941176
v 136.718750 -93.750000 -2.470588
v 132.812500 -93.750000 -5.294118
v 136.718750 -97.656250 2.941176
v 140.625000 -97.656250 4.352941
v 136.718750 -93.750000 -2.470588
v 140.625000 -97.656250 4.352941
v 140.625000 -93.750000 0.117647
v 136.718750 -93.750000 -2.470588
v 136.718750 -93.750000 -2.470588
v 140.625000 -93.750000 0.117647
v 136.718750 -89.843750 -8.117647
v 140.625000 -93.750000 0.117647
v 140.625000 -89.843750 -5.764706
v 136.718750 -89.843750 -8.117647
v 140.625000 -93.750000 0.117647
v 144.531250 -93.750000 2.470588
v 140.625000 -89.843750 -5.764706
v 144.531250 -93.750000 2.470588
v 144.531250 -89.843750 -3.058824
v 140.625000 -89.843750 -5.764706
v 203.125000 -62.500000 -1.529412
v 207.031250 -62.500000 3.058824
v 203.125000 -58.593750 -5.294118
v 207.031250 -62.500000 3.058824
v 207.031250 -58.593750 0.058824
v 203.125000 -58.593750 -5.294118
v 203.125000 -58.593750 -5.294118
v 207.031250 -58.593750 0.058824
v 203.125000 -54.687500 -8.470588
v 207.031250 -58.593750 0.058824
v 207.031250 -54.687500 -3.647059
v 203.125000 -54.687500 -8.470588
v 207.031250 -58.593750 0.058824
v 210.937500 -58.593750 4.117647
v 207.031250 -54.687500 -3.647059
v 210.937500 -58.593750 4.117647
v 210.937500 -54.687500 1.647059
v 207.031250 -54.687500 -3.647059
v 207.031250 -54.687500 -3.647059
v 210.937500 -54.687500 1.647059
v 207.031250 -50.781250 -6.941176
v -82.031250 -50.781250 -0.117647
v -82.031250 -46.875000 3.647059
v -85.937500 -46.875000 5.294118
v -82.031250 -50.781250 -0.117647
v -78.125000 -50.781250 -4.588235
v -82.031250 -46.875000 3.647059
v -78.125000 -50.781250 -4.588235
v -78.125000 -46.875000 -0.000000
v -82.031250 -46.875000 3.647059
v -78.125000 -50.781250 -4.588235
v -74.218750 -50.781250 -8.705882
v -78.125000 -46.875000 -0.000000
v -74.218750 -50.781250 -8.705882
v -74.218750 -46.875000 -4.941176
v -78.125000 -46.875000 -0.000000
v -85.937500 -46.875000 5.294118
v -82.031250 -46.875000 3.647059
v -85.937500 -42.968750 5.764706
v -82.031250 -46.875000 3.647059
v -82.031250 -42.968750 5.294118
v -85.937500 -42.968750 5.764706
v -82.031250 -46.875000 3.647059
v -78.125000 -46.875000 -0.000000
v -82.031250 -42.968750 5.294118
v -78.125000 -46.875000 0.000000
v -74.218750 -46.875000 -4.941176
v -78.125000 -42.968750 3.411765
v -74.218750 -46.875000 -4.941176
v -74.218750 -42.968750 -0.705882
v -78.125000 -42.968750 3.411765
v 210.937500 -42.968750 -5.647059
v 214.843750 -42.968750 0.705882
v 210.937500 -39.062500 -6.352941
v 214.843750 -42.968750 0.705882
v 214.843750 -39.062500 -0.000000
v 210.937500 -39.062500 -6.352941
v 218.750000 -42.968750 4.823529
v 218.750000 -39.062500 4.588235
v 214.843750 -39.062500 -0.000000
v 218.750000 -42.968750 4.823529
v 222.656250 -42.968750 5.764706
v 218.750000 -39.062500 4.588235
v 222.656250 -42.968750 5.764706
v 222.656250 -39.062500 5.764706
v 218.750000 -39.062500 4.588235
v 210.937500 -39.062500 -6.352941
v 214.843750 -39.062500 -0.000000
v 210.937500 -35.156250 -6.470588
v 214.843750 -39.062500 -0.000000
v 214.843750 -35.156250 -0.058824
v 210.937500 -35.156250 -6.470588
v 214.843750 -39.062500 0.000000
v 218.750000 -39.062500 4.588235
v 214.843750 -35.156250 -0.058824
v 218.750000 -39.062500 4.588235
v 218.750000 -35.156250 4.470588
v 214.843750 -35.156250 -0.058824
v 218.750000 -39.062500 4.588235
v 222.656250 -39.062500 5.764706
v 218.750000 -35.156250 4.470588
v 222.656250 -39.062500 5.764706
v 222.656250 -35.156250 5.764706
v 218.750000 -35.156250 4.470588
v 214.843750 -35.156250 -0.058824
v 218.750000 -35.156250 4.470588
v 214.843750 -31.250000 -0.058824
v 218.750000 -35.156250 4.470588
v 218.750000 -31.250000 4.470588
v 214.843750 -31.250000 -0.058824
v 218.750000 -35.156250 4.470588
v 222.656250 -35.156250 5.764706
v 218.750000 -31.250000 4.470588
v 222.656250 -35.156250 5.764706
v 222.656250 -31.250000 5.764706
v 218.750000 -31.250000 4.470588
v -62.500000 -31.250000 -1.058824
v -58.593750 -31.250000 -5.176471
v -62.500000 -27.343750 3.294118
v -58.593750 -31.250000 -5.176471
v -58.593750 -27.343750 0.058824
v -62.500000 -27.343750 3.294118
v -58.593750 -31.250000 -5.176471
v -54.687500 -31.250000 -8.588235
v -58.593750 -27.343750 0.058824
v -54.687500 -31.250000 -8.588235
v -54.687500 -27.343750 -3.882353
v -58.593750 -27.343750 0.058824
v 214.843750 -31.250000 -0.058824
v 218.750000 -31.250000 4.470588
v 214.843750 -27.343750 -0.058824
v 218.750000 -31.250000 4.470588
v 218.750000 -27.343750 4.470588
v 214.843750 -27.343750 -0.058824
v 218.750000 -31.250000 4.470588
v 222.656250 -31.250000 5.764706
v 218.750000 -27.343750 4.470588
v 222.656250 -31.250000 5.764706
v 222.656250 -27.343750 5.764706
v 218.750000 -27.343750 4.470588
v -58.593750 -27.343750 0.058824
v -54.687500 -27.343750 -3.882353
v -58.593750 -23.437500 4.000000
v -54.687500 -27.343750 -3.882353
v -54.687500 -23.437500 1.294118
v -58.593750 -23.437500 4.000000
v -54.687500 -27.343750 -3.882353
v -50.781250 -27.343750 -7.647059
v -54.687500 -23.437500 1.294118
v 214.843750 -27.343750 -0.058824
v 218.750000 -27.343750 4.470588
v 214.843750 -23.437500 -0.058824
v 218.750000 -27.343750 4.470588
v 218.750000 -23.437500 4.470588
v 214.843750 -23.437500 -0.058824
v 218.750000 -27.343750 4.470588
v 222.656250 -27.343750 5.764706
v 218.750000 -23.437500 4.470588
v 222.656250 -27.343750 5.764706
v 222.656250 -23.437500 5.764706
v 218.750000 -23.437500 4.470588
v 214.843750 -23.437500 -0.058824
v 218.750000 -23.437500 4.470588
v 214.843750 -19.531250 -0.058824
v 218.750000 -23.437500 4.470588
v 218.750000 -19.531250 4.470588
v 214.843750 -19.531250 -0.058824
v 218.750000 -23.437500 4.470588
v 222.656250 -23.437500 5.764706
v 218.750000 -19.531250 4.470588
v 222.656250 -23.437500 5.764706
v 222.656250 -19.531250 5.764706
v 218.750000 -19.531250 4.470588
v -46.875000 -19.531250 -1.176471
v -42.968750 -19.531250 -5.176471
v -46.875000 -15.625000 3.294118
v -42.968750 -19.531250 -5.176471
v -42.968750 -15.625000 0.058824
v -46.875000 -15.625000 3.294118
v -42.968750 -19.531250 -5.176471
v -39.062500 -19.531250 -8.588235
v -42.968750 -15.625000 0.058824
v -39.062500 -19.531250 -8.588235
v -39.062500 -15.625000 -3.882353
v -42.968750 -15.625000 0.058824
v 214.843750 -19.531250 -0.058824
v 218.750000 -19.531250 4.470588
v 214.843750 -15.625000 -0.058824
v 218.750000 -19.531250 4.470588
v 218.750000 -15.625000 4.470588
v 214.843750 -15.625000 -0.058824
v 218.750000 -19.531250 4.470588
v 222.656250 -19.531250 5.764706
v 218.750000 -15.625000 4.470588
v 222.656250 -19.531250 5.764706
v 222.656250 -15.625000 5.764706
v 218.750000 -15.625000 4.470588
v -42.968750 -15.625000 0.058824
v -39.062500 -15.625000 -3.882353
v -42.968750 -11.718750 4.000000
v -39.062500 -15.625000 -3.882353
v -39.062500 -11.718750 1.411765
v -42.968750 -11.718750 4.000000
v -39.062500 -15.625000 -3.882353
v -35.156250 -15.625000 -7.529412
v -39.062500 -11.718750 1.411765
v 214.843750 -15.625000 -0.058824
v 218.750000 -15.625000 4.470588
v 214.843750 -11.718750 -0.058824
v 218.750000 -15.625000 4.470588
v 218.750000 -11.718750 4.470588
v 214.843750 -11.718750 -0.058824
v 218.750000 -15.625000 4.470588
v 222.656250 -15.625000 5.764706
v 218.750000 -11.718750 4.470588
v 222.656250 -15.625000 5.764706
v 222.656250 -11.718750 5.764706
v 218.750000 -11.718750 4.470588
v 214.843750 -11.718750 -0.058824
v 218.750000 -11.718750 4.470588
v 214.843750 -7.812500 -0.058824
v 218.750000 -11.718750 4.470588
v 218.750000 -7.812500 4.470588
v 214.843750 -7.812500 -0.058824
v 218.750000 -11.718750 4.470588
v 222.656250 -11.718750 5.764706
v 218.750000 -7.812500 4.470588
v 222.656250 -11.718750 5.764706
v 222.656250 -7.812500 5.764706
v 218.750000 -7.812500 4.470588
v 214.843750 -7.812500 -0.058824
v 218.750000 -7.812500 4.470588
v 214.843750 -3.906250 -0.058824
v 218.750000 -7.812500 4.470588
v 218.750000 -3.906250 4.470588
v 214.843750 -3.906250 -0.058824
v 218.750000 -7.812500 4.470588
v 222.656250 -7.812500 5.764706
v 218.750000 -3.906250 4.470588
v 222.656250 -7.812500 5.764706
v 222.656250 -3.906250 5.764706
v 218.750000 -3.906250 4.470588
v 214.843750 -3.906250 -0.058824
v 218.750000 -3.906250 4.470588
v 214.843750 -0.000000 -0.117647
v 218.750000 -3.906250 4.470588
v 218.750000 -0.000000 4.470588
v 214.843750 -0.000000 -0.117647
v 218.750000 -3.906250 4.470588
v 222.656250 -3.906250 5.764706
v 218.750000 0.000000 4.470588
v 82.031250 23.437500 -4.470588
v 82.031250 27.343750 1.647059
v 78.125000 27.343750 -0.941176
v 97.656250 23.437500 -2.941176
v 101.562500 23.437500 -5.411765
v 97.656250 27.343750 2.705882
v 101.562500 23.437500 -5.411765
v 101.562500 27.343750 0.117647
v 97.656250 27.343750 2.705882
v 101.562500 23.437500 -5.411765
v 105.468750 23.437500 -8.352941
v 101.562500 27.343750 0.117647
v 105.468750 23.437500 -8.352941
v 105.468750 27.343750 -3.294118
v 101.562500 27.343750 0.117647
v 74.218750 27.343750 -4.823529
v 74.218750 31.250000 0.117647
v 70.312500 31.250000 -4.352941
v 74.218750 27.343750 -4.823529
v 78.125000 27.343750 -0.941176
v 74.218750 31.250000 0.117647
v 78.125000 27.343750 -0.941176
v 78.125000 31.250000 3.411765
v 74.218750 31.250000 0.117647
v 78.125000 27.343750 -0.941176
v 82.031250 27.343750 1.647059
v 78.125000 31.250000 3.411765
v 101.562500 27.343750 0.117647
v 105.468750 27.343750 -3.294118
v 101.562500 31.250000 4.235294
v 105.468750 27.343750 -3.294118
v 105.468750 31.250000 1.882353
v 101.562500 31.250000 4.235294
v 105.468750 27.343750 -3.294118
v 109.375000 27.343750 -6.823529
v 105.468750 31.250000 1.882353
v 70.312500 31.250000 -4.352941
v 70.312500 35.156250 0.176471
v 66.406250 35.156250 -4.705882
v 70.312500 31.250000 -4.352941
v 74.218750 31.250000 0.117647
v 70.312500 35.156250 0.176471
v 74.218750 31.250000 0.117647
v 74.218750 35.156250 3.764706
v 70.312500 35.156250 0.176471
v 74.218750 31.250000 0.117647
v 78.125000 31.250000 3.411765
v 74.218750 35.156250 3.764706
v 78.125000 31.250000 3.411765
v 78.125000 35.156250 5.411765
v 74.218750 35.156250 3.764706
v 66.406250 35.156250 -4.705882
v 70.312500 35.156250 0.176471
v 66.406250 39.062500 -0.823529
v 70.312500 35.156250 0.176471
v 70.312500 39.062500 3.647059
v 66.406250 39.062500 -0.823529
v 70.312500 35.156250 0.176471
v 74.218750 35.156250 3.764706
v 70.312500 39.062500 3.647059
v 74.218750 35.156250 3.764706
v 74.218750 39.062500 5.411765
v 70.312500 39.062500 3.647059
v 74.218750 35.156250 3.764706
v 78.125000 35.156250 5.411765
v 74.218750 39.062500 5.411765
v 66.406250 39.062500 -0.823529
v 66.406250 42.968750 2.117647
v 62.500000 42.968750 -3.411765
v 66.406250 39.062500 -0.823529
v 70.312500 39.062500 3.647059
v 66.406250 42.968750 2.117647
v 62.500000 42.968750 -3.411765
v 66.406250 42.968750 2.117647
v 62.500000 46.875000 -1.058824
v 66.406250 42.968750 2.117647
v 66.406250 46.875000 3.882353
v 62.500000 46.875000 -1.058824
v 62.500000 46.875000 -1.058824
v 62.500000 50.781250 0.117647
v 58.593750 50.781250 -6.117647
v 62.500000 46.875000 -1.058824
v 66.406250 46.875000 3.882353
v 62.500000 50.781250 0.117647
v 58.593750 50.781250 -6.117647
v 62.500000 50.781250 0.117647
v 58.593750 54.687500 -5.764706
v 62.500000 50.781250 0.117647
v 62.500000 54.687500 0.588235
v 58.593750 54.687500 -5.764706
v 58.593750 54.687500 -5.764706
v 62.500000 54.687500 0.588235
v 58.593750 58.593750 -6.000000
v 42.968750 58.593750 -3.058824
v 42.968750 62.500000 -1.647059
v 39.062500 62.500000 3.647059
v 58.593750 58.593750 -6.000000
v 62.500000 58.593750 0.470588
v 58.593750 62.500000 -6.235294
v 62.500000 58.593750 0.470588
v 62.500000 62.500000 0.058824
v 58.593750 62.500000 -6.235294
v 66.406250 58.593750 4.705882
v 66.406250 62.500000 4.588235
v 62.500000 62.500000 0.058824
v 66.406250 58.593750 4.705882
v 70.312500 58.593750 5.882353
v 66.406250 62.500000 4.588235
v 70.312500 58.593750 5.882353
v 70.312500 62.500000 5.764706
v 66.406250 62.500000 4.588235
v 39.062500 62.500000 3.647059
v 42.968750 62.500000 -1.647059
v 39.062500 66.406250 4.470588
v 42.968750 62.500000 -1.647059
v 42.968750 66.406250 0.117647
v 39.062500 66.406250 4.470588
v 42.968750 62.500000 -1.647059
v 46.875000 62.500000 -7.647059
v 42.968750 66.406250 0.117647
v 46.875000 62.500000 -7.647059
v 46.875000 66.406250 -6.000000
v 42.968750 66.406250 0.117647
v 58.593750 62.500000 -6.235294
v 62.500000 62.500000 0.058824
v 58.593750 66.406250 -6.588235
v 62.500000 62.500000 0.058824
v 62.500000 66.406250 -0.117647
v 58.593750 66.406250 -6.588235
v 62.500000 62.500000 0.058824
v 66.406250 62.500000 4.588235
v 62.500000 66.406250 -0.117647
v 66.406250 62.500000 4.588235
v 66.406250 66.406250 4.470588
v 62.500000 66.406250 -0.117647
v 66.406250 62.500000 4.588235
v 70.312500 62.500000 5.764706
v 66.406250 66.406250 4.470588
v 42.968750 66.406250 0.117647
v 46.875000 66.406250 -6.000000
v 42.968750 70.312500 1.882353
v 46.875000 66.406250 -6.000000
v 46.875000 70.312500 -4.117647
v 42.968750 70.312500 1.882353
v 50.781250 78.125000 -5.529412
v 50.781250 82.031250 -2.705882
v 46.875000 82.031250 2.588235
v 46.875000 82.031250 2.588235
v 50.781250 82.031250 -2.705882
v 46.875000 85.937500 4.235294
v 50.781250 82.031250 -2.705882
v 50.781250 85.937500 0.058824
v 46.875000 85.937500 4.235294
v 50.781250 82.031250 -2.705882
v 54.687500 82.031250 -8.117647
v 50.781250 85.937500 0.058824
v 54.687500 82.031250 -8.117647
v 54.687500 85.937500 -5.764706
v 50.781250 85.937500 0.058824
v 50.781250 85.937500 0.058824
v 54.687500 85.937500 -5.764706
v 50.781250 89.843750 2.588235
v 54.687500 85.937500 -5.764706
v 54.687500 89.843750 -2.941176
v 50.781250 89.843750 2.588235
v 218.750000 179.687500 4.235294
v 218.750000 183.593750 4.470588
v 214.843750 183.593750 -0.117647
v 218.750000 179.687500 4.235294
v 222.656250 179.687500 5.764706
v 218.750000 183.593750 4.470588
v 222.656250 179.687500 5.764706
v 222.656250 183.593750 5.764706
v 218.750000 183.593750 4.470588
v 214.843750 183.593750 -0.117647
v 218.750000 183.593750 4.470588
v 214.843750 187.500000 -0.058824
v 218.750000 183.593750 4.470588
v 218.750000 187.500000 4.470588
v 214.843750 187.500000 -0.058824
v 218.750000 183.593750 4.470588
v 222.656250 183.593750 5.764706
v 218.750000 187.500000 4.470588
v 222.656250 183.593750 5.764706
v 222.656250 187.500000 5.764706
v 218.750000 187.500000 4.470588
v 214.843750 187.500000 -0.058824
v 218.750000 187.500000 4.470588
v 214.843750 191.406250 -0.058824
v 218.750000 187.500000 4.470588
v 218.750000 191.406250 4.470588
v 214.843750 191.406250 -0.058824
v 218.750000 187.500000 4.470588
v 222.656250 187.500000 5.764706
v 218.750000 191.406250 4.470588
v 222.656250 187.500000 5.764706
v 222.656250 191.406250 5.764706
v 218.750000 191.406250 4.470588
v 214.843750 191.406250 -0.058824
v 218.750000 191.406250 4.470588
v 214.843750 195.312500 -0.058824
v 218.750000 191.406250 4.470588
v 218.750000 195.312500 4.470588
v 214.843750 195.312500 -0.058824
v 218.750000 191.406250 4.470588
v 222.656250 191.406250 5.764706
v 218.750000 195.312500 4.470588
v 222.656250 191.406250 5.764706
v 222.656250 195.312500 5.764706
v 218.750000 195.312500 4.470588
v 214.843750 195.312500 -0.058824
v 218.750000 195.312500 4.470588
v 214.843750 199.218750 -0.058824
v 218.750000 195.312500 4.470588
v 218.750000 199.218750 4.470588
v 214.843750 199.218750 -0.058824
v 218.750000 195.312500 4.470588
v 222.656250 195.312500 5.764706
v 218.750000 199.218750 4.470588
v 222.656250 195.312500 5.764706
v 222.656250 199.218750 5.764706
v 218.750000 199.218750 4.470588
v 214.843750 199.218750 -0.058824
v 214.843750 203.125000 0.058824
v 210.937500 203.125000 -6.352941
v 214.843750 199.218750 -0.058824
v 218.750000 199.218750 4.470588
v 214.843750 203.125000 0.058824
v 218.750000 199.218750 4.470588
v 218.750000 203.125000 4.588235
v 214.843750 203.125000 0.058824
v 218.750000 199.218750 4.470588
v 222.656250 199.218750 5.764706
v 218.750000 203.125000 4.588235
v 222.656250 199.218750 5.764706
v 222.656250 203.125000 5.764706
v 218.750000 203.125000 4.588235
v 210.937500 203.125000 -6.352941
v 214.843750 203.125000 0.058824
v 210.937500 207.031250 -6.000000
v 214.843750 203.125000 0.058824
v 214.843750 207.031250 0.176471
v 210.937500 207.031250 -6.000000
v 214.843750 203.125000 0.058824
v 218.750000 203.125000 4.588235
v 214.843750 207.031250 0.176471
v 218.750000 203.125000 4.588235
v 218.750000 207.031250 4.588235
v 214.843750 207.031250 0.176471
v 218.750000 203.125000 4.588235
v 222.656250 203.125000 5.764706
v 218.750000 207.031250 4.588235
v 210.937500 207.031250 -6.000000
v 214.843750 207.031250 0.176471
v 210.937500 210.937500 -5.764706
v 214.843750 207.031250 0.176471
v 214.843750 210.937500 0.588235
v 210.937500 210.937500 -5.764706
v 31.250000 210.937500 4.235294
v 31.250000 214.843750 2.705882
v 27.343750 214.843750 5.294118
v 31.250000 210.937500 4.235294
v 35.156250 210.937500 -0.176471
v 31.250000 214.843750 2.705882
v 35.156250 210.937500 -0.176471
v 35.156250 214.843750 -2.588235
v 31.250000 214.843750 2.705882
v 210.937500 210.937500 -5.764706
v 214.843750 210.937500 0.588235
v 210.937500 214.843750 -5.176471
v 27.343750 214.843750 5.294118
v 31.250000 214.843750 2.705882
v 27.343750 218.750000 4.000000
v 31.250000 214.843750 2.705882
v 31.250000 218.750000 -0.058824
v 27.343750 218.750000 4.000000
v 31.250000 214.843750 2.705882
v 35.156250 214.843750 -2.588235
v 31.250000 218.750000 -0.058824
v 210.937500 214.843750 -5.176471
v 214.843750 214.843750 0.941176
v 210.937500 218.750000 -3.294118
v 214.843750 214.843750 0.941176
v 214.843750 218.750000 2.235294
v 210.937500 218.750000 -3.294118
v 210.937500 218.750000 -3.294118
v 210.937500 222.656250 0.176471
v 207.031250 222.656250 -4.588235
v 210.937500 218.750000 -3.294118
v 214.843750 218.750000 2.235294
v 210.937500 222.656250 0.176471
v 207.031250 222.656250 -4.588235
v 207.031250 226.562500 0.117647
v 203.125000 226.562500 -4.470588
v 207.031250 222.656250 -4.588235
v 210.937500 222.656250 0.176471
v 207.031250 226.562500 0.117647
v 210.937500 222.656250 0.176471
v 210.937500 226.562500 3.647059
v 207.031250 226.562500 0.117647
v 210.937500 222.656250 0.176471
v 214.843750 222.656250 4.000000
v 210.937500 226.562500 3.647059
v 214.843750 222.656250 4.000000
v 214.843750 226.562500 5.294118
v 210.937500 226.562500 3.647059
v 203.125000 226.562500 -4.470588
v 203.125000 230.468750 0.470588
v 199.218750 230.468750 -4.117647
v 203.125000 226.562500 -4.470588
v 207.031250 226.562500 0.117647
v 203.125000 230.468750 0.470588
v 207.031250 226.562500 0.117647
v 210.937500 226.562500 3.647059
v 207.031250 230.468750 3.764706
v 210.937500 226.562500 3.647059
v 210.937500 230.468750 5.411765
v 207.031250 230.468750 3.764706
v 210.937500 226.562500 3.647059
v 214.843750 226.562500 5.294118
v 210.937500 230.468750 5.411765
v 11.718750 238.281250 0.588235
v 11.718750 242.187500 -4.235294
v 7.812500 242.187500 0.117647
v 11.718750 238.281250 0.588235
v 15.625000 238.281250 -4.000000
v 11.718750 242.187500 -4.235294
v 7.812500 242.187500 0.117647
v 7.812500 246.093750 -4.470588
v 3.906250 246.093750 0.470588
v 7.812500 242.187500 0.117647
v 11.718750 242.187500 -4.235294
v 7.812500 246.093750 -4.470588
v 3.906250 246.093750 0.470588
v 7.812500 246.093750 -4.470588
v 3.906250 250.000000 -2.235294
v -78.125000 -54.687500 0.000000
v -82.031250 -50.781250 -0.117647
v -78.125000 -50.781250 0.000000
v -78.125000 -54.687500 0.000000
v -78.125000 -50.781250 0.000000
v -74.218750 -54.687500 0.000000
v -74.218750 -54.687500 0.000000
v -78.125000 -50.781250 0.000000
v -74.218750 -50.781250 0.000000
v -82.031250 -50.781250 -0.117647
v -85.937500 -46.875000 0.000000
v -82.031250 -46.875000 0.000000
v -82.031250 -50.781250 -0.117647
v -82.031250 -46.875000 0.000000
v -78.125000 -50.781250 0.000000
v -78.125000 -50.781250 0.000000
v -82.031250 -46.875000 0.000000
v -78.125000 -46.875000 0.000000
v -78.125000 -50.781250 0.000000
v -78.125000 -46.875000 0.000000
v -74.218750 -50.781250 0.000000
v -85.937500 -46.875000 0.000000
v -85.937500 -42.968750 0.000000
v -82.031250 -46.875000 0.000000
v -82.031250 -46.875000 0.000000
v -85.937500 -42.968750 0.000000
v -82.031250 -42.968750 0.000000
v -82.031250 -46.875000 0.000000
v -82.031250 -42.968750 0.000000
v -78.125000 -46.875000 0.000000
v 218.750000 -42.968750 0.000000
v 214.843750 -39.062500 0.000000
v 218.750000 -39.062500 0.000000
v 218.750000 -42.968750 0.000000
v 218.750000 -39.062500 0.000000
v 222.656250 -42.968750 0.000000
v 222.656250 -42.968750 0.000000
v 218.750000 -39.062500 0.000000
v 222.656250 -39.062500 0.000000
v 210.937500 -39.062500 0.000000
v 207.031250 -35.156250 0.000000
v 210.937500 -35.156250 0.000000
v 210.937500 -39.062500 0.000000
v 210.937500 -35.156250 0.000000
v 214.843750 -39.062500 0.000000
v 214.843750 -39.062500 0.000000
v 210.937500 -35.156250 0.000000
v 214.843750 -35.156250 -0.058824
v 214.843750 -39.062500 -0.000000
v 214.843750 -35.156250 -0.058824
v 218.750000 -39.062500 -0.000000
v 218.750000 -39.062500 0.000000
v 214.843750 -35.156250 -0.058824
v 218.750000 -35.156250 0.000000
v 218.750000 -39.062500 0.000000
v 218.750000 -35.156250 0.000000
v 222.656250 -39.062500 0.000000
v 222.656250 -39.062500 0.000000
v 218.750000 -35.156250 0.000000
v 222.656250 -35.156250 0.000000
v 207.031250 -35.156250 0.000000
v 207.031250 -31.250000 0.000000
v 210.937500 -35.156250 0.000000
v 210.937500 -35.156250 0.000000
v 207.031250 -31.250000 0.000000
v 210.937500 -31.250000 0.000000
v 210.937500 -35.156250 -0.000000
v 210.937500 -31.250000 -0.000000
v 214.843750 -35.156250 -0.058824
v 214.843750 -35.156250 -0.058824
v 210.937500 -31.250000 -0.000000
v 214.843750 -31.250000 -0.058824
v 214.843750 -35.156250 -0.058824
v 214.843750 -31.250000 -0.058824
v 218.750000 -35.156250 0.000000
v 218.750000 -35.156250 0.000000
v 214.843750 -31.250000 -0.058824
v 218.750000 -31.250000 0.000000
v 218.750000 -35.156250 0.000000
v 218.750000 -31.250000 0.000000
v 222.656250 -35.156250 0.000000
v 222.656250 -35.156250 0.000000
v 218.750000 -31.250000 0.000000
v 222.656250 -31.250000 0.000000
v 207.031250 -31.250000 0.000000
v 207.031250 -27.343750 0.000000
v 210.937500 -31.250000 0.000000
v 210.937500 -31.250000 0.000000
v 207.031250 -27.343750 0.000000
v 210.937500 -27.343750 0.000000
v 210.937500 -31.250000 -0.000000
v 210.937500 -27.343750 -0.000000
v 214.843750 -31.250000 -0.058824
v 214.843750 -31.250000 -0.058824
v 210.937500 -27.343750 -0.000000
v 214.843750 -27.343750 -0.058824
v 214.843750 -31.250000 -0.058824
v 214.843750 -27.343750 -0.058824
v 218.750000 -31.250000 0.000000
v 218.750000 -31.250000 0.000000
v 214.843750 -27.343750 -0.058824
v 218.750000 -27.343750 0.000000
v 218.750000 -31.250000 0.000000
v 218.750000 -27.343750 0.000000
v 222.656250 -31.250000 0.000000
v 222.656250 -31.250000 0.000000
v 218.750000 -27.343750 0.000000
v 222.656250 -27.343750 0.000000
v 207.031250 -27.343750 0.000000
v 207.031250 -23.437500 0.000000
v 210.937500 -27.343750 0.000000
v 210.937500 -27.343750 0.000000
v 207.031250 -23.437500 0.000000
v 210.937500 -23.437500 0.000000
v 210.937500 -27.343750 -0.000000
v 210.937500 -23.437500 -0.000000
v 214.843750 -27.343750 -0.058824
v 214.843750 -27.343750 -0.058824
v 210.937500 -23.437500 -0.000000
v 214.843750 -23.437500 -0.058824
v 214.843750 -27.343750 -0.058824
v 214.843750 -23.437500 -0.058824
v 218.750000 -27.343750 0.000000
v 218.750000 -27.343750 0.000000
v 214.843750 -23.437500 -0.058824
v 218.750000 -23.437500 0.000000
v 218.750000 -27.343750 0.000000
v 218.750000 -23.437500 0.000000
v 222.656250 -27.343750 0.000000
v 222.656250 -27.343750 0.000000
v 218.750000 -23.437500 0.000000
v 222.656250 -23.437500 0.000000
v 207.031250 -23.437500 0.000000
v 207.031250 -19.531250 0.000000
v 210.937500 -23.437500 0.000000
v 210.937500 -23.437500 0.000000
v 207.031250 -19.531250 0.000000
v 210.937500 -19.531250 0.000000
v 210.937500 -23.437500 -0.000000
v 210.937500 -19.531250 -0.000000
v 214.843750 -23.437500 -0.058824
v 214.843750 -23.437500 -0.058824
v 210.937500 -19.531250 -0.000000
v 214.843750 -19.531250 -0.058824
v 214.843750 -23.437500 -0.058824
v 214.843750 -19.531250 -0.058824
v 218.750000 -23.437500 0.000000
v 218.750000 -23.437500 0.000000
v 214.843750 -19.531250 -0.058824
v 218.750000 -19.531250 0.000000
v 218.750000 -23.437500 0.000000
v 218.750000 -19.531250 0.000000
v 222.656250 -23.437500 0.000000
v 222.656250 -23.437500 0.000000
v 218.750000 -19.531250 0.000000
v 222.656250 -19.531250 0.000000
v 207.031250 -19.531250 0.000000
v 207.031250 -15.625000 0.000000
v 210.937500 -19.531250 0.000000
v 210.937500 -19.531250 0.000000
v 207.031250 -15.625000 0.000000
v 210.937500 -15.625000 0.000000
v 210.937500 -19.531250 -0.000000
v 210.937500 -15.625000 -0.000000
v 214.843750 -19.531250 -0.058824
v 214.843750 -19.531250 -0.058824
v 210.937500 -15.625000 -0.000000
v 214.843750 -15.625000 -0.058824
v 214.843750 -19.531250 -0.058824
v 214.843750 -15.625000 -0.058824
v 218.750000 -19.531250 0.000000
v 218.750000 -19.531250 0.000000
v 214.843750 -15.625000 -0.058824
v 218.750000 -15.625000 0.000000
v 218.750000 -19.531250 0.000000
v 218.750000 -15.625000 0.000000
v 222.656250 -19.531250 0.000000
v 222.656250 -19.531250 0.000000
v 218.750000 -15.625000 0.000000
v 222.656250 -15.625000 0.000000
v 207.031250 -15.625000 0.000000
v 207.031250 -11.718750 0.000000
v 210.937500 -15.625000 0.000000
v 210.937500 -15.625000 0.000000
v 207.031250 -11.718750 0.000000
v 210.937500 -11.718750 0.000000
v 210.937500 -15.625000 -0.000000
v 210.937500 -11.718750 -0.000000
v 214.843750 -15.625000 -0.058824
v 214.843750 -15.625000 -0.058824
v 210.937500 -11.718750 -0.000000
v 214.843750 -11.718750 -0.058824
v 214.843750 -15.625000 -0.058824
v 214.843750 -11.718750 -0.058824
v 218.750000 -15.625000 0.000000
v 218.750000 -15.625000 0.000000
v 214.843750 -11.718750 -0.058824
v 218.750000 -11.718750 0.000000
v 218.750000 -15.625000 0.000000
v 218.750000 -11.718750 0.000000
v 222.656250 -15.625000 0.000000
v 222.656250 -15.625000 0.000000
v 218.750000 -11.718750 0.000000
v 222.656250 -11.718750 0.000000
v 207.031250 -11.718750 0.000000
v 207.031250 -7.812500 0.000000
v 210.937500 -11.718750 0.000000
v 210.937500 -11.718750 0.000000
v 207.031250 -7.812500 0.000000
v 210.937500 -7.812500 0.000000
v 210.937500 -11.718750 -0.000000
v 210.937500 -7.812500 -0.000000
v 214.843750 -11.718750 -0.058824
v 214.843750 -11.718750 -0.058824
v 210.937500 -7.812500 -0.000000
v 214.843750 -7.812500 -0.058824
v 214.843750 -11.718750 -0.058824
v 214.843750 -7.812500 -0.058824
v 218.750000 -11.718750 0.000000
v 218.750000 -11.718750 0.000000
v 214.843750 -7.812500 -0.058824
v 218.750000 -7.812500 0.000000
v 218.750000 -11.718750 0.000000
v 218.750000 -7.812500 0.000000
v 222.656250 -11.718750 0.000000
v 222.656250 -11.718750 0.000000
v 218.750000 -7.812500 0.000000
v 222.656250 -7.812500 0.000000
v 207.031250 -7.812500 0.000000
v 207.031250 -3.906250 0.000000
v 210.937500 -7.812500 0.000000
v 210.937500 -7.812500 0.000000
v 207.031250 -3.906250 0.000000
v 210.937500 -3.906250 0.000000
v 210.937500 -7.812500 -0.000000
v 210.937500 -3.906250 -0.000000
v 214.843750 -7.812500 -0.058824
v 214.843750 -7.812500 -0.058824
v 210.937500 -3.906250 -0.000000
v 214.843750 -3.906250 -0.058824
v 214.843750 -7.812500 -0.058824
v 214.843750 -3.906250 -0.058824
v 218.750000 -7.812500 0.000000
v 218.750000 -7.812500 0.000000
v 214.843750 -3.906250 -0.058824
v 218.750000 -3.906250 0.000000
v 218.750000 -7.812500 0.000000
v 218.750000 -3.906250 0.000000
v 222.656250 -7.812500 0.000000
v 222.656250 -7.812500 0.000000
v 218.750000 -3.906250 0.000000
v 222.656250 -3.906250 0.000000
v 207.031250 -3.906250 0.000000
v 207.031250 0.000000 0.000000
v 210.937500 -3.906250 0.000000
v 210.937500 -3.906250 0.000000
v 207.031250 0.000000 0.000000
v 210.937500 0.000000 0.000000
v 210.937500 -3.906250 -0.000000
v 210.937500 0.000000 -0.000000
v 214.843750 -3.906250 -0.058824
v 214.843750 -3.906250 -0.058824
v 210.937500 -0.000000 -0.000000
v 214.843750 -0.000000 -0.117647
v 214.843750 -3.906250 -0.058824
v 214.843750 -0.000000 -0.117647
v 218.750000 -3.906250 0.000000
v 218.750000 -3.906250 -0.000000
v 214.843750 -0.000000 -0.117647
v 218.750000 -0.000000 -0.000000
v 218.750000 -3.906250 0.000000
v 218.750000 0.000000 0.000000
v 222.656250 -3.906250 0.000000
v 207.031250 0.000000 0.000000
v 207.031250 3.906250 0.000000
v 210.937500 0.000000 0.000000
v 210.937500 -0.000000 0.000000
v 207.031250 3.906250 0.000000
v 210.937500 3.906250 0.000000
v 210.937500 -0.000000 0.000000
v 210.937500 3.906250 0.000000
v 214.843750 -0.000000 -0.117647
v 70.312500 27.343750 0.000000
v 66.406250 31.250000 0.000000
v 70.312500 31.250000 0.000000
v 70.312500 27.343750 0.000000
v 70.312500 31.250000 0.000000
v 74.218750 27.343750 0.000000
v 74.218750 27.343750 0.000000
v 70.312500 31.250000 0.000000
v 74.218750 31.250000 0.117647
v 66.406250 31.250000 0.000000
v 66.406250 35.156250 0.000000
v 70.312500 31.250000 0.000000
v 70.312500 31.250000 -0.000000
v 66.406250 35.156250 -0.000000
v 70.312500 35.156250 0.176471
v 70.312500 31.250000 0.000000
v 70.312500 35.156250 0.176471
v 74.218750 31.250000 0.117647
v 74.218750 31.250000 0.117647
v 70.312500 35.156250 0.176471
v 74.218750 35.156250 0.000000
v 74.218750 31.250000 0.117647
v 74.218750 35.156250 -0.000000
v 78.125000 31.250000 -0.000000
v 78.125000 31.250000 0.000000
v 74.218750 35.156250 0.000000
v 78.125000 35.156250 0.000000
v 70.312500 35.156250 0.176471
v 70.312500 39.062500 0.000000
v 74.218750 35.156250 0.000000
v 74.218750 35.156250 0.000000
v 70.312500 39.062500 0.000000
v 74.218750 39.062500 0.000000
v 74.218750 35.156250 0.000000
v 74.218750 39.062500 0.000000
v 78.125000 35.156250 0.000000
v 66.406250 58.593750 -0.000000
v 62.500000 62.500000 0.058824
v 66.406250 62.500000 -0.000000
v 66.406250 58.593750 0.000000
v 66.406250 62.500000 0.000000
v 70.312500 58.593750 0.000000
v 70.312500 58.593750 0.000000
v 66.406250 62.500000 0.000000
v 70.312500 62.500000 0.000000
v 58.593750 62.500000 0.000000
v 54.687500 66.406250 0.000000
v 58.593750 66.406250 0.000000
v 58.593750 62.500000 0.000000
v 58.593750 66.406250 0.000000
v 62.500000 62.500000 0.058824
v 62.500000 62.500000 0.058824
v 58.593750 66.406250 0.000000
v 62.500000 66.406250 -0.117647
v 62.500000 62.500000 0.058824
v 62.500000 66.406250 -0.117647
v 66.406250 62.500000 -0.000000
v 66.406250 62.500000 0.000000
v 62.500000 66.406250 -0.117647
v 66.406250 66.406250 0.000000
v 66.406250 62.500000 0.000000
v 66.406250 66.406250 0.000000
v 70.312500 62.500000 0.000000
v 54.687500 66.406250 0.000000
v 54.687500 70.312500 0.000000
v 58.593750 66.406250 0.000000
v 58.593750 66.406250 0.000000
v 54.687500 70.312500 0.000000
v 58.593750 70.312500 0.000000
v 58.593750 66.406250 -0.000000
v 58.593750 70.312500 -0.000000
v 62.500000 66.406250 -0.117647
v 218.750000 179.687500 -0.000000
v 214.843750 183.593750 -0.117647
v 218.750000 183.593750 -0.000000
v 218.750000 179.687500 0.000000
v 218.750000 183.593750 0.000000
v 222.656250 179.687500 0.000000
v 222.656250 179.687500 0.000000
v 218.750000 183.593750 0.000000
v 222.656250 183.593750 0.000000
v 210.937500 183.593750 0.000000
v 207.031250 187.500000 0.000000
v 210.937500 187.500000 0.000000
v 210.937500 183.593750 0.000000
v 210.937500 187.500000 0.000000
v 214.843750 183.593750 -0.117647
v 214.843750 183.593750 -0.117647
v 210.937500 187.500000 0.000000
v 214.843750 187.500000 -0.058824
v 214.843750 183.593750 -0.117647
v 214.843750 187.500000 -0.058824
v 218.750000 183.593750 -0.000000
v 218.750000 183.593750 0.000000
v 214.843750 187.500000 -0.058824
v 218.750000 187.500000 0.000000
v 218.750000 183.593750 0.000000
v 218.750000 187.500000 0.000000
v 222.656250 183.593750 0.000000
v 222.656250 183.593750 0.000000
v 218.750000 187.500000 0.000000
v 222.656250 187.500000 0.000000
v 207.031250 187.500000 0.000000
v 207.031250 191.406250 0.000000
v 210.937500 187.500000 0.000000
v 210.937500 187.500000 0.000000
v 207.031250 191.406250 0.000000
v 210.937500 191.406250 0.000000
v 210.937500 187.500000 -0.000000
v 210.937500 191.406250 -0.000000
v 214.843750 187.500000 -0.058824
v 214.843750 187.500000 -0.058824
v 210.937500 191.406250 -0.000000
v 214.843750 191.406250 -0.058824
v 214.843750 187.500000 -0.058824
v 214.843750 191.406250 -0.058824
v 218.750000 187.500000 0.000000
v 218.750000 187.500000 0.000000
v 214.843750 191.406250 -0.058824
v 218.750000 191.406250 0.000000
v 218.750000 187.500000 0.000000
v 218.750000 191.406250 0.000000
v 222.656250 187.500000 0.000000
v 222.656250 187.500000 0.000000
v 218.750000 191.406250 0.000000
v 222.656250 191.406250 0.000000
v 207.031250 191.406250 0.000000
v 207.031250 195.312500 0.000000
v 210.937500 191.406250 0.000000
v 210.937500 191.406250 0.000000
v 207.031250 195.312500 0.000000
v 210.937500 195.312500 0.000000
v 210.937500 191.406250 -0.000000
v 210.937500 195.312500 -0.000000
v 214.843750 191.406250 -0.058824
v 214.843750 191.406250 -0.058824
v 210.937500 195.312500 -0.000000
v 214.843750 195.312500 -0.058824
v 214.843750 191.406250 -0.058824
v 214.843750 195.312500 -0.058824
v 218.750000 191.406250 0.000000
v 218.750000 191.406250 0.000000
v 214.843750 195.312500 -0.058824
v 218.750000 195.312500 0.000000
v 218.750000 191.406250 0.000000
v 218.750000 195.312500 0.000000
v 222.656250 191.406250 0.000000
v 222.656250 191.406250 0.000000
v 218.750000 195.312500 0.000000
v 222.656250 195.312500 0.000000
v 207.031250 195.312500 0.000000
v 207.031250 199.218750 0.000000
v 210.937500 195.312500 0.000000
v 210.937500 195.312500 0.000000
v 207.031250 199.218750 0.000000
v 210.937500 199.218750 0.000000
v 210.937500 195.312500 -0.000000
v 210.937500 199.218750 -0.000000
v 214.843750 195.312500 -0.058824
v 214.843750 195.312500 -0.058824
v 210.937500 199.218750 -0.000000
v 214.843750 199.218750 -0.058824
v 214.843750 195.312500 -0.058824
v 214.843750 199.218750 -0.058824
v 218.750000 195.312500 0.000000
v 218.750000 195.312500 0.000000
v 214.843750 199.218750 -0.058824
v 218.750000 199.218750 0.000000
v 218.750000 195.312500 0.000000
v 218.750000 199.218750 0.000000
v 222.656250 195.312500 0.000000
v 222.656250 195.312500 0.000000
v 218.750000 199.218750 0.000000
v 222.656250 199.218750 0.000000
v 207.031250 199.218750 0.000000
v 207.031250 203.125000 0.000000
v 210.937500 199.218750 0.000000
v 210.937500 199.218750 0.000000
v 207.031250 203.125000 0.000000
v 210.937500 203.125000 0.000000
v 210.937500 199.218750 -0.000000
v 210.937500 203.125000 -0.000000
v 214.843750 199.218750 -0.058824
v 214.843750 199.218750 -0.058824
v 210.937500 203.125000 0.000000
v 214.843750 203.125000 0.058824
v 214.843750 199.218750 -0.058824
v 214.843750 203.125000 0.058824
v 218.750000 199.218750 -0.000000
v 218.750000 199.218750 -0.000000
v 214.843750 203.125000 0.058824
v 218.750000 203.125000 -0.000000
v 218.750000 199.218750 0.000000
v 218.750000 203.125000 0.000000
v 222.656250 199.218750 0.000000
v 222.656250 199.218750 0.000000
v 218.750000 203.125000 0.000000
v 222.656250 203.125000 0.000000
v 207.031250 203.125000 0.000000
v 207.031250 207.031250 0.000000
v 210.937500 203.125000 0.000000
v 210.937500 203.125000 0.000000
v 207.031250 207.031250 0.000000
v 210.937500 207.031250 0.000000
v 210.937500 203.125000 0.000000
v 210.937500 207.031250 0.000000
v 214.843750 203.125000 0.058824
v 214.843750 203.125000 0.058824
v 210.937500 207.031250 0.000000
v 214.843750 207.031250 0.176471
v 214.843750 203.125000 0.058824
v 214.843750 207.031250 0.176471
v 218.750000 203.125000 0.000000
v 218.750000 203.125000 0.000000
v 214.843750 207.031250 0.176471
v 218.750000 207.031250 0.000000
v 218.750000 203.125000 0.000000
v 218.750000 207.031250 0.000000
v 222.656250 203.125000 0.000000
v 207.031250 207.031250 0.000000
v 207.031250 210.937500 0.000000
v 210.937500 207.031250 0.000000
v 210.937500 207.031250 0.000000
v 207.031250 210.937500 0.000000
v 210.937500 210.937500 0.000000
v 210.937500 207.031250 -0.000000
v 210.937500 210.937500 -0.000000
v 214.843750 207.031250 0.176471
v 31.250000 210.937500 0.000000
v 27.343750 214.843750 0.000000
v 31.250000 214.843750 0.000000
v 31.250000 210.937500 0.000000
v 31.250000 214.843750 0.000000
v 35.156250 210.937500 -0.176471
v 35.156250 210.937500 -0.176471
v 31.250000 214.843750 -0.000000
v 35.156250 214.843750 -0.000000
v 35.156250 210.937500 -0.176471
v 35.156250 214.843750 -0.000000
v 39.062500 210.937500 -0.000000
v 39.062500 210.937500 0.000000
v 35.156250 214.843750 0.000000
v 39.062500 214.843750 0.000000
v 27.343750 214.843750 0.000000
v 27.343750 218.750000 0.000000
v 31.250000 214.843750 0.000000
v 31.250000 214.843750 -0.000000
v 27.343750 218.750000 -0.000000
v 31.250000 218.750000 -0.058824
v 31.250000 214.843750 -0.000000
v 31.250000 218.750000 -0.058824
v 35.156250 214.843750 -0.000000
v 35.156250 214.843750 0.000000
v 31.250000 218.750000 -0.058824
v 35.156250 218.750000 0.000000
v 35.156250 214.843750 0.000000
v 35.156250 218.750000 0.000000
v 39.062500 214.843750 0.000000
v 207.031250 218.750000 0.000000
v 203.125000 222.656250 0.000000
v 207.031250 222.656250 0.000000
v 207.031250 218.750000 0.000000
v 207.031250 222.656250 0.000000
v 210.937500 218.750000 0.000000
v 210.937500 218.750000 0.000000
v 207.031250 222.656250 0.000000
v 210.937500 222.656250 0.176471
v 203.125000 222.656250 0.000000
v 203.125000 226.562500 0.000000
v 207.031250 222.656250 0.000000
v 207.031250 222.656250 0.000000
v 203.125000 226.562500 0.000000
v 207.031250 226.562500 0.117647
v 207.031250 222.656250 -0.000000
v 207.031250 226.562500 0.117647
v 210.937500 222.656250 0.176471
v 210.937500 222.656250 0.176471
v 207.031250 226.562500 0.117647
v 210.937500 226.562500 -0.000000
v 210.937500 222.656250 0.176471
v 210.937500 226.562500 -0.000000
v 214.843750 222.656250 -0.000000
v 214.843750 222.656250 0.000000
v 210.937500 226.562500 0.000000
v 214.843750 226.562500 0.000000
v 207.031250 226.562500 0.117647
v 207.031250 230.468750 -0.000000
v 210.937500 226.562500 -0.000000
v 210.937500 226.562500 0.000000
v 207.031250 230.468750 0.000000
v 210.937500 230.468750 0.000000
v 210.937500 226.562500 0.000000
v 210.937500 230.468750 0.000000
v 214.843750 226.562500 0.000000
vn 0.337984 -0.007991 0.941118
vn 0.666392 0.136573 0.732987
vn 0.655608 -0.069731 0.751875
vn 0.742461 0.069534 0.666271
vn -0.425659 0.515264 0.743853
vn -0.391038 0.604882 0.693690
vn -0.290403 0.625559 0.724115
vn -0.303667 0.671647 0.675779
vn -0.370043 0.685443 0.627085
vn -0.337337 0.545330 0.767346
vn -0.236139 0.612738 0.754182
vn -0.051383 0.082014 0.995306
vn -0.198167 0.330591 0.922735
vn -0.018843 0.038954 0.999063
vn 0.177826 0.000000 0.984062
vn 0.020793 0.093688 0.995385
vn 0.123444 -0.103062 0.986985
vn 0.688274 -0.329232 0.646440
vn -0.323534 0.764272 0.557866
vn -0.360465 0.738318 0.570045
vn -0.349448 0.724250 0.594432
vn -0.515098 0.369833 0.773238
vn -0.310994 0.502256 0.806859
vn -0.204718 0.426727 0.880906
vn -0.000922 0.000298 1.000000
vn 0.189659 -0.161094 0.968545
vn 0.383325 -0.532395 0.754730
vn 0.604817 -0.495546 0.623403
vn 0.577768 -0.540485 0.611605
vn -0.362201 0.771627 0.522879
vn -0.416628 0.737117 0.532052
vn -0.416628 0.737117 0.532052
vn -0.416628 0.737117 0.532052
vn -0.302426 0.772872 0.557860
vn -0.302426 0.772872 0.557860
vn -0.302426 0.772872 0.557860
vn -0.524537 0.613440 0.590382
vn -0.524538 0.613440 0.590382
vn -0.524538 0.613440 0.590382
vn -0.204435 0.705304 0.678788
vn -0.403443 0.554737 0.727668
vn -0.534291 0.436155 0.724087
vn -0.056450 0.096320 0.993748
vn -0.058007 0.056838 0.996697
vn -0.000833 0.000648 1.000000
vn -0.013431 0.020561 0.999698
vn 0.000000 0.000000 1.000000
vn -0.001443 0.002648 0.999995
vn 0.000000 0.000000 1.000000
vn 0.000000 0.000000 1.000000
vn 0.000000 0.000000 1.000000
vn -0.000096 0.000068 1.000000
vn 0.000000 0.000000 1.000000
vn 0.000000 0.000000 1.000000
vn 0.434037 -0.444293 0.783719
vn 0.564385 -0.567042 0.599944
vn 0.458299 -0.665419 0.589220
vn -0.477191 0.695573 0.537092
vn -0.477190 0.695573 0.537092
vn -0.477190 0.695573 0.537092
vn -0.396097 0.752570 0.526067
vn -0.396097 0.752570 0.526067
vn -0.396097 0.752570 0.526067
vn -0.389382 0.754926 0.527702
vn -0.389382 0.754926 0.527702
vn -0.389382 0.754926 0.527702
vn -0.506604 0.670021 0.542608
vn -0.506604 0.670021 0.542608
vn -0.506604 0.670021 0.542608
vn -0.288033 0.614294 0.734630
vn -0.401600 0.736545 0.544260
vn 0.048888 -0.074686 0.996008
vn 0.513665 -0.533400 0.672036
vn 0.581021 -0.612778 0.535648
vn 0.648643 -0.501085 0.572867
vn -0.410359 0.736010 0.538418
vn -0.483948 0.669691 0.563302
vn -0.410714 0.669485 0.618953
vn -0.386633 0.465726 0.795999
vn -0.027607 0.033613 0.999054
vn 0.104277 -0.050628 0.993259
vn 0.397436 -0.374912 0.837547
vn 0.524205 -0.391541 0.756244
vn 0.665340 -0.478484 0.573041
vn 0.557713 -0.593732 0.580034
vn -0.423447 0.710522 0.562006
vn -0.469084 0.726315 0.502421
vn -0.346987 0.594385 0.725470
vn -0.289630 0.412612 0.863635
vn -0.019570 0.458685 0.888384
vn -0.103662 0.133222 0.985650
vn -0.051453 0.171164 0.983898
vn -0.010888 -0.068277 0.997607
vn 0.522020 -0.536822 0.662810
vn 0.676483 -0.519148 0.522357
vn 0.676474 -0.519166 0.522350
vn 0.676474 -0.519166 0.522350
vn 0.676474 -0.519166 0.522350
vn -0.423090 0.725038 0.543429
vn -0.463338 0.690626 0.555296
vn -0.407712 0.714250 0.568875
vn -0.365800 0.553049 0.748550
vn -0.136177 0.222865 0.965291
vn -0.000092 0.000104 1.000000
vn -0.010382 0.014534 0.999840
vn -0.116883 0.772860 0.623720
vn -0.262290 0.494283 0.828787
vn 0.096209 -0.013081 0.995275
vn 0.496569 -0.308000 0.811514
vn 0.738263 -0.360552 0.570061
vn 0.738263 -0.360552 0.570061
vn 0.738263 -0.360552 0.570061
vn 0.604980 -0.533810 0.590801
vn 0.604980 -0.533810 0.590801
vn 0.604980 -0.533810 0.590801
vn 0.675549 -0.494303 0.547081
vn 0.675549 -0.494303 0.547081
vn 0.675549 -0.494303 0.547081
vn 0.753818 -0.384924 0.532534
vn 0.753818 -0.384924 0.532534
vn 0.753818 -0.384924 0.532534
vn -0.392565 0.737507 0.549524
vn -0.475810 0.668498 0.571590
vn -0.327230 0.660953 0.675324
vn -0.145572 0.169099 0.974789
vn -0.038436 0.040676 0.998433
vn 0.000000 0.000000 1.000000
vn -0.153689 0.840577 0.519433
vn -0.109758 0.846706 0.520617
vn -0.498619 0.615575 0.610284
vn -0.510670 0.541249 0.668032
vn -0.297432 0.370369 0.879978
vn 0.388653 -0.003604 0.921377
vn 0.705515 -0.166001 0.688979
vn 0.595395 -0.330772 0.732185
vn 0.721542 0.152671 0.675329
vn 0.790339 -0.252242 0.558335
vn 0.790339 -0.252242 0.558335
vn 0.790339 -0.252242 0.558335
vn 0.808572 -0.214514 0.547900
vn 0.808572 -0.214514 0.547900
vn 0.808572 -0.214514 0.547900
vn -0.430466 0.721905 0.541805
vn -0.437821 0.718322 0.540673
vn -0.403331 0.711413 0.575514
vn -0.426223 0.518247 0.741455
vn -0.142597 0.384584 0.912010
vn 0.000000 0.000000 1.000000
vn -0.563174 0.625084 0.540468
vn -0.498874 0.645466 0.578359
vn -0.282235 0.478133 0.831704
vn -0.086354 0.329080 0.940345
vn 0.542376 0.395236 0.741362
vn 0.744210 0.310768 0.591249
vn 0.818437 0.150324 0.554585
vn -0.410847 0.732273 0.543121
vn -0.508763 0.638696 0.577258
vn -0.531507 0.618634 0.578613
vn -0.201509 0.715357 0.669073
vn -0.383751 0.586766 0.713050
vn -0.549603 0.431060 0.715628
vn -0.221697 0.228784 0.947897
vn -0.135489 0.183423 0.973652
vn -0.458363 0.673297 0.580151
vn -0.517818 0.607300 0.602538
vn -0.478669 0.641231 0.599748
vn -0.162399 0.720643 0.674018
vn -0.128759 0.714083 0.688118
vn -0.406650 0.549517 0.729840
vn 0.479289 0.602905 0.637799
vn 0.647023 0.474600 0.596755
vn -0.402740 0.750203 0.524401
vn -0.448436 0.718995 0.530991
vn -0.427688 0.724359 0.540729
vn -0.292846 0.621569 0.726562
vn -0.300229 0.787093 0.538839
vn -0.317353 0.777688 0.542668
vn -0.166257 0.798569 0.578487
vn 0.273341 0.761359 0.587892
vn -0.424138 0.724119 0.543837
vn -0.501538 0.650163 0.570743
vn -0.378588 0.707787 0.596413
vn -0.440347 0.497208 0.747582
vn -0.128487 0.249600 0.959787
vn -0.392113 0.730681 0.558885
vn -0.465465 0.674387 0.573188
vn -0.379450 0.642178 0.666052
vn -0.185002 0.354205 0.916686
vn -0.423377 0.728112 0.539077
vn -0.478485 0.678881 0.556931
vn -0.463709 0.682023 0.565525
vn -0.485582 0.558632 0.672414
vn -0.241387 0.420036 0.874815
vn -0.134405 0.269902 0.953461
vn -0.424766 0.739406 0.522353
vn -0.460349 0.714336 0.527070
vn -0.460349 0.714336 0.527070
vn -0.460349 0.714336 0.527070
vn -0.306388 0.765971 0.565169
vn -0.306388 0.765971 0.565169
vn -0.306388 0.765971 0.565168
vn -0.511466 0.619146 0.595869
vn -0.511466 0.619146 0.595869
vn -0.511466 0.619146 0.595869
vn -0.204436 0.705298 0.678793
vn -0.366473 0.540108 0.757615
vn -0.554649 0.413271 0.722199
vn -0.219323 0.196741 0.955610
vn -0.459276 0.709062 0.535067
vn -0.459276 0.709062 0.535067
vn -0.459276 0.709062 0.535067
vn -0.414179 0.740740 0.528924
vn -0.414179 0.740739 0.528924
vn -0.414179 0.740739 0.528924
vn -0.407546 0.743173 0.530659
vn -0.407546 0.743173 0.530659
vn -0.407546 0.743173 0.530659
vn -0.506604 0.670021 0.542608
vn -0.506604 0.670021 0.542608
vn -0.506604 0.670021 0.542608
vn -0.344867 0.601287 0.720778
vn -0.394757 0.738855 0.546132
vn -0.187456 0.353101 0.916613
vn -0.013782 0.035353 0.999280
vn -0.016452 0.024892 0.999555
vn -0.015654 0.027493 0.999499
vn -0.410847 0.732273 0.543121
vn -0.511894 0.635994 0.577474
vn -0.549600 0.601941 0.579316
vn -0.223898 0.702228 0.675830
vn -0.382000 0.628607 0.677443
vn -0.529157 0.453564 0.717129
vn -0.328151 0.474845 0.816602
vn -0.384746 0.761639 0.521419
vn -0.440841 0.724405 0.529998
vn -0.435371 0.709224 0.554485
vn -0.340931 0.583069 0.737426
vn -0.224753 0.297110 0.928015
vn -0.428252 0.720491 0.545429
vn -0.480807 0.672206 0.562995
vn -0.455279 0.687425 0.565834
vn -0.420832 0.647386 0.635446
vn -0.302641 0.522503 0.797119
vn -0.016551 0.033418 0.999304
vn 0.324168 -0.778003 0.538169
vn 0.385005 -0.741199 0.549904
vn 0.478092 -0.575211 0.663747
vn 0.613171 -0.531235 0.584646
vn -0.449966 0.725696 0.520477
vn -0.438439 0.712168 0.548259
vn -0.341366 0.619692 0.706719
vn -0.276736 0.465438 0.840705
vn -0.024940 0.039899 0.998892
vn -0.000157 0.000335 1.000000
vn 0.466191 -0.487545 0.738218
vn 0.660158 -0.491297 0.568171
vn 0.591980 -0.559122 0.580468
vn -0.432082 0.717081 0.546900
vn -0.457031 0.695404 0.554559
vn -0.385281 0.728916 0.565898
vn -0.295189 0.638617 0.710656
vn -0.249580 0.489307 0.835636
vn -0.010789 0.019418 0.999753
vn -0.000199 0.000405 1.000000
vn -0.002711 0.006767 0.999974
vn 0.105594 -0.168476 0.980034
vn 0.542208 -0.471902 0.695211
vn 0.643235 -0.525435 0.556926
vn 0.606372 -0.548687 0.575548
vn -0.365699 0.752663 0.547506
vn -0.354559 0.746863 0.562568
vn -0.239337 0.676626 0.696344
vn -0.198994 0.409691 0.890255
vn -0.005691 0.009798 0.999936
vn 0.042985 -0.034359 0.998485
vn 0.617207 -0.404257 0.675005
vn 0.666821 -0.492263 0.559488
vn 0.644581 -0.514181 0.565804
vn -0.317778 0.785981 0.530331
vn -0.354262 0.760430 0.544283
vn -0.324264 0.756763 0.567594
vn -0.332949 0.682773 0.650358
vn -0.222815 0.580761 0.782988
vn -0.147252 0.339858 0.928877
vn 0.051470 -0.031423 0.998180
vn 0.704726 -0.412335 0.577357
vn -0.320115 0.784281 0.531441
vn -0.332839 0.767520 0.547843
vn -0.418701 0.671762 0.611086
vn -0.160042 0.730191 0.664235
vn -0.310108 0.728703 0.610594
vn -0.424747 0.544547 0.723228
vn -0.233585 0.554701 0.798590
vn -0.141453 0.244894 0.959176
vn 0.485218 -0.337598 0.806592
vn 0.557792 -0.368887 0.743499
vn 0.723108 -0.405109 0.559465
vn 0.575410 -0.576676 0.579956
vn -0.303250 0.800888 0.516350
vn -0.345296 0.759247 0.551647
vn -0.345639 0.747940 0.566675
vn -0.222297 0.669042 0.709202
vn -0.132466 0.267128 0.954513
vn -0.012153 0.025246 0.999607
vn 0.571590 -0.524590 0.630944
vn 0.631670 -0.570302 0.525118
vn 0.625120 -0.534822 0.568498
vn -0.308958 0.785834 0.535734
vn -0.359435 0.748444 0.557349
vn -0.311761 0.758637 0.572080
vn -0.294764 0.648096 0.702200
vn -0.189832 0.409381 0.892396
vn 0.029931 -0.033414 0.998993
vn 0.421321 -0.523665 0.740448
vn 0.482232 -0.673207 0.560575
vn 0.528008 -0.609257 0.591619
vn -0.317778 0.785981 0.530331
vn -0.354263 0.760429 0.544285
vn -0.324264 0.756763 0.567594
vn -0.332949 0.682774 0.650358
vn -0.222815 0.580761 0.782988
vn -0.147252 0.339858 0.928877
vn 0.026982 -0.048110 0.998478
vn 0.409500 -0.498231 0.764248
vn 0.440554 -0.694627 0.568688
vn 0.404720 -0.713591 0.571829
vn -0.320115 0.784281 0.531441
vn -0.332839 0.767519 0.547843
vn -0.418701 0.671762 0.611086
vn -0.160042 0.730190 0.664236
vn -0.310108 0.728703 0.610594
vn -0.424747 0.544547 0.723228
vn -0.235223 0.554593 0.798184
vn -0.122471 0.234639 0.964337
vn 0.005100 -0.001502 0.999986
vn 0.021010 -0.010062 0.999729
vn 0.419840 -0.499468 0.757804
vn 0.598058 -0.581438 0.551594
vn 0.598058 -0.581438 0.551594
vn 0.598058 -0.581438 0.551594
vn 0.458128 -0.703553 0.543261
vn 0.458128 -0.703553 0.543260
vn 0.458128 -0.703553 0.543260
vn 0.483403 -0.692877 0.535017
vn 0.483403 -0.692877 0.535017
vn 0.483403 -0.692877 0.535017
vn 0.553050 -0.634383 0.540088
vn 0.553050 -0.634383 0.540088
vn 0.553050 -0.634383 0.540088
vn -0.303249 0.800889 0.516350
vn -0.345296 0.759247 0.551647
vn -0.345639 0.747940 0.566675
vn -0.266160 0.664143 0.698622
vn -0.197304 0.405350 0.892616
vn -0.022042 0.039128 0.998991
vn -0.001223 0.006384 0.999979
vn 0.019406 0.024823 0.999503
vn 0.264344 -0.367661 0.891599
vn 0.600319 -0.364491 0.711874
vn 0.248312 -0.682852 0.687062
vn 0.385774 -0.479269 0.788340
vn 0.587652 -0.570376 0.573879
vn 0.587652 -0.570376 0.573879
vn 0.587652 -0.570376 0.573879
vn 0.404093 -0.723999 0.559048
vn 0.404093 -0.723999 0.559048
vn 0.404093 -0.723999 0.559048
vn 0.519161 -0.676473 0.522357
vn 0.519161 -0.676473 0.522357
vn 0.519161 -0.676473 0.522357
vn 0.569321 -0.632578 0.525090
vn 0.610149 -0.557705 0.562746
vn 0.569895 -0.519846 0.636381
vn -0.314266 0.781960 0.538308
vn -0.383132 0.728527 0.567854
vn -0.336679 0.751725 0.567060
vn -0.239254 0.664980 0.707502
vn -0.188304 0.357520 0.914724
vn 0.008536 0.016388 0.999829
vn 0.017360 0.081819 0.996496
vn -0.012955 0.026409 0.999567
vn -0.004878 0.015866 0.999862
vn 0.020808 -0.017191 0.999636
vn 0.422863 -0.537731 0.729405
vn 0.517476 -0.648039 0.558806
vn 0.554762 -0.594541 0.582031
vn -0.318837 0.781945 0.535634
vn -0.374617 0.738842 0.560156
vn -0.326939 0.752486 0.571730
vn -0.304055 0.654620 0.692115
vn -0.195566 0.413033 0.889470
vn -0.014519 0.041646 0.999027
vn -0.022420 0.015216 0.999633
vn -0.003644 0.002997 0.999989
vn -0.000104 0.000865 1.000000
vn 0.009978 -0.024912 0.999640
vn 0.470144 -0.514571 0.717064
vn 0.491296 -0.660160 0.568171
vn 0.482420 -0.667784 0.566865
vn -0.335997 0.775774 0.534116
vn -0.365436 0.753593 0.546401
vn -0.331085 0.754843 0.566211
vn -0.383449 0.650151 0.655950
vn -0.172034 0.548499 0.818263
vn -0.116068 0.487276 0.865500
vn 0.209900 0.373196 0.903696
vn 0.004732 0.680167 0.733042
vn -0.167594 0.503407 0.847640
vn 0.000508 -0.000178 1.000000
vn 0.007738 -0.025305 0.999650
vn 0.423593 -0.453794 0.783990
vn 0.417760 -0.594376 0.687164
vn 0.481990 -0.693974 0.534871
vn 0.393737 -0.755985 0.522932
vn -0.332421 0.778447 0.532463
vn -0.335116 0.779771 0.528824
vn -0.350212 0.752942 0.557162
vn -0.139431 0.736992 0.661363
vn -0.173038 0.739392 0.650659
vn -0.322119 0.622764 0.713024
vn -0.142608 0.624079 0.768237
vn -0.076838 0.566217 0.820667
vn -0.059890 0.403906 0.912838
vn 0.087494 0.188200 0.978226
vn 0.516134 0.625558 0.585050
vn 0.366864 0.708737 0.602580
vn 0.126280 0.810211 0.572373
vn -0.066969 0.828755 0.555591
vn -0.262242 0.768926 0.583080
vn -0.400486 0.660131 0.635482
vn -0.282728 0.487702 0.825961
vn -0.360388 0.239848 0.901440
vn -0.282641 0.216568 0.934458
vn 0.009937 -0.024789 0.999643
vn 0.241726 -0.385638 0.890422
vn 0.542013 -0.433613 0.719862
vn 0.202968 -0.710382 0.673915
vn 0.272803 -0.588852 0.760810
vn 0.515198 -0.621792 0.589869
vn 0.436971 -0.685515 0.582345
vn 0.328942 -0.774429 0.540423
vn 0.325063 -0.749102 0.577218
vn -0.233226 0.824066 0.516256
vn -0.244654 0.818835 0.519282
vn -0.227478 0.820740 0.524060
vn -0.143056 0.811258 0.566918
vn -0.186228 0.763533 0.618334
vn -0.186228 0.763533 0.618334
vn -0.186228 0.763533 0.618334
vn -0.186228 0.763533 0.618334
vn -0.075600 0.774903 0.627542
vn -0.075600 0.774904 0.627542
vn -0.075600 0.774903 0.627542
vn -0.148089 0.740444 0.655601
vn -0.148089 0.740444 0.655601
vn -0.148089 0.740444 0.655601
vn -0.059789 0.747359 0.661725
vn -0.149708 0.764871 0.626547
vn -0.204706 0.667990 0.715461
vn -0.081299 0.626320 0.775315
vn -0.100939 0.435447 0.894538
vn 0.590023 0.569154 0.572658
vn -0.316131 0.790327 0.524828
vn -0.408115 0.734608 0.542028
vn -0.408115 0.734608 0.542028
vn -0.408115 0.734608 0.542028
vn -0.380364 0.744187 0.549099
vn -0.380364 0.744187 0.549099
vn -0.380364 0.744187 0.549099
vn -0.647287 0.511020 0.565578
vn -0.647287 0.511020 0.565578
vn -0.647287 0.511020 0.565578
vn -0.298587 0.639827 0.708143
vn -0.482644 0.365471 0.795918
vn -0.686243 0.228749 0.690467
vn 0.003568 -0.018064 0.999831
vn 0.184955 -0.365257 0.912348
vn 0.336009 -0.679121 0.652605
vn 0.364422 -0.766483 0.528868
vn 0.303250 -0.800888 0.516350
vn -0.117493 0.845953 0.520153
vn -0.117493 0.845953 0.520153
vn -0.117493 0.845953 0.520153
vn -0.143388 0.836426 0.528991
vn -0.143388 0.836426 0.528991
vn -0.143388 0.836426 0.528991
vn -0.151176 0.835446 0.528370
vn -0.151176 0.835446 0.528370
vn -0.151176 0.835446 0.528370
vn -0.142437 0.838796 0.525484
vn -0.142437 0.838796 0.525484
vn -0.142437 0.838796 0.525484
vn -0.133026 0.833195 0.536741
vn -0.160720 0.814094 0.558050
vn -0.156553 0.819924 0.550650
vn -0.123946 0.789488 0.601121
vn -0.049530 0.562750 0.825142
vn 0.243278 0.611794 0.752678
vn 0.537235 0.597854 0.594937
vn -0.618771 0.569920 0.540661
vn -0.618771 0.569920 0.540661
vn -0.618771 0.569920 0.540661
vn -0.618768 0.569924 0.540659
vn -0.618768 0.569924 0.540659
vn -0.618768 0.569924 0.540659
vn -0.564582 0.598796 0.568058
vn -0.564582 0.598796 0.568058
vn -0.564583 0.598796 0.568058
vn -0.744189 0.380362 0.549097
vn -0.744189 0.380362 0.549097
vn -0.744189 0.380362 0.549097
vn -0.539964 0.535251 0.649573
vn -0.468393 0.369992 0.802318
vn 0.001775 -0.004512 0.999988
vn 0.142834 -0.316700 0.937710
vn 0.424748 -0.544545 0.723229
vn 0.160042 -0.730191 0.664235
vn 0.243270 -0.634421 0.733710
vn 0.444723 -0.662549 0.602703
vn 0.354502 -0.726647 0.588483
vn 0.338724 -0.651585 0.678751
vn 0.384930 -0.753812 0.532537
vn 0.384930 -0.753812 0.532537
vn 0.384930 -0.753812 0.532537
vn 0.330250 -0.786312 0.522158
vn 0.330250 -0.786312 0.522158
vn 0.330250 -0.786312 0.522158
vn 0.316131 -0.790327 0.524827
vn 0.316131 -0.790327 0.524827
vn 0.316131 -0.790327 0.524827
vn 0.371138 -0.758417 0.535780
vn 0.371138 -0.758417 0.535780
vn 0.371138 -0.758417 0.535781
vn -0.140565 0.840757 0.522848
vn -0.140566 0.843395 0.518581
vn -0.191643 0.799560 0.569190
vn -0.204625 0.789267 0.578952
vn -0.176084 0.798170 0.576124
vn -0.084668 0.778163 0.622330
vn 0.041732 0.693724 0.719031
vn 0.158005 0.762578 0.627303
vn 0.333090 0.764536 0.551848
vn -0.703774 0.484823 0.519278
vn -0.703774 0.484823 0.519278
vn -0.703774 0.484823 0.519278
vn -0.649164 0.537287 0.538431
vn -0.676480 0.519154 0.522355
vn -0.551612 0.532966 0.641616
vn -0.420418 0.497804 0.758578
vn -0.061895 0.261677 0.963169
vn -0.009783 0.022717 0.999694
vn 0.131298 -0.300350 0.944749
vn 0.461293 -0.505228 0.729351
vn 0.161216 -0.725468 0.669108
vn 0.249941 -0.508228 0.824156
vn 0.425093 -0.665361 0.613670
vn 0.425093 -0.665361 0.613670
vn 0.425093 -0.665361 0.613670
vn 0.242847 -0.780582 0.575949
vn 0.242847 -0.780582 0.575949
vn 0.242847 -0.780582 0.575949
vn 0.421584 -0.729666 0.538381
vn 0.421584 -0.729666 0.538381
vn 0.421584 -0.729666 0.538381
vn 0.357506 -0.770623 0.527570
vn 0.357506 -0.770623 0.527570
vn 0.357506 -0.770623 0.527570
vn 0.378023 -0.763930 0.522982
vn 0.378023 -0.763930 0.522982
vn 0.378023 -0.763930 0.522982
vn 0.477196 -0.695564 0.537098
vn 0.477196 -0.695564 0.537098
vn 0.477196 -0.695564 0.537098
vn -0.617489 0.585302 0.525480
vn -0.477973 0.675694 0.561231
vn -0.300960 0.605395 0.736831
vn -0.184601 0.181861 0.965841
vn -0.010688 0.030934 0.999464
vn 0.019316 -0.023533 0.999536
vn 0.399502 -0.469984 0.787091
vn 0.196403 -0.442610 0.874941
vn 0.491845 -0.480918 0.725814
vn 0.204436 -0.705298 0.678793
vn 0.310995 -0.502251 0.806862
vn 0.524534 -0.613446 0.590379
vn 0.524534 -0.613446 0.590379
vn 0.524535 -0.613446 0.590379
vn 0.302430 -0.772865 0.557867
vn 0.302430 -0.772865 0.557867
vn 0.302430 -0.772865 0.557867
vn 0.455160 -0.721980 0.521129
vn 0.455160 -0.721980 0.521129
vn 0.455160 -0.721980 0.521129
vn 0.419858 -0.746415 0.516318
vn 0.411721 -0.701441 0.581779
vn 0.581761 -0.288116 0.760621
vn -0.423580 0.714068 0.557393
vn -0.438360 0.699790 0.564034
vn -0.351158 0.758283 0.549268
vn -0.245864 0.681829 0.688956
vn -0.151813 0.297167 0.942679
vn 0.000172 -0.000182 1.000000
vn 0.051082 -0.054367 0.997214
vn 0.313872 -0.650389 0.691721
vn 0.460233 -0.692988 0.554935
vn 0.423091 -0.725035 0.543431
vn 0.462092 -0.674299 0.576014
vn -0.327673 0.781959 0.530255
vn -0.369175 0.751266 0.547091
vn -0.328897 0.755130 0.567102
vn -0.402349 0.567618 0.718279
vn -0.150061 0.480616 0.863997
vn -0.155686 0.299929 0.941172
vn 0.036810 -0.071085 0.996791
vn 0.435666 -0.499333 0.748908
vn 0.383021 -0.734724 0.559889
vn 0.372676 -0.709353 0.598273
vn -0.324225 0.784484 0.528642
vn -0.316130 0.790329 0.524826
vn -0.389617 0.746763 0.539021
vn -0.389617 0.746763 0.539021
vn -0.389617 0.746763 0.539021
vn -0.206945 0.793286 0.572601
vn -0.206945 0.793286 0.572601
vn -0.206945 0.793286 0.572601
vn -0.409774 0.670532 0.618444
vn -0.409774 0.670532 0.618444
vn -0.409774 0.670532 0.618444
vn -0.161215 0.725471 0.669105
vn -0.329219 0.660702 0.674603
vn -0.438691 0.526436 0.728296
vn -0.254907 0.641717 0.723341
vn -0.136360 0.326571 0.935284
vn -0.021355 0.051039 0.998468
vn 0.043379 -0.096780 0.994360
vn 0.281262 -0.600924 0.748186
vn 0.486302 -0.662759 0.569439
vn 0.415069 -0.728635 0.544802
vn 0.435139 -0.708221 0.555947
vn -0.352715 0.769557 0.532329
vn -0.352715 0.769557 0.532329
vn -0.352715 0.769557 0.532329
vn -0.316130 0.790329 0.524826
vn -0.316130 0.790329 0.524826
vn -0.316130 0.790329 0.524826
vn -0.316130 0.790329 0.524826
vn -0.316130 0.790329 0.524826
vn -0.316130 0.790329 0.524826
vn -0.371141 0.758413 0.535784
vn -0.371141 0.758413 0.535784
vn -0.371141 0.758413 0.535784
vn -0.359674 0.723294 0.589475
vn -0.454661 0.654715 0.603847
vn -0.180744 0.722979 0.666808
vn -0.325000 0.690244 0.646482
vn -0.410774 0.562110 0.717842
vn -0.191111 0.392584 0.899641
vn -0.007831 0.031253 0.999481
vn -0.004027 0.011657 0.999924
vn 0.025984 -0.038379 0.998925
vn 0.319655 -0.453817 0.831787
vn 0.405794 -0.605089 0.684980
vn 0.467500 -0.705007 0.533301
vn 0.402742 -0.750200 0.524404
vn -0.290680 0.810844 0.507974
vn -0.358049 0.774093 0.522093
vn -0.316280 0.756669 0.572205
vn -0.224107 0.651889 0.724442
vn -0.168274 0.432129 0.885973
vn -0.016594 0.046974 0.998758
vn 0.032031 -0.045229 0.998463
vn 0.141786 -0.278573 0.949892
vn 0.549603 -0.431060 0.715628
vn 0.223899 -0.702226 0.675831
vn 0.384426 -0.607373 0.695208
vn 0.561602 -0.596165 0.573752
vn 0.524426 -0.630426 0.572311
vn 0.442124 -0.711462 0.546212
vn 0.491031 -0.647229 0.583081
vn -0.310545 0.787977 0.531652
vn -0.374618 0.738840 0.560158
vn -0.292949 0.764784 0.573835
vn -0.219595 0.704706 0.674661
vn -0.159961 0.521249 0.838279
vn -0.027199 0.019837 0.999433
vn 0.002119 -0.008435 0.999962
vn 0.049267 -0.081487 0.995456
vn 0.408973 -0.552472 0.726303
vn 0.409578 -0.715369 0.566122
vn 0.421204 -0.694415 0.583416
vn -0.288796 0.793553 0.535603
vn -0.309197 0.777984 0.546935
vn -0.202154 0.796883 0.569308
vn -0.247288 0.725309 0.642476
vn -0.164741 0.602474 0.780952
vn -0.185754 0.359754 0.914370
vn -0.024014 0.004995 0.999699
vn 0.339647 -0.474962 0.811819
vn 0.388727 -0.619463 0.682024
vn 0.502173 -0.654755 0.564906
vn 0.446406 -0.707553 0.547805
vn 0.493509 -0.648983 0.579025
vn -0.213415 0.826072 0.521593
vn -0.206182 0.824726 0.526607
vn -0.201710 0.805419 0.557327
vn -0.307629 0.720959 0.620953
vn -0.340443 0.699808 0.627987
vn -0.139431 0.736992 0.661364
vn -0.368723 0.674317 0.639796
vn -0.415760 0.547049 0.726554
vn -0.370102 0.441687 0.817274
vn -0.445485 0.395692 0.803101
vn 0.092143 -0.131968 0.986962
vn 0.372880 -0.518757 0.769319
vn 0.419259 -0.714261 0.560404
vn 0.426911 -0.699674 0.572890
vn -0.294320 0.805504 0.514334
vn -0.388990 0.751236 0.533227
vn -0.415009 0.706848 0.572830
vn -0.004840 0.019262 0.999803
vn 0.000000 0.000000 1.000000
vn -0.007087 -0.002976 0.999971
vn 0.000000 0.000000 1.000000
vn 0.010620 -0.018272 0.999777
vn 0.241272 -0.321989 0.915484
vn 0.380399 -0.556298 0.738803
vn 0.491090 -0.673545 0.552420
vn 0.463401 -0.698626 0.545143
vn 0.466180 -0.695128 0.547242
vn -0.625129 0.538406 0.565096
vn -0.659517 0.508456 0.553634
vn -0.607789 0.465297 0.643499
vn -0.433360 0.313449 0.844955
vn -0.068249 0.022739 0.997409
vn 0.004580 -0.007094 0.999964
vn 0.304056 -0.478626 0.823691
vn 0.453371 -0.630951 0.629568
vn 0.474763 -0.707552 0.523422
vn 0.482266 -0.674797 0.558631
vn -0.681715 0.512773 0.521851
vn -0.678239 0.480045 0.556371
vn -0.548665 0.395700 0.736470
vn -0.364715 0.233284 0.901422
vn -0.047243 0.005536 0.998868
vn 0.267073 -0.348262 0.898547
vn 0.369712 -0.595641 0.713109
vn 0.485622 -0.682475 0.546260
vn 0.467200 -0.698426 0.542149
vn 0.498617 -0.657617 0.564731
vn -0.645758 0.529854 0.549774
vn -0.645758 0.529854 0.549774
vn -0.645758 0.529854 0.549774
vn -0.735886 0.412428 0.537005
vn -0.735886 0.412428 0.537005
vn -0.735886 0.412428 0.537005
vn -0.413268 0.554650 0.722200
vn -0.256768 0.405213 0.877424
vn -0.705303 0.204430 0.678790
vn 0.062526 -0.082541 0.994624
vn 0.368537 -0.533467 0.761311
vn 0.428879 -0.716475 0.550205
vn 0.443297 -0.705859 0.552495
vn -0.728429 0.432241 0.531563
vn -0.728429 0.432241 0.531563
vn -0.728429 0.432241 0.531563
vn -0.667242 0.512645 0.540354
vn -0.667242 0.512645 0.540354
vn -0.667242 0.512645 0.540354
vn -0.601941 0.549602 0.579314
vn -0.601941 0.549602 0.579314
vn -0.601941 0.549602 0.579314
vn -0.753309 0.351541 0.555827
vn -0.753310 0.351541 0.555827
vn -0.753310 0.351541 0.555827
vn -0.584755 0.361568 0.726175
vn -0.550146 0.192056 0.812683
vn 0.001037 -0.000718 0.999999
vn 0.090539 -0.119064 0.988750
vn 0.428169 -0.566511 0.704086
vn 0.493430 -0.680701 0.541455
vn 0.434780 -0.724635 0.534669
vn -0.719523 0.447700 0.530898
vn -0.719523 0.447700 0.530898
vn -0.719523 0.447700 0.530898
vn -0.663905 0.438465 0.605787
vn -0.755983 0.393734 0.522937
vn -0.000000 0.000000 1.000000
vn 0.229977 -0.292149 0.928310
vn 0.576634 -0.405775 0.709112
vn 0.290505 -0.664015 0.688978
vn 0.290505 -0.664015 0.688978
vn 0.290506 -0.664015 0.688978
vn 0.635951 -0.535533 0.555672
vn 0.635951 -0.535533 0.555672
vn 0.635951 -0.535533 0.555672
vn 0.517786 -0.651410 0.554584
vn 0.517786 -0.651410 0.554584
vn 0.517786 -0.651410 0.554584
vn 0.564191 -0.628667 0.535226
vn 0.564191 -0.628667 0.535225
vn 0.564191 -0.628667 0.535226
vn 0.673363 -0.513040 0.532327
vn 0.673363 -0.513040 0.532327
vn 0.673363 -0.513040 0.532327
vn -0.817318 0.210575 0.536330
vn -0.762129 0.170914 0.624458
vn -0.566575 0.080149 0.820103
vn 0.033534 -0.028619 0.999028
vn 0.386150 -0.110329 0.915814
vn 0.386151 -0.110329 0.915814
vn 0.386150 -0.110329 0.915814
vn 0.110328 -0.386151 0.915814
vn 0.110328 -0.386151 0.915814
vn 0.110328 -0.386151 0.915814
vn 0.652169 -0.294530 0.698518
vn 0.652169 -0.294530 0.698518
vn 0.652169 -0.294530 0.698518
vn 0.341165 -0.618358 0.707983
vn 0.411173 -0.328394 0.850350
vn 0.299062 -0.101878 0.948780
vn 0.689783 -0.476276 0.545308
vn 0.689783 -0.476276 0.545308
vn 0.689783 -0.476276 0.545308
vn 0.581442 -0.598057 0.551591
vn 0.581442 -0.598057 0.551591
vn 0.581442 -0.598057 0.551591
vn -0.831809 0.215651 0.511457
vn 0.675630 -0.494254 0.547025
vn 0.569110 -0.401122 0.717785
vn 0.656325 -0.533245 0.533748
vn 0.629031 -0.550503 0.548878
vn -0.848062 0.094234 0.521450
vn -0.848062 0.094234 0.521450
vn -0.848062 0.094234 0.521450
vn -0.848063 0.094220 0.521451
vn -0.848063 0.094220 0.521451
vn -0.848063 0.094220 0.521451
vn -0.719938 0.123418 0.682977
vn -0.760847 0.039021 0.647757
vn -0.760847 0.039021 0.647757
vn -0.760847 0.039021 0.647757
vn -0.233838 0.058461 0.970517
vn -0.233838 0.058461 0.970517
vn -0.233838 0.058461 0.970517
vn -0.288381 0.000000 0.957516
vn -0.288381 0.000000 0.957516
vn -0.288381 0.000000 0.957516
vn 0.010892 -0.091901 0.995709
vn 0.305039 -0.332836 0.892284
vn 0.559701 -0.531110 0.636127
vn 0.616562 -0.586265 0.525494
vn 0.649736 -0.487581 0.583188
vn -0.851747 0.015776 0.523716
vn -0.851747 0.015776 0.523716
vn -0.851747 0.015776 0.523716
vn -0.853969 0.007833 0.520265
vn -0.853969 0.007833 0.520265
vn -0.853969 0.007833 0.520265
vn -0.761391 0.009762 0.648220
vn -0.761391 0.009762 0.648220
vn -0.761391 0.009762 0.648220
vn -0.757132 0.019667 0.652965
vn -0.757133 0.019667 0.652965
vn -0.757133 0.019667 0.652965
vn -0.288262 0.028826 0.957118
vn -0.288262 0.028826 0.957118
vn -0.288262 0.028826 0.957118
vn -0.314485 0.000000 0.949262
vn -0.314485 0.000000 0.949262
vn -0.314485 0.000000 0.949262
vn 0.450965 -0.462674 0.763259
vn 0.466060 -0.681661 0.564027
vn 0.417729 -0.703405 0.575086
vn -0.757279 0.000000 0.653092
vn -0.757279 0.000000 0.653092
vn -0.757279 0.000000 0.653092
vn -0.757279 0.000000 0.653092
vn -0.757279 0.000000 0.653092
vn -0.757279 0.000000 0.653092
vn -0.314485 0.000000 0.949262
vn -0.314485 0.000000 0.949262
vn -0.314485 0.000000 0.949262
vn -0.314485 0.000000 0.949262
vn -0.314485 0.000000 0.949262
vn -0.314485 0.000000 0.949262
vn 0.022448 -0.015652 0.999626
vn 0.385619 -0.424685 0.819109
vn 0.408340 -0.516214 0.752849
vn 0.575672 -0.608570 0.546118
vn 0.575672 -0.608570 0.546118
vn 0.575672 -0.608570 0.546118
vn 0.443841 -0.718213 0.535887
vn 0.443841 -0.718213 0.535887
vn 0.443841 -0.718213 0.535887
vn 0.462967 -0.710415 0.530067
vn 0.462967 -0.710415 0.530067
vn 0.462967 -0.710415 0.530067
vn 0.541685 -0.646785 0.536885
vn 0.541685 -0.646785 0.536885
vn 0.541685 -0.646785 0.536885
vn -0.757279 0.000000 0.653092
vn -0.757279 0.000000 0.653092
vn -0.757279 0.000000 0.653092
vn -0.757279 0.000000 0.653092
vn -0.757279 0.000000 0.653092
vn -0.757279 0.000000 0.653092
vn -0.314485 0.000000 0.949262
vn -0.314485 0.000000 0.949262
vn -0.314485 0.000000 0.949262
vn -0.314485 0.000000 0.949262
vn -0.314485 0.000000 0.949262
vn -0.314485 0.000000 0.949262
vn 0.226110 -0.388520 0.893267
vn 0.593398 -0.366828 0.716461
vn 0.227121 -0.691685 0.685556
vn 0.364666 -0.486002 0.794243
vn 0.579055 -0.579057 0.573924
vn 0.579055 -0.579057 0.573924
vn 0.579055 -0.579057 0.573924
vn 0.385078 -0.736672 0.555905
vn 0.385078 -0.736672 0.555905
vn 0.385078 -0.736671 0.555905
vn 0.502061 -0.690333 0.520937
vn 0.502061 -0.690333 0.520937
vn 0.502061 -0.690333 0.520937
vn 0.502060 -0.690334 0.520936
vn 0.573054 -0.582145 0.576815
vn 0.524748 -0.546288 0.652847
vn -0.757279 0.000000 0.653092
vn -0.757279 0.000000 0.653092
vn -0.757279 0.000000 0.653092
vn -0.757279 0.000000 0.653092
vn -0.757279 0.000000 0.653092
vn -0.757279 0.000000 0.653092
vn -0.314485 0.000000 0.949262
vn -0.314485 0.000000 0.949262
vn -0.314485 0.000000 0.949262
vn -0.314485 0.000000 0.949262
vn -0.314485 0.000000 0.949262
vn -0.314485 0.000000 0.949262
vn 0.050740 -0.058856 0.996976
vn 0.348780 -0.526356 0.775437
vn 0.446041 -0.697100 0.561338
vn 0.413299 -0.717953 0.560115
vn -0.757279 0.000000 0.653092
vn -0.757279 0.000000 0.653092
vn -0.757279 0.000000 0.653092
vn -0.757279 0.000000 0.653092
vn -0.757279 0.000000 0.653092
vn -0.757279 0.000000 0.653092
vn -0.314485 0.000000 0.949262
vn -0.314485 0.000000 0.949262
vn -0.314485 0.000000 0.949262
vn -0.314485 0.000000 0.949262
vn -0.314485 0.000000 0.949262
vn -0.314485 0.000000 0.949262
vn 0.000275 -0.000180 1.000000
vn 0.033655 -0.035835 0.998791
vn 0.418503 -0.517022 0.746689
vn 0.558772 -0.624509 0.545676
vn 0.558772 -0.624509 0.545676
vn 0.558772 -0.624509 0.545676
vn 0.443840 -0.718214 0.535886
vn 0.443840 -0.718214 0.535887
vn 0.443840 -0.718214 0.535886
vn 0.462967 -0.710416 0.530067
vn 0.462967 -0.710416 0.530067
vn 0.462967 -0.710416 0.530067
vn 0.541685 -0.646787 0.536884
vn 0.541685 -0.646787 0.536884
vn 0.541685 -0.646787 0.536884
vn -0.757279 0.000000 0.653092
vn -0.757279 0.000000 0.653092
vn -0.757279 0.000000 0.653092
vn -0.757279 0.000000 0.653092
vn -0.757279 0.000000 0.653092
vn -0.757279 0.000000 0.653092
vn -0.314485 0.000000 0.949262
vn -0.314485 0.000000 0.949262
vn -0.314485 0.000000 0.949262
vn -0.314485 0.000000 0.949262
vn -0.314485 0.000000 0.949262
vn -0.314485 0.000000 0.949262
vn -0.063718 0.000622 0.997968
vn 0.264949 -0.386812 0.883277
vn 0.593398 -0.366828 0.716461
vn 0.227121 -0.691686 0.685556
vn 0.357068 -0.487698 0.796651
vn 0.579056 -0.579056 0.573924
vn 0.579056 -0.579056 0.573924
vn 0.579056 -0.579056 0.573924
vn 0.366085 -0.748810 0.552508
vn 0.366085 -0.748810 0.552508
vn 0.366085 -0.748810 0.552508
vn 0.484822 -0.703774 0.519278
vn 0.484822 -0.703774 0.519278
vn 0.484822 -0.703774 0.519278
vn 0.450035 -0.729366 0.515261
vn 0.496118 -0.639071 0.587754
vn 0.492522 -0.557090 0.668636
vn -0.757279 0.000000 0.653092
vn -0.757279 0.000000 0.653092
vn -0.757279 0.000000 0.653092
vn -0.757279 0.000000 0.653092
vn -0.757279 0.000000 0.653092
vn -0.757279 0.000000 0.653092
vn -0.314485 0.000000 0.949262
vn -0.314485 0.000000 0.949262
vn -0.314485 0.000000 0.949262
vn -0.314485 0.000000 0.949262
vn -0.314485 0.000000 0.949262
vn -0.314485 0.000000 0.949262
vn 0.037709 -0.076941 0.996322
vn 0.365008 -0.474854 0.800801
vn 0.298499 -0.787135 0.539739
vn 0.257057 -0.765554 0.589787
vn 0.308370 -0.801762 0.511943
vn -0.757279 0.000000 0.653092
vn -0.757279 0.000000 0.653092
vn -0.757279 0.000000 0.653092
vn -0.757279 0.000000 0.653092
vn -0.757279 0.000000 0.653092
vn -0.757279 0.000000 0.653092
vn -0.314485 0.000000 0.949262
vn -0.314485 0.000000 0.949262
vn -0.314485 0.000000 0.949262
vn -0.314485 0.000000 0.949262
vn -0.314485 0.000000 0.949262
vn -0.314485 0.000000 0.949262
vn 0.074699 -0.128899 0.988840
vn 0.174640 -0.685618 0.706703
vn 0.299615 -0.764976 0.570125
vn 0.252743 -0.797602 0.547679
vn 0.224690 -0.819306 0.527497
vn 0.221591 -0.789834 0.571891
vn -0.757279 0.000000 0.653092
vn -0.757279 0.000000 0.653092
vn -0.757279 0.000000 0.653092
vn -0.757279 0.000000 0.653092
vn -0.757279 0.000000 0.653092
vn -0.757279 0.000000 0.653092
vn -0.314485 0.000000 0.949262
vn -0.314485 0.000000 0.949262
vn -0.314485 0.000000 0.949262
vn -0.314485 0.000000 0.949262
vn -0.314485 0.000000 0.949262
vn -0.314485 0.000000 0.949262
vn 0.012458 -0.007830 0.999892
vn 0.039086 -0.270937 0.961803
vn 0.212869 -0.555713 0.803661
vn 0.152309 -0.686968 0.710547
vn 0.219640 -0.781912 0.583415
vn 0.189887 -0.800766 0.568081
vn 0.150592 -0.837455 0.525348
vn 0.172480 -0.785624 0.594176
vn -0.757242 0.009838 0.653060
vn -0.757242 0.009838 0.653060
vn -0.757242 0.009838 0.653060
vn -0.761427 0.000000 0.648250
vn -0.761427 0.000000 0.648250
vn -0.761427 0.000000 0.648250
vn -0.314485 0.000000 0.949262
vn -0.314485 0.000000 0.949262
vn -0.314485 0.000000 0.949262
vn 0.005123 -0.056879 0.998368
vn 0.135198 -0.538355 0.831803
vn 0.122647 -0.790895 0.599536
vn 0.172562 -0.708595 0.684189
vn 0.214694 -0.813625 0.540298
vn 0.297988 -0.775330 0.556836
vn 0.287804 -0.787335 0.545228
vn 0.363806 -0.739901 0.565855
vn -0.760125 0.058469 0.647141
vn -0.519598 0.041529 0.853401
vn -0.772240 0.037535 0.634222
vn -0.556379 0.003532 0.830921
vn -0.003744 0.000000 0.999993
vn 0.003384 -0.007702 0.999965
vn 0.084543 -0.334479 0.938603
vn 0.226693 -0.512886 0.827985
vn 0.353138 -0.622861 0.698096
vn 0.453810 -0.700697 0.550527
vn 0.481904 -0.682997 0.548894
vn 0.000069 -0.000046 1.000000
vn 0.005530 -0.013388 0.999895
vn 0.334418 -0.468498 0.817725
vn 0.541788 -0.577564 0.610645
vn 0.579460 -0.627265 0.520351
vn 0.656832 -0.511757 0.553784
vn -0.790515 0.002627 0.612437
vn 0.408690 -0.383655 0.828119
vn 0.607484 -0.390567 0.691680
vn 0.685294 -0.473691 0.553163
vn 0.640643 -0.518747 0.566108
vn 0.095087 -0.087053 0.991655
vn 0.607131 -0.555824 0.567849
vn -0.791500 0.000000 0.611169
vn 0.007896 -0.006654 0.999947
vn 0.372115 -0.178120 0.910936
vn 0.715357 -0.201511 0.669073
vn 0.518721 -0.464686 0.717632
vn 0.682539 -0.352812 0.640050
vn 0.781206 -0.339311 0.524009
vn 0.765206 -0.366533 0.529257
vn 0.749383 -0.371427 0.548149
vn 0.559572 -0.246154 0.791383
vn 0.760112 -0.320488 0.565258
vn -0.335870 -0.793875 0.506906
vn -0.335870 -0.793875 0.506906
vn -0.335870 -0.793875 0.506906
vn -0.190923 -0.827332 0.528271
vn -0.149859 -0.818323 0.554879
vn -0.135961 -0.715683 0.685064
vn -0.092773 -0.797734 0.595831
vn -0.018941 -0.612073 0.790575
vn 0.057128 -0.809515 0.584313
vn 0.143166 -0.806665 0.573406
vn 0.266720 -0.656745 0.705369
vn 0.338559 -0.773845 0.535296
vn 0.338559 -0.773845 0.535296
vn 0.338559 -0.773845 0.535296
vn 0.357100 -0.762899 0.538947
vn 0.357100 -0.762899 0.538947
vn 0.357100 -0.762899 0.538947
vn 0.398462 -0.749112 0.529207
vn 0.398462 -0.749112 0.529207
vn 0.398462 -0.749112 0.529207
vn 0.470911 -0.698246 0.539162
vn 0.470911 -0.698246 0.539162
vn 0.470911 -0.698246 0.539162
vn -0.238418 0.000000 0.971163
vn 0.000000 0.000000 1.000000
vn 0.675420 -0.210935 0.706622
vn 0.791695 -0.296150 0.534336
vn 0.743397 -0.360060 0.563665
vn -0.578792 -0.639717 0.505729
vn -0.578792 -0.639717 0.505729
vn -0.578792 -0.639717 0.505729
vn -0.524706 -0.667807 0.527936
vn -0.524706 -0.667807 0.527936
vn -0.524706 -0.667807 0.527936
vn -0.490742 -0.648479 0.581934
vn -0.490742 -0.648479 0.581934
vn -0.490742 -0.648479 0.581934
vn -0.404679 -0.680598 0.610755
vn -0.404679 -0.680598 0.610755
vn -0.404679 -0.680598 0.610755
vn -0.094775 -0.368881 0.924632
vn -0.311633 -0.519006 0.795938
vn 0.039120 -0.225817 0.973384
vn 0.483494 -0.483492 0.729705
vn 0.183389 -0.713181 0.676566
vn 0.314242 -0.491979 0.811917
vn 0.515198 -0.621792 0.589869
vn 0.515198 -0.621792 0.589869
vn 0.515198 -0.621792 0.589869
vn 0.341074 -0.750363 0.566236
vn 0.341074 -0.750363 0.566236
vn 0.341074 -0.750363 0.566236
vn 0.478032 -0.701119 0.529073
vn 0.478032 -0.701118 0.529073
vn 0.478032 -0.701119 0.529073
vn 0.442584 -0.727101 0.524828
vn 0.490087 -0.682499 0.542227
vn 0.378916 -0.582765 0.718893
vn 0.002079 -0.000336 0.999998
vn 0.279355 -0.118037 0.952905
vn 0.772898 -0.263665 0.577156
vn -0.632357 -0.586648 0.505933
vn -0.632357 -0.586648 0.505933
vn -0.632357 -0.586648 0.505933
vn -0.598689 -0.606566 0.523115
vn -0.598689 -0.606566 0.523115
vn -0.598689 -0.606566 0.523115
vn -0.557437 -0.566575 0.606841
vn -0.557437 -0.566575 0.606841
vn -0.557437 -0.566575 0.606841
vn -0.524723 -0.580944 0.622230
vn -0.524723 -0.580944 0.622230
vn -0.524723 -0.580944 0.622230
vn -0.351381 -0.426677 0.833354
vn -0.351381 -0.426677 0.833354
vn -0.351381 -0.426677 0.833354
vn -0.014324 -0.045578 0.998858
vn 0.062372 -0.116991 0.991172
vn 0.416704 -0.521423 0.744632
vn 0.497368 -0.677541 0.541815
vn 0.443841 -0.718213 0.535887
vn -0.613139 0.001753 0.789973
vn 0.409599 -0.066405 0.909846
vn 0.726592 -0.133356 0.674003
vn 0.804140 -0.248487 0.540012
vn 0.802857 -0.244874 0.543561
vn -0.663368 -0.527497 0.530745
vn -0.663368 -0.527496 0.530745
vn -0.663368 -0.527497 0.530745
vn -0.650100 -0.504683 0.568036
vn -0.650100 -0.504683 0.568036
vn -0.650100 -0.504683 0.568036
vn -0.566083 -0.547523 0.616254
vn -0.566083 -0.547523 0.616254
vn -0.566083 -0.547523 0.616254
vn -0.384306 -0.358686 0.850678
vn -0.384306 -0.358686 0.850678
vn -0.384306 -0.358686 0.850678
vn -0.362150 -0.362149 0.858892
vn -0.362149 -0.362149 0.858892
vn -0.362149 -0.362149 0.858892
vn 0.023242 -0.047514 0.998600
vn 0.299394 -0.327389 0.896203
vn 0.588621 -0.385280 0.710693
vn 0.338918 -0.624880 0.703320
vn 0.566982 -0.407926 0.715631
vn 0.673787 -0.490791 0.552391
vn 0.669815 -0.495699 0.552839
vn 0.737669 -0.362255 0.569751
vn 0.834124 -0.143418 0.532606
vn -0.749111 -0.398461 0.529209
vn -0.749111 -0.398461 0.529209
vn -0.749111 -0.398461 0.529209
vn -0.674769 -0.443926 0.589590
vn -0.674769 -0.443926 0.589590
vn -0.674769 -0.443926 0.589590
vn -0.411083 -0.054811 0.909949
vn -0.195666 -0.114996 0.973905
vn -0.503259 -0.334666 0.796699
vn -0.024280 -0.015102 0.999591
vn 0.017941 -0.008602 0.999802
vn 0.529593 -0.148540 0.835145
vn 0.781602 -0.164517 0.601691
vn 0.826933 -0.209953 0.521634
vn 0.840813 -0.160470 0.516993
vn 0.827670 -0.028025 0.560515
vn -0.771482 -0.328294 0.545013
vn -0.771482 -0.328294 0.545013
vn -0.771482 -0.328294 0.545013
vn -0.755385 -0.269779 0.597170
vn -0.755385 -0.269779 0.597170
vn -0.755385 -0.269779 0.597170
vn -0.435425 -0.192596 0.879382
vn 0.839308 -0.115369 0.531275
vn 0.689179 -0.027793 0.724058
vn 0.836508 0.011536 0.547833
vn -0.836807 -0.157886 0.524238
vn -0.836807 -0.157886 0.524238
vn -0.836807 -0.157886 0.524238
vn -0.771136 -0.183604 0.609622
vn -0.771136 -0.183604 0.609622
vn -0.771136 -0.183604 0.609622
vn -0.560416 -0.066387 0.825546
vn -0.747769 -0.118072 0.653376
vn 0.694100 -0.088876 0.714372
vn 0.816242 -0.144146 0.559438
vn -0.003513 0.000146 0.999994
vn 0.016923 -0.001770 0.999855
vn 0.842616 -0.022870 0.538029
vn -0.846463 -0.047913 0.530287
vn -0.846463 -0.047913 0.530287
vn -0.846463 -0.047913 0.530287
vn -0.850162 -0.062976 0.522741
vn -0.850162 -0.062976 0.522741
vn -0.850162 -0.062976 0.522741
vn -0.750682 -0.079017 0.655921
vn -0.764664 -0.011722 0.644323
vn -0.562173 0.004657 0.827007
vn 0.359940 -0.031790 0.932434
vn 0.823455 -0.146646 0.548103
vn 0.840083 -0.080777 0.536411
vn -0.851429 0.031534 0.523521
vn -0.851429 0.031534 0.523521
vn -0.851429 0.031534 0.523521
vn -0.786347 0.034545 0.616819
vn -0.855991 0.015565 0.516756
vn -0.106522 0.001063 0.994310
vn -0.007997 0.007634 0.999939
vn -0.219566 0.001908 0.975596
vn 0.503802 -0.131567 0.853741
vn 0.786760 -0.209803 0.580509
vn 0.786760 -0.209803 0.580509
vn 0.786760 -0.209803 0.580509
vn -0.855680 0.031116 0.516568
vn -0.855680 0.031116 0.516568
vn -0.855680 0.031116 0.516568
vn -0.848357 0.055500 0.526507
vn -0.848357 0.055500 0.526507
vn -0.848357 0.055500 0.526507
vn -0.733215 0.071286 0.676250
vn -0.757132 0.019665 0.652965
vn -0.757132 0.019665 0.652965
vn -0.757132 0.019665 0.652965
vn -0.288261 0.028826 0.957118
vn -0.288261 0.028826 0.957118
vn -0.288261 0.028826 0.957118
vn -0.288261 0.028826 0.957118
vn -0.288261 0.028826 0.957118
vn -0.288261 0.028826 0.957118
vn -0.213570 0.077321 0.973863
vn 0.791497 -0.149613 0.592577
vn 0.000019 0.000014 1.000000
vn 0.436184 -0.172624 0.883144
vn 0.798439 -0.124202 0.589126
vn 0.798439 -0.124202 0.589126
vn 0.798439 -0.124202 0.589126
vn 0.712534 -0.288865 0.639415
vn 0.712534 -0.288865 0.639415
vn 0.712534 -0.288865 0.639415
vn 0.813692 -0.239321 0.529747
vn 0.813691 -0.239321 0.529747
vn 0.813691 -0.239321 0.529747
vn 0.821940 -0.221294 0.524827
vn 0.821940 -0.221294 0.524827
vn 0.821940 -0.221294 0.524827
vn -0.848704 0.047591 0.526722
vn -0.848704 0.047591 0.526722
vn -0.848704 0.047591 0.526722
vn -0.855862 0.023341 0.516678
vn -0.855862 0.023341 0.516678
vn -0.855862 0.023341 0.516678
vn -0.756950 0.029492 0.652808
vn -0.756950 0.029492 0.652808
vn -0.756949 0.029492 0.652808
vn -0.761282 0.019519 0.648127
vn -0.761282 0.019519 0.648127
vn -0.761282 0.019519 0.648127
vn -0.288262 0.028827 0.957118
vn -0.288262 0.028827 0.957118
vn -0.288262 0.028827 0.957118
vn -0.008742 0.012229 0.999887
vn 0.008823 -0.006780 0.999938
vn 0.438664 -0.164443 0.883477
vn 0.836988 -0.185999 0.514641
vn 0.832514 -0.197622 0.517558
vn 0.369940 -0.151378 0.916640
vn 0.738900 -0.119821 0.663076
vn 0.609351 -0.326439 0.722585
vn 0.735163 -0.228576 0.638191
vn 0.818980 -0.236242 0.522936
vn 0.818980 -0.236242 0.522936
vn 0.818980 -0.236242 0.522936
vn 0.810500 -0.254275 0.527669
vn 0.810500 -0.254275 0.527669
vn 0.810500 -0.254275 0.527669
vn -0.749938 0.173065 0.638469
vn -0.400275 0.223206 0.888796
vn -0.694279 0.270107 0.667097
vn 0.644402 -0.228950 0.729608
vn 0.762618 -0.303767 0.571086
vn 0.604260 -0.223853 0.764696
vn 0.797817 -0.218710 0.561831
vn 0.744546 -0.331560 0.579413
vn -0.779945 0.255505 0.571317
vn -0.665189 0.173320 0.726281
vn -0.469622 0.143362 0.871150
vn -0.213017 0.078306 0.973906
vn 0.774270 -0.302864 0.555679
vn 0.642654 -0.280542 0.712946
vn 0.794207 -0.301799 0.527403
vn 0.794207 -0.301799 0.527403
vn -0.779732 0.313688 0.541865
vn -0.015602 0.011916 0.999807
vn 0.029455 -0.010093 0.999515
vn 0.704643 -0.286652 0.649083
vn 0.799342 -0.285234 0.528861
vn 0.774553 -0.322911 0.543871
vn -0.791498 0.002073 0.611168
vn 0.030999 -0.014506 0.999414
vn 0.739452 -0.394372 0.545602
vn 0.739452 -0.394372 0.545602
vn 0.739452 -0.394372 0.545602
vn -0.793758 0.293234 0.532882
vn -0.754958 0.339314 0.561164
vn -0.677371 0.333701 0.655601
vn -0.015113 0.024589 0.999583
vn 0.340355 -0.135361 0.930503
vn 0.754927 -0.326831 0.568565
vn 0.515860 -0.263426 0.815166
vn 0.780581 -0.242849 0.575949
vn 0.780581 -0.242849 0.575949
vn 0.780581 -0.242849 0.575949
vn 0.657527 -0.435261 0.614985
vn 0.657527 -0.435261 0.614985
vn 0.657527 -0.435261 0.614985
vn 0.749113 -0.382697 0.540715
vn 0.749113 -0.382697 0.540715
vn 0.749113 -0.382697 0.540715
vn 0.787332 -0.318116 0.528119
vn 0.787332 -0.318116 0.528119
vn 0.787332 -0.318116 0.528119
vn -0.552315 0.408840 0.726497
vn 0.553772 -0.160321 0.817088
vn 0.329815 -0.105544 0.938127
vn 0.718132 -0.182062 0.671669
vn 0.502656 -0.469873 0.725642
vn 0.650621 -0.342171 0.677947
vn 0.781205 -0.339314 0.524009
vn 0.781205 -0.339314 0.524009
vn 0.781205 -0.339314 0.524009
vn 0.753817 -0.384926 0.532534
vn 0.753817 -0.384926 0.532534
vn 0.753817 -0.384926 0.532534
vn -0.730323 0.396803 0.556036
vn -0.632375 0.495445 0.595513
vn -0.428925 0.433239 0.792671
vn -0.020533 0.044323 0.998806
vn 0.017158 -0.005969 0.999835
vn 0.458666 -0.128210 0.879311
vn 0.736992 -0.139432 0.661363
vn 0.622765 -0.322116 0.713025
vn 0.735462 -0.183199 0.652329
vn 0.824066 -0.233228 0.516256
vn 0.818835 -0.244656 0.519281
vn 0.818297 -0.239549 0.522500
vn 0.005767 -0.003956 0.999976
vn 0.507921 -0.211283 0.835090
vn 0.726646 -0.354502 0.588484
vn 0.662548 -0.444723 0.602703
vn -0.661314 0.482421 0.574398
vn -0.647057 0.504684 0.571500
vn -0.521737 0.521737 0.674967
vn -0.373103 0.373102 0.849464
vn 0.799565 -0.150149 0.581508
vn -0.786352 0.031265 0.616988
vn 0.000000 0.000000 1.000000
vn 0.275040 -0.158165 0.948334
vn 0.730190 -0.160041 0.664236
vn 0.523885 -0.447486 0.724776
vn 0.721033 -0.319698 0.614739
vn 0.791292 -0.321218 0.520265
vn 0.736648 -0.374553 0.563080
vn -0.599332 0.599335 0.530659
vn -0.589579 0.589581 0.552079
vn -0.521737 0.521738 0.674967
vn -0.361399 0.312565 0.878461
vn 0.208883 0.069582 0.975462
vn 0.627703 0.001291 0.778452
vn 0.754618 -0.163895 0.635367
vn -0.771592 0.053297 0.633882
vn 0.579154 -0.248905 0.776291
vn 0.654714 -0.454662 0.603848
vn -0.599332 0.599335 0.530659
vn -0.578956 0.602004 0.549910
vn -0.507751 0.574025 0.642405
vn -0.300520 0.503809 0.809854
vn -0.025640 0.078902 0.996553
vn 0.053103 0.104940 0.993060
vn 0.788041 0.054008 0.613249
vn -0.805082 0.023204 0.592709
vn 0.060768 -0.028649 0.997741
vn 0.372472 -0.186524 0.909106
vn 0.722978 -0.180745 0.666809
vn 0.562112 -0.410772 0.717842
vn 0.725450 -0.268047 0.633934
vn 0.805505 -0.294319 0.514332
vn 0.787920 -0.327354 0.521557
vn 0.780565 -0.297158 0.549923
vn -0.553590 0.646893 0.524470
vn -0.521270 0.659206 0.541964
vn -0.406494 0.695133 0.592919
vn -0.351162 0.583724 0.732087
vn 0.486493 0.512721 0.707419
vn 0.734530 0.351101 0.580683
vn -0.826223 0.004759 0.563323
vn -0.265831 0.003279 0.964014
vn 0.621279 -0.240567 0.745748
vn 0.744410 -0.317564 0.587373
vn -0.454714 0.702564 0.547393
vn -0.385541 0.727456 0.567597
vn -0.254287 0.653235 0.713178
vn -0.030603 0.483814 0.874636
vn 0.102761 0.619876 0.777942
vn 0.416259 0.640594 0.645266
vn 0.001018 -0.000212 1.000000
vn 0.194475 -0.052839 0.979483
vn 0.729674 -0.232133 0.643188
vn 0.803091 -0.275038 0.528582
vn 0.789804 -0.295157 0.537674
vn -0.333657 0.770857 0.542634
vn -0.431886 0.683873 0.588041
vn -0.277994 0.765131 0.580769
vn -0.044742 0.785093 0.617759
vn 0.182897 0.741104 0.645998
vn 0.389126 0.685603 0.615248
vn -0.003190 -0.000151 0.999995
vn 0.780506 -0.264403 0.566481
vn -0.173206 0.834633 0.522866
vn -0.099809 0.847599 0.521166
vn -0.011344 0.846052 0.532979
vn 0.039999 0.819166 0.572160
vn 0.051333 0.821328 0.568142
vn 0.379969 -0.091840 0.920429
vn 0.742361 -0.279462 0.608934
vn -0.636268 -0.001444 0.771467
vn 0.745326 -0.139778 0.651883
vn 0.813743 -0.223390 0.536581
vn 0.793383 -0.246181 0.556721
vn -0.000000 0.000000 1.000000
vn 0.833403 -0.105097 0.542580
vn 0.043800 0.008743 0.999002
vn 0.675470 0.071712 0.733892
vn 0.836904 0.052149 0.544860
vn -0.810838 -0.001580 0.585269
vn 0.523033 0.134854 0.841576
vn 0.819253 0.159050 0.550933
vn 0.783275 0.165433 0.599260
vn 0.832255 0.188434 0.521386
vn -0.000000 0.000000 1.000000
vn 0.001052 0.000386 0.999999
vn 0.614727 0.139101 0.776377
vn 0.797870 0.213768 0.563655
vn -0.814427 -0.028973 0.579542
vn 0.455411 0.155381 0.876617
vn 0.106500 0.096095 0.989658
vn 0.785219 0.242373 0.569812
vn -0.824404 -0.046962 0.564050
vn 0.755491 0.293914 0.585533
vn 0.780581 0.242847 0.575950
vn -0.798255 -0.024417 0.601825
vn 0.560235 0.461156 0.688093
vn -0.762896 -0.000875 0.646521
vn 0.000000 0.000000 1.000000
vn 0.575498 0.558102 0.597766
vn -0.788706 -0.011548 0.614662
vn -0.129430 -0.004162 0.991580
vn 0.526746 0.539576 0.656808
vn 0.542160 0.590803 0.597507
vn 0.256368 0.251339 0.933330
vn 0.563059 0.651936 0.507881
vn -0.583566 -0.017880 0.811869
vn 0.573625 0.625341 0.529059
vn 0.657465 0.418473 0.626595
vn 0.646880 0.528939 0.549336
vn -0.768689 -0.044524 0.638072
vn 0.167199 0.032195 0.985397
vn 0.639639 0.268668 0.720194
vn 0.678145 0.399455 0.616891
vn 0.719664 0.377386 0.582807
vn -0.768174 -0.057611 0.637644
vn -0.760847 -0.039021 0.647757
vn -0.760847 -0.039021 0.647757
vn -0.760847 -0.039021 0.647757
vn -0.364009 -0.056002 0.929710
vn -0.364009 -0.056003 0.929710
vn -0.364009 -0.056002 0.929710
vn -0.314485 0.000000 0.949262
vn -0.314485 0.000000 0.949262
vn -0.314485 0.000000 0.949262
vn 0.675138 0.084100 0.732882
vn 0.735956 0.100815 0.669481
vn 0.785585 0.247630 0.567041
vn 0.798232 0.175654 0.576170
vn -0.761391 -0.009765 0.648220
vn -0.761391 -0.009765 0.648220
vn -0.761391 -0.009765 0.648219
vn -0.757279 0.000000 0.653092
vn -0.757279 0.000000 0.653092
vn -0.757279 0.000000 0.653092
vn -0.314485 0.000000 0.949262
vn -0.314485 0.000000 0.949262
vn -0.314485 0.000000 0.949262
vn -0.314485 0.000000 0.949262
vn -0.314485 0.000000 0.949262
vn -0.314485 0.000000 0.949262
vn 0.825496 0.084312 0.558075
vn -0.757279 0.000000 0.653092
vn -0.757279 0.000000 0.653092
vn -0.757279 0.000000 0.653092
vn -0.757279 0.000000 0.653092
vn -0.757279 0.000000 0.653092
vn -0.757279 0.000000 0.653092
vn -0.314485 0.000000 0.949262
vn -0.314485 0.000000 0.949262
vn -0.314485 0.000000 0.949262
vn -0.314485 0.000000 0.949262
vn -0.314485 0.000000 0.949262
vn -0.314485 0.000000 0.949262
vn -0.001912 -0.000160 0.999998
vn 0.482757 0.060185 0.873684
vn -0.757279 0.000000 0.653092
vn -0.757279 0.000000 0.653092
vn -0.757279 0.000000 0.653092
vn -0.757279 0.000000 0.653092
vn -0.757279 0.000000 0.653092
vn -0.757279 0.000000 0.653092
vn -0.314485 0.000000 0.949262
vn -0.314485 0.000000 0.949262
vn -0.314485 0.000000 0.949262
vn -0.314485 0.000000 0.949262
vn -0.314485 0.000000 0.949262
vn -0.314485 0.000000 0.949262
vn -0.077488 -0.003772 0.996986
vn -0.000000 0.000000 1.000000
vn 0.785323 0.104625 0.610181
vn -0.757279 0.000000 0.653092
vn -0.757279 0.000000 0.653092
vn -0.757279 0.000000 0.653092
vn -0.757279 0.000000 0.653092
vn -0.757279 0.000000 0.653092
vn -0.757279 0.000000 0.653092
vn -0.314485 0.000000 0.949262
vn -0.314485 0.000000 0.949262
vn -0.314485 0.000000 0.949262
vn -0.314485 0.000000 0.949262
vn -0.314485 0.000000 0.949262
vn -0.314485 0.000000 0.949262
vn 0.027305 0.007397 0.999600
vn 0.847668 0.099005 0.521208
vn -0.853890 -0.015665 0.520217
vn -0.853890 -0.015665 0.520217
vn -0.853890 -0.015665 0.520217
vn -0.757132 -0.019668 0.652965
vn -0.757133 -0.019668 0.652965
vn -0.757132 -0.019668 0.652965
vn -0.757132 -0.019667 0.652965
vn -0.757132 -0.019667 0.652965
vn -0.757132 -0.019667 0.652965
vn -0.314357 -0.028578 0.948875
vn -0.314357 -0.028578 0.948875
vn -0.314357 -0.028578 0.948875
vn -0.288381 0.000000 0.957516
vn -0.288381 0.000000 0.957516
vn -0.288381 0.000000 0.957516
vn -0.017434 -0.003893 0.999840
vn -0.853053 -0.046956 0.519707
vn -0.853053 -0.046956 0.519707
vn -0.853053 -0.046956 0.519707
vn -0.845050 -0.016102 0.534444
vn -0.845050 -0.016102 0.534444
vn -0.845051 -0.016102 0.534444
vn -0.757133 -0.019660 0.652966
vn -0.757133 -0.019660 0.652965
vn -0.757133 -0.019660 0.652965
vn -0.748699 0.000000 0.662910
vn -0.748699 0.000000 0.662910
vn -0.748699 0.000000 0.662910
vn -0.288381 0.000000 0.957516
vn -0.288381 0.000000 0.957516
vn -0.288381 0.000000 0.957516
vn -0.461891 -0.022843 0.886642
vn 0.479477 0.109242 0.870728
vn 0.735585 0.186347 0.651299
vn 0.842445 0.148208 0.517997
vn -0.844722 -0.032175 0.534237
vn -0.844722 -0.032175 0.534237
vn -0.844722 -0.032175 0.534237
vn -0.850557 -0.055135 0.522984
vn -0.850557 -0.055135 0.522984
vn -0.850557 -0.055135 0.522984
vn -0.746877 -0.069709 0.661298
vn -0.754324 -0.044179 0.655014
vn -0.399558 -0.055644 0.915018
vn 0.004877 0.003157 0.999983
vn 0.106886 0.098099 0.989420
vn 0.525084 0.310277 0.792474
vn 0.525084 0.310277 0.792474
vn 0.525084 0.310277 0.792474
vn 0.724687 0.251226 0.641650
vn 0.724687 0.251226 0.641650
vn 0.724687 0.251226 0.641650
vn 0.755508 0.344176 0.557450
vn 0.755508 0.344176 0.557450
vn 0.755508 0.344176 0.557450
vn -0.849215 -0.078634 0.522159
vn -0.849215 -0.078634 0.522159
vn -0.849215 -0.078634 0.522159
vn -0.750007 -0.086051 0.655808
vn -0.841842 -0.048559 0.537535
vn 0.532414 0.266207 0.803536
vn 0.532414 0.266207 0.803536
vn 0.532414 0.266207 0.803536
vn 0.646818 0.440586 0.622503
vn 0.646818 0.440586 0.622504
vn 0.646818 0.440586 0.622504
vn 0.741833 0.387403 0.547360
vn 0.741833 0.387403 0.547360
vn 0.741833 0.387403 0.547360
vn -0.815848 -0.251033 0.520936
vn -0.815848 -0.251033 0.520936
vn -0.815848 -0.251033 0.520936
vn -0.802225 -0.187751 0.566731
vn -0.802225 -0.187751 0.566731
vn -0.802225 -0.187751 0.566731
vn -0.601912 -0.297179 0.741206
vn 0.398494 0.386081 0.831952
vn 0.644135 0.448094 0.619921
vn 0.555472 0.526915 0.643282
vn 0.682134 0.519352 0.514749
vn 0.675191 0.533401 0.509510
vn -0.673788 -0.490787 0.552392
vn -0.673788 -0.490787 0.552392
vn -0.673788 -0.490787 0.552392
vn -0.726810 -0.456194 0.513454
vn -0.726810 -0.456194 0.513454
vn -0.726810 -0.456194 0.513454
vn -0.468813 -0.293099 0.833251
vn -0.665668 -0.307234 0.680069
vn -0.004754 -0.002121 0.999987
vn 0.616120 0.578991 0.534009
vn -0.600110 -0.615497 0.510911
vn -0.600110 -0.615497 0.510911
vn -0.600110 -0.615497 0.510911
vn -0.614577 -0.606985 0.503849
vn -0.614577 -0.606985 0.503849
vn -0.614577 -0.606985 0.503849
vn -0.559728 -0.550397 0.619490
vn -0.559728 -0.550397 0.619490
vn -0.559728 -0.550397 0.619490
vn -0.590524 -0.536015 0.603299
vn -0.590524 -0.536015 0.603299
vn -0.590524 -0.536015 0.603299
vn -0.371594 -0.291967 0.881291
vn -0.371594 -0.291967 0.881291
vn -0.371594 -0.291967 0.881291
vn -0.132813 -0.109741 0.985047
vn 0.393557 0.404754 0.825401
vn 0.552694 0.599118 0.579298
vn -0.588788 -0.634078 0.501272
vn -0.588788 -0.634078 0.501272
vn -0.588788 -0.634078 0.501272
vn -0.588787 -0.634080 0.501271
vn -0.588787 -0.634080 0.501271
vn -0.588787 -0.634080 0.501271
vn -0.524723 -0.580945 0.622230
vn -0.431285 -0.443871 0.785476
vn -0.559028 -0.583530 0.589050
vn -0.551090 -0.569460 0.609930
vn -0.551090 -0.569460 0.609930
vn -0.551090 -0.569460 0.609930
vn -0.358686 -0.384308 0.850677
vn -0.358686 -0.384308 0.850677
vn -0.358686 -0.384308 0.850677
vn -0.358686 -0.384306 0.850678
vn -0.358686 -0.384306 0.850678
vn -0.358686 -0.384306 0.850678
vn -0.108004 -0.108873 0.988171
vn 0.126706 0.101976 0.986685
vn 0.547534 0.576943 0.606089
vn 0.584980 0.608837 0.535832
vn 0.583166 0.642978 0.496485
vn -0.597535 -0.617581 0.511414
vn -0.589938 -0.529324 0.609745
vn -0.579313 -0.613157 0.537061
vn 0.000000 0.000000 1.000000
vn 0.000000 0.000000 1.000000
vn 0.000000 0.000000 1.000000
vn 0.516227 0.454266 0.726052
vn 0.545324 0.581679 0.603549
vn 0.519013 0.593158 0.615459
vn 0.574182 0.636256 0.515261
vn 0.574182 0.636256 0.515261
vn 0.574182 0.636256 0.515261
vn 0.594437 0.624921 0.506081
vn 0.594437 0.624921 0.506081
vn 0.594437 0.624921 0.506081
vn -0.599479 -0.595700 0.534570
vn -0.441944 -0.418798 0.793281
vn -0.220412 -0.156928 0.962700
vn 0.017739 0.004435 0.999833
vn 0.370977 0.249490 0.894500
vn 0.615211 0.477961 0.626952
vn 0.574017 0.516616 0.635305
vn 0.634079 0.588788 0.501271
vn 0.634079 0.588788 0.501272
vn 0.634079 0.588788 0.501272
vn 0.585575 0.617227 0.525484
vn 0.585574 0.617227 0.525484
vn 0.585574 0.617227 0.525484
vn -0.694479 -0.479721 0.536253
vn -0.019005 -0.019005 0.999639
vn 0.620985 0.446333 0.644333
vn 0.720777 0.394711 0.569811
vn 0.720777 0.394711 0.569811
vn 0.720777 0.394711 0.569811
vn -0.634780 -0.663611 0.395822
vn -0.038411 -0.998745 0.032134
vn -0.050133 0.000000 -0.998743
vn -0.019384 0.013046 -0.999727
vn 0.034067 0.004282 -0.999410
vn 0.050123 -0.012031 -0.998671
vn -0.000440 0.002900 -0.999996
vn -0.037716 -0.003772 -0.999281
vn 0.000000 0.000000 -1.000000
vn -0.000505 0.002206 -0.999997
vn 0.000000 0.000000 -1.000000
vn -0.000035 -0.000001 -1.000000
vn 0.000000 0.000000 -1.000000
vn 0.000000 0.000000 -1.000000
vn 0.000000 0.000000 -1.000000
vn 0.000000 0.000000 -1.000000
vn 0.000426 0.001278 -0.999999
vn 0.001882 0.000628 -0.999998
vn 0.015056 0.015056 -0.999773
vn 0.000000 0.015057 -0.999887
vn -0.003012 0.012046 -0.999923
vn -0.000162 -0.000553 -1.000000
vn 0.000000 0.000000 -1.000000
vn 0.000000 0.000000 -1.000000
vn 0.000000 0.000000 -1.000000
vn 0.000000 0.000000 -1.000000
vn 0.000158 -0.000158 -1.000000
vn 0.015057 0.000000 -0.999887
vn 0.000000 -0.015057 -0.999887
vn -0.000336 -0.002065 -0.999998
vn -0.003011 -0.015057 -0.999882
vn 0.000000 0.000000 -1.000000
vn 0.000000 0.000000 -1.000000
vn 0.000000 0.000000 -1.000000
vn 0.000247 -0.000247 -1.000000
vn 0.000000 0.000000 -1.000000
vn 0.002065 0.006193 -0.999979
vn -0.001323 0.001323 -0.999998
vn 0.000000 0.000000 -1.000000
vn 0.000398 0.000133 -1.000000
vn 0.004478 0.001493 -0.999989
vn 0.030090 0.030090 -0.999094
vn 0.000000 0.030104 -0.999547
vn -0.030104 0.000000 -0.999547
vn -0.009603 -0.003202 -0.999949
vn -0.000278 -0.000833 -1.000000
vn 0.000000 0.000000 -1.000000
vn 0.000000 0.000000 -1.000000
vn 0.001910 -0.001910 -0.999996
vn 0.030104 0.000000 -0.999547
vn 0.000000 -0.030104 -0.999547
vn -0.030090 -0.030090 -0.999094
vn -0.000184 0.000184 -1.000000
vn 0.001882 -0.001882 -0.999997
vn -0.000701 -0.000180 -1.000000
vn -0.007528 -0.015057 -0.999858
vn 0.000000 -0.015057 -0.999887
vn 0.015057 0.000000 -0.999887
vn 0.000403 0.001208 -0.999999
vn -0.005983 -0.004865 -0.999970
vn -0.015056 -0.015055 -0.999773
vn 0.000000 -0.015057 -0.999887
vn 0.015057 0.000000 -0.999887
vn 0.003049 0.001016 -0.999995
vn -0.000040 0.000021 -1.000000
vn -0.007529 0.000000 -0.999972
vn 0.007528 0.015057 -0.999858
vn 0.000749 0.001289 -0.999999
vn 0.015056 0.015055 -0.999773
vn 0.000158 -0.000158 -1.000000
vn -0.000734 -0.000587 -1.000000
vn -0.015056 -0.012045 -0.999814
vn 0.012045 0.015056 -0.999814
vn 0.000030 0.000038 -1.000000
vn 0.004414 0.005429 -0.999976
vn 0.015056 0.015056 -0.999773
vn 0.000000 0.000000 -1.000000
vn 0.003111 0.001038 -0.999995
vn 0.045085 0.045085 -0.997965
vn 0.000000 0.045130 -0.998981
vn -0.045131 0.000000 -0.998981
vn -0.011086 -0.003698 -0.999932
vn -0.003694 -0.001232 -0.999992
vn -0.000886 -0.002658 -0.999996
vn -0.000105 -0.000315 -1.000000
vn 0.000051 -0.000051 -1.000000
vn 0.000000 0.000000 -1.000000
vn 0.000116 -0.000116 -1.000000
vn 0.045131 0.000000 -0.998981
vn 0.000000 -0.045130 -0.998981
vn -0.002661 -0.007975 -0.999965
vn -0.045085 -0.045085 -0.997965
vn -0.000034 0.000034 -1.000000
vn 0.000300 0.000100 -1.000000
vn -0.015056 -0.015056 -0.999773
vn 0.000000 -0.015057 -0.999887
vn 0.015057 0.000000 -0.999887
vn -0.000254 -0.000085 -1.000000
vn -0.015057 0.000000 -0.999887
vn 0.000000 0.015057 -0.999887
vn 0.000084 0.000252 -1.000000
vn 0.015056 0.015056 -0.999773
vn 0.000000 0.000000 -1.000000
vn 0.000000 0.000000 -1.000000
vn -0.000008 0.000008 -1.000000
vn 0.000000 0.000000 -1.000000
vn -0.015056 -0.015056 -0.999773
vn 0.000000 -0.015057 -0.999887
vn 0.015057 0.000000 -0.999887
vn 0.000585 0.000195 -1.000000
vn 0.001558 0.002217 -0.999996
vn -0.000080 0.000080 -1.000000
vn -0.015057 0.000000 -0.999887
vn 0.000000 0.015057 -0.999887
vn 0.000394 0.001183 -0.999999
vn 0.015056 0.015056 -0.999773
vn 0.000000 0.000000 -1.000000
vn 0.000578 0.000193 -1.000000
vn 0.000000 0.000000 -1.000000
vn 0.000151 -0.000151 -1.000000
vn 0.000000 0.000000 -1.000000
vn 0.000054 -0.000054 -1.000000
vn 0.000000 0.000000 -1.000000
vn -0.000135 -0.000404 -1.000000
vn 0.000899 -0.000899 -0.999999
vn 0.000969 0.000323 -0.999999
vn 0.000230 0.000691 -1.000000
vn 0.000029 -0.000029 -1.000000
vn -0.000921 -0.000307 -1.000000
vn -0.015056 -0.015056 -0.999773
vn 0.000000 -0.015057 -0.999887
vn 0.015057 0.000000 -0.999887
vn 0.000072 0.000217 -1.000000
vn 0.000473 0.001417 -0.999999
vn -0.000164 0.000164 -1.000000
vn 0.030090 0.030090 -0.999094
vn 0.020065 0.030098 -0.999346
vn -0.030098 -0.020065 -0.999346
vn -0.004424 -0.003109 -0.999985
vn -0.000138 0.000138 -1.000000
vn -0.015057 0.000000 -0.999887
vn 0.000000 0.015057 -0.999887
vn 0.015056 0.015056 -0.999773
vn 0.000000 0.000000 -1.000000
vn -0.000357 0.000357 -1.000000
vn 0.030104 0.000000 -0.999547
vn 0.000000 -0.030104 -0.999547
vn -0.000972 -0.002915 -0.999995
vn -0.030090 -0.030090 -0.999094
vn -0.000684 -0.002051 -0.999998
vn -0.000269 0.000269 -1.000000
vn -0.003012 -0.001004 -0.999995
vn -0.000003 0.000003 -1.000000
vn -0.000060 0.000060 -1.000000
vn 0.000000 0.000000 -1.000000
vn -0.000341 0.000227 -1.000000
vn 0.000420 -0.000420 -1.000000
vn -0.000932 -0.002796 -0.999996
vn -0.000824 -0.002472 -0.999997
vn 0.001533 0.001885 -0.999997
vn -0.003575 -0.001192 -0.999993
vn -0.030090 -0.030090 -0.999094
vn 0.000000 -0.030104 -0.999547
vn 0.030104 0.000000 -0.999547
vn 0.004389 0.001464 -0.999989
vn 0.000000 0.000000 -1.000000
vn -0.030090 -0.030090 -0.999094
vn 0.000000 -0.030104 -0.999547
vn 0.030104 0.000000 -0.999547
vn 0.004805 0.001406 -0.999988
vn 0.000000 0.000000 -1.000000
vn -0.030104 0.000000 -0.999547
vn 0.000000 0.030104 -0.999547
vn 0.000541 0.001623 -0.999999
vn 0.030090 0.030090 -0.999094
vn -0.030104 0.000000 -0.999547
vn -0.015055 0.015055 -0.999773
vn 0.000041 0.000362 -1.000000
vn 0.030101 0.015050 -0.999434
vn 0.006584 0.002197 -0.999976
vn 0.045085 0.045085 -0.997965
vn 0.000000 0.045131 -0.998981
vn -0.045131 0.000000 -0.998981
vn -0.002868 -0.000957 -0.999995
vn 0.005301 0.003080 -0.999981
vn 0.030090 0.030090 -0.999094
vn 0.000000 0.030104 -0.999547
vn -0.030104 0.000000 -0.999547
vn -0.005864 -0.001955 -0.999981
vn -0.002194 -0.000731 -0.999997
vn -0.015056 -0.015055 -0.999773
vn 0.000000 -0.015057 -0.999887
vn 0.015057 0.000000 -0.999887
vn 0.005647 0.001883 -0.999982
vn 0.003766 0.011295 -0.999929
vn -0.000058 0.000058 -1.000000
vn -0.000069 -0.000206 -1.000000
vn 0.000000 0.000000 -1.000000
vn 0.000233 -0.000233 -1.000000
vn 0.045131 0.000000 -0.998981
vn 0.000000 -0.045131 -0.998981
vn -0.001626 -0.004874 -0.999987
vn -0.045085 -0.045085 -0.997965
vn 0.000035 -0.000035 -1.000000
vn 0.030101 0.015050 -0.999434
vn -0.015050 -0.030101 -0.999434
vn -0.005571 -0.009590 -0.999938
vn -0.030090 -0.030090 -0.999094
vn 0.000000 0.000000 -1.000000
vn -0.000206 0.000206 -1.000000
vn -0.015057 0.000000 -0.999887
vn 0.000000 0.015057 -0.999887
vn 0.000538 0.001614 -0.999999
vn 0.015056 0.015056 -0.999773
vn 0.019685 0.016583 -0.999669
vn 0.030090 0.030090 -0.999094
vn 0.000000 0.030104 -0.999547
vn -0.030104 0.000000 -0.999547
vn -0.011295 -0.003766 -0.999929
vn 0.001883 0.005647 -0.999982
vn 0.000000 0.000000 -1.000000
vn 0.002378 0.000793 -0.999997
vn 0.000005 -0.000005 -1.000000
vn 0.030095 0.025079 -0.999232
vn -0.025079 -0.030095 -0.999232
vn -0.008210 -0.009746 -0.999919
vn -0.030090 -0.030090 -0.999094
vn 0.005647 0.001883 -0.999982
vn 0.015056 0.015056 -0.999773
vn 0.000000 0.015057 -0.999887
vn -0.015057 0.000000 -0.999887
vn -0.000954 -0.000318 -1.000000
vn 0.000000 0.000000 -1.000000
vn 0.000037 -0.000037 -1.000000
vn 0.001158 -0.001158 -0.999999
vn 0.015057 0.000000 -0.999887
vn 0.000000 -0.015057 -0.999887
vn -0.000241 -0.000724 -1.000000
vn -0.015056 -0.015055 -0.999773
vn 0.000207 0.000069 -1.000000
vn 0.000000 0.000000 -1.000000
vn 0.000000 0.000000 -1.000000
vn 0.030090 0.030090 -0.999094
vn 0.024076 0.030095 -0.999257
vn -0.030095 -0.024076 -0.999257
vn -0.019188 -0.015601 -0.999694
vn -0.001256 -0.003765 -0.999992
vn 0.000331 -0.000331 -1.000000
vn 0.000000 0.000000 -1.000000
vn 0.000000 0.000000 -1.000000
vn 0.000899 -0.000899 -0.999999
vn 0.030104 0.000000 -0.999547
vn 0.000000 -0.030104 -0.999547
vn -0.003766 -0.011295 -0.999929
vn -0.030090 -0.030090 -0.999094
vn -0.011295 -0.003766 -0.999929
vn -0.030090 -0.030090 -0.999094
vn 0.000000 -0.030104 -0.999547
vn 0.030104 0.000000 -0.999547
vn 0.002268 0.000756 -0.999997
vn 0.000092 0.000275 -1.000000
vn -0.000934 -0.000311 -1.000000
vn -0.015056 -0.015056 -0.999773
vn 0.000000 -0.015057 -0.999887
vn 0.015057 0.000000 -0.999887
vn 0.000000 0.000000 -1.000000
vn -0.000360 0.000360 -1.000000
vn -0.030104 0.000000 -0.999547
vn 0.000000 0.030104 -0.999547
vn 0.030090 0.030090 -0.999094
vn 0.000000 0.000000 -1.000000
vn -0.000060 0.000060 -1.000000
vn -0.000092 0.000092 -1.000000
vn -0.015057 0.000000 -0.999887
vn 0.000000 0.015057 -0.999887
vn 0.000109 0.000326 -1.000000
vn 0.015056 0.015056 -0.999773
vn -0.000394 -0.001181 -0.999999
vn 0.000000 0.000000 -1.000000
vn 0.000000 0.000000 -1.000000
vn -0.001484 -0.000495 -0.999999
vn 0.002845 -0.002845 -0.999992
vn 0.002101 0.000701 -0.999998
vn 0.000000 0.000000 -1.000000
vn -0.000123 0.000123 -1.000000
vn -0.030090 -0.030090 -0.999094
vn 0.000000 -0.030104 -0.999547
vn 0.030104 0.000000 -0.999547
vn 0.000000 -0.001772 -0.999999
vn -0.030104 0.000000 -0.999547
vn 0.000000 0.030104 -0.999547
vn 0.001256 0.003765 -0.999992
vn 0.030090 0.030090 -0.999094
vn 0.001685 0.000562 -0.999999
vn 0.000628 0.001882 -0.999998
vn 0.000000 0.000000 -1.000000
vn 0.000000 0.000000 -1.000000
vn 0.015056 0.015055 -0.999773
vn 0.000000 0.015057 -0.999887
vn -0.015057 0.000000 -0.999887
vn -0.001787 -0.000596 -0.999998
vn -0.000489 -0.001468 -0.999999
vn -0.000452 -0.000151 -1.000000
vn -0.001531 -0.004590 -0.999988
vn 0.000226 -0.000226 -1.000000
vn 0.015057 0.000000 -0.999887
vn 0.000000 -0.015057 -0.999887
vn -0.015056 -0.015056 -0.999773
vn -0.000144 0.000000 -1.000000
vn -0.030090 -0.030090 -0.999094
vn 0.000000 -0.030104 -0.999547
vn 0.030104 0.000000 -0.999547
vn 0.030104 0.000000 -0.999547
vn 0.030104 0.000000 -0.999547
vn 0.000000 0.000000 -1.000000
vn 0.000000 0.000000 -1.000000
vn 0.000000 0.000000 -1.000000
vn 0.000000 0.000000 -1.000000
vn 0.000000 0.000000 -1.000000
vn 0.000000 0.000000 -1.000000
vn 0.000000 0.000000 -1.000000
vn 0.000000 0.000000 -1.000000
vn -0.030104 0.000000 -0.999547
vn 0.000000 0.030104 -0.999547
vn 0.000000 0.030104 -0.999547
vn 0.000000 0.030104 -0.999547
vn 0.030090 0.030090 -0.999094
vn 0.030090 0.030090 -0.999094
vn 0.030090 0.030090 -0.999094
vn 0.000000 0.000000 -1.000000
vn 0.000000 0.000000 -1.000000
vn 0.000000 0.000000 -1.000000
vn 0.000000 0.000000 -1.000000
vn 0.000000 0.000000 -1.000000
vn 0.000000 0.000000 -1.000000
vn 0.000000 0.000000 -1.000000
vn 0.000000 0.000000 -1.000000
vn 0.000000 0.000000 -1.000000
vn 0.000000 0.000000 -1.000000
vn 0.000000 0.000000 -1.000000
vn 0.000000 0.000000 -1.000000
vn 0.000000 0.000000 -1.000000
vn 0.000000 0.000000 -1.000000
vn 0.000000 0.000000 -1.000000
vn 0.000000 0.000000 -1.000000
vn 0.000000 0.000000 -1.000000
vn 0.000000 0.000000 -1.000000
vn 0.000000 0.000000 -1.000000
vn 0.000000 0.000000 -1.000000
vn 0.000000 0.000000 -1.000000
vn 0.000000 0.000000 -1.000000
vn 0.000000 0.000000 -1.000000
vn 0.000320 0.000960 -1.000000
vn -0.000328 0.000328 -1.000000
vn 0.000000 0.000000 -1.000000
vn 0.000000 0.000000 -1.000000
vn 0.000000 0.000000 -1.000000
vn 0.000000 0.000000 -1.000000
vn 0.000000 0.000000 -1.000000
vn 0.000000 0.000000 -1.000000
vn 0.000000 0.000000 -1.000000
vn 0.000000 0.000000 -1.000000
vn 0.000000 0.000000 -1.000000
vn 0.000000 0.000000 -1.000000
vn 0.000000 0.000000 -1.000000
vn 0.000000 0.000000 -1.000000
vn 0.000000 0.000000 -1.000000
vn -0.000012 0.000012 -1.000000
vn 0.000000 0.000000 -1.000000
vn 0.000000 0.000000 -1.000000
vn 0.000000 0.000000 -1.000000
vn 0.000000 0.000000 -1.000000
vn 0.000000 0.000000 -1.000000
vn 0.000000 0.000000 -1.000000
vn -0.015056 -0.015055 -0.999773
vn -0.015056 -0.015055 -0.999773
vn -0.015056 -0.015055 -0.999773
vn 0.000000 -0.015057 -0.999887
vn 0.000000 -0.015057 -0.999887
vn 0.000000 -0.015057 -0.999887
vn 0.015057 0.000000 -0.999887
vn 0.015057 0.000000 -0.999887
vn 0.015057 0.000000 -0.999887
vn 0.000000 0.000000 -1.000000
vn 0.000000 0.000000 -1.000000
vn 0.000000 0.000000 -1.000000
vn 0.000000 0.000000 -1.000000
vn 0.000000 0.000000 -1.000000
vn 0.000000 0.000000 -1.000000
vn 0.000000 0.000000 -1.000000
vn 0.000000 0.000000 -1.000000
vn 0.000000 0.000000 -1.000000
vn 0.000000 0.000000 -1.000000
vn 0.000000 0.000000 -1.000000
vn 0.000000 0.000000 -1.000000
vn 0.000000 0.000000 -1.000000
vn -0.015057 0.000000 -0.999887
vn -0.015057 0.000000 -0.999887
vn -0.015057 0.000000 -0.999887
vn -0.015057 0.000000 -0.999887
vn -0.015057 0.000000 -0.999887
vn -0.015057 0.000000 -0.999887
vn 0.015057 0.000000 -0.999887
vn 0.015057 0.000000 -0.999887
vn 0.015057 0.000000 -0.999887
vn 0.015057 0.000000 -0.999887
vn 0.015057 0.000000 -0.999887
vn 0.015057 0.000000 -0.999887
vn 0.000000 0.000000 -1.000000
vn 0.000000 0.000000 -1.000000
vn 0.000000 0.000000 -1.000000
vn 0.000000 0.000000 -1.000000
vn 0.000000 0.000000 -1.000000
vn 0.000000 0.000000 -1.000000
vn 0.001624 0.000541 -0.999999
vn 0.015056 0.015056 -0.999773
vn 0.000000 0.015057 -0.999887
vn -0.015057 0.000000 -0.999887
vn -0.002476 -0.000825 -0.999997
vn 0.001734 0.000578 -0.999998
vn 0.000000 0.000000 -1.000000
vn 0.000000 0.000000 -1.000000
vn 0.000000 0.000000 -1.000000
vn 0.000000 0.000000 -1.000000
vn 0.000000 0.000000 -1.000000
vn 0.000000 0.000000 -1.000000
vn -0.015057 0.000000 -0.999887
vn -0.015057 0.000000 -0.999887
vn -0.015057 0.000000 -0.999887
vn -0.015057 0.000000 -0.999887
vn -0.015057 0.000000 -0.999887
vn -0.015057 0.000000 -0.999887
vn 0.015057 0.000000 -0.999887
vn 0.015057 0.000000 -0.999887
vn 0.015057 0.000000 -0.999887
vn 0.015057 0.000000 -0.999887
vn 0.015057 0.000000 -0.999887
vn 0.015057 0.000000 -0.999887
vn 0.000000 0.000000 -1.000000
vn 0.000000 0.000000 -1.000000
vn 0.000000 0.000000 -1.000000
vn 0.000000 0.000000 -1.000000
vn 0.000000 0.000000 -1.000000
vn 0.000000 0.000000 -1.000000
vn 0.000000 0.000000 -1.000000
vn 0.000089 -0.000089 -1.000000
vn 0.015057 0.000000 -0.999887
vn 0.000000 -0.015057 -0.999887
vn -0.000825 -0.002476 -0.999997
vn -0.015056 -0.015056 -0.999773
vn 0.000000 0.000000 -1.000000
vn 0.000000 0.000000 -1.000000
vn 0.000000 0.000000 -1.000000
vn 0.000000 0.000000 -1.000000
vn 0.000000 0.000000 -1.000000
vn 0.000000 0.000000 -1.000000
vn 0.000000 0.000000 -1.000000
vn -0.015057 0.000000 -0.999887
vn -0.015057 0.000000 -0.999887
vn -0.015057 0.000000 -0.999887
vn -0.015057 0.000000 -0.999887
vn -0.015057 0.000000 -0.999887
vn -0.015057 0.000000 -0.999887
vn 0.015057 0.000000 -0.999887
vn 0.015057 0.000000 -0.999887
vn 0.015057 0.000000 -0.999887
vn 0.015057 0.000000 -0.999887
vn 0.015057 0.000000 -0.999887
vn 0.015057 0.000000 -0.999887
vn 0.000000 0.000000 -1.000000
vn 0.000000 0.000000 -1.000000
vn 0.000000 0.000000 -1.000000
vn 0.000000 0.000000 -1.000000
vn 0.000000 0.000000 -1.000000
vn 0.000000 0.000000 -1.000000
vn 0.000628 0.001882 -0.999998
vn 0.000000 0.000000 -1.000000
vn 0.000000 0.000000 -1.000000
vn 0.000000 0.000000 -1.000000
vn 0.000000 0.000000 -1.000000
vn 0.000000 0.000000 -1.000000
vn 0.000000 0.000000 -1.000000
vn 0.000000 0.000000 -1.000000
vn -0.015057 0.000000 -0.999887
vn -0.015057 0.000000 -0.999887
vn -0.015057 0.000000 -0.999887
vn -0.015057 0.000000 -0.999887
vn -0.015057 0.000000 -0.999887
vn -0.015057 0.000000 -0.999887
vn 0.015057 0.000000 -0.999887
vn 0.015057 0.000000 -0.999887
vn 0.015057 0.000000 -0.999887
vn 0.015057 0.000000 -0.999887
vn 0.015057 0.000000 -0.999887
vn 0.015057 0.000000 -0.999887
vn 0.000000 0.000000 -1.000000
vn 0.000000 0.000000 -1.000000
vn 0.000000 0.000000 -1.000000
vn 0.000000 0.000000 -1.000000
vn 0.000000 0.000000 -1.000000
vn 0.000000 0.000000 -1.000000
vn 0.015056 0.015056 -0.999773
vn 0.000000 0.015057 -0.999887
vn -0.015057 0.000000 -0.999887
vn -0.001107 -0.000369 -0.999999
vn 0.000000 0.000000 -1.000000
vn 0.000000 0.000000 -1.000000
vn 0.000000 0.000000 -1.000000
vn 0.000000 0.000000 -1.000000
vn 0.000000 0.000000 -1.000000
vn 0.000000 0.000000 -1.000000
vn -0.015057 0.000000 -0.999887
vn -0.015057 0.000000 -0.999887
vn -0.015057 0.000000 -0.999887
vn -0.015057 0.000000 -0.999887
vn -0.015057 0.000000 -0.999887
vn -0.015057 0.000000 -0.999887
vn 0.015057 0.000000 -0.999887
vn 0.015057 0.000000 -0.999887
vn 0.015057 0.000000 -0.999887
vn 0.015057 0.000000 -0.999887
vn 0.015057 0.000000 -0.999887
vn 0.015057 0.000000 -0.999887
vn 0.000000 0.000000 -1.000000
vn 0.000000 0.000000 -1.000000
vn 0.000000 0.000000 -1.000000
vn 0.000000 0.000000 -1.000000
vn 0.000000 0.000000 -1.000000
vn 0.000000 0.000000 -1.000000
vn 0.000000 0.000000 -1.000000
vn 0.000753 -0.000753 -1.000000
vn 0.015057 0.000000 -0.999887
vn 0.000000 -0.015057 -0.999887
vn -0.000418 -0.001255 -0.999999
vn -0.015056 -0.015056 -0.999773
vn 0.000000 0.000000 -1.000000
vn 0.000000 0.000000 -1.000000
vn 0.000000 0.000000 -1.000000
vn 0.000000 0.000000 -1.000000
vn 0.000000 0.000000 -1.000000
vn 0.000000 0.000000 -1.000000
vn 0.000000 0.000000 -1.000000
vn -0.015057 0.000000 -0.999887
vn -0.015057 0.000000 -0.999887
vn -0.015057 0.000000 -0.999887
vn -0.015057 0.000000 -0.999887
vn -0.015057 0.000000 -0.999887
vn -0.015057 0.000000 -0.999887
vn 0.015057 0.000000 -0.999887
vn 0.015057 0.000000 -0.999887
vn 0.015057 0.000000 -0.999887
vn 0.015057 0.000000 -0.999887
vn 0.015057 0.000000 -0.999887
vn 0.015057 0.000000 -0.999887
vn 0.000000 0.000000 -1.000000
vn 0.000000 0.000000 -1.000000
vn 0.000000 0.000000 -1.000000
vn 0.000000 0.000000 -1.000000
vn 0.000000 0.000000 -1.000000
vn 0.000000 0.000000 -1.000000
vn 0.000000 0.000000 -1.000000
vn 0.000000 0.000000 -1.000000
vn 0.000000 0.000000 -1.000000
vn 0.000000 0.000000 -1.000000
vn 0.000000 0.000000 -1.000000
vn 0.000000 0.000000 -1.000000
vn 0.000000 0.000000 -1.000000
vn -0.015057 0.000000 -0.999887
vn -0.015057 0.000000 -0.999887
vn -0.015057 0.000000 -0.999887
vn -0.015057 0.000000 -0.999887
vn -0.015057 0.000000 -0.999887
vn -0.015057 0.000000 -0.999887
vn 0.015057 0.000000 -0.999887
vn 0.015057 0.000000 -0.999887
vn 0.015057 0.000000 -0.999887
vn 0.015057 0.000000 -0.999887
vn 0.015057 0.000000 -0.999887
vn 0.015057 0.000000 -0.999887
vn 0.000000 0.000000 -1.000000
vn 0.000000 0.000000 -1.000000
vn 0.000000 0.000000 -1.000000
vn 0.000000 0.000000 -1.000000
vn 0.000000 0.000000 -1.000000
vn 0.000000 0.000000 -1.000000
vn 0.000000 0.000000 -1.000000
vn 0.000000 0.000000 -1.000000
vn 0.000000 0.000000 -1.000000
vn 0.000000 0.000000 -1.000000
vn 0.000000 0.000000 -1.000000
vn 0.000000 0.000000 -1.000000
vn 0.000000 0.000000 -1.000000
vn 0.000000 0.000000 -1.000000
vn 0.000000 0.000000 -1.000000
vn 0.000000 0.000000 -1.000000
vn -0.015057 0.000000 -0.999887
vn -0.015057 0.000000 -0.999887
vn -0.015057 0.000000 -0.999887
vn -0.015057 0.000000 -0.999887
vn -0.015057 0.000000 -0.999887
vn -0.015057 0.000000 -0.999887
vn 0.015057 0.000000 -0.999887
vn 0.015057 0.000000 -0.999887
vn 0.015057 0.000000 -0.999887
vn 0.015057 0.000000 -0.999887
vn 0.015057 0.000000 -0.999887
vn 0.015057 0.000000 -0.999887
vn 0.000000 0.000000 -1.000000
vn 0.000000 0.000000 -1.000000
vn 0.000000 0.000000 -1.000000
vn 0.000000 0.000000 -1.000000
vn 0.000000 0.000000 -1.000000
vn 0.000000 0.000000 -1.000000
vn 0.000694 0.000694 -1.000000
vn -0.000230 -0.000689 -1.000000
vn 0.000000 0.000000 -1.000000
vn 0.000000 0.000000 -1.000000
vn 0.000000 0.000000 -1.000000
vn 0.000000 0.000000 -1.000000
vn 0.000000 0.000000 -1.000000
vn 0.000000 0.000000 -1.000000
vn -0.015057 0.000000 -0.999887
vn -0.015057 0.000000 -0.999887
vn -0.015057 0.000000 -0.999887
vn -0.030101 -0.015050 -0.999434
vn -0.030101 -0.015050 -0.999434
vn -0.030101 -0.015050 -0.999434
vn 0.015056 -0.015055 -0.999773
vn 0.015056 -0.015055 -0.999773
vn 0.015056 -0.015055 -0.999773
vn 0.030104 0.000000 -0.999547
vn 0.030104 0.000000 -0.999547
vn 0.030104 0.000000 -0.999547
vn 0.000000 0.000000 -1.000000
vn 0.000000 0.000000 -1.000000
vn 0.000000 0.000000 -1.000000
vn 0.002080 0.000401 -0.999998
vn -0.000162 0.000162 -1.000000
vn 0.000000 0.000000 -1.000000
vn 0.000000 0.000000 -1.000000
vn 0.000000 0.000000 -1.000000
vn 0.000000 0.000000 -1.000000
vn 0.000000 0.000000 -1.000000
vn 0.000000 0.000000 -1.000000
vn -0.030104 0.000000 -0.999547
vn -0.030104 0.000000 -0.999547
vn -0.030104 0.000000 -0.999547
vn 0.000000 0.030104 -0.999547
vn 0.000000 0.006025 -0.999982
vn 0.003013 0.009036 -0.999955
vn 0.030090 0.030090 -0.999094
vn 0.000000 0.000000 -1.000000
vn -0.000244 0.000244 -1.000000
vn 0.000043 -0.000043 -1.000000
vn 0.000000 0.000000 -1.000000
vn 0.002699 -0.002699 -0.999993
vn 0.000000 0.000000 -1.000000
vn -0.003568 -0.001190 -0.999993
vn -0.045085 -0.045085 -0.997965
vn 0.000000 -0.045131 -0.998981
vn 0.045131 0.000000 -0.998981
vn 0.001179 0.000393 -0.999999
vn -0.005220 0.001542 -0.999985
vn -0.045131 0.000000 -0.998981
vn -0.033861 0.011287 -0.999363
vn 0.000003 0.000111 -1.000000
vn 0.045128 0.011282 -0.998918
vn 0.001531 0.004590 -0.999988
vn 0.000000 0.000000 -1.000000
vn 0.000000 0.001434 -0.999999
vn 0.030090 0.030090 -0.999094
vn 0.000000 0.030104 -0.999547
vn -0.030104 0.000000 -0.999547
vn -0.007389 -0.002464 -0.999970
vn -0.003694 -0.001232 -0.999992
vn -0.000886 -0.002658 -0.999996
vn 0.000000 0.000000 -1.000000
vn 0.000000 0.000000 -1.000000
vn 0.000000 0.000000 -1.000000
vn 0.000000 0.000000 -1.000000
vn 0.000000 0.000000 -1.000000
vn 0.000000 0.000000 -1.000000
vn 0.000000 0.000000 -1.000000
vn 0.030090 0.030090 -0.999094
vn 0.030090 0.030090 -0.999094
vn 0.030090 0.030090 -0.999094
vn 0.000000 0.030104 -0.999547
vn -0.030104 0.000000 -0.999547
vn -0.002738 0.000000 -0.999996
vn 0.000405 -0.000405 -1.000000
vn 0.030104 0.000000 -0.999547
vn 0.000000 -0.030104 -0.999547
vn -0.001773 -0.005316 -0.999984
vn -0.030090 -0.030090 -0.999094
vn -0.000085 0.000085 -1.000000
vn 0.000000 0.000000 -1.000000
vn 0.000374 0.001123 -0.999999
vn 0.001209 0.000000 -0.999999
vn 0.000000 0.000000 -1.000000
vn 0.000000 0.000000 -1.000000
vn 0.000000 0.000000 -1.000000
vn 0.045085 0.045085 -0.997965
vn 0.045085 0.045085 -0.997965
vn 0.045085 0.045085 -0.997965
vn 0.030073 0.045110 -0.998529
vn 0.030073 0.045110 -0.998529
vn 0.030073 0.045110 -0.998529
vn -0.045110 -0.030073 -0.998529
vn -0.045110 -0.030073 -0.998529
vn -0.045110 -0.030073 -0.998529
vn -0.030090 -0.030090 -0.999094
vn -0.030090 -0.030090 -0.999094
vn -0.030090 -0.030090 -0.999094
vn 0.000000 0.000000 -1.000000
vn 0.000000 0.000000 -1.000000
vn 0.000000 0.000000 -1.000000
vn 0.000000 0.000000 -1.000000
vn -0.015056 -0.015056 -0.999773
vn 0.000000 -0.015057 -0.999887
vn 0.015057 0.000000 -0.999887
vn 0.002476 0.000825 -0.999997
vn 0.004268 -0.004268 -0.999982
vn 0.045131 0.000000 -0.998981
vn 0.000000 -0.045131 -0.998981
vn 0.000000 -0.009035 -0.999959
vn -0.045085 -0.045085 -0.997965
vn -0.045085 -0.045085 -0.997965
vn -0.045085 -0.045085 -0.997965
vn 0.000000 0.000000 -1.000000
vn 0.000000 0.000000 -1.000000
vn 0.000000 0.000000 -1.000000
vn 0.000000 0.000000 -1.000000
vn 0.000000 0.000000 -1.000000
vn 0.000000 0.000000 -1.000000
vn 0.000000 0.000000 -1.000000
vn -0.015057 0.000000 -0.999887
vn 0.000000 0.015057 -0.999887
vn 0.000825 0.002476 -0.999997
vn 0.015056 0.015056 -0.999773
vn 0.000000 0.000000 -1.000000
vn 0.001038 0.000346 -0.999999
vn 0.000000 0.000000 -1.000000
vn 0.000575 0.000192 -1.000000
vn 0.000324 0.000971 -1.000000
vn -0.001506 0.001506 -0.999998
vn -0.001610 0.001610 -0.999997
vn 0.030090 0.030090 -0.999094
vn 0.000000 0.030104 -0.999547
vn -0.030104 0.000000 -0.999547
vn -0.006193 -0.002065 -0.999979
vn -0.001402 -0.004204 -0.999990
vn 0.000000 0.000000 -1.000000
vn 0.001799 -0.001799 -0.999997
vn 0.030104 0.000000 -0.999547
vn 0.000000 -0.030104 -0.999547
vn -0.030090 -0.030090 -0.999094
vn 0.000000 0.000000 -1.000000
vn 0.000044 -0.000044 -1.000000
vn 0.000923 0.002770 -0.999996
vn 0.000000 0.003012 -0.999996
vn 0.000000 0.000000 -1.000000
vn 0.001159 0.001159 -0.999999
vn 0.015056 0.015056 -0.999773
vn 0.000000 0.015057 -0.999887
vn -0.015057 0.000000 -0.999887
vn -0.015057 0.000000 -0.999887
vn -0.015057 0.000000 -0.999887
vn 0.000000 0.000000 -1.000000
vn 0.000000 0.000000 -1.000000
vn 0.000000 0.000000 -1.000000
vn 0.000000 0.000000 -1.000000
vn 0.000000 0.000000 -1.000000
vn 0.000000 0.000000 -1.000000
vn 0.000735 0.000735 -1.000000
vn 0.000000 0.000000 -1.000000
vn 0.000272 -0.000272 -1.000000
vn 0.030090 0.030090 -0.999094
vn 0.000000 0.030104 -0.999547
vn -0.030104 0.000000 -0.999547
vn -0.006951 -0.002318 -0.999973
vn 0.000000 0.000000 -1.000000
vn 0.000000 0.000000 -1.000000
vn 0.000000 0.000000 -1.000000
vn 0.000000 0.000000 -1.000000
vn 0.015057 0.000000 -0.999887
vn 0.015057 0.000000 -0.999887
vn 0.015057 0.000000 -0.999887
vn -0.030073 -0.045110 -0.998529
vn -0.030073 -0.045110 -0.998529
vn -0.030073 -0.045110 -0.998529
vn -0.015042 -0.045126 -0.998868
vn -0.015042 -0.045126 -0.998868
vn -0.015042 -0.045126 -0.998868
vn 0.030104 0.000000 -0.999547
vn 0.030104 0.000000 -0.999547
vn 0.030104 0.000000 -0.999547
vn 0.000000 0.000000 -1.000000
vn 0.000000 0.000000 -1.000000
vn 0.000000 0.000000 -1.000000
vn 0.000140 0.000421 -1.000000
vn 0.030104 0.000000 -0.999547
vn 0.000000 -0.030104 -0.999547
vn -0.000685 -0.002056 -0.999998
vn -0.030090 -0.030090 -0.999094
vn 0.000000 0.000000 -1.000000
vn 0.000000 0.000000 -1.000000
vn 0.000000 0.000000 -1.000000
vn 0.000000 0.000000 -1.000000
vn 0.000000 0.000000 -1.000000
vn 0.000000 0.000000 -1.000000
vn 0.000000 0.000000 -1.000000
vn -0.030104 0.000000 -0.999547
vn -0.030104 0.000000 -0.999547
vn -0.030104 0.000000 -0.999547
vn 0.000000 0.030104 -0.999547
vn 0.000000 0.001691 -0.999999
vn 0.030090 0.030090 -0.999094
vn -0.000122 0.000122 -1.000000
vn -0.001329 -0.000443 -0.999999
vn 0.000009 0.000000 -1.000000
vn 0.000074 -0.000074 -1.000000
vn 0.000000 0.000000 -1.000000
vn 0.000499 0.003066 -0.999995
vn -0.000607 0.000607 -1.000000
vn 0.000207 -0.000207 -1.000000
vn -0.000593 -0.001777 -0.999998
vn 0.000000 0.000000 -1.000000
vn 0.003011 0.015057 -0.999882
vn 0.000000 0.015057 -0.999887
vn -0.015057 0.000000 -0.999887
vn -0.005647 -0.001883 -0.999982
vn -0.030090 -0.030090 -0.999094
vn 0.000000 -0.030104 -0.999547
vn 0.030104 0.000000 -0.999547
vn 0.001868 0.000623 -0.999998
vn 0.000872 -0.003814 -0.999992
vn 0.003012 -0.012046 -0.999923
vn 0.000000 -0.015057 -0.999887
vn -0.001339 -0.004015 -0.999991
vn -0.015056 -0.015056 -0.999773
vn -0.001883 -0.005647 -0.999982
vn -0.030104 0.000000 -0.999547
vn 0.000000 0.030104 -0.999547
vn 0.000598 0.001792 -0.999998
vn 0.030090 0.030090 -0.999094
vn 0.000000 0.000000 -1.000000
vn -0.003765 -0.001255 -0.999992
vn -0.015056 -0.015056 -0.999773
vn 0.000000 -0.015057 -0.999887
vn 0.015057 0.000000 -0.999887
vn 0.005647 0.001883 -0.999982
vn -0.001422 0.001422 -0.999998
vn -0.015057 0.000000 -0.999887
vn 0.000000 0.015057 -0.999887
vn 0.001347 0.004041 -0.999991
vn 0.015056 0.015056 -0.999773
vn -0.003766 -0.011295 -0.999929
vn -0.005648 -0.001883 -0.999982
vn -0.030090 -0.030090 -0.999094
vn 0.000000 -0.030104 -0.999547
vn 0.030104 0.000000 -0.999547
vn 0.002166 0.000722 -0.999997
vn 0.000000 0.000000 -1.000000
vn 0.000000 0.000000 -1.000000
vn -0.000142 0.000142 -1.000000
vn -0.030104 0.000000 -0.999547
vn 0.000000 0.030104 -0.999547
vn 0.001083 0.003248 -0.999994
vn 0.030090 0.030090 -0.999094
vn 0.000000 0.000000 -1.000000
vn 0.000000 0.000000 -1.000000
vn 0.000000 0.000000 -1.000000
vn 0.000000 0.000000 -1.000000
vn 0.000000 0.000000 -1.000000
vn 0.000000 0.000000 -1.000000
vn 0.000019 -0.000019 -1.000000
vn 0.000000 0.000000 -1.000000
vn -0.000127 -0.000380 -1.000000
vn 0.000000 0.000000 -1.000000
vn -0.000184 -0.000184 -1.000000
vn -0.000749 -0.002246 -0.999997
vn 0.000000 -0.001205 -0.999999
vn -0.000012 0.000012 -1.000000
vn -0.000781 -0.000260 -1.000000
vn -0.015056 -0.015056 -0.999773
vn 0.000000 -0.015057 -0.999887
vn 0.015057 0.000000 -0.999887
vn 0.000265 0.000088 -1.000000
vn 0.000000 0.000000 -1.000000
vn -0.030090 -0.030090 -0.999094
vn 0.000000 -0.030104 -0.999547
vn 0.030104 0.000000 -0.999547
vn 0.030104 0.000000 -0.999547
vn 0.030104 0.000000 -0.999547
vn 0.000000 0.000000 -1.000000
vn 0.000000 0.000000 -1.000000
vn 0.000000 0.000000 -1.000000
vn 0.000000 0.000000 -1.000000
vn 0.000000 0.000000 -1.000000
vn 0.000000 0.000000 -1.000000
vn -0.015057 0.000000 -0.999887
vn 0.000000 0.015057 -0.999887
vn 0.000538 0.001614 -0.999999
vn 0.015056 0.015056 -0.999773
vn 0.000000 0.000000 -1.000000
vn 0.000000 0.000000 -1.000000
vn 0.000000 0.000000 -1.000000
vn 0.000000 0.000000 -1.000000
vn 0.000000 0.000000 -1.000000
vn -0.030104 0.000000 -0.999547
vn -0.030104 0.000000 -0.999547
vn -0.030104 0.000000 -0.999547
vn -0.015056 0.015055 -0.999773
vn -0.015056 0.015055 -0.999773
vn -0.015056 0.015055 -0.999773
vn 0.030101 0.015050 -0.999434
vn 0.030101 0.015050 -0.999434
vn 0.030101 0.015050 -0.999434
vn 0.015057 0.000000 -0.999887
vn 0.015057 0.000000 -0.999887
vn 0.015057 0.000000 -0.999887
vn 0.000000 0.000000 -1.000000
vn 0.000000 0.000000 -1.000000
vn 0.000000 0.000000 -1.000000
vn 0.000000 0.000000 -1.000000
vn 0.000000 0.000000 -1.000000
vn 0.000000 0.000000 -1.000000
vn 0.000296 -0.000296 -1.000000
vn 0.000000 0.000000 -1.000000
vn 0.000000 0.000000 -1.000000
vn 0.000000 0.000000 -1.000000
vn 0.000000 0.000000 -1.000000
vn 0.000000 0.000000 -1.000000
vn 0.000000 0.000000 -1.000000
vn -0.015057 0.000000 -0.999887
vn -0.015057 0.000000 -0.999887
vn -0.015057 0.000000 -0.999887
vn -0.015057 0.000000 -0.999887
vn -0.015057 0.000000 -0.999887
vn -0.015057 0.000000 -0.999887
vn 0.015057 0.000000 -0.999887
vn 0.015057 0.000000 -0.999887
vn 0.015057 0.000000 -0.999887
vn 0.015057 0.000000 -0.999887
vn 0.015057 0.000000 -0.999887
vn 0.015057 0.000000 -0.999887
vn 0.000000 0.000000 -1.000000
vn 0.000000 0.000000 -1.000000
vn 0.000000 0.000000 -1.000000
vn 0.000000 0.000000 -1.000000
vn 0.000000 0.000000 -1.000000
vn 0.000000 0.000000 -1.000000
vn 0.000000 0.000000 -1.000000
vn 0.000000 0.000000 -1.000000
vn 0.000000 0.000000 -1.000000
vn 0.000000 0.000000 -1.000000
vn 0.000000 0.000000 -1.000000
vn 0.000000 0.000000 -1.000000
vn 0.000000 0.000000 -1.000000
vn -0.015057 0.000000 -0.999887
vn -0.015057 0.000000 -0.999887
vn -0.015057 0.000000 -0.999887
vn -0.015057 0.000000 -0.999887
vn -0.015057 0.000000 -0.999887
vn -0.015057 0.000000 -0.999887
vn 0.015057 0.000000 -0.999887
vn 0.015057 0.000000 -0.999887
vn 0.015057 0.000000 -0.999887
vn 0.015057 0.000000 -0.999887
vn 0.015057 0.000000 -0.999887
vn 0.015057 0.000000 -0.999887
vn 0.000000 0.000000 -1.000000
vn 0.000000 0.000000 -1.000000
vn 0.000000 0.000000 -1.000000
vn 0.000000 0.000000 -1.000000
vn 0.000000 0.000000 -1.000000
vn 0.000000 0.000000 -1.000000
vn 0.000000 0.000000 -1.000000
vn 0.000000 0.000000 -1.000000
vn 0.000000 0.000000 -1.000000
vn 0.000000 0.000000 -1.000000
vn 0.000000 0.000000 -1.000000
vn 0.000000 0.000000 -1.000000
vn 0.000000 0.000000 -1.000000
vn 0.000000 0.000000 -1.000000
vn 0.000000 0.000000 -1.000000
vn -0.015057 0.000000 -0.999887
vn -0.015057 0.000000 -0.999887
vn -0.015057 0.000000 -0.999887
vn -0.015057 0.000000 -0.999887
vn -0.015057 0.000000 -0.999887
vn -0.015057 0.000000 -0.999887
vn 0.015057 0.000000 -0.999887
vn 0.015057 0.000000 -0.999887
vn 0.015057 0.000000 -0.999887
vn 0.015057 0.000000 -0.999887
vn 0.015057 0.000000 -0.999887
vn 0.015057 0.000000 -0.999887
vn 0.000000 0.000000 -1.000000
vn 0.000000 0.000000 -1.000000
vn 0.000000 0.000000 -1.000000
vn 0.000000 0.000000 -1.000000
vn 0.000000 0.000000 -1.000000
vn 0.000000 0.000000 -1.000000
vn 0.000000 0.000000 -1.000000
vn 0.000354 0.000177 -1.000000
vn 0.000000 0.000000 -1.000000
vn 0.000000 0.000000 -1.000000
vn 0.000000 0.000000 -1.000000
vn 0.000000 0.000000 -1.000000
vn 0.000000 0.000000 -1.000000
vn 0.000000 0.000000 -1.000000
vn -0.015057 0.000000 -0.999887
vn -0.015057 0.000000 -0.999887
vn -0.015057 0.000000 -0.999887
vn 0.015050 0.030101 -0.999434
vn 0.015050 0.030101 -0.999434
vn 0.015050 0.030101 -0.999434
vn 0.015050 0.030101 -0.999434
vn 0.015050 0.030101 -0.999434
vn 0.015050 0.030101 -0.999434
vn -0.015057 0.000000 -0.999887
vn -0.015057 0.000000 -0.999887
vn -0.015057 0.000000 -0.999887
vn 0.000000 0.000000 -1.000000
vn 0.000000 0.000000 -1.000000
vn 0.000000 0.000000 -1.000000
vn 0.000000 0.000000 -1.000000
vn 0.000000 0.000000 -1.000000
vn 0.000000 0.000000 -1.000000
vn -0.001103 -0.001103 -0.999999
vn -0.001615 -0.004842 -0.999987
vn 0.002378 0.000000 -0.999997
vn 0.000000 0.000000 -1.000000
vn 0.000000 0.000000 -1.000000
vn 0.000000 0.000000 -1.000000
vn 0.000000 0.000000 -1.000000
vn 0.000000 0.000000 -1.000000
vn 0.000000 0.000000 -1.000000
vn 0.015057 0.000000 -0.999887
vn 0.015057 0.000000 -0.999887
vn 0.015057 0.000000 -0.999887
vn 0.045110 0.030073 -0.998529
vn 0.045110 0.030073 -0.998529
vn 0.045110 0.030073 -0.998529
vn -0.015050 0.030101 -0.999434
vn -0.015050 0.030101 -0.999434
vn -0.015050 0.030101 -0.999434
vn -0.045131 0.000000 -0.998981
vn -0.045131 0.000000 -0.998981
vn -0.045131 0.000000 -0.998981
vn 0.000000 0.000000 -1.000000
vn 0.000000 0.000000 -1.000000
vn 0.000000 0.000000 -1.000000
vn -0.001053 -0.003158 -0.999995
vn -0.002154 -0.002154 -0.999995
vn -0.045085 -0.045085 -0.997965
vn 0.000000 -0.045131 -0.998981
vn 0.045131 0.000000 -0.998981
vn 0.000000 0.000000 -1.000000
vn 0.000000 0.000000 -1.000000
vn 0.000000 0.000000 -1.000000
vn 0.000000 0.000000 -1.000000
vn 0.000000 0.000000 -1.000000
vn 0.000000 0.000000 -1.000000
vn 0.000000 0.000000 -1.000000
vn 0.000000 0.000000 -1.000000
vn 0.045131 0.000000 -0.998981
vn 0.045131 0.000000 -0.998981
vn 0.045131 0.000000 -0.998981
vn 0.000000 -0.045130 -0.998981
vn 0.000000 -0.005022 -0.999987
vn -0.045085 -0.045085 -0.997965
vn 0.000001 0.000014 -1.000000
vn 0.000000 0.000000 -1.000000
vn 0.000000 0.000000 -1.000000
vn 0.000000 0.000000 -1.000000
vn 0.000000 0.000000 -1.000000
vn -0.045131 0.000000 -0.998981
vn -0.045131 0.000000 -0.998981
vn -0.045131 0.000000 -0.998981
vn 0.000000 0.045131 -0.998981
vn 0.000000 0.045131 -0.998981
vn 0.000000 0.045131 -0.998981
vn 0.045085 0.045085 -0.997965
vn 0.045085 0.045085 -0.997965
vn 0.045085 0.045085 -0.997965
vn 0.000000 0.000000 -1.000000
vn 0.000000 0.000000 -1.000000
vn 0.000000 0.000000 -1.000000
vn 0.000367 0.000367 -1.000000
vn 0.000000 0.000000 -1.000000
vn 0.000000 0.000000 -1.000000
vn -0.002151 0.000000 -0.999998
vn 0.000000 0.000000 -1.000000
vn 0.000000 0.000000 -1.000000
vn 0.000000 0.000000 -1.000000
vn -0.015056 -0.015056 -0.999773
vn -0.015056 -0.015056 -0.999773
vn -0.015056 -0.015056 -0.999773
vn 0.000000 -0.015057 -0.999887
vn 0.000000 -0.015057 -0.999887
vn 0.000000 -0.015057 -0.999887
vn 0.015057 0.000000 -0.999887
vn 0.015057 0.000000 -0.999887
vn 0.015057 0.000000 -0.999887
vn 0.000000 0.000000 -1.000000
vn 0.000000 0.000000 -1.000000
vn 0.000000 0.000000 -1.000000
vn 0.000067 0.000201 -1.000000
vn 0.000000 0.000000 -1.000000
vn 0.000000 0.009035 -0.999959
vn -0.000918 0.000918 -0.999999
vn -0.000552 0.000552 -1.000000
vn -0.015057 0.000000 -0.999887
vn 0.000000 0.015057 -0.999887
vn 0.015056 0.015056 -0.999773
vn 0.000000 0.000000 -1.000000
vn 0.000000 0.000000 -1.000000
vn 0.000000 0.000000 -1.000000
vn 0.000000 0.000000 -1.000000
vn 0.000000 0.000000 -1.000000
vn 0.000000 0.000000 -1.000000
vn 0.045085 0.045085 -0.997965
vn 0.045085 0.045085 -0.997965
vn 0.045085 0.045085 -0.997965
vn 0.000000 0.045130 -0.998981
vn -0.045131 0.000000 -0.998981
vn -0.003012 0.000000 -0.999996
vn 0.000000 0.000000 -1.000000
vn -0.001876 -0.000626 -0.999998
vn 0.000000 0.000000 -1.000000
vn 0.000000 0.000000 -1.000000
vn 0.000000 0.000000 -1.000000
vn 0.030090 0.030090 -0.999094
vn 0.030090 0.030090 -0.999094
vn 0.030090 0.030090 -0.999094
vn 0.045110 0.030073 -0.998529
vn 0.045110 0.030073 -0.998529
vn 0.045110 0.030073 -0.998529
vn -0.030073 -0.045110 -0.998529
vn -0.030073 -0.045110 -0.998529
vn -0.030073 -0.045110 -0.998529
vn -0.045085 -0.045085 -0.997965
vn -0.045085 -0.045085 -0.997965
vn -0.045085 -0.045085 -0.997965
vn 0.000000 0.000000 -1.000000
vn 0.000000 0.000000 -1.000000
vn 0.000000 0.000000 -1.000000
vn 0.000000 0.000000 -1.000000
vn 0.000000 0.000000 -1.000000
vn 0.000058 -0.000058 -1.000000
vn 0.030101 0.015050 -0.999434
vn -0.015050 -0.030101 -0.999434
vn -0.009079 -0.018159 -0.999794
vn -0.030090 -0.030090 -0.999094
vn -0.030090 -0.030090 -0.999094
vn -0.030090 -0.030090 -0.999094
vn 0.000000 0.000000 -1.000000
vn 0.000000 0.000000 -1.000000
vn 0.000000 0.000000 -1.000000
vn 0.000000 0.000000 -1.000000
vn 0.000000 0.000000 -1.000000
vn 0.000000 0.000000 -1.000000
vn 0.000000 0.000000 -1.000000
vn -0.010712 0.004435 -0.999933
vn 0.000000 0.000000 -1.000000
vn 0.002598 0.001091 -0.999996
vn 0.030102 0.010034 -0.999496
vn -0.020073 0.010037 -0.999748
vn -0.030104 0.000000 -0.999547
vn 0.000000 0.000000 -1.000000
vn 0.000000 0.000000 -1.000000
vn 0.000000 0.000000 -1.000000
vn 0.000469 0.000235 -1.000000
vn 0.030101 0.015050 -0.999434
vn -0.015050 -0.030101 -0.999434
vn -0.003880 -0.007761 -0.999962
vn -0.004865 -0.008374 -0.999953
vn -0.030090 -0.030090 -0.999094
vn 0.000000 0.000000 -1.000000
vn 0.000000 -1.000000 0.000000
vn 0.000000 -1.000000 0.000000
vn 0.000000 -1.000000 0.000000
vn 0.000000 -1.000000 0.000000
vn 0.000000 1.000000 0.000000
vn 0.000000 1.000000 0.000000
vn 0.000000 1.000000 0.000000
vn 0.000000 -1.000000 0.000000
vn 0.000000 -1.000000 0.000000
vn 0.000000 -1.000000 0.000000
vn 0.000000 -1.000000 0.000000
vn 0.000000 -1.000000 0.000000
vn 0.000000 -1.000000 0.000000
vn 0.000000 -1.000000 0.000000
vn 0.000000 -1.000000 0.000000
vn 0.000000 -1.000000 0.000000
vn 0.000000 -1.000000 0.000000
vn 0.000000 -1.000000 0.000000
vn 0.000000 -1.000000 0.000000
vn 0.000000 -1.000000 0.000000
vn 0.000000 -1.000000 0.000000
vn 0.000000 -1.000000 0.000000
vn 0.000000 -1.000000 0.000000
vn 0.000000 -1.000000 0.000000
vn 0.000000 -1.000000 0.000000
vn 0.000000 -1.000000 0.000000
vn 0.000000 -1.000000 0.000000
vn 0.000000 1.000000 0.000000
vn 0.000000 1.000000 0.000000
vn 0.000000 1.000000 0.000000
vn 0.000000 1.000000 0.000000
vn 0.000000 1.000000 0.000000
vn 0.000000 1.000000 0.000000
vn 0.000000 1.000000 0.000000
vn 0.000000 1.000000 0.000000
vn 0.000000 1.000000 0.000000
vn 0.000000 1.000000 0.000000
vn 0.000000 1.000000 0.000000
vn 0.000000 1.000000 0.000000
vn 0.000000 -1.000000 0.000000
vn 0.000000 -1.000000 0.000000
vn 0.000000 -1.000000 0.000000
vn 0.000000 -1.000000 0.000000
vn 0.000000 -1.000000 0.000000
vn 0.000000 -1.000000 0.000000
vn 0.000000 -1.000000 0.000000
vn 0.000000 -1.000000 0.000000
vn 0.000000 -1.000000 0.000000
vn 0.000000 -1.000000 0.000000
vn 0.000000 -1.000000 0.000000
vn 0.000000 -1.000000 0.000000
vn 0.000000 1.000000 0.000000
vn 0.000000 1.000000 0.000000
vn 0.000000 1.000000 0.000000
vn 0.000000 1.000000 0.000000
vn 0.000000 1.000000 0.000000
vn -1.000000 0.000000 0.000000
vn -1.000000 -0.000000 0.000000
vn -1.000000 0.000000 0.000000
vn -1.000000 0.000000 0.000000
vn -1.000000 0.000000 0.000000
vn -1.000000 -0.000000 0.000000
vn -1.000000 -0.000001 0.000000
vn 1.000000 0.000000 0.000000
vn 1.000000 0.000000 0.000000
vn 1.000000 0.000000 0.000000
vn 1.000000 0.000000 0.000000
vn 1.000000 0.000000 0.000000
vn 1.000000 0.000000 0.000000
vn 1.000000 -0.000000 0.000000
vn 1.000000 -0.000002 0.000000
vn 1.000000 -0.000005 0.000000
vn 1.000000 0.000000 0.000000
vn 1.000000 0.000000 0.000000
vn 1.000000 0.000000 0.000000
vn -1.000000 -0.000000 0.000000
vn -1.000000 -0.000000 0.000000
vn -1.000000 0.000000 0.000000
vn -1.000000 -0.000000 0.000000
vn -1.000000 0.000000 0.000000
vn -1.000000 0.000000 0.000000
vn -1.000000 0.000000 0.000000
vn -1.000000 0.000000 0.000000
vn -1.000000 0.000000 0.000000
vn -1.000000 0.000000 0.000000
vn -1.000000 0.000000 0.000000
vn -1.000000 0.000000 0.000000
vn -1.000000 0.000000 0.000000
vn -1.000000 0.000000 0.000000
vn -1.000000 0.000000 0.000000
vn -1.000000 0.000000 0.000000
vn -1.000000 0.000000 0.000000
vn -1.000000 0.000000 0.000000
vn 1.000000 0.000000 0.000000
vn 1.000000 0.000000 0.000000
vn 1.000000 0.000000 0.000000
vn 1.000000 0.000000 0.000000
vn 1.000000 0.000000 0.000000
vn 1.000000 0.000000 0.000000
vn 1.000000 0.000000 0.000000
vn 1.000000 0.000000 0.000000
vn 1.000000 0.000000 0.000000
vn 1.000000 0.000000 0.000000
vn 1.000000 0.000000 0.000000
vn 1.000000 0.000000 0.000000
vn 1.000000 0.000000 0.000000
vn 1.000000 0.000000 0.000000
vn 1.000000 0.000000 0.000000
s 1
g world_land_collision_high_only:Mesh
usemtl initialShadingGroup
f 24//1 25//2 45//3
f 25//2 53//4 45//3
s 2
f 67//5 44//6 68//7
f 44//6 80//8 68//7
f 44//6 99//9 80//8
f 44//6 114//10 99//9
f 114//10 131//11 99//9
f 114//10 144//12 131//11
f 144//12 170//13 131//11
f 144//12 201//14 170//13
s 1
f 2//15 24//1 3//16
f 24//1 26//17 3//16
f 24//1 45//3 26//17
f 53//4 54//18 45//3
s 2
f 99//9 131//11 100//19
f 131//11 115//20 100//19
f 131//11 132//21 115//20
f 131//11 170//13 132//21
f 170//13 145//22 132//21
f 170//13 164//23 145//22
f 170//13 172//24 164//23
f 170//13 201//14 172//24
f 144//12 231//25 201//14
s 1
f 45//3 46//26 26//17
f 45//3 54//18 46//26
f 54//18 55//27 46//26
f 54//18 69//28 55//27
f 69//28 70//29 55//27
s 2
f 132//21 145//22 133//30
s off
f 1631//31 1632//32 1633//33
f 1634//34 1635//35 1636//36
f 1637//37 1638//38 1639//39
s 2
f 164//23 172//24 1348//40
f 172//24 184//41 1347//42
f 172//24 201//14 184//41
f 201//14 208//43 184//41
f 201//14 231//25 208//43
f 231//25 240//44 208//43
f 231//25 464//45 323//46
f 231//25 368//47 464//45
f 368//47 789//48 464//45
f 368//47 500//49 789//48
f 500//49 625//50 789//48
f 863//51 1157//52 625//50
f 863//51 1088//53 1157//52
f 1088//53 1181//54 1157//52
s 1
f 26//17 46//26 3//16
f 70//29 71//55 55//27
f 70//29 81//56 71//55
f 81//56 82//57 71//55
s off
f 1640//58 1641//59 1642//60
f 1643//61 1644//62 1645//63
f 1646//64 1647//65 1648//66
f 1649//67 1650//68 1651//69
s 2
f 184//41 194//70 174//71
f 184//41 208//43 194//70
f 208//43 240//44 194//70
s 1
f 46//26 56//72 3//16
f 46//26 55//27 56//72
f 55//27 71//55 56//72
f 82//57 83//73 71//55
f 82//57 101//74 83//73
f 101//74 102//75 83//73
s 2
f 174//71 194//70 175//76
f 194//70 185//77 175//76
f 194//70 202//78 185//77
f 194//70 240//44 202//78
f 240//44 219//79 202//78
f 240//44 248//80 219//79
f 240//44 231//25 248//80
f 231//25 323//46 248//80
s 1
f 56//72 72//81 3//16
f 56//72 71//55 72//81
f 71//55 83//73 72//81
f 83//73 84//82 72//81
f 83//73 102//75 84//82
f 102//75 103//83 84//82
f 102//75 117//84 103//83
f 117//84 118//85 103//83
s 2
f 202//78 203//86 195//87
f 202//78 219//79 203//86
f 219//79 220//88 203//86
f 219//79 248//80 220//88
f 248//80 241//89 220//88
f 248//80 323//46 241//89
s 1
f 3//16 72//81 4//90
f 72//81 57//91 4//90
f 72//81 73//92 57//91
f 72//81 84//82 73//92
f 84//82 85//93 73//92
f 84//82 103//83 85//93
f 118//85 120//94 103//83
f 118//85 134//95 120//94
s off
f 1652//96 1653//97 1654//98
s 2
f 203//86 220//88 204//99
f 220//88 209//100 204//99
f 220//88 221//101 209//100
f 220//88 241//89 221//101
f 241//89 242//102 221//101
f 241//89 323//46 242//102
f 323//46 261//103 242//102
f 323//46 464//45 261//103
f 789//48 687//104 555//105
f 789//48 625//50 687//104
f 625//50 1157//52 687//104
s 1
f 4//90 57//91 28//106
f 57//91 58//107 28//106
f 57//91 73//92 58//107
f 103//83 104//108 85//93
f 103//83 120//94 104//108
f 120//94 122//109 104//108
s off
f 1655//110 1656//111 1657//112
f 1658//113 1659//114 1660//115
f 1661//116 1662//117 1663//118
f 1664//119 1665//120 1666//121
s 2
f 221//101 242//102 222//122
f 242//102 232//123 222//122
f 242//102 249//124 232//123
f 242//102 261//103 249//124
f 261//103 280//125 249//124
f 261//103 464//45 280//125
f 464//45 356//126 280//125
f 464//45 789//48 356//126
f 1181//54 1314//127 1157//52
s 1
f 28//106 29//128 5//129
f 28//106 58//107 29//128
f 58//107 47//130 29//128
f 58//107 59//131 47//130
f 58//107 73//92 59//131
f 73//92 86//132 59//131
f 73//92 85//93 86//132
f 85//93 104//108 86//132
f 122//109 123//133 104//108
f 122//109 1334//134 123//133
f 1333//135 138//136 123//133
s off
f 1667//137 1668//138 1669//139
f 1670//140 1671//141 1672//142
s 2
f 232//123 249//124 233//143
f 249//124 243//144 233//143
f 249//124 250//145 243//144
f 249//124 280//125 250//145
f 280//125 262//146 250//145
f 280//125 281//147 262//146
f 280//125 356//126 281//147
f 1181//54 1286//148 1314//127
s 1
f 47//130 59//131 48//149
f 59//131 60//150 48//149
f 59//131 86//132 60//150
f 86//132 87//151 60//150
f 86//132 104//108 87//151
f 104//108 106//152 87//151
f 104//108 123//133 106//152
f 123//133 124//153 106//152
f 123//133 138//136 124//153
f 138//136 150//154 124//153
f 138//136 149//155 150//154
s 2
f 250//145 262//146 251//156
f 262//146 256//157 251//156
f 262//146 1382//158 256//157
f 262//146 281//147 1381//159
f 281//147 282//160 1380//161
f 281//147 356//126 282//160
f 356//126 296//162 282//160
f 356//126 789//48 337//163
s 1
f 60//150 87//151 61//164
f 87//151 74//165 61//164
f 87//151 1327//166 74//165
f 87//151 106//152 1326//167
f 106//152 108//168 1325//169
f 106//152 124//153 108//168
f 124//153 125//170 108//168
f 124//153 150//154 125//170
f 150//154 139//171 125//170
s 2
f 1379//172 282//160 264//173
f 282//160 274//174 264//173
f 282//160 290//175 274//174
f 282//160 296//162 290//175
f 296//162 337//163 290//175
f 296//162 356//126 337//163
s 1
f 1324//176 108//168 89//177
f 108//168 109//178 89//177
f 108//168 125//170 109//178
f 125//170 126//179 109//178
f 125//170 139//171 126//179
s 2
f 274//174 290//175 275//180
f 290//175 283//181 275//180
f 290//175 291//182 283//181
f 290//175 337//163 291//182
f 337//163 301//183 291//182
f 337//163 314//184 301//183
f 337//163 789//48 314//184
f 291//182 301//183 292//185
f 301//183 297//186 292//185
f 301//183 309//187 297//186
f 301//183 314//184 309//187
f 314//184 324//188 309//187
f 314//184 789//48 324//188
f 297//186 309//187 298//189
f 309//187 302//190 298//189
f 309//187 310//191 302//190
f 309//187 324//188 310//191
f 324//188 315//192 310//191
f 324//188 326//193 315//192
f 324//188 789//48 326//193
f 789//48 347//194 326//193
f 789//48 555//105 347//194
f 310//191 315//192 311//195
s off
f 1673//196 1674//197 1675//198
f 1676//199 1677//200 1678//201
f 1679//202 1680//203 1681//204
s 2
f 326//193 347//194 1396//205
f 347//194 348//206 1395//207
f 347//194 555//105 348//206
f 555//105 369//208 348//206
s off
f 1682//209 1683//210 1684//211
f 1685//212 1686//213 1687//214
f 1688//215 1689//216 1690//217
f 1691//218 1692//219 1693//220
s 2
f 348//206 358//221 340//222
f 348//206 369//208 358//221
f 369//208 371//223 358//221
f 369//208 555//105 371//223
f 555//105 404//224 371//223
f 555//105 687//104 404//224
f 687//104 421//225 404//224
f 687//104 453//226 421//225
f 340//222 358//221 341//227
f 358//221 349//228 341//227
f 358//221 1414//229 349//228
f 358//221 371//223 1413//230
f 371//223 373//231 1412//232
f 371//223 404//224 373//231
f 404//224 388//233 373//231
f 404//224 421//225 388//233
f 1411//234 373//231 360//235
f 373//231 374//236 360//235
f 373//231 388//233 374//236
f 388//233 389//237 374//236
f 388//233 421//225 389//237
f 421//225 405//238 389//237
f 421//225 453//226 405//238
f 374//236 389//237 375//239
f 389//237 385//240 375//239
f 389//237 390//241 385//240
f 389//237 405//238 390//241
f 405//238 397//242 390//241
f 405//238 412//243 397//242
f 405//238 453//226 412//243
f 687//104 457//244 453//226
s 10
f 14//245 32//246 15//247
f 32//246 33//248 15//247
s 2
f 390//241 397//242 391//249
f 397//242 398//250 391//249
f 397//242 412//243 398//250
f 412//243 413//251 398//250
f 412//243 453//226 413//251
f 453//226 425//252 413//251
f 453//226 457//244 425//252
f 687//104 474//253 457//244
f 1157//52 1314//127 1315//254
s 10
f 33//248 35//255 15//247
f 33//248 49//256 35//255
f 49//256 50//257 35//255
s 2
f 398//250 413//251 399//258
f 413//251 406//259 399//258
f 413//251 414//260 406//259
f 413//251 425//252 414//260
f 425//252 426//261 414//260
f 425//252 457//244 426//261
f 457//244 442//262 426//261
f 457//244 474//253 442//262
f 474//253 687//104 568//263
f 687//104 895//264 603//265
f 687//104 1157//52 895//264
s 10
f 15//247 35//255 17//266
f 50//257 51//267 35//255
f 50//257 62//268 51//267
f 62//268 63//269 51//267
s 2
f 414//260 426//261 415//270
f 426//261 427//271 415//270
f 426//261 442//262 427//271
f 442//262 443//272 427//271
f 442//262 474//253 443//272
f 474//253 465//273 443//272
f 474//253 568//263 465//273
f 568//263 687//104 526//274
s 10
f 35//255 36//275 17//266
f 35//255 51//267 36//275
f 63//269 64//276 51//267
f 63//269 75//277 64//276
f 75//277 76//278 64//276
s 2
f 427//271 443//272 428//279
f 443//272 436//280 428//279
f 443//272 444//281 436//280
f 443//272 465//273 444//281
f 465//273 458//282 444//281
f 465//273 466//283 458//282
f 465//273 568//263 466//283
f 568//263 490//284 466//283
f 568//263 526//274 490//284
s 10
f 51//267 52//285 36//275
f 51//267 64//276 52//285
f 76//278 77//286 64//276
s 2
f 444//281 458//282 445//287
f 458//282 459//288 445//287
f 458//282 466//283 459//288
f 466//283 1431//289 459//288
f 466//283 490//284 1430//290
f 490//284 475//291 1429//292
f 490//284 491//293 475//291
f 490//284 526//274 491//293
f 526//274 512//294 491//293
f 687//104 603//265 526//274
s 10
f 64//276 65//295 52//285
f 64//276 77//286 65//295
f 77//286 78//296 65//295
f 77//286 90//297 78//296
f 90//297 91//298 78//296
s 2
f 1428//299 475//291 476//300
f 475//291 491//293 476//300
f 491//293 482//301 476//300
f 491//293 501//302 482//301
f 491//293 512//294 501//302
f 512//294 527//303 501//302
f 512//294 526//274 527//303
f 526//274 603//265 527//303
f 603//265 895//264 604//304
s 10
f 91//298 92//305 78//296
f 91//298 110//306 92//305
f 110//306 111//307 92//305
s 2
f 482//301 501//302 483//308
f 501//302 492//309 483//308
f 501//302 502//310 492//309
f 501//302 527//303 502//310
f 527//303 517//311 502//310
f 527//303 548//312 517//311
f 527//303 603//265 548//312
s 10
f 65//295 79//313 52//285
f 65//295 78//296 79//313
f 78//296 92//305 79//313
f 92//305 112//314 79//313
f 92//305 111//307 112//314
f 111//307 127//315 112//314
f 127//315 128//316 112//314
s 2
f 502//310 517//311 503//317
f 517//311 513//318 503//317
f 517//311 518//319 513//318
f 517//311 548//312 518//319
f 548//312 535//320 518//319
f 548//312 550//321 535//320
f 548//312 603//265 550//321
f 603//265 576//322 550//321
f 603//265 604//304 576//322
s 10
f 79//313 112//314 93//323
f 112//314 129//324 93//323
f 112//314 128//316 129//324
f 128//316 140//325 129//324
f 140//325 141//326 129//324
s 2
f 518//319 535//320 519//327
f 535//320 536//328 519//327
f 535//320 550//321 536//328
f 550//321 1454//329 536//328
f 550//321 576//322 1453//330
f 576//322 559//331 1452//332
f 576//322 577//333 559//331
f 576//322 604//304 577//333
f 604//304 589//334 577//333
s 10
f 17//266 36//275 66//335
f 36//275 52//285 66//335
f 52//285 79//313 66//335
f 79//313 93//323 66//335
f 93//323 113//336 66//335
f 93//323 129//324 113//336
f 129//324 142//337 113//336
f 129//324 141//326 142//337
s off
f 1694//338 1695//339 1696//340
f 1697//341 1698//342 1699//343
f 1700//344 1701//345 1702//346
f 1703//347 1704//348 1705//349
s 2
f 1451//350 559//331 560//351
f 559//331 577//333 560//351
f 577//333 569//352 560//351
f 577//333 585//353 569//352
f 577//333 589//334 585//353
f 589//334 595//354 585//353
f 589//334 604//304 595//354
f 604//304 620//355 595//354
f 604//304 895//264 620//355
f 895//264 1157//52 896//356
f 1157//52 942//357 896//356
s 10
f 142//337 143//358 113//336
f 142//337 1341//359 143//358
f 1340//360 157//361 143//358
s off
f 1706//362 1707//363 1708//364
f 1709//365 1710//366 1711//367
f 1712//368 1713//369 1714//370
s 10
f 177//371 178//372 168//373
s 2
f 569//352 585//353 570//374
f 585//353 578//375 570//374
f 585//353 586//376 578//375
f 585//353 595//354 586//376
f 595//354 597//377 586//376
f 595//354 620//355 597//377
f 620//355 616//378 597//377
f 620//355 703//379 616//378
f 620//355 895//264 703//379
f 1157//52 969//380 942//357
f 1157//52 999//381 969//380
f 1157//52 1028//382 999//381
s 10
f 143//358 158//383 113//336
f 143//358 157//361 158//383
f 157//361 168//373 158//383
f 168//373 179//384 158//383
f 168//373 178//372 179//384
f 178//372 188//385 179//384
f 188//385 189//386 179//384
s 2
f 586//376 597//377 587//387
f 597//377 590//388 587//387
f 597//377 598//389 590//388
f 597//377 616//378 598//389
f 616//378 608//390 598//389
f 616//378 626//391 608//390
f 616//378 703//379 626//391
f 895//264 896//356 774//392
f 1157//52 1074//393 1028//382
f 1157//52 1160//394 1074//393
f 1157//52 1315//254 1310//395
s 10
f 158//383 179//384 169//396
f 179//384 191//397 169//396
f 179//384 189//386 191//397
f 189//386 196//398 191//397
f 196//398 197//399 191//397
s 2
f 598//389 608//390 599//400
f 608//390 605//401 599//400
f 608//390 609//402 605//401
f 608//390 626//391 609//402
f 626//391 621//403 609//402
f 626//391 628//404 621//403
f 626//391 703//379 628//404
f 703//379 648//405 628//404
f 703//379 774//392 648//405
f 703//379 895//264 774//392
f 969//380 953//406 942//357
f 969//380 970//407 953//406
f 969//380 999//381 970//407
f 999//381 1000//408 970//407
f 999//381 1028//382 1000//408
f 1157//52 1310//395 1160//394
s 10
f 66//335 113//336 159//409
f 158//383 159//409 113//336
f 158//383 169//396 159//409
f 169//396 191//397 182//410
f 191//397 192//411 182//410
f 191//397 197//399 192//411
f 197//399 198//412 192//411
f 197//399 205//413 198//412
f 205//413 1357//414 198//412
s 2
f 609//402 621//403 611//415
f 621//403 617//416 611//415
f 621//403 1463//417 617//416
f 621//403 628//404 1463//417
f 628//404 648//405 1462//418
f 648//405 650//419 1461//420
f 648//405 774//392 650//419
f 774//392 669//421 650//419
f 774//392 676//422 669//421
f 774//392 720//423 676//422
f 774//392 896//356 720//423
f 942//357 928//424 896//356
f 942//357 953//406 928//424
f 953//406 943//425 928//424
f 953//406 954//426 943//425
f 953//406 970//407 954//426
f 970//407 961//427 954//426
f 970//407 971//428 961//427
f 970//407 1000//408 971//428
f 1000//408 976//429 971//428
f 1000//408 986//430 976//429
f 1000//408 1001//431 986//430
f 1000//408 1028//382 1001//431
f 1028//382 1013//432 1001//431
f 1028//382 1029//433 1013//432
f 1028//382 1074//393 1029//433
s 10
f 182//410 192//411 193//434
f 192//411 198//412 193//434
f 198//412 199//435 193//434
f 198//412 1356//436 199//435
f 1355//437 214//438 199//435
f 1354//439 212//440 214//438
f 212//440 225//441 214//438
f 225//441 227//442 214//438
s 2
f 1460//443 650//419 630//444
f 650//419 640//445 630//444
f 650//419 651//446 640//445
f 650//419 669//421 651//446
f 669//421 661//447 651//446
s off
f 1715//448 1716//449 1717//450
f 1718//451 1719//452 1720//453
f 1721//454 1722//455 1723//456
s 2
f 676//422 720//423 1478//457
f 720//423 688//458 1477//459
f 720//423 759//460 688//458
f 720//423 896//356 759//460
f 896//356 864//461 759//460
f 896//356 928//424 864//461
f 943//425 954//426 944//462
f 976//429 986//430 977//463
s off
f 1724//464 1725//465 1726//466
f 1727//467 1728//468 1729//469
f 1730//470 1731//471 1732//472
s 2
f 1001//431 1013//432 1566//473
f 1013//432 1015//474 1565//475
f 1013//432 1029//433 1015//474
s 10
f 182//410 159//409 169//396
f 182//410 193//434 159//409
f 193//434 199//435 200//476
f 199//435 214//438 200//476
f 214//438 215//477 200//476
f 214//438 227//442 215//477
f 227//442 237//478 215//477
f 227//442 235//479 237//478
f 235//479 1366//480 237//478
s off
f 1733//481 1734//482 1735//483
f 1736//484 1737//485 1738//486
f 1739//487 1740//488 1741//489
f 1742//490 1743//491 1744//492
s 2
f 688//458 759//460 689//493
f 759//460 704//494 689//493
f 759//460 739//495 704//494
f 759//460 775//496 739//495
f 759//460 864//461 775//496
f 864//461 865//497 775//496
f 864//461 928//424 865//497
f 928//424 918//498 865//497
f 928//424 943//425 918//498
f 943//425 929//499 918//498
f 943//425 944//462 929//499
s off
f 1745//500 1746//501 1747//502
f 1748//503 1749//504 1750//505
f 1751//506 1752//507 1753//508
f 1754//509 1755//510 1756//511
s 2
f 1015//474 1029//433 1016//512
f 1029//433 1031//513 1016//512
f 1029//433 1074//393 1031//513
s 10
f 159//409 193//434 200//476
f 200//476 215//477 207//514
f 215//477 239//515 207//514
f 215//477 237//478 239//515
f 237//478 1365//516 239//515
f 1364//517 246//518 239//515
f 1363//519 252//520 246//518
f 252//520 254//521 246//518
s off
f 1757//522 1758//523 1759//524
f 1760//525 1761//526 1762//527
f 1763//528 1764//529 1765//530
f 1766//531 1767//532 1768//533
s 2
f 775//496 776//534 760//535
f 775//496 865//497 776//534
f 865//497 790//536 776//534
f 865//497 809//537 790//536
f 865//497 822//538 809//537
f 865//497 842//539 822//538
f 865//497 866//540 842//539
f 865//497 918//498 866//540
f 918//498 897//541 866//540
f 918//498 919//542 897//541
f 918//498 929//499 919//542
s off
f 1769//543 1770//544 1771//545
s 2
f 1016//512 1017//546 1004//547
f 1016//512 1031//513 1017//546
f 1031//513 1032//548 1017//546
f 1031//513 1074//393 1032//548
f 1074//393 1047//549 1032//548
f 1074//393 1075//550 1047//549
f 1074//393 1160//394 1075//550
f 1160//394 1310//395 1133//551
s 10
f 239//515 255//552 207//514
f 239//515 246//518 255//552
f 246//518 254//521 255//552
f 254//521 1373//553 255//552
f 1372//554 259//555 255//552
s off
f 1772//556 1773//557 1774//558
f 1775//559 1776//560 1777//561
f 1778//562 1779//563 1780//564
f 1781//565 1782//566 1783//567
f 1784//568 1785//569 1786//570
f 1787//571 1788//572 1789//573
s 2
f 1017//546 1032//548 1018//574
f 1032//548 1033//575 1018//574
f 1032//548 1047//549 1033//575
f 1047//549 1076//576 1033//575
f 1047//549 1075//550 1076//576
f 1075//550 1160//394 1076//576
f 1160//394 1103//577 1076//576
f 1133//551 1310//395 1165//578
s 10
f 207//514 255//552 260//579
f 255//552 259//555 260//579
f 259//555 269//580 260//579
f 269//580 270//581 260//579
f 269//580 1389//582 270//581
f 1388//583 278//584 270//581
s off
f 1790//585 1791//586 1792//587
f 1793//588 1794//589 1795//590
f 1796//591 1797//592 1798//593
s 10
f 293//594 294//595 286//596
s 2
f 1033//575 1076//576 1034//597
f 1076//576 1048//598 1034//597
f 1076//576 1058//599 1048//598
f 1076//576 1089//600 1058//599
f 1076//576 1103//577 1089//600
f 1103//577 1117//601 1089//600
f 1103//577 1160//394 1117//601
f 1160//394 1133//551 1117//601
s 10
f 200//476 207//514 159//409
f 260//579 272//602 207//514
f 270//581 288//603 260//579
f 270//581 278//584 288//603
f 278//584 286//596 288//603
f 286//596 294//595 288//603
f 294//595 300//604 288//603
f 294//595 299//605 300//604
f 299//605 303//606 300//604
f 303//606 304//607 300//604
s 2
f 1058//599 1089//600 1059//608
f 1089//600 1077//609 1059//608
f 1089//600 1090//610 1077//609
f 1089//600 1117//601 1090//610
f 1117//601 1113//611 1090//610
f 1117//601 1118//612 1113//611
f 1117//601 1133//551 1118//612
f 1133//551 1134//613 1118//612
f 1133//551 1165//578 1134//613
s 10
f 207//514 272//602 159//409
f 260//579 288//603 272//602
f 288//603 295//614 272//602
f 288//603 300//604 295//614
f 300//604 305//615 295//614
f 300//604 304//607 305//615
f 304//607 312//616 305//615
f 312//616 313//617 305//615
s 2
f 1090//610 1113//611 1091//618
f 1113//611 1104//619 1091//618
s off
f 1799//620 1800//621 1801//622
f 1802//623 1803//624 1804//625
f 1805//626 1806//627 1807//628
s 2
f 1118//612 1134//613 1590//629
f 1134//613 1125//630 1589//631
f 1134//613 1129//632 1125//630
f 1134//613 1144//633 1129//632
f 1134//613 1165//578 1144//633
f 1165//578 1310//395 1170//634
s 10
f 272//602 295//614 307//635
f 295//614 305//615 307//635
f 305//615 313//617 307//635
f 313//617 319//636 307//635
f 313//617 318//637 319//636
f 318//637 329//638 319//636
f 329//638 330//639 319//636
s off
f 1808//640 1809//641 1810//642
f 1811//643 1812//644 1813//645
f 1814//646 1815//647 1816//648
f 1817//649 1818//650 1819//651
s 2
f 1125//630 1129//632 1126//652
f 1129//632 1599//653 1126//652
f 1129//632 1144//633 1598//654
f 1144//633 1139//655 1597//656
f 1144//633 1147//657 1139//655
f 1144//633 1165//578 1147//657
f 1165//578 1170//634 1147//657
f 1310//395 1189//658 1170//634
f 1310//395 1315//254 1272//659
s 10
f 307//635 319//636 308//660
f 319//636 320//661 308//660
f 319//636 330//639 320//661
f 330//639 332//662 320//661
f 330//639 343//663 332//662
f 343//663 1405//664 332//662
s 2
f 1596//665 1139//655 1137//666
f 1139//655 1140//667 1137//666
f 1139//655 1147//657 1140//667
f 1147//657 1148//668 1140//667
f 1147//657 1170//634 1148//668
f 1170//634 1161//669 1148//668
f 1170//634 1189//658 1161//669
f 1310//395 1200//670 1189//658
f 1310//395 1272//659 1200//670
s 10
f 307//635 308//660 272//602
f 308//660 320//661 321//671
f 320//661 332//662 321//671
f 332//662 334//672 321//671
f 332//662 1404//673 334//672
f 1403//674 353//675 334//672
f 1402//676 352//677 353//675
f 352//677 362//678 353//675
f 362//678 363//679 353//675
s 2
f 1140//667 1148//668 1141//680
f 1148//668 1145//681 1141//680
f 1148//668 1149//682 1145//681
f 1148//668 1161//669 1149//682
f 1161//669 1154//683 1149//682
f 1161//669 1177//684 1154//683
f 1161//669 1189//658 1177//684
f 1189//658 1200//670 1177//684
f 1272//659 1315//254 1225//685
s 10
f 321//671 334//672 322//686
f 334//672 345//687 322//686
f 334//672 353//675 345//687
f 353//675 364//688 345//687
f 353//675 363//679 364//688
f 363//679 377//689 364//688
f 377//689 378//690 364//688
s 2
f 1149//682 1154//683 1150//691
f 1154//683 1153//692 1150//691
f 1154//683 1155//693 1153//692
f 1154//683 1177//684 1155//693
f 1177//684 1171//694 1155//693
f 1177//684 1183//695 1171//694
f 1177//684 1200//670 1183//695
f 1200//670 1201//696 1183//695
f 1200//670 1272//659 1201//696
f 1225//685 1315//254 1241//697
s 10
f 321//671 272//602 308//660
f 321//671 322//686 272//602
f 364//688 365//698 345//687
f 364//688 378//690 365//698
f 378//690 387//699 365//698
f 378//690 386//700 387//699
f 386//700 392//701 387//699
f 392//701 393//702 387//699
s 2
f 1171//694 1166//703 1162//704
f 1171//694 1172//705 1166//703
f 1171//694 1183//695 1172//705
f 1183//695 1178//706 1172//705
f 1183//695 1608//707 1178//706
f 1183//695 1201//696 1607//708
f 1201//696 1192//709 1606//710
f 1201//696 1202//711 1192//709
f 1201//696 1272//659 1202//711
f 1272//659 1209//712 1202//711
f 1272//659 1225//685 1209//712
s 10
f 345//687 379//713 322//686
f 345//687 365//698 379//713
f 365//698 387//699 379//713
f 387//699 394//714 379//713
f 387//699 393//702 394//714
f 393//702 401//715 394//714
f 401//715 402//716 394//714
s 2
f 1605//717 1192//709 1185//718
f 1192//709 1193//719 1185//718
f 1192//709 1202//711 1193//719
f 1241//697 1315//254 1287//720
f 1315//254 1316//721 1311//722
s 10
f 272//602 228//723 159//409
f 322//686 381//724 272//602
f 322//686 379//713 381//724
f 379//713 394//714 381//724
f 394//714 395//725 381//724
f 394//714 402//716 395//725
f 402//716 408//726 395//725
f 402//716 407//727 408//726
f 407//727 416//728 408//726
f 416//728 417//729 408//726
s 2
f 1193//719 1202//711 1194//730
f 1202//711 1203//731 1194//730
f 1202//711 1209//712 1203//731
f 1209//712 1210//732 1203//731
f 1209//712 1225//685 1210//732
f 1225//685 1216//733 1210//732
f 1225//685 1241//697 1216//733
f 1315//254 1311//722 1305//734
s 10
f 381//724 395//725 396//735
f 395//725 408//726 396//735
f 408//726 409//736 396//735
f 408//726 417//729 409//736
f 417//729 418//737 409//736
f 417//729 422//738 418//737
f 422//738 423//739 418//737
s 2
f 1203//731 1210//732 1204//740
f 1210//732 1211//741 1204//740
f 1210//732 1216//733 1211//741
f 1216//733 1218//742 1211//741
f 1216//733 1241//697 1218//742
f 1241//697 1227//743 1218//742
f 1241//697 1287//720 1227//743
f 1287//720 1315//254 1305//734
f 1305//734 1311//722 1306//744
s 10
f 381//724 396//735 272//602
f 409//736 419//745 396//735
f 409//736 418//737 419//745
f 418//737 423//739 419//745
f 423//739 432//746 419//745
f 423//739 431//747 432//746
f 431//747 437//748 432//746
f 437//748 438//749 432//746
s off
f 1820//750 1821//751 1822//752
f 1823//753 1824//754 1825//755
s 2
f 1218//742 1227//743 1615//756
f 1227//743 1229//757 1614//758
f 1227//743 1287//720 1229//757
s 10
f 419//745 424//759 396//735
f 419//745 432//746 424//759
f 432//746 439//760 424//759
f 432//746 438//749 439//760
f 438//749 447//761 439//760
f 447//761 448//762 439//760
s off
f 1826//763 1827//764 1828//765
f 1829//766 1830//767 1831//768
f 1832//769 1833//770 1834//771
f 1835//772 1836//773 1837//774
s 2
f 1229//757 1287//720 1230//775
f 1287//720 1242//776 1230//775
f 1287//720 1305//734 1242//776
s 10
f 396//735 424//759 403//777
f 424//759 439//760 433//778
f 439//760 449//779 433//778
f 439//760 448//762 449//779
f 448//762 454//780 449//779
f 454//780 1419//781 449//779
s off
f 1838//782 1839//783 1840//784
s 2
f 1230//775 1231//785 1220//786
f 1230//775 1242//776 1231//785
f 1311//722 1316//721 1312//787
s 10
f 424//759 433//778 403//777
f 449//779 450//788 433//778
f 449//779 1418//789 450//788
s off
f 1841//790 1842//791 1843//792
f 1844//793 1845//794 1846//795
f 1847//796 1848//797 1849//798
f 1850//799 1851//800 1852//801
f 1853//802 1854//803 1855//804
s 2
f 1231//785 1242//776 1232//805
f 1242//776 1243//806 1232//805
f 1242//776 1305//734 1243//806
f 1305//734 1273//807 1243//806
f 1305//734 1306//744 1273//807
s 10
f 433//778 451//808 403//777
f 433//778 450//788 451//808
s off
f 1856//809 1857//810 1858//811
f 1859//812 1860//813 1861//814
f 1862//815 1863//816 1864//817
s 10
f 1422//818 462//819 456//820
s off
f 1865//821 1866//822 1867//823
f 1868//824 1869//825 1870//826
s 2
f 1232//805 1243//806 1233//827
s 10
f 228//723 272//602 403//777
f 272//602 396//735 403//777
f 470//828 471//829 462//819
f 470//828 478//830 471//829
f 478//830 479//831 471//829
s off
f 1871//832 1872//833 1873//834
f 1874//835 1875//836 1876//837
s 2
f 1243//806 1273//807 1623//838
s off
f 1877//839 1878//840 1879//841
f 1880//842 1881//843 1882//844
f 1883//845 1884//846 1885//847
s 10
f 451//808 456//820 403//777
f 456//820 462//819 403//777
f 462//819 463//848 403//777
f 462//819 471//829 463//848
f 471//829 473//849 463//848
f 471//829 479//831 473//849
f 479//831 480//850 473//849
f 479//831 485//851 480//850
f 485//851 486//852 480//850
s off
f 1886//853 1887//854 1888//855
f 1889//856 1890//857 1891//858
f 1892//859 1893//860 1894//861
f 1895//862 1896//863 1897//864
f 1898//865 1899//866 1900//867
f 1901//868 1902//869 1903//870
s 10
f 480//850 487//871 473//849
f 480//850 486//852 487//871
f 486//852 494//872 487//871
f 494//872 495//873 487//871
s off
f 1904//874 1905//875 1906//876
f 1907//877 1908//878 1909//879
f 1910//880 1911//881 1912//882
f 1913//883 1914//884 1915//885
s 10
f 473//849 489//886 463//848
f 473//849 487//871 489//886
f 487//871 488//887 489//886
f 487//871 495//873 488//887
f 495//873 497//888 488//887
s off
f 1916//889 1917//890 1918//891
f 1919//892 1920//893 1921//894
f 1922//895 1923//896 1924//897
f 1925//898 1926//899 1927//900
f 1928//901 1929//902 1930//903
f 1931//904 1932//905 1933//906
f 1934//907 1935//908 1936//909
f 1937//910 1938//911 1939//912
s 10
f 488//887 497//888 489//886
f 497//888 498//913 489//886
f 497//888 1438//914 498//913
f 1437//915 506//916 498//913
s off
f 1940//917 1941//918 1942//919
f 1943//920 1944//921 1945//922
f 1946//923 1947//924 1948//925
s 10
f 522//926 523//927 515//928
s off
f 1949//929 1950//930 1951//931
f 1952//932 1953//933 1954//934
f 1955//935 1956//936 1957//937
f 1958//938 1959//939 1960//940
s 10
f 489//886 498//913 507//941
f 498//913 506//916 507//941
f 506//916 515//928 507//941
f 515//928 524//942 507//941
f 515//928 523//927 524//942
f 523//927 529//943 524//942
f 529//943 530//944 524//942
s off
f 1961//945 1962//946 1963//947
f 1964//948 1965//949 1966//950
f 1967//951 1968//952 1969//953
f 1970//954 1971//955 1972//956
s 10
f 403//777 481//957 228//723
f 489//886 507//941 481//957
f 507//941 524//942 516//958
f 524//942 532//959 516//958
f 524//942 530//944 532//959
s off
f 1973//960 1974//961 1975//962
f 1976//963 1977//964 1978//965
f 1979//966 1980//967 1981//968
f 1982//969 1983//970 1984//971
f 1985//972 1986//973 1987//974
f 1988//975 1989//976 1990//977
f 1991//978 1992//979 1993//980
f 1994//981 1995//982 1996//983
s 2
f 1306//744 1311//722 1288//984
s 10
f 403//777 463//848 481//957
f 463//848 489//886 481//957
f 507//941 516//958 481//957
f 532//959 534//985 516//958
f 532//959 1445//986 534//985
f 1444//987 542//988 534//985
s off
f 1997//989 1998//990 1999//991
f 2000//992 2001//993 2002//994
f 2003//995 2004//996 2005//997
s 10
f 561//998 563//999 553//1000
s off
f 2006//1001 2007//1002 2008//1003
f 2009//1004 2010//1005 2011//1006
f 2012//1007 2013//1008 2014//1009
f 2015//1010 2016//1011 2017//1012
s 10
f 516//958 534//985 543//1013
f 534//985 542//988 543//1013
f 542//988 553//1000 543//1013
f 553//1000 564//1014 543//1013
f 553//1000 563//999 564//1014
f 563//999 572//1015 564//1014
f 572//1015 581//1016 564//1014
f 572//1015 580//1017 581//1016
s off
f 2018//1018 2019//1019 2020//1020
f 2021//1021 2022//1022 2023//1023
f 2024//1024 2025//1025 2026//1026
f 2027//1027 2028//1028 2029//1029
s 10
f 516//958 543//1013 481//957
f 543//1013 565//1030 481//957
f 543//1013 564//1014 565//1030
f 564//1014 581//1016 565//1030
f 581//1016 593//1031 565//1030
f 581//1016 588//1032 593//1031
f 588//1032 592//1033 593//1031
f 592//1033 600//1034 593//1031
f 600//1034 601//1035 593//1031
s off
f 2030//1036 2031//1037 2032//1038
f 2033//1039 2034//1040 2035//1041
f 2036//1042 2037//1043 2038//1044
f 2039//1045 2040//1046 2041//1047
s 10
f 481//957 565//1030 566//1048
f 565//1030 593//1031 566//1048
f 593//1031 582//1049 566//1048
f 593//1031 594//1050 582//1049
f 593//1031 601//1035 594//1050
f 601//1035 614//1051 594//1050
f 601//1035 606//1052 614//1051
f 606//1052 613//1053 614//1051
f 613//1053 618//1054 614//1051
f 618//1054 622//1055 614//1051
s off
f 2042//1056 2043//1057 2044//1058
f 2045//1059 2046//1060 2047//1061
f 2048//1062 2049//1063 2050//1064
s 10
f 594//1050 602//1065 582//1049
f 594//1050 614//1051 602//1065
f 614//1051 623//1066 602//1065
f 614//1051 622//1055 623//1066
f 622//1055 631//1067 623//1066
f 631//1067 653//1068 623//1066
f 631//1067 642//1069 653//1068
f 642//1069 652//1070 653//1068
f 652//1070 662//1071 653//1068
f 662//1071 663//1072 653//1068
s 2
f 1625//1073 1275//1074 1247//1075
f 1275//1074 1277//1076 1247//1075
f 1275//1074 1288//984 1277//1076
f 1311//722 1301//1077 1288//984
f 1311//722 1312//787 1301//1077
s 10
f 582//1049 602//1065 566//1048
f 623//1066 619//1078 602//1065
f 623//1066 632//1079 619//1078
f 623//1066 653//1068 632//1079
f 653//1068 654//1080 632//1079
f 653//1068 663//1072 654//1080
f 663//1072 671//1081 654//1080
f 663//1072 679//1082 671//1081
f 679//1082 680//1083 671//1081
f 602//1065 574//1084 566//1048
f 632//1079 655//1085 619//1078
f 632//1079 654//1080 655//1085
f 654//1080 671//1081 655//1085
f 671//1081 672//1086 655//1085
f 671//1081 680//1083 672//1086
f 680//1083 681//1087 672//1086
f 680//1083 690//1088 681//1087
f 690//1088 691//1089 681//1087
s 2
f 1247//1075 1277//1076 1248//1090
s 10
f 574//1084 602//1065 619//1078
f 672//1086 682//1091 655//1085
f 672//1086 681//1087 682//1091
f 681//1087 691//1089 682//1091
f 691//1089 692//1092 682//1091
f 691//1089 706//1093 692//1092
f 706//1093 707//1094 692//1092
f 481//957 566//1048 574//1084
f 682//1091 683//1095 655//1085
f 682//1091 692//1092 683//1095
f 707//1094 1487//1096 692//1092
s 2
f 1248//1090 1277//1076 1249//1097
s 10
f 228//723 481//957 574//1084
f 619//1078 655//1085 574//1084
f 655//1085 683//1095 684//1098
f 692//1092 693//1099 683//1095
f 692//1092 1486//1100 693//1099
f 1485//1101 709//1102 693//1099
f 1484//1103 722//1104 709//1102
f 722//1104 723//1105 709//1102
f 683//1095 693//1099 684//1098
f 709//1102 710//1106 693//1099
f 709//1102 723//1105 710//1106
f 723//1105 724//1107 710//1106
s off
f 2051//1108 2052//1109 2053//1110
s 42
f 945//1111 955//1112 956//1113
f 955//1112 963//1114 956//1113
f 963//1114 973//1115 956//1113
f 963//1114 972//1116 973//1115
f 972//1116 979//1117 973//1115
f 979//1117 981//1118 973//1115
s off
f 2054//1119 2055//1120 2056//1121
f 2057//1122 2058//1123 2059//1124
f 2060//1125 2061//1126 2062//1127
f 2063//1128 2064//1129 2065//1130
s 2
f 1288//984 1291//1131 1277//1076
f 1288//984 1301//1077 1291//1131
s 10
f 574//1084 499//1132 228//723
f 655//1085 684//1098 574//1084
f 693//1099 710//1106 684//1098
f 724//1107 725//1133 710//1106
f 724//1107 742//1134 725//1133
f 742//1134 743//1135 725//1133
s off
f 2066//1136 2067//1137 2068//1138
f 2069//1139 2070//1140 2071//1141
f 2072//1142 2073//1143 2074//1144
f 2075//1145 2076//1146 2077//1147
s 42
f 956//1113 957//1148 932//1149
f 956//1113 973//1115 957//1148
f 973//1115 982//1150 957//1148
f 973//1115 981//1118 982//1150
f 981//1118 1559//1151 982//1150
f 1558//1152 992//1153 982//1150
s off
f 2078//1154 2079//1155 2080//1156
f 2081//1157 2082//1158 2083//1159
f 2084//1160 2085//1161 2086//1162
s 42
f 1019//1163 1020//1164 1007//1165
s 10
f 684//1098 575//1166 574//1084
f 710//1106 711//1167 684//1098
f 710//1106 725//1133 711//1167
f 743//1135 744//1168 725//1133
s off
f 2087//1169 2088//1170 2089//1171
f 2090//1172 2091//1173 2092//1174
f 2093//1175 2094//1176 2095//1177
f 2096//1178 2097//1179 2098//1180
f 2099//1181 2100//1182 2101//1183
s 42
f 932//1149 957//1148 964//1184
f 957//1148 982//1150 964//1184
f 982//1150 993//1185 964//1184
f 982//1150 992//1153 993//1185
f 992//1153 1007//1165 993//1185
f 1007//1165 1021//1186 993//1185
f 1007//1165 1020//1164 1021//1186
f 1020//1164 1035//1187 1021//1186
f 1035//1187 1575//1188 1021//1186
s 2
f 1277//1076 1278//1189 1249//1097
f 1277//1076 1291//1131 1278//1189
s 10
f 725//1133 727//1190 711//1167
f 725//1133 744//1168 727//1190
f 744//1168 745//1191 727//1190
f 744//1168 761//1192 745//1191
f 761//1192 762//1193 745//1191
s off
f 2102//1194 2103//1195 2104//1196
f 2105//1197 2106//1198 2107//1199
f 2108//1200 2109//1201 2110//1202
f 2111//1203 2112//1204 2113//1205
f 2114//1206 2115//1207 2116//1208
s 42
f 964//1184 993//1185 1009//1209
f 993//1185 1021//1186 1009//1209
f 1021//1186 1022//1210 1009//1209
f 1021//1186 1574//1211 1022//1210
f 1573//1212 1038//1213 1022//1210
f 1572//1214 1049//1215 1038//1213
f 1049//1215 1050//1216 1038//1213
s 10
f 684//1098 711//1167 575//1166
f 711//1167 727//1190 575//1166
f 762//1193 763//1217 745//1191
s off
f 2117//1218 2118//1219 2119//1220
f 2120//1221 2121//1222 2122//1223
s 42
f 901//1224 921//1225 871//1226
f 921//1225 964//1184 934//1227
f 964//1184 1009//1209 934//1227
f 1009//1209 1022//1210 1023//1228
f 1022//1210 1038//1213 1023//1228
f 1038//1213 1039//1229 1023//1228
f 1038//1213 1050//1216 1039//1229
f 1050//1216 1051//1230 1039//1229
f 1050//1216 1060//1231 1051//1230
f 1060//1231 1061//1232 1051//1230
s 10
f 763//1217 764//1233 745//1191
s off
f 2123//1234 2124//1235 2125//1236
f 2126//1237 2127//1238 2128//1239
s 42
f 871//1226 921//1225 873//1240
f 921//1225 934//1227 873//1240
f 1061//1232 1062//1241 1051//1230
s 10
f 499//1132 574//1084 575//1166
f 745//1191 746//1242 727//1190
f 745//1191 764//1233 746//1242
f 764//1233 765//1243 746//1242
s off
f 2129//1244 2130//1245 2131//1246
f 2132//1247 2133//1248 2134//1249
s 42
f 873//1240 875//1250 1544//1251
f 873//1240 934//1227 875//1250
f 1009//1209 1023//1228 934//1227
f 1051//1230 1052//1252 1039//1229
f 1051//1230 1062//1241 1052//1252
f 1062//1241 1064//1253 1052//1252
s 2
f 1301//1077 1302//1254 1291//1131
f 1301//1077 1312//787 1302//1254
s 10
f 727//1190 730//1255 575//1166
f 727//1190 746//1242 730//1255
f 765//1243 766//1256 746//1242
s off
f 2135//1257 2136//1258 2137//1259
f 2138//1260 2139//1261 2140//1262
s 42
f 1543//1263 875//1250 846//1264
f 875//1250 876//1265 846//1264
f 875//1250 934//1227 876//1265
f 1039//1229 1040//1266 1023//1228
f 1039//1229 1052//1252 1040//1266
f 1064//1253 1065//1267 1052//1252
s 10
f 766//1256 767//1268 746//1242
s off
f 2141//1269 2142//1270 2143//1271
s 42
f 846//1264 848//1272 824//1273
f 846//1264 876//1265 848//1272
f 934//1227 922//1274 876//1265
f 922//1274 934//1227 936//1275
f 934//1227 1023//1228 936//1275
s 2
f 1291//1131 1292//1276 1278//1189
f 1291//1131 1302//1254 1292//1276
s 10
f 746//1242 747//1277 730//1255
f 746//1242 767//1268 747//1277
s off
f 2144//1278 2145//1279 2146//1280
f 2147//1281 2148//1282 2149//1283
f 2150//1284 2151//1285 2152//1286
s 42
f 848//1272 876//1265 1547//1287
s off
f 2153//1288 2154//1289 2155//1290
f 2156//1291 2157//1292 2158//1293
f 2159//1294 2160//1295 2161//1296
s 42
f 922//1274 936//1275 905//1297
f 1065//1267 1066//1298 1052//1252
s 10
f 575//1166 694//1299 499//1132
f 575//1166 730//1255 694//1299
f 747//1277 748//1300 730//1255
s off
f 2162//1301 2163//1302 2164//1303
f 2165//1304 2166//1305 2167//1306
f 2168//1307 2169//1308 2170//1309
f 2171//1310 2172//1311 2173//1312
f 2174//1313 2175//1314 2176//1315
f 2177//1316 2178//1317 2179//1318
f 2180//1319 2181//1320 2182//1321
f 2183//1322 2184//1323 2185//1324
f 2186//1325 2187//1326 2188//1327
s 42
f 936//1275 1023//1228 1010//1328
f 1040//1266 1041//1329 1023//1228
f 1040//1266 1052//1252 1041//1329
f 1052//1252 1053//1330 1041//1329
f 1052//1252 1066//1298 1053//1330
f 1079//1331 1080//1332 1066//1298
s 10
f 748//1300 749//1333 730//1255
f 748//1300 1512//1334 749//1333
f 1511//1335 769//1336 749//1333
s off
f 2189//1337 2190//1338 2191//1339
f 2192//1340 2193//1341 2194//1342
s 42
f 1549//1343 879//1344 850//1345
f 1066//1298 1067//1346 1053//1330
f 1066//1298 1080//1332 1067//1346
f 1080//1332 1081//1347 1067//1346
s 10
f 769//1336 770//1348 749//1333
f 769//1336 779//1349 770//1348
f 779//1349 780//1350 770//1348
s 42
f 850//1345 879//1344 851//1351
f 879//1344 880//1352 851//1351
f 879//1344 905//1297 880//1352
f 905//1297 907//1353 880//1352
f 905//1297 936//1275 907//1353
f 936//1275 923//1354 907//1353
f 936//1275 1010//1328 923//1354
f 1081//1347 1082//1355 1067//1346
s 10
f 780//1350 781//1356 770//1348
f 780//1350 794//1357 781//1356
f 794//1357 795//1358 781//1356
s 42
f 851//1351 880//1352 852//1359
f 1010//1328 1023//1228 1011//1360
f 1023//1228 1041//1329 1011//1360
f 1053//1330 1054//1361 1041//1329
f 1053//1330 1067//1346 1054//1361
f 1082//1355 1083//1362 1067//1346
f 1082//1355 1093//1363 1083//1362
f 1093//1363 1094//1364 1083//1362
s 2
f 1249//1097 1278//1189 1250//1365
s 10
f 730//1255 771//1366 694//1299
f 730//1255 749//1333 771//1366
f 749//1333 770//1348 771//1366
f 770//1348 781//1356 771//1366
s off
f 2195//1367 2196//1368 2197//1369
s 42
f 852//1359 880//1352 853//1370
f 880//1352 881//1371 853//1370
f 880//1352 907//1353 881//1371
f 907//1353 908//1372 881//1371
f 907//1353 923//1354 908//1372
f 1011//1360 1041//1329 995//1373
f 1067//1346 1069//1374 1054//1361
f 1067//1346 1083//1362 1069//1374
f 1094//1364 1096//1375 1083//1362
s 10
f 781//1356 783//1376 771//1366
s off
f 2198//1377 2199//1378 2200//1379
f 2201//1380 2202//1381 2203//1382
f 2204//1383 2205//1384 2206//1385
f 2207//1386 2208//1387 2209//1388
s 42
f 923//1354 924//1389 908//1372
f 923//1354 1010//1328 924//1389
f 1083//1362 1084//1390 1069//1374
f 1083//1362 1096//1375 1084//1390
s 10
f 783//1376 785//1391 771//1366
f 783//1376 1519//1392 785//1391
f 1518//1393 800//1394 785//1391
s off
f 2210//1395 2211//1396 2212//1397
f 2213//1398 2214//1399 2215//1400
s 42
f 881//1371 908//1372 882//1401
f 908//1372 909//1402 882//1401
f 908//1372 924//1389 909//1402
f 1010//1328 937//1403 924//1389
f 1010//1328 1011//1360 937//1403
f 995//1373 1041//1329 1042//1404
f 1054//1361 1070//1405 1042//1404
f 1054//1361 1069//1374 1070//1405
f 1069//1374 1084//1390 1070//1405
f 1084//1390 1085//1406 1070//1405
f 1084//1390 1583//1407 1085//1406
f 1582//1408 1099//1409 1085//1406
f 1581//1410 1106//1411 1099//1409
f 1106//1411 1107//1412 1099//1409
s 10
f 771//1366 786//1413 694//1299
f 771//1366 785//1391 786//1413
f 800//1394 802//1414 785//1391
f 800//1394 812//1415 802//1414
f 812//1415 1528//1416 802//1414
s 42
f 909//1402 924//1389 910//1417
f 924//1389 925//1418 910//1417
f 924//1389 937//1403 925//1418
f 937//1403 938//1419 925//1418
f 937//1403 1011//1360 938//1419
f 1011//1360 947//1420 938//1419
f 1011//1360 995//1373 947//1420
f 1054//1361 1042//1404 1041//1329
f 1107//1412 1108//1421 1099//1409
s 2
f 1250//1365 1278//1189 1251//1422
s 10
f 694//1299 366//1423 499//1132
f 785//1391 802//1414 786//1413
f 802//1414 804//1424 786//1413
f 802//1414 1527//1425 804//1424
f 1526//1426 816//1427 804//1424
f 1525//1428 827//1429 816//1427
s 42
f 925//1418 938//1419 926//1430
f 938//1419 939//1431 926//1430
f 938//1419 947//1420 939//1431
f 947//1420 948//1432 939//1431
f 947//1420 995//1373 948//1432
f 995//1373 965//1433 948//1432
f 995//1373 1042//1404 965//1433
f 1070//1405 1085//1406 1086//1434
f 1099//1409 1100//1435 1085//1406
f 1099//1409 1108//1421 1100//1435
f 1108//1421 1109//1436 1100//1435
s 2
f 1251//1422 1278//1189 1252//1437
s 10
f 816//1427 818//1438 804//1424
f 816//1427 827//1429 818//1438
f 827//1429 1537//1439 818//1438
s 42
f 939//1431 948//1432 940//1440
f 948//1432 949//1441 940//1440
f 948//1432 965//1433 949//1441
f 965//1433 959//1442 949//1441
f 965//1433 966//1443 959//1442
f 965//1433 1042//1404 966//1443
f 1042//1404 1070//1405 1024//1444
f 1070//1405 1071//1445 1024//1444
f 1070//1405 1086//1434 1071//1445
f 1085//1406 1100//1435 1086//1434
f 1109//1436 1111//1446 1100//1435
s 2
f 1252//1437 1278//1189 1253//1447
s 10
f 786//1413 804//1424 805//1448
f 804//1424 818//1438 805//1448
f 818//1438 819//1449 805//1448
f 818//1438 1536//1450 819//1449
f 1535//1451 832//1452 819//1449
f 1534//1453 854//1454 832//1452
f 854//1454 855//1455 832//1452
s 42
f 949//1441 959//1442 950//1456
f 959//1442 960//1457 950//1456
f 959//1442 966//1443 960//1457
f 966//1443 967//1458 960//1457
f 966//1443 1042//1404 967//1458
f 1042//1404 983//1459 967//1458
f 1042//1404 1024//1444 983//1459
f 1086//1434 1101//1460 1071//1445
f 1086//1434 1100//1435 1101//1460
f 1100//1435 1111//1446 1101//1460
f 1111//1446 1112//1461 1101//1460
s 2
f 1253//1447 1278//1189 1254//1462
f 1292//1276 1293//1463 1278//1189
f 1292//1276 1302//1254 1293//1463
s 10
f 832//1452 833//1464 819//1449
f 832//1452 855//1455 833//1464
f 855//1455 857//1465 833//1464
s 42
f 960//1457 967//1458 968//1466
f 967//1458 983//1459 968//1466
f 983//1459 974//1467 968//1466
f 983//1459 996//1468 974//1467
f 983//1459 1024//1444 996//1468
f 1024//1444 1025//1469 996//1468
f 1024//1444 1071//1445 1025//1469
f 1071//1445 1072//1470 1025//1469
f 1071//1445 1101//1460 1072//1470
f 1101//1460 1102//1471 1072//1470
f 1101//1460 1112//1461 1102//1471
s 10
f 366//1423 694//1299 835//1472
f 805//1448 835//1472 786//1413
f 819//1449 834//1473 805//1448
f 819//1449 833//1464 834//1473
f 857//1465 858//1474 833//1464
f 857//1465 883//1475 858//1474
f 883//1475 884//1476 858//1474
s 42
f 974//1467 996//1468 975//1477
f 996//1468 984//1478 975//1477
f 996//1468 997//1479 984//1478
f 996//1468 1025//1469 997//1479
f 1025//1469 1043//1480 997//1479
f 1025//1469 1072//1470 1043//1480
f 1072//1470 1073//1481 1043//1480
f 1072//1470 1102//1471 1073//1481
f 1102//1471 1087//1482 1073//1481
s 2
f 1302//1254 1312//787 1309//1483
s 10
f 833//1464 858//1474 834//1473
f 884//1476 885//1484 858//1474
s 42
f 997//1479 1043//1480 998//1485
f 1043//1480 1012//1486 998//1485
f 1043//1480 1026//1487 1012//1486
f 1043//1480 1044//1488 1026//1487
f 1043//1480 1073//1481 1044//1488
f 1073//1481 1055//1489 1044//1488
s 2
f 1302//1254 1309//1483 1293//1463
s 10
f 694//1299 786//1413 835//1472
f 805//1448 834//1473 835//1472
f 858//1474 859//1490 834//1473
f 858//1474 885//1484 859//1490
f 885//1484 886//1491 859//1490
s 2
f 1278//1189 1279//1492 1254//1462
f 1278//1189 1293//1463 1279//1492
s 10
f 834//1473 859//1490 835//1472
f 886//1491 887//1493 859//1490
f 886//1491 912//1494 887//1493
f 912//1494 913//1495 887//1493
f 835//1472 229//1496 366//1423
f 913//1495 914//1497 887//1493
f 835//1472 859//1490 836//1498
f 887//1493 888//1499 859//1490
f 887//1493 914//1497 888//1499
f 914//1497 915//1500 888//1499
s 2
f 1254//1462 1279//1492 1255//1501
s 10
f 859//1490 860//1502 836//1498
f 859//1490 888//1499 860//1502
f 915//1500 916//1503 888//1499
f 888//1499 889//1504 860//1502
f 888//1499 916//1503 889//1504
f 916//1503 917//1505 889//1504
s 2
f 1309//1483 1312//787 1317//1506
s 10
f 835//1472 836//1498 806//1507
f 860//1502 861//1508 836//1498
f 860//1502 889//1504 861//1508
f 889//1504 890//1509 861//1508
s 2
f 1255//1501 1279//1492 1256//1510
s 10
f 836//1498 837//1511 820//1512
f 836//1498 861//1508 837//1511
f 890//1509 891//1513 861//1508
s 2
f 1256//1510 1279//1492 1257//1514
s 10
f 836//1498 820//1512 806//1507
f 861//1508 862//1515 837//1511
f 861//1508 891//1513 862//1515
f 891//1513 892//1516 862//1515
s 2
f 1257//1514 1279//1492 1258//1517
s 10
f 837//1511 838//1518 820//1512
f 837//1511 862//1515 838//1518
s 2
f 1258//1517 1279//1492 1259//1519
f 1317//1506 1318//1520 1309//1483
s 10
f 838//1518 862//1515 839//1521
s 2
f 1259//1519 1279//1492 1260//1522
f 1293//1463 1294//1523 1279//1492
f 1293//1463 1309//1483 1294//1523
s 10
f 820//1512 838//1518 807//1524
f 838//1518 821//1525 807//1524
f 838//1518 839//1521 821//1525
f 806//1507 820//1512 772//1526
f 820//1512 807//1524 772//1526
f 807//1524 821//1525 808//1527
s 2
f 1279//1492 1280//1528 1260//1522
f 1279//1492 1294//1523 1280//1528
s 10
f 807//1524 808//1527 787//1529
f 772//1526 807//1524 750//1530
f 807//1524 773//1531 750//1530
f 807//1524 787//1529 773//1531
s 2
f 1260//1522 1280//1528 1261//1532
s 10
f 806//1507 772//1526 713//1533
f 772//1526 733//1534 713//1533
f 772//1526 750//1530 733//1534
f 750//1530 1505//1535 733//1534
f 750//1530 773//1531 1504//1536
s 2
f 1261//1532 1280//1528 1628//1537
s off
f 2216//1538 2217//1539 2218//1540
f 2219//1541 2220//1542 2221//1543
f 2222//1544 2223//1545 2224//1546
s 10
f 733//1534 734//1547 713//1533
f 733//1534 1503//1548 734//1547
f 1502//1549 752//1550 734//1547
s off
f 2225//1551 2226//1552 2227//1553
f 2228//1554 2229//1555 2230//1556
f 2231//1557 2232//1558 2233//1559
f 2234//1560 2235//1561 2236//1562
s 10
f 752//1550 754//1563 734//1547
s off
f 2237//1564 2238//1565 2239//1566
f 2240//1567 2241//1568 2242//1569
f 2243//1570 2244//1571 2245//1572
f 2246//1573 2247//1574 2248//1575
s 2
f 1309//1483 1304//1576 1294//1523
f 1309//1483 1318//1520 1304//1576
s 10
f 713//1533 714//1577 806//1507
f 713//1533 734//1547 714//1577
s off
f 2249//1578 2250//1579 2251//1580
f 2252//1581 2253//1582 2254//1583
f 2255//1584 2256//1585 2257//1586
f 2258//1587 2259//1588 2260//1589
s 2
f 1294//1523 1304//1576 1296//1590
s 10
f 835//1472 230//1591 229//1496
f 734//1547 735//1592 714//1577
f 734//1547 754//1563 735//1592
s off
f 2261//1593 2262//1594 2263//1595
f 2264//1596 2265//1597 2266//1598
f 2267//1599 2268//1600 2269//1601
f 2270//1602 2271//1603 2272//1604
s 10
f 806//1507 714//1577 696//1605
f 754//1563 755//1606 735//1592
s off
f 2273//1607 2274//1608 2275//1609
f 2276//1610 2277//1611 2278//1612
f 2279//1613 2280//1614 2281//1615
f 2282//1616 2283//1617 2284//1618
f 2285//1619 2286//1620 2287//1621
s 2
f 1318//1520 1313//1622 1304//1576
s off
f 2288//1623 2289//1624 2290//1625
f 2291//1626 2292//1627 2293//1628
f 2294//1629 2295//1630 2296//1631
f 2297//1632 2298//1633 2299//1634
f 2300//1635 2301//1636 2302//1637
s 2
f 1296//1590 1313//1622 1283//1638
f 1296//1590 1304//1576 1313//1622
s 10
f 714//1577 716//1639 696//1605
f 714//1577 735//1592 716//1639
f 735//1592 1496//1640 716//1639
f 735//1592 755//1606 1495//1641
s off
f 2303//1642 2304//1643 2305//1644
f 2306//1645 2307//1646 2308//1647
s 2
f 1630//1648 1283//1638 1264//1649
f 1283//1638 1284//1650 1264//1649
f 1283//1638 1313//1622 1284//1650
s 10
f 835//1472 806//1507 230//1591
f 696//1605 664//1651 806//1507
f 696//1605 716//1639 697//1652
s off
f 2309//1653 2310//1654 2311//1655
f 2312//1656 2313//1657 2314//1658
f 2315//1659 2316//1660 2317//1661
f 2318//1662 2319//1663 2320//1664
s 2
f 1264//1649 1265//1665 1236//1666
f 1264//1649 1284//1650 1265//1665
s off
f 2321//1667 2322//1668 2323//1669
f 2324//1670 2325//1671 2326//1672
f 2327//1673 2328//1674 2329//1675
f 2330//1676 2331//1677 2332//1678
f 2333//1679 2334//1680 2335//1681
s 2
f 1265//1665 1284//1650 1267//1682
s 10
f 696//1605 697//1652 664//1651
f 699//1683 1491//1684 701//1685
f 1490//1686 718//1687 701//1685
s off
f 2336//1688 2337//1689 2338//1690
f 2339//1691 2340//1692 2341//1693
s 2
f 1267//1682 1269//1694 1620//1695
f 1267//1682 1284//1650 1269//1694
f 1284//1650 1313//1622 1269//1694
f 1313//1622 1318//1520 1298//1696
s 10
f 701//1685 718//1687 702//1697
s off
f 2342//1698 2343//1699 2344//1700
f 2345//1701 2346//1702 2347//1703
f 2348//1704 2349//1705 2350//1706
f 2351//1707 2352//1708 2353//1709
f 2354//1710 2355//1711 2356//1712
s 2
f 1269//1694 1313//1622 1271//1713
f 1313//1622 1298//1696 1271//1713
s 10
f 697//1652 699//1683 665//1714
f 699//1683 701//1685 665//1714
f 701//1685 702//1697 685//1715
s off
f 2357//1716 2358//1717 2359//1718
f 2360//1719 2361//1720 2362//1721
s 2
f 1617//1722 1224//1723 1214//1724
s off
f 2363//1725 2364//1726 2365//1727
f 2366//1728 2367//1729 2368//1730
f 2369//1731 2370//1732 2371//1733
s 2
f 1271//1713 1298//1696 1239//1734
s 10
f 664//1651 697//1652 643//1735
f 697//1652 665//1714 643//1735
f 665//1714 701//1685 666//1736
f 701//1685 674//1737 666//1736
f 701//1685 685//1715 674//1737
f 666//1736 674//1737 667//1738
s 2
f 1196//1739 1197//1740 1188//1741
f 1196//1739 1214//1724 1197//1740
f 1214//1724 1224//1723 1197//1740
s 10
f 806//1507 434//1742 367//1743
f 664//1651 607//1744 806//1507
f 643//1735 665//1714 636//1745
f 665//1714 1471//1746 636//1745
f 665//1714 666//1736 1470//1747
s off
f 2372//1748 2373//1749 2374//1750
f 2375//1751 2376//1752 2377//1753
s 2
f 1188//1741 1197//1740 1179//1754
f 1197//1740 1224//1723 1198//1755
f 1224//1723 1207//1756 1198//1755
f 1224//1723 1239//1734 1207//1756
f 1239//1734 1298//1696 1207//1756
s 10
f 664//1651 615//1757 607//1744
f 664//1651 643//1735 615//1757
f 643//1735 636//1745 624//1758
f 636//1745 637//1759 624//1758
f 636//1745 1469//1760 637//1759
s off
f 2378//1761 2379//1762 2380//1763
f 2381//1764 2382//1765 2383//1766
s 2
f 1179//1754 1197//1740 1175//1767
f 1207//1756 1298//1696 1208//1768
f 1318//1520 1208//1768 1298//1696
s 10
f 806//1507 367//1743 230//1591
f 806//1507 607//1744 434//1742
f 643//1735 624//1758 615//1757
f 624//1758 637//1759 638//1769
s off
f 2384//1770 2385//1771 2386//1772
s 2
f 1175//1767 1197//1740 1176//1773
f 1197//1740 1180//1774 1176//1773
f 1197//1740 1198//1755 1180//1774
f 1198//1755 1207//1756 1180//1774
s 66
f 23//1775 1//1776 25//1777
f 44//1778 27//1779 116//1780
f 218//1781 171//1782 355//1783
f 355//1783 171//1782 173//1784
f 355//1783 173//1784 279//1785
f 686//1786 738//1787 1158//1788
f 44//1778 25//1777 27//1779
f 218//1781 116//1780 163//1789
f 218//1781 163//1789 171//1782
f 25//1777 1//1776 27//1779
f 116//1780 146//1790 163//1789
f 163//1789 146//1790 1346//1791
f 163//1789 1345//1792 171//1782
f 171//1782 1344//1793 173//1784
f 173//1784 186//1794 289//1795
f 173//1784 289//1795 279//1785
f 279//1785 289//1795 420//1796
f 420//1796 289//1795 547//1797
f 420//1796 547//1797 554//1798
f 554//1798 547//1797 686//1786
f 686//1786 547//1797 738//1787
f 116//1780 27//1779 119//1799
f 116//1780 119//1799 146//1790
f 146//1790 119//1799 1343//1800
f 165//1801 119//1799 135//1802
f 1342//1803 135//1802 173//1784
f 173//1784 135//1802 186//1794
f 1164//1804 1158//1788 1146//1805
f 289//1795 511//1806 547//1797
f 289//1795 186//1794 273//1807
f 289//1795 273//1807 346//1808
f 289//1795 346//1808 511//1806
f 135//1802 119//1799 136//1809
f 135//1802 136//1809 147//1810
f 135//1802 147//1810 166//1811
f 135//1802 166//1811 186//1794
f 346//1808 273//1807 265//1812
f 119//1799 27//1779 121//1813
f 119//1799 121//1813 136//1809
f 136//1809 121//1813 1332//1814
f 136//1809 1331//1815 147//1810
f 147//1810 1330//1816 148//1817
f 147//1810 148//1817 166//1811
f 166//1811 148//1817 187//1818
f 166//1811 187//1818 186//1794
f 511//1806 346//1808 411//1819
f 547//1797 411//1819 738//1787
f 1//1776 6//1820 27//1779
f 27//1779 151//1821 121//1813
f 121//1813 151//1821 1329//1822
f 137//1823 151//1821 187//1818
f 1328//1824 187//1818 148//1817
f 411//1819 346//1808 338//1825
f 151//1821 27//1779 105//1826
f 186//1794 187//1818 223//1827
f 186//1794 223//1827 1378//1828
f 186//1794 1377//1829 273//1807
f 273//1807 1376//1830 265//1812
f 265//1812 325//1831 346//1808
f 346//1808 325//1831 338//1825
f 1158//1788 738//1787 1146//1805
f 27//1779 30//1832 1323//1833
f 27//1779 1322//1834 105//1826
f 105//1826 1321//1835 107//1836
f 105//1826 107//1836 151//1821
f 223//1827 176//1837 1375//1838
f 263//1839 176//1837 210//1840
f 1374//1841 210//1840 265//1812
f 338//1825 370//1842 411//1819
f 27//1779 6//1820 30//1832
f 30//1832 10//1843 1320//1844
f 88//1845 10//1846 31//1847
f 1319//1848 31//1847 107//1836
f 107//1836 31//1847 152//1849
f 107//1836 152//1849 151//1821
f 6//1820 10//1843 30//1832
f 223//1827 187//1818 176//1837
f 547//1797 511//1806 411//1819
f 151//1821 152//1849 187//1818
f 187//1818 152//1849 176//1837
f 265//1812 316//1850 325//1831
f 325//1831 316//1850 1394//1851
f 325//1831 1393//1852 338//1825
f 338//1825 1392//1853 339//1854
f 338//1825 339//1854 342//1855
f 338//1825 342//1855 357//1856
f 338//1825 357//1856 370//1842
f 411//1819 435//1857 520//1858
f 1146//1805 738//1787 941//1859
f 265//1812 153//1860 316//1850
f 316//1850 153//1860 1391//1861
f 327//1862 153//1860 328//1863
f 1390//1864 328//1863 339//1854
f 339//1854 328//1863 234//1865
f 339//1854 234//1865 342//1855
f 370//1842 372//1866 411//1819
f 411//1819 372//1866 435//1857
f 31//1847 10//1846 152//1849
f 152//1849 10//1846 176//1837
f 265//1812 210//1840 153//1860
f 153//1860 234//1865 328//1863
f 357//1856 342//1855 1410//1867
f 357//1856 1409//1868 370//1842
f 370//1842 1408//1869 372//1866
f 372//1866 400//1870 435//1857
f 342//1855 234//1865 1407//1871
f 359//1872 234//1865 350//1873
f 1406//1874 350//1873 372//1866
f 372//1866 350//1873 400//1870
f 10//1846 34//1875 176//1837
f 34//1875 153//1860 176//1837
f 176//1837 153//1860 210//1840
f 411//1819 520//1858 556//1876
f 411//1819 556//1876 738//1787
f 34//1875 167//1877 153//1860
f 153//1860 167//1877 234//1865
f 941//1859 1159//1878 1146//1805
f 435//1857 400//1870 1427//1879
f 435//1857 1426//1880 520//1858
f 520//1858 1425//1881 477//1882
f 167//1877 34//1875 154//1883
f 400//1870 429//1884 1424//1885
f 467//1886 429//1884 446//1887
f 1423//1888 446//1887 477//1882
f 34//1875 16//1889 37//1890
f 34//1875 37//1890 154//1883
f 556//1876 584//1891 738//1787
f 738//1787 584//1891 649//1892
f 738//1787 841//1893 941//1859
f 37//1890 16//1889 38//1894
f 350//1873 234//1865 317//1895
f 520//1858 549//1896 556//1876
f 556//1876 549//1896 557//1897
f 556//1876 557//1897 558//1898
f 556//1876 558//1898 584//1891
f 941//1859 841//1893 962//1899
f 167//1877 224//1900 234//1865
f 350//1873 317//1895 400//1870
f 520//1858 537//1901 549//1896
f 549//1896 537//1901 1450//1902
f 549//1896 1449//1903 557//1897
f 557//1897 1448//1904 558//1898
f 558//1898 538//1905 584//1891
f 649//1892 660//1906 738//1787
f 738//1787 660//1906 791//1907
f 738//1787 791//1907 841//1893
f 154//1883 37//1890 1339//1908
f 154//1883 1338//1909 167//1877
f 167//1877 1337//1910 180//1911
f 234//1865 224//1900 317//1895
f 520//1858 477//1882 537//1901
f 537//1901 477//1882 430//1912
f 537//1901 430//1912 1447//1913
f 551//1914 430//1912 538//1905
f 1446//1915 538//1905 558//1898
f 538//1905 596//1916 584//1891
f 962//1899 1030//1917 941//1859
f 37//1890 38//1894 1336//1918
f 155//1919 38//1894 156//1920
f 1335//1921 156//1920 180//1911
f 180//1911 190//1922 167//1877
f 224//1900 266//1923 317//1895
f 400//1870 317//1895 429//1884
f 596//1916 610//1924 584//1891
f 941//1859 1123//1925 1159//1878
f 156//1920 38//1894 39//1926
f 156//1920 39//1926 180//1911
f 317//1895 376//1927 429//1884
f 429//1884 376//1927 446//1887
f 446//1887 376//1927 477//1882
f 477//1882 376//1927 430//1912
f 538//1905 571//1928 596//1916
f 596//1916 571//1928 610//1924
f 167//1877 190//1922 211//1929
f 167//1877 211//1929 224//1900
f 224//1900 211//1929 226//1930
f 584//1891 610//1924 627//1931
f 584//1891 627//1931 649//1892
f 941//1859 1056//1932 1123//1925
f 180//1911 39//1926 181//1933
f 180//1911 181//1933 190//1922
f 190//1922 181//1933 1353//1934
f 190//1922 1352//1935 211//1929
f 211//1929 1351//1936 213//1937
f 211//1929 213//1937 226//1930
f 430//1912 376//1927 468//1938
f 627//1931 610//1924 1459//1939
f 627//1931 1458//1940 649//1892
f 649//1892 1457//1941 641//1942
f 1030//1917 978//1943 941//1859
f 941//1859 978//1943 1056//1932
f 181//1933 39//1926 1350//1944
f 206//1945 39//1926 183//1946
f 1349//1947 183//1946 213//1937
f 213//1937 183//1946 226//1930
f 376//1927 317//1895 468//1938
f 610//1924 571//1928 1456//1948
f 629//1949 571//1928 579//1950
f 1455//1951 579//1950 641//1942
f 649//1892 641//1942 660//1906
f 660//1906 641//1942 670//1952
f 660//1906 670//1952 1476//1953
f 660//1906 1475//1954 791//1907
f 791//1907 1474//1955 705//1956
f 962//1899 841//1893 987//1957
f 962//1899 987//1957 1564//1958
f 962//1899 1563//1959 1030//1917
f 1030//1917 1562//1960 1014//1961
f 226//1930 183//1946 236//1962
f 226//1930 236//1962 1362//1963
f 226//1930 1361//1964 224//1900
f 224//1900 1360//1965 253//1966
f 224//1900 253//1966 257//1967
f 224//1900 257//1967 266//1923
f 266//1923 284//1968 317//1895
f 317//1895 284//1968 306//1969
f 317//1895 306//1969 361//1970
f 317//1895 361//1970 468//1938
f 430//1912 468//1938 538//1905
f 641//1942 579//1950 591//1971
f 641//1942 591//1971 670//1952
f 670//1952 591//1971 1473//1972
f 677//1973 591//1971 678//1974
f 1472//1975 678//1974 705//1956
f 841//1893 791//1907 867//1976
f 987//1957 841//1893 867//1976
f 987//1957 867//1976 1561//1977
f 1002//1978 867//1976 1003//1979
f 1560//1980 1003//1979 1014//1961
f 1014//1961 1003//1979 978//1943
f 1014//1961 978//1943 1030//1917
f 1159//1878 1123//1925 1300//1981
f 236//1962 183//1946 238//1982
f 236//1962 238//1982 1359//1983
f 244//1984 238//1982 245//1985
f 1358//1986 245//1985 253//1966
f 253//1966 245//1985 247//1987
f 253//1966 247//1987 257//1967
f 257//1967 247//1987 1371//1988
f 257//1967 1370//1989 266//1923
f 266//1923 1369//1990 267//1991
f 266//1923 267//1991 276//1992
f 266//1923 276//1992 284//1968
f 678//1974 591//1971 528//1993
f 678//1974 528//1993 705//1956
f 1003//1979 867//1976 978//1943
f 1056//1932 978//1943 1057//1994
f 238//1982 183//1946 94//1995
f 238//1982 94//1995 245//1985
f 245//1985 94//1995 247//1987
f 247//1987 94//1995 1368//1996
f 258//1997 94//1995 216//1998
f 1367//1999 216//1998 267//1991
f 267//1991 216//1998 268//2000
f 267//1991 268//2000 276//1992
f 276//1992 268//2000 1387//2001
f 276//1992 1386//2002 284//1968
f 284//1968 1385//2003 285//2004
f 284//1968 285//2004 306//1969
f 468//1938 571//1928 538//1905
f 705//1956 528//1993 777//2005
f 705//1956 777//2005 791//1907
f 1057//1994 978//1943 612//2006
f 268//2000 216//1998 271//2007
f 268//2000 271//2007 1384//2008
f 277//2009 271//2007 287//2010
f 1383//2011 287//2010 285//2004
f 285//2004 287//2010 306//1969
f 361//1970 380//2012 468//1938
f 468//1938 380//2012 571//1928
f 791//1907 777//2005 867//1976
f 867//1976 777//2005 612//2006
f 867//1976 612//2006 978//1943
f 1123//1925 1199//2013 1300//1981
f 271//2007 216//1998 160//2014
f 271//2007 160//2014 287//2010
f 287//2010 160//2014 306//1969
f 528//1993 612//2006 777//2005
f 1056//1932 1057//1994 1588//2015
f 1056//1932 1587//2016 1123//1925
f 1123//1925 1586//2017 1124//2018
f 1123//1925 1124//2018 1128//2019
f 1128//2019 1135//2020 1123//1925
f 1123//1925 1135//2020 1138//2021
f 1123//1925 1138//2021 1199//2013
f 16//1889 18//2022 38//1894
f 306//1969 351//2023 361//1970
f 361//1970 351//2023 380//2012
f 1057//1994 612//2006 1585//2024
f 1119//2025 612//2006 1120//2026
f 1584//2027 1120//2026 1124//2018
f 1124//2018 1120//2026 1127//2028
f 1124//2018 1127//2028 1128//2019
f 1128//2019 1127//2028 1595//2029
f 1128//2019 1594//2030 1135//2020
f 1135//2020 1593//2031 1136//2032
f 1135//2020 1136//2032 1138//2021
f 1138//2021 1136//2032 1152//2033
f 1138//2021 1152//2033 1199//2013
f 38//1894 18//2022 39//1926
f 216//1998 94//1995 160//2014
f 306//1969 160//2014 331//2034
f 306//1969 331//2034 1401//2035
f 306//1969 1400//2036 351//2023
f 351//2023 1399//2037 380//2012
f 380//2012 521//2038 571//1928
f 571//1928 521//2038 579//1950
f 1120//2026 612//2006 1092//2039
f 1120//2026 1092//2039 1127//2028
f 1127//2028 1092//2039 1592//2040
f 1130//2041 1092//2039 1152//2033
f 1591//2042 1152//2033 1136//2032
f 1199//2013 1152//2033 1215//2043
f 1199//2013 1215//2043 1226//2044
f 1199//2013 1226//2044 1300//1981
f 39//1926 94//1995 183//1946
f 331//2034 160//2014 333//2045
f 331//2034 333//2045 1398//2046
f 344//2047 333//2045 335//2048
f 1397//2049 335//2048 380//2012
f 579//1950 521//2038 591//1971
f 1152//2033 1182//2050 1215//2043
f 39//1926 18//2022 94//1995
f 160//2014 95//2051 333//2045
f 333//2045 95//2051 335//2048
f 380//2012 410//2052 521//2038
f 1152//2033 1173//2053 1182//2050
f 1182//2050 1190//2054 1215//2043
f 1215//2043 1190//2054 1191//2055
f 410//2052 484//2056 521//2038
f 521//2038 484//2056 528//1993
f 521//2038 528//1993 591//1971
f 1152//2033 1151//2057 1173//2053
f 1182//2050 1173//2053 1604//2058
f 1182//2050 1603//2059 1190//2054
f 1190//2054 1602//2060 1191//2055
f 1215//2043 1191//2055 1226//2044
f 410//2052 460//2061 484//2056
f 1173//2053 1151//2057 1601//2062
f 1184//2063 1151//2057 1186//2064
f 1600//2065 1186//2064 1191//2055
f 1191//2055 1186//2064 1187//2066
f 1191//2055 1187//2066 1217//2067
f 94//1995 18//2022 160//2014
f 528//1993 493//2068 612//2006
f 1186//2064 1151//2057 1187//2066
f 1217//2067 1226//2044 1191//2055
f 160//2014 18//2022 95//2051
f 380//2012 335//2048 410//2052
f 528//1993 484//2056 493//2068
f 1226//2044 1289//2069 1300//1981
f 1217//2067 1187//2066 1613//2070
f 1217//2067 1612//2071 1226//2044
f 1226//2044 1611//2072 1228//2073
f 1226//2044 1228//2073 1289//2069
f 1289//2069 1228//2073 1299//2074
f 335//2048 95//2051 382//2075
f 335//2048 382//2075 410//2052
f 410//2052 382//2075 455//2076
f 410//2052 455//2076 460//2061
f 1187//2066 1151//2057 1212//2077
f 1187//2066 1212//2077 1610//2078
f 1219//2079 1212//2077 1299//2074
f 1609//2080 1299//2074 1228//2073
f 95//2051 161//2081 382//2075
f 455//2076 382//2075 1417//2082
f 455//2076 1416//2083 460//2061
s off
f 2387//2084 2388//2085 2389//2086
f 2390//2087 2391//2088 2392//2089
f 2393//2090 2394//2091 2395//2092
s 66
f 484//2056 469//2093 493//2068
f 1151//2057 1195//2094 1212//2077
f 1212//2077 1195//2094 1299//2074
f 382//2075 161//2081 1415//2095
s off
f 2396//2096 2397//2097 2398//2098
f 2399//2099 2400//2100 2401//2101
f 2402//2102 2403//2103 2404//2104
f 2405//2105 2406//2106 2407//2107
s 66
f 469//2093 1421//2108 493//2068
f 612//2006 740//2109 1092//2039
f 1151//2057 1152//2033 1195//2094
f 1299//2074 1274//2110 1289//2069
s off
f 2408//2111 2409//2112 2410//2113
f 2411//2114 2412//2115 2413//2116
f 2414//2117 2415//2118 2416//2119
s 66
f 461//2120 452//2121 441//2122
f 1420//2123 441//2122 493//2068
f 1092//2039 740//2109 1152//2033
f 1299//2074 1244//2124 1274//2110
f 18//2022 161//2081 95//2051
f 441//2122 472//2125 493//2068
f 493//2068 472//2125 504//2126
f 1299//2074 1234//2127 1244//2124
f 1244//2124 1234//2127 1622//2128
f 1244//2124 1621//2129 1274//2110
s off
f 2417//2130 2418//2131 2419//2132
f 2420//2133 2421//2134 2422//2135
f 2423//2136 2424//2137 2425//2138
s 66
f 452//2121 440//2139 441//2122
f 493//2068 504//2126 562//2140
f 493//2068 562//2140 612//2006
f 1152//2033 740//2109 1195//2094
f 1299//2074 1195//2094 1234//2127
s off
f 2426//2141 2427//2142 2428//2143
f 2429//2144 2430//2145 2431//2146
f 2432//2147 2433//2148 2434//2149
f 2435//2150 2436//2151 2437//2152
f 2438//2153 2439//2154 2440//2155
f 2441//2156 2442//2157 2443//2158
f 2444//2159 2445//2160 2446//2161
s 66
f 161//2081 96//2162 440//2139
f 440//2139 96//2162 441//2122
s off
f 2447//2163 2448//2164 2449//2165
f 2450//2166 2451//2167 2452//2168
f 2453//2169 2454//2170 2455//2171
f 2456//2172 2457//2173 2458//2174
f 2459//2175 2460//2176 2461//2177
f 2462//2178 2463//2179 2464//2180
f 2465//2181 2466//2182 2467//2183
f 2468//2184 2469//2185 2470//2186
s 66
f 472//2125 441//2122 496//2187
f 472//2125 496//2187 1436//2188
f 472//2125 1435//2189 504//2126
f 504//2126 1434//2190 514//2191
f 504//2126 514//2191 531//2192
s off
f 2471//2193 2472//2194 2473//2195
f 2474//2196 2475//2197 2476//2198
f 2477//2199 2478//2200 2479//2201
f 2480//2202 2481//2203 2482//2204
f 2483//2205 2484//2206 2485//2207
f 2486//2208 2487//2209 2488//2210
f 2489//2211 2490//2212 2491//2213
f 2492//2214 2493//2215 2494//2216
s 66
f 1300//1981 1289//2069 1308//2217
f 441//2122 96//2162 383//2218
f 441//2122 383//2218 496//2187
f 496//2187 383//2218 1433//2219
f 505//2220 383//2218 525//2221
f 1432//2222 525//2221 514//2191
f 514//2191 525//2221 531//2192
f 612//2006 898//2223 740//2109
f 740//2109 898//2223 1195//2094
s off
f 2495//2224 2496//2225 2497//2226
f 2498//2227 2499//2228 2500//2229
f 2501//2230 2502//2231 2503//2232
f 2504//2233 2505//2234 2506//2235
f 2507//2236 2508//2237 2509//2238
f 2510//2239 2511//2240 2512//2241
f 2513//2242 2514//2243 2515//2244
f 2516//2245 2517//2246 2518//2247
s 66
f 504//2126 531//2192 539//2248
f 504//2126 539//2248 562//2140
f 612//2006 562//2140 573//2249
f 612//2006 573//2249 898//2223
s off
f 2519//2250 2520//2251 2521//2252
f 2522//2253 2523//2254 2524//2255
f 2525//2256 2526//2257 2527//2258
f 2528//2259 2529//2260 2530//2261
f 2531//2262 2532//2263 2533//2264
f 2534//2265 2535//2266 2536//2267
f 2537//2268 2538//2269 2539//2270
f 2540//2271 2541//2272 2542//2273
s 66
f 539//2248 531//2192 1443//2274
f 539//2248 1442//2275 562//2140
f 562//2140 1441//2276 552//2277
s off
f 2543//2278 2544//2279 2545//2280
f 2546//2281 2547//2282 2548//2283
f 2549//2284 2550//2285 2551//2286
f 2552//2287 2553//2288 2554//2289
f 2555//2290 2556//2291 2557//2292
f 2558//2293 2559//2294 2560//2295
f 2561//2296 2562//2297 2563//2298
f 2564//2299 2565//2300 2566//2301
s 66
f 1308//2217 1289//2069 1290//2302
f 161//2081 18//2022 96//2162
f 525//2221 383//2218 531//2192
f 531//2192 383//2218 533//2303
f 531//2192 533//2303 1440//2304
f 540//2305 533//2303 541//2306
f 1439//2307 541//2306 552//2277
f 552//2277 541//2306 573//2249
f 552//2277 573//2249 562//2140
f 898//2223 988//2308 1195//2094
s off
f 2567//2309 2568//2310 2569//2311
f 2570//2312 2571//2313 2572//2314
f 2573//2315 2574//2316 2575//2317
f 2576//2318 2577//2319 2578//2320
f 2579//2321 2580//2322 2581//2323
f 2582//2324 2583//2325 2584//2326
f 2585//2327 2586//2328 2587//2329
f 2588//2330 2589//2331 2590//2332
s 66
f 533//2303 383//2218 97//2333
f 533//2303 97//2333 541//2306
f 541//2306 97//2333 573//2249
s off
f 2591//2334 2592//2335 2593//2336
f 2594//2337 2595//2338 2596//2339
f 2597//2340 2598//2341 2599//2342
f 2600//2343 2601//2344 2602//2345
f 2603//2346 2604//2347 2605//2348
f 2606//2349 2607//2350 2608//2351
f 2609//2352 2610//2353 2611//2354
f 2612//2355 2613//2356 2614//2357
s 66
f 18//2022 19//2358 96//2162
f 573//2249 741//2359 898//2223
f 988//2308 1114//2360 1195//2094
f 1195//2094 1114//2360 1142//2361
s off
f 2615//2362 2616//2363 2617//2364
f 2618//2365 2619//2366 2620//2367
f 2621//2368 2622//2369 2623//2370
f 2624//2371 2625//2372 2626//2373
f 2627//2374 2628//2375 2629//2376
f 2630//2377 2631//2378 2632//2379
f 2633//2380 2634//2381 2635//2382
f 2636//2383 2637//2384 2638//2385
s 66
f 1290//2302 1276//2386 1308//2217
f 97//2333 544//2387 573//2249
f 573//2249 544//2387 741//2359
s off
f 2639//2388 2640//2389 2641//2390
f 2642//2391 2643//2392 2644//2393
f 2645//2394 2646//2395 2647//2396
f 2648//2397 2649//2398 2650//2399
f 2651//2400 2652//2401 2653//2402
f 2654//2403 2655//2404 2656//2405
f 2657//2406 2658//2407 2659//2408
s 66
f 741//2359 792//2409 898//2223
f 988//2308 1005//2410 1114//2360
s off
f 2660//2411 2661//2412 2662//2413
f 2663//2414 2664//2415 2665//2416
f 2666//2417 2667//2418 2668//2419
s 66
f 1245//2420 1235//2421 1246//2422
f 1624//2423 1246//2422 1276//2386
f 1276//2386 1167//2424 1308//2217
f 898//2223 930//2425 988//2308
f 1114//2360 1167//2424 1142//2361
f 1142//2361 1167//2424 1235//2421
f 1235//2421 1167//2424 1246//2422
f 1246//2422 1167//2424 1276//2386
f 383//2218 96//2162 97//2333
f 1114//2360 1005//2410 1105//2426
f 1308//2217 1167//2424 1168//2427
f 544//2387 721//2428 741//2359
f 741//2359 721//2428 792//2409
f 1114//2360 1105//2426 1167//2424
f 97//2333 336//2429 544//2387
f 544//2387 545//2430 1483//2431
f 544//2387 1482//2432 721//2428
f 721//2428 1481//2433 792//2409
f 930//2425 980//2434 988//2308
f 545//2430 633//2435 1480//2436
f 708//2437 633//2435 634//2438
f 1479//2439 634//2438 792//2409
f 988//2308 980//2434 989//2440
f 988//2308 989//2440 1005//2410
f 336//2429 545//2430 544//2387
f 792//2409 868//2441 898//2223
f 898//2223 868//2441 920//2442
f 898//2223 920//2442 930//2425
f 989//2440 980//2434 1557//2443
f 989//2440 1556//2444 1005//2410
f 1005//2410 1555//2445 1006//2446
f 1005//2410 1006//2446 1008//2447
f 1005//2410 1008//2447 1036//2448
f 1005//2410 1036//2448 1105//2426
f 792//2409 843//2449 868//2441
s off
f 2669//2450 2670//2451 2671//2452
f 2672//2453 2673//2454 2674//2455
f 2675//2456 2676//2457 2677//2458
s 66
f 920//2442 1552//2459 930//2425
f 930//2425 1551//2460 931//2461
f 930//2425 931//2461 946//2462
f 930//2425 946//2462 980//2434
f 980//2434 946//2462 1554//2463
f 990//2464 946//2462 991//2465
f 1553//2466 991//2465 1006//2446
f 1006//2446 991//2465 1068//2467
f 1006//2446 1068//2467 1008//2447
f 19//2358 98//2468 96//2162
f 792//2409 634//2438 726//2469
f 843//2449 792//2409 869//2470
s off
f 2678//2471 2679//2472 2680//2473
f 2681//2474 2682//2475 2683//2476
f 2684//2477 2685//2478 2686//2479
f 2687//2480 2688//2481 2689//2482
f 2690//2483 2691//2484 2692//2485
f 2693//2486 2694//2487 2695//2488
s 66
f 931//2461 933//2489 946//2462
f 991//2465 946//2462 1068//2467
f 1036//2448 1008//2447 1571//2490
f 1036//2448 1570//2491 1105//2426
f 1105//2426 1569//2492 1078//2493
f 96//2162 98//2468 97//2333
f 97//2333 98//2468 336//2429
f 545//2430 336//2429 633//2435
f 633//2435 336//2429 634//2438
f 792//2409 726//2469 869//2470
f 869//2470 726//2469 870//2494
f 869//2470 870//2494 1550//2495
f 899//2496 870//2494 900//2497
s off
f 2696//2498 2697//2499 2698//2500
f 2699//2501 2700//2502 2701//2503
f 2702//2504 2703//2505 2704//2506
s 66
f 933//2489 902//2507 946//2462
f 1008//2447 1068//2467 1568//2508
f 1037//2509 1068//2467 1063//2510
f 1567//2511 1063//2510 1078//2493
f 1105//2426 1095//2512 1167//2424
f 1167//2424 1095//2512 1168//2427
f 726//2469 634//2438 728//2513
f 870//2494 726//2469 900//2497
f 900//2497 726//2469 902//2507
f 902//2507 935//2514 946//2462
f 634//2438 336//2429 635//2515
f 634//2438 635//2515 712//2516
f 634//2438 712//2516 728//2513
f 726//2469 872//2517 902//2507
f 902//2507 872//2517 935//2514
f 1078//2493 1063//2510 1095//2512
f 1078//2493 1095//2512 1105//2426
f 728//2513 712//2516 729//2518
f 726//2469 728//2513 1542//2519
f 726//2469 1541//2520 872//2517
f 872//2517 1540//2521 874//2522
f 872//2517 874//2522 935//2514
f 935//2514 874//2522 845//2523
f 946//2462 935//2514 1068//2467
f 1063//2510 1068//2467 1095//2512
f 336//2429 40//2524 635//2515
f 728//2513 729//2518 823//2525
f 728//2513 823//2525 1539//2526
f 844//2527 823//2525 845//2523
f 1538//2528 845//2523 874//2522
f 845//2523 903//2529 935//2514
f 1095//2512 1121//2530 1168//2427
f 823//2525 729//2518 845//2523
f 845//2523 729//2518 847//2531
f 845//2523 847//2531 877//2532
f 845//2523 877//2532 903//2529
f 903//2529 904//2533 935//2514
f 935//2514 904//2533 1068//2467
f 729//2518 825//2534 847//2531
f 847//2531 825//2534 1546//2535
f 847//2531 1545//2536 877//2532
s off
f 2705//2537 2706//2538 2707//2539
f 2708//2540 2709//2541 2710//2542
f 2711//2543 2712//2544 2713//2545
s 66
f 904//2533 878//2546 958//2547
f 904//2533 958//2547 1068//2467
f 40//2524 508//2548 635//2515
f 712//2516 635//2515 1510//2549
f 712//2516 1509//2550 729//2518
f 729//2518 1508//2551 778//2552
f 729//2518 778//2552 793//2553
f 729//2518 793//2553 825//2534
s off
f 2714//2554 2715//2555 2716//2556
f 2717//2557 2718//2558 2719//2559
f 2720//2560 2721//2561 2722//2562
f 2723//2563 2724//2564 2725//2565
f 2726//2566 2727//2567 2728//2568
f 2729//2569 2730//2570 2731//2571
s 66
f 878//2546 906//2572 958//2547
f 98//2468 40//2524 336//2429
f 635//2515 508//2548 1507//2573
f 768//2574 508//2548 695//2575
f 1506//2576 695//2575 778//2552
f 778//2552 695//2575 793//2553
f 793//2553 695//2575 782//2577
s off
f 2732//2578 2733//2579 2734//2580
f 2735//2581 2736//2582 2737//2583
f 2738//2584 2739//2585 2740//2586
s 66
f 849//2587 796//2588 906//2572
f 1548//2589 906//2572 878//2546
f 958//2547 906//2572 1045//2590
f 958//2547 1045//2590 994//2591
f 958//2547 994//2591 1068//2467
f 40//2524 384//2592 508//2548
f 796//2588 826//2593 906//2572
f 906//2572 826//2593 1045//2590
f 1068//2467 994//2591 1095//2512
f 1168//2427 1121//2530 1174//2594
f 508//2548 384//2592 695//2575
f 796//2588 782//2577 797//2595
f 796//2588 797//2595 810//2596
f 796//2588 810//2596 826//2593
f 826//2593 911//2597 1045//2590
f 1095//2512 994//2591 1097//2598
f 1095//2512 1097//2598 1121//2530
f 40//2524 98//2468 41//2599
f 782//2577 695//2575 384//2592
f 782//2577 384//2592 797//2595
f 797//2595 384//2592 1517//2600
f 797//2595 1516//2601 810//2596
f 810//2596 1515//2602 811//2603
f 810//2596 811//2603 826//2593
f 1097//2598 994//2591 1580//2604
f 1097//2598 1579//2605 1121//2530
f 1121//2530 1578//2606 1115//2607
f 384//2592 784//2608 1514//2609
f 798//2610 784//2608 799//2611
f 1513//2612 799//2611 811//2603
f 811//2603 799//2611 813//2613
f 811//2603 813//2613 826//2593
f 994//2591 1045//2590 1577//2614
f 1098//2615 1045//2590 1110//2616
f 1576//2617 1110//2616 1115//2607
f 784//2608 384//2592 162//2618
f 784//2608 162//2618 799//2611
f 799//2611 162//2618 801//2619
f 799//2611 801//2619 813//2613
f 813//2613 801//2619 1524//2620
f 813//2613 1523//2621 826//2593
f 826//2593 1522//2622 828//2623
f 826//2593 828//2623 911//2597
f 1121//2530 1115//2607 1174//2594
f 40//2524 41//2599 384//2592
f 801//2619 162//2618 803//2624
f 801//2619 803//2624 1521//2625
f 814//2626 803//2624 815//2627
f 1520//2628 815//2627 828//2623
f 828//2623 815//2627 829//2629
f 828//2623 829//2629 911//2597
f 1115//2607 1110//2616 1174//2594
f 803//2624 162//2618 815//2627
f 815//2627 162//2618 817//2630
f 815//2627 817//2630 829//2629
f 829//2629 817//2630 1533//2631
f 829//2629 1532//2632 911//2597
f 911//2597 1531//2633 856//2634
f 1110//2616 1045//2590 1046//2635
f 1110//2616 1046//2635 1174//2594
f 1168//2427 1174//2594 927//2636
f 162//2618 509//2637 817//2630
f 817//2630 509//2637 1530//2638
f 830//2639 509//2637 831//2640
f 1529//2641 831//2640 856//2634
f 384//2592 41//2599 162//2618
f 831//2640 509//2637 731//2642
f 831//2640 731//2642 856//2634
f 856//2634 731//2642 985//2643
f 856//2634 985//2643 911//2597
f 911//2597 985//2643 1045//2590
f 1045//2590 985//2643 1046//2635
f 1046//2635 927//2636 1174//2594
f 41//2599 98//2468 20//2644
f 41//2599 20//2644 162//2618
f 162//2618 42//2645 509//2637
f 985//2643 731//2642 1046//2635
f 1046//2635 731//2642 927//2636
f 731//2642 509//2637 583//2646
f 927//2636 1303//2647 1168//2427
f 162//2618 20//2644 42//2645
f 509//2637 42//2645 583//2646
f 731//2642 583//2646 927//2636
f 927//2636 583//2646 840//2648
f 1303//2647 927//2636 1295//2649
f 583//2646 673//2650 840//2648
f 583//2646 42//2645 673//2650
f 20//2644 21//2651 42//2645
f 927//2636 1122//2652 1262//2653
f 927//2636 1262//2653 1281//2654
f 927//2636 1281//2654 1295//2649
f 42//2645 21//2651 43//2655
f 673//2650 42//2645 732//2656
f 673//2650 732//2656 1501//2657
f 673//2650 1500//2658 840//2648
f 840//2648 1499//2659 788//2660
f 927//2636 1027//2661 1122//2652
f 1262//2653 1122//2652 1627//2662
f 1262//2653 1626//2663 1281//2654
s off
f 2741//2664 2742//2665 2743//2666
f 2744//2667 2745//2668 2746//2669
f 2747//2670 2748//2671 2749//2672
s 66
f 42//2645 43//2655 732//2656
f 732//2656 43//2655 1498//2673
f 751//2674 43//2655 753//2675
f 1497//2676 753//2675 788//2660
f 840//2648 951//2677 927//2636
f 927//2636 951//2677 1027//2661
f 1122//2652 1027//2661 1131//2678
s off
f 2750//2679 2751//2680 2752//2681
f 2753//2682 2754//2683 2755//2684
f 2756//2685 2757//2686 2758//2687
f 2759//2688 2760//2689 2761//2690
f 2762//2691 2763//2692 2764//2693
f 2765//2694 2766//2695 2767//2696
f 2768//2697 2769//2698 2770//2699
s 66
f 753//2675 43//2655 756//2700
f 753//2675 756//2700 788//2660
s off
f 2771//2701 2772//2702 2773//2703
f 2774//2704 2775//2705 2776//2706
f 2777//2707 2778//2708 2779//2709
f 2780//2710 2781//2711 2782//2712
f 2783//2713 2784//2714 2785//2715
f 2786//2716 2787//2717 2788//2718
f 2789//2719 2790//2720 2791//2721
f 2792//2722 2793//2723 2794//2724
s 66
f 1303//2647 1295//2649 1297//2725
s off
f 2795//2726 2796//2727 2797//2728
f 2798//2729 2799//2730 2800//2731
f 2801//2732 2802//2733 2803//2734
f 2804//2735 2805//2736 2806//2737
f 2807//2738 2808//2739 2809//2740
f 2810//2741 2811//2742 2812//2743
f 2813//2744 2814//2745 2815//2746
f 2816//2747 2817//2748 2818//2749
s 66
f 1303//2647 1297//2725 1307//2750
f 840//2648 788//2660 951//2677
f 1131//2678 1027//2661 1132//2751
f 1132//2751 1205//2752 1131//2678
s off
f 2819//2753 2820//2754 2821//2755
f 2822//2756 2823//2757 2824//2758
f 2825//2759 2826//2760 2827//2761
f 2828//2762 2829//2763 2830//2764
f 2831//2765 2832//2766 2833//2767
f 2834//2768 2835//2769 2836//2770
f 2837//2771 2838//2772 2839//2773
f 2840//2774 2841//2775 2842//2776
s 66
f 788//2660 756//2700 893//2777
f 788//2660 893//2777 951//2677
f 1027//2661 951//2677 1116//2778
f 1027//2661 1116//2778 1132//2751
s off
f 2843//2779 2844//2780 2845//2781
f 2846//2782 2847//2783 2848//2784
f 2849//2785 2850//2786 2851//2787
f 2852//2788 2853//2789 2854//2790
f 2855//2791 2856//2792 2857//2793
f 2858//2794 2859//2795 2860//2796
f 2861//2797 2862//2798 2863//2799
f 2864//2800 2865//2801 2866//2802
s 66
f 1297//2725 1282//2803 1307//2750
f 43//2655 736//2804 756//2700
f 756//2700 757//2805 893//2777
f 951//2677 893//2777 1116//2778
s off
f 2867//2806 2868//2807 2869//2808
f 2870//2809 2871//2810 2872//2811
f 2873//2812 2874//2813 2875//2814
f 2876//2815 2877//2816 2878//2817
f 2879//2818 2880//2819 2881//2820
f 2882//2821 2883//2822 2884//2823
f 2885//2824 2886//2825 2887//2826
s 66
f 1282//2803 1237//2827 1307//2750
f 43//2655 715//2828 736//2804
f 736//2804 715//2828 1494//2829
f 736//2804 1493//2830 756//2700
f 756//2700 1492//2831 757//2805
f 757//2805 758//2832 893//2777
f 1132//2751 1206//2833 1205//2752
s off
f 2888//2834 2889//2835 2890//2836
f 2891//2837 2892//2838 2893//2839
f 2894//2840 2895//2841 2896//2842
s 66
f 1263//2843 1221//2844 1237//2827
f 1629//2845 1237//2827 1282//2803
f 43//2655 21//2651 644//2846
f 43//2655 644//2846 546//2847
f 43//2655 546//2847 715//2828
s off
f 2897//2848 2898//2849 2899//2850
f 2900//2851 2901//2852 2902//2853
f 2903//2854 2904//2855 2905//2856
f 2906//2857 2907//2858 2908//2859
f 2909//2860 2910//2861 2911//2862
s 66
f 758//2832 737//2863 893//2777
f 1132//2751 1116//2778 1206//2833
f 1307//2750 1285//2864 1303//2647
f 546//2847 656//2865 698//2866
s off
f 2912//2867 2913//2868 2914//2869
f 2915//2870 2916//2871 2917//2872
f 2918//2873 2919//2874 2920//2875
f 2921//2876 2922//2877 2923//2878
f 2924//2879 2925//2880 2926//2881
s 66
f 737//2863 719//2882 893//2777
f 1205//2752 1206//2833 1213//2883
f 1205//2752 1213//2883 1221//2844
f 1221//2844 1213//2883 1237//2827
f 1237//2827 1213//2883 1238//2884
f 1237//2827 1238//2884 1266//2885
f 1237//2827 1266//2885 1307//2750
f 546//2847 644//2846 656//2865
f 698//2866 656//2865 700//2886
f 698//2866 700//2886 1489//2887
f 717//2888 700//2886 719//2882
f 1488//2889 719//2882 737//2863
s off
f 2927//2890 2928//2891 2929//2892
f 2930//2893 2931//2894 2932//2895
f 2933//2896 2934//2897 2935//2898
s 66
f 1238//2884 1619//2899 1266//2885
f 1266//2885 1618//2900 1268//2901
f 1266//2885 1268//2901 1307//2750
f 1307//2750 1268//2901 1270//2902
f 656//2865 658//2903 700//2886
f 700//2886 658//2903 719//2882
s off
f 2936//2904 2937//2905 2938//2906
f 2939//2907 2940//2908 2941//2909
f 2942//2910 2943//2911 2944//2912
f 2945//2913 2946//2914 2947//2915
f 2948//2916 2949//2917 2950//2918
f 2951//2919 2952//2920 2953//2921
s 66
f 21//2651 217//2922 644//2846
f 893//2777 639//2923 1116//2778
f 1116//2778 1143//2924 1616//2925
f 1222//2926 1143//2924 1223//2927
s off
f 2954//2928 2955//2929 2956//2930
f 2957//2931 2958//2932 2959//2933
f 2960//2934 2961//2935 2962//2936
s 66
f 1270//2902 1240//2937 1307//2750
f 656//2865 644//2846 657//2938
f 656//2865 657//2938 658//2903
f 893//2777 719//2882 639//2923
f 1223//2927 1143//2924 1240//2937
f 644//2846 217//2922 354//2939
f 644//2846 354//2939 510//2940
f 644//2846 510//2940 1468//2941
f 644//2846 1467//2942 657//2938
f 657//2938 1466//2943 658//2903
f 639//2923 894//2944 1116//2778
f 1143//2924 1285//2864 1240//2937
f 1240//2937 1285//2864 1307//2750
f 21//2651 22//2945 130//2946
f 21//2651 130//2946 217//2922
f 510//2940 567//2947 1465//2948
f 645//2949 567//2950 646//2951
f 1464//2952 646//2951 658//2903
f 1116//2778 894//2944 1180//2953
f 1143//2924 1116//2778 1180//2953
f 510//2940 354//2939 567//2947
f 567//2950 639//2923 646//2951
f 646//2951 639//2923 658//2903
f 658//2903 639//2923 719//2882
f 1143//2924 1180//2953 1285//2864
s 158
f 2//2954 23//2955 24//2956
f 24//2956 23//2955 25//2957
s off
f 25//2958 44//2959 67//2960
s 159
f 44//2961 116//2962 114//2963
f 114//2963 116//2962 144//2964
f 144//2964 116//2962 218//2965
f 144//2964 218//2965 231//2966
f 231//2966 218//2965 355//2967
f 231//2966 355//2967 368//2968
f 368//2968 355//2967 279//2969
f 368//2968 279//2969 500//2970
f 500//2970 279//2969 420//2971
f 500//2970 420//2971 625//2972
f 625//2972 420//2971 554//2973
f 625//2972 554//2973 863//2974
f 863//2974 554//2973 686//2975
f 863//2974 686//2975 1088//2976
f 1088//2976 686//2975 1158//2977
f 1088//2976 1158//2977 1181//2978
f 1181//2978 1158//2977 1164//2979
f 1181//2978 1164//2979 1286//2980
s 160
f 230//2981 130//2982 22//2983
f 230//2981 367//2984 130//2982
f 367//2984 217//2985 130//2982
f 367//2984 434//2986 217//2985
f 434//2986 354//2987 217//2985
f 434//2986 607//2988 354//2987
f 607//2988 567//2989 354//2987
f 607//2988 615//2990 567//2989
f 615//2990 624//2991 567//2989
f 624//2991 638//2992 567//2989
s 2
f 638//2993 639//2994 567//2995
f 638//2993 647//2996 639//2994
f 647//2996 659//2997 639//2994
f 659//2997 668//2998 639//2994
f 668//2998 675//2999 639//2994
f 675//2999 894//3000 639//2994
f 675//2999 952//3001 894//3000
f 952//3001 1180//1774 894//3000
f 952//3001 1156//3002 1180//1774
f 1156//3002 1163//3003 1180//1774
f 1163//3003 1169//3004 1180//1774
f 1169//3004 1176//1773 1180//1774
s 162
f 1207//3005 1208//3006 1180//3007
f 1208//3006 1285//3008 1180//3007
f 1208//3006 1318//3009 1285//3008
s 163
f 2//3010 1//3011 23//3012
f 2//3010 3//3013 1//3011
f 3//3013 4//3014 1//3011
f 4//3014 28//3015 1//3011
f 28//3015 5//3016 1//3011
s 164
f 5//3017 6//3018 1//3019
f 5//3017 7//3020 6//3018
f 7//3020 8//3021 6//3018
f 8//3021 9//3022 6//3018
f 9//3022 10//3023 6//3018
f 9//3022 11//3024 10//3023
f 11//3024 12//3025 10//3023
f 12//3025 13//3026 10//3023
f 13//3026 14//3027 10//3023
f 14//3027 15//3028 10//3023
s 165
f 15//3029 34//3030 10//3031
f 15//3029 17//3032 34//3030
f 17//3032 16//3033 34//3030
f 17//3032 66//3034 16//3033
f 66//3034 159//3035 16//3033
f 159//3035 18//3036 16//3033
f 159//3035 228//3037 18//3036
f 228//3037 19//3038 18//3036
f 228//3037 499//3039 19//3038
f 499//3039 98//3040 19//3038
f 499//3039 366//3041 98//3040
f 366//3041 20//3042 98//3040
f 366//3041 229//3043 20//3042
f 229//3043 21//3044 20//3042
f 229//3043 230//3045 21//3044
f 230//3045 22//3046 21//3044
s 166
f 1286//3047 1164//3048 1146//3049
f 1286//3047 1146//3049 1314//3050
f 1314//3050 1146//3049 1159//3051
f 1314//3050 1159//3051 1315//3052
f 1315//3052 1159//3051 1300//3053
f 1315//3052 1300//3053 1316//3054
f 1316//3054 1300//3053 1308//3055
f 1316//3054 1308//3055 1312//3056
f 1312//3056 1308//3055 1168//3057
f 1312//3056 1168//3057 1317//3058
f 1317//3058 1168//3057 1303//3059
f 1317//3058 1303//3059 1318//3060
f 1318//3060 1303//3059 1285//3061
