# File exported by Houdini 21.0.729 (www.sidefx.com)
# 1126 points
# 3342 vertices
# 1114 primitives
# Bounds: [-65.0570374, -0.374473274, -73.9669418] to [65.0570374, 33.2520866, 23.9669342]
mtllib airplane.mtl
g default
v 2.83397317 12.37428 -45.4411469
v 2.44468689 11.7939968 -45.4156265
v 0.711857736 14.4497414 -68.7327194
v 0.961180568 14.7756052 -68.7327194
v 1.01731324 15.8545265 -68.7312546
v 0.961180568 16.337122 -68.7327194
v 2.83616996 16.7548409 -45.6401634
v 3.03008318 14.8492336 -45.5461273
v 1.55312598 17.6850433 -45.6627617
v 0.590846241 16.9749985 -68.7356339
v -5.0938983 7.51330757 -0.428335428
v -5.08515263 8.17159367 -11.2926226
v 5.08512402 8.17159367 -11.2926226
v 5.09388351 7.51330757 -0.428335428
v 6.0291872 9.34601307 -11.3421926
v 6.14217663 8.99536514 -0.525292039
v 6.4680438 15.113862 -1.14275479
v 6.30765438 15.3179817 4.69799614
v 6.03137064 9.03035736 4.96991396
v 4.95098591 7.55121708 5.03479099
v 5.08512402 9.83298588 14.2121782
v 3.96757126 8.50329113 14.2704926
v 5.36142063 15.3048592 13.9730597
v 4.20959425 11.4397011 17.8455162
v 3.1904583 10.2776756 17.7704201
v -4.95101452 7.55121708 5.03479099
v 5.96065235 9.99482441 -18.7510147
v 5.01368141 8.90788651 -18.709465
v 3.61328316 10.2106085 -29.5766716
v 4.68198776 10.9607487 -29.6094742
v 6.6225934 16.0141754 -11.5754738
v 6.38785601 16.7395325 2.44829869
v 6.4680438 16.4231453 -1.16316676
v 4.8088398 16.4989624 13.9213018
v 5.75507259 17.4102116 4.61926174
v 2.76837158 18.4439335 6.40166664
v 2.17276931 17.6923351 13.8688173
v 4.67178202 15.2319603 18.2085533
v -2.17279863 17.6923351 13.8688173
v -1.80538404 16.9954109 18.414135
v 1.80535495 16.9954109 18.414135
v 4.19720507 16.12644 18.2967644
v 4.43558502 17.2899265 -29.9615822
v 4.84892607 17.894268 -24.7871361
v 6.07729721 16.6680889 -21.8303146
v 4.98088074 14.7515469 -29.7647514
v 6.56646061 16.407835 -18.6117783
v 6.54969168 12.6848345 -18.8683891
v 6.22018099 17.0143623 -21.3054314
v 2.24713087 20.7825642 -19.4610672
v 0.000346954446 21.8498192 -15.3502369
v 6.34629536 21.8498192 -15.3502369
v 6.34629536 20.7825642 -19.4574165
v 2.11809659 18.3170891 -30.0060501
v 2.2770257 18.4643478 -25.9863434
v 6.4184742 20.1505203 -0.617146432
v 6.49282217 20.8139133 1.1725502
v 6.38785601 16.7395325 2.44829869
v 6.4680438 16.4231453 -1.16316676
v 6.18956327 21.1558132 1.62161255
v 3.23055959 21.8294086 2.20991492
v 2.76837158 18.4439335 6.40166664
v 5.75507259 17.4102116 4.61926174
v 4.97431707 19.0176563 -23.1381416
v 6.16842842 18.6845036 -21.5328827
v 6.34629536 20.7825642 -19.4574165
v 6.27485371 20.2401886 -20.1208076
v 5.04867935 19.9857674 -21.8113632
v 6.47751331 19.274992 -19.6469612
v 6.28724289 18.1567097 -20.9088593
v 6.6225934 16.3531628 -12.8118553
v 6.56646061 19.7029171 -18.3085175
v -2.27704096 18.4643478 -25.9863434
v -2.27704096 19.4740124 -24.2272644
v 2.2770257 19.4740124 -24.2272644
v -2.44471598 11.7939968 -45.4156265
v -0.711873055 14.4497414 -68.7327194
v 6.6225934 16.8598156 -10.927393
v 6.6225934 20.2015514 -12.9029837
v 6.6225934 19.6701107 -11.0440321
v 6.6225934 16.4668865 -10.3806438
v 6.6225934 16.8080578 -2.2092824
v 6.6225934 16.9706268 -1.93663633
v 6.6225934 16.9706268 -1.93663633
v 6.6225934 16.8080578 -2.2092824
v 6.6225934 20.3057995 -3.06075478
v 6.6225934 19.8399696 -2.36601806
v 6.6225934 16.4668865 -10.3806438
v 6.6225934 19.9886837 -10.7210865
v -3.33919716 23.0490265 -1.41977561
v -3.31076241 22.6633854 0.807319164
v 3.31074715 22.6633854 0.807319164
v 3.33916783 23.0490265 -1.41977561
v 6.34629536 23.0723534 -1.27762043
v 6.27121067 21.8753338 0.688494205
v 3.23055959 21.8294086 2.20991492
v 6.18956327 21.1558132 1.62161255
v 6.49282217 20.8139133 1.1725502
v 2.2770257 20.297781 -22.4878731
v -2.27704096 20.297781 -22.4878731
v 6.47751331 19.274992 -19.6469612
v 6.56646061 16.407835 -18.6117783
v 6.28724289 18.1567097 -20.9088593
v 6.22018099 17.0143623 -21.3054314
v 6.56646061 19.7029171 -18.3085175
v 6.6225934 20.2015514 -12.9029837
v 6.6225934 16.3531628 -12.8118553
v 2.24713087 20.7825642 -19.4610672
v 2.95936465 12.0863247 18.9353638
v -2.95937967 12.0863247 18.9353638
v -1.94024432 10.884203 18.3222809
v 1.94022918 10.884203 18.3222809
v 4.20959425 11.4397011 17.8455162
v 3.43029857 13.2745934 19.4566002
v 3.1904583 10.2776756 17.7704201
v -3.19047356 10.2776756 17.7704201
v 4.19720507 16.12644 18.2967644
v 3.55569005 15.9653339 19.4959679
v 3.79261017 15.2166519 19.4704514
v 4.67178202 15.2319603 18.2085533
v 1.80535495 16.9954109 18.414135
v 1.7105813 16.6965218 19.5265846
v 1.7105813 15.9471054 19.8196449
v 1.7105813 13.5691099 19.8517227
v 6.6225934 20.7424698 -1.19815934
v 6.4184742 20.1505203 -0.617146432
v 1.53927708 15.9536705 18.9164124
v 1.53927708 13.5756712 18.9484825
v 3.62056851 15.2232103 18.5679512
v 3.38437176 15.9718952 18.5927353
v 3.38437176 15.9718952 18.5927353
v 3.62056851 15.2232103 18.5679512
v 3.79261017 15.2166519 19.4704514
v 3.55569005 15.9653339 19.4959679
v 1.53927708 15.9536705 18.9164124
v 3.38437176 15.9718952 18.5927353
v 3.55569005 15.9653339 19.4959679
v 1.7105813 15.9471054 19.8196449
v 1.53927708 13.5756712 18.9484825
v 1.53927708 15.9536705 18.9164124
v 1.7105813 15.9471054 19.8196449
v 1.7105813 13.5691099 19.8517227
v 3.25825739 13.2811565 18.5540962
v 1.53927708 13.5756712 18.9484825
v 1.7105813 13.5691099 19.8517227
v 3.43029857 13.2745934 19.4566002
v 3.25825739 13.2811565 18.5540962
v 3.43029857 13.2745934 19.4566002
v 3.25825739 13.2811565 18.5540962
v 29.8303108 21.3358746 -1.22367418
v 29.8303108 22.3783455 0.666622162
v 6.27121067 21.8753338 0.688494205
v 6.6225934 20.7424698 -1.19815934
v 62.7081985 22.5686169 -3.35162449
v 62.7081985 23.3428154 -1.44966519
v 62.7081985 23.3428154 -1.44966519
v 62.7081985 23.9486103 -3.41213179
v 29.8303108 23.4864292 -1.317716
v 29.8303108 22.3783455 0.666622162
v 6.34629536 23.0723534 -1.27762043
v 6.27121067 21.8753338 0.688494205
v 29.8303108 21.3322353 -15.3276348
v 62.7081985 22.6145458 -11.7883406
v 62.7081985 23.3049049 -11.8189583
v 29.8303108 22.4592648 -15.3772097
v 65.0570374 22.7479496 -11.7941723
v 65.0570374 22.2609768 -11.7730331
v 65.0570374 22.3477287 -14.83848
v 64.3659592 22.3921947 -11.7788649
v 64.3659592 22.5110226 -15.1592379
v 65.0570374 22.3477287 -14.83848
v 65.0570374 22.2609768 -11.7730331
v 64.3659592 22.5110226 -15.1592379
v 64.3659592 22.9250946 -11.8021917
v 62.7081985 22.8091869 -15.2540073
v 62.7081985 22.8091869 -15.2540073
v 65.0570374 22.7479496 -4.5413537
v 65.0570374 22.2689972 -6.45643711
v 65.0570374 23.2618942 -6.49944735
v 65.0570374 22.2689972 -6.45643711
v 64.3659592 22.4913425 -4.66382504
v 65.0570374 22.7479496 -4.5413537
v 64.3659592 23.00383 -2.75019956
v 64.3659592 23.5177727 -4.70829391
v 64.3659592 23.00383 -2.75019956
v 65.0570374 22.7479496 -4.5413537
v 6.6225934 20.6054211 -15.2955618
v 6.34629536 21.8498192 -15.3502369
v 29.8995571 21.6493454 -19.4894943
v 29.8995571 21.6493454 -19.4894943
v 6.34629536 20.7825642 -19.4574165
v 6.34629536 20.7825642 -19.4574165
v 6.4184742 20.1505203 -0.617146432
v 6.6225934 20.7424698 -1.19815934
v 6.6225934 20.6054211 -15.2955618
v -2.24714613 20.7825642 -19.4610672
v -5.01371098 8.90788651 -18.709465
v 4.68855095 8.17378235 -8.92920303
v 5.79371405 7.47758722 -9.03709507
v 5.79371405 7.51257992 -11.4041586
v 4.5500474 8.33489037 -11.5783892
v 5.37891293 7.16193104 -11.3888512
v 5.37891293 7.12693834 -9.02178669
v 1.85858142 7.60880613 -8.89858532
v 1.85858142 7.62776232 -11.5404806
v 5.37891293 7.16193104 -11.3888512
v 1.85858142 7.62776232 -11.5404806
v 4.5500474 8.33489037 -11.5783892
v 5.79371405 7.51257992 -11.4041586
v 5.37891293 7.12693834 -9.02178669
v 5.79371405 7.47758722 -9.03709507
v 4.68855095 8.17378235 -8.92920303
v 1.85858142 7.60880613 -8.89858532
v 8.97070122 6.11654377 -10.9682188
v 8.97070122 6.08082294 -9.36733341
v 8.55662251 5.94304228 -9.36150169
v 10.9047279 3.31354022 -9.40888691
v 11.1810255 3.45132089 -9.41471767
v 8.97070122 6.08082294 -9.36733341
v 11.1810255 3.45132089 -9.41471767
v 11.1810255 3.39664388 -10.6715136
v 8.55662251 5.94304228 -9.36150169
v 8.55662251 5.97876358 -10.9623852
v 10.9047279 3.25886393 -10.6649542
v 10.9047279 3.31354022 -9.40888691
v 8.97070122 6.11654377 -10.9682188
v 11.1810255 3.39664388 -10.6715136
v 10.9047279 3.25886393 -10.6649542
v 8.55662251 5.97876358 -10.9623852
v 11.1810255 1.6025759 -10.592782
v 11.1810255 1.65725219 -9.33671474
v 10.9047279 1.65725219 -9.33671474
v 10.9047279 1.6025759 -10.592782
v 11.1810255 1.6025759 -10.592782
v 11.1810255 1.65725219 -9.33671474
v 10.9047279 1.6025759 -10.592782
v 10.9047279 1.65725219 -9.33671474
v 10.9047279 1.65725219 -9.33671474
v 11.1810255 1.65725219 -9.33671474
v 11.1810255 1.6025759 -10.592782
v 10.9047279 1.6025759 -10.592782
v 13.7143002 3.16190743 -11.9377851
v 13.2586756 3.37185955 -12.3416519
v 13.2586756 4.75987673 -10.1633997
v 13.7143002 4.3049798 -10.1429882
v 13.2586756 3.37185955 -12.3416519
v 11.7387104 3.37185955 -12.3416519
v 11.7387104 4.75987673 -10.1633997
v 13.2586756 4.75987673 -10.1633997
v 11.7387104 3.37185955 -12.3416519
v 11.2830868 3.16190743 -11.9377851
v 11.2830868 4.3049798 -10.1429882
v 11.7387104 4.75987673 -10.1633997
v 13.7143002 1.03614533 -11.8444729
v 13.2586756 0.791199028 -12.2293854
v 13.2586756 0.791199028 -12.2293854
v 11.7387104 0.791199028 -12.2293854
v 11.7387104 0.791199028 -12.2293854
v 11.2830868 1.03614533 -11.8444729
v 13.7143002 0.0541802943 -9.9578228
v 13.2586756 -0.221380487 -9.93813992
v 13.2586756 -0.221380487 -9.93813992
v 11.7387104 -0.221380487 -9.93813992
v 11.7387104 -0.221380487 -9.93813992
v 11.2830868 0.0541802943 -9.9578228
v 13.7143002 1.19725072 -8.16375542
v 13.2586756 0.986572146 -7.75916004
v 13.2586756 0.986572146 -7.75916004
v 11.7387104 0.986572146 -7.75916004
v 11.7387104 -0.221380487 -9.93813992
v 13.2586756 -0.221380487 -9.93813992
v 11.7387104 0.986572146 -7.75916004
v 11.2830868 1.19725072 -8.16375542
v 13.7143002 3.32228589 -8.25633717
v 13.2586756 3.5672307 -7.87142515
v 13.2586756 3.5672307 -7.87142515
v 11.7387104 3.5672307 -7.87142515
v 11.7387104 3.5672307 -7.87142515
v 11.2830868 3.32228589 -8.25633717
v 13.7143002 4.3049798 -10.1429882
v 13.7143002 2.17921591 -10.0504065
v 13.7143002 3.16190743 -11.9377851
v 11.2830868 4.3049798 -10.1429882
v 11.2830868 3.16190743 -11.9377851
v 11.2830868 2.17921591 -10.0504065
v 13.7143002 1.03614533 -11.8444729
v 11.2830868 1.03614533 -11.8444729
v 13.7143002 0.0541802943 -9.9578228
v 11.2830868 0.0541802943 -9.9578228
v 13.7143002 1.19725072 -8.16375542
v 11.2830868 1.19725072 -8.16375542
v 13.7143002 3.32228589 -8.25633717
v 11.2830868 3.32228589 -8.25633717
v 2.20192719 15.0409594 -52.2485504
v 1.09676409 14.6793785 -60.5292435
v 19.1934662 14.8171577 -60.53508
v 19.1934662 15.0701218 -54.7388077
v 19.1934662 15.3821335 -53.9230537
v 2.3397212 15.5031471 -51.163063
v 1.09676409 15.920866 -60.5839272
v 2.20192719 16.0068874 -52.2908249
v 19.1934662 15.8363018 -54.7723389
v 19.1934662 15.7830811 -60.5773659
v 2.3397212 15.5031471 -51.163063
v 19.1934662 15.3821335 -53.9230537
v 20.1601238 15.0518951 -55.1528778
v 20.2986279 14.8171577 -60.53508
v 20.2986279 15.6453018 -60.5715408
v 20.1601238 15.6044769 -55.1769333
v 20.1601238 15.0518951 -55.1528778
v 20.2986279 14.8171577 -60.53508
v 20.1601238 15.6044769 -55.1769333
v 20.2986279 15.6453018 -60.5715408
v 19.8838272 15.370472 -54.1986198
v 19.8838272 15.370472 -54.1986198
v 19.8838272 15.370472 -54.1986198
v 19.9392357 14.9841003 -63.0472107
v 19.1934662 15.0358572 -63.4488831
v 19.9392357 14.9841003 -63.0472107
v 19.1934662 15.0358572 -63.4488831
v 19.9392357 14.9841003 -63.0472107
v 2.89230299 14.9090137 -66.3466797
v 2.89230299 14.9090137 -66.3466797
v 1.09676409 14.6793785 -60.5292435
v 1.09676409 15.920866 -60.5839272
v 2.89230299 14.9090137 -66.3466797
v 2.20192719 15.0409594 -52.2485504
v 2.20192719 16.0068874 -52.2908249
v 2.3397212 15.5031471 -51.163063
v 29.6509686 21.5122967 -0.678382158
v 6.63425922 8.38956547 1.27752638
v 7.17517471 8.37790298 1.00123215
v 30.191885 21.5006313 -0.954672933
v 29.1100521 21.5006313 -0.954672933
v 6.08312368 8.42893219 0.999045849
v 6.63425922 8.38956547 1.27752638
v 29.6509686 21.5122967 -0.678382158
v 29.9156017 21.308176 -2.1903286
v 6.89887714 8.31739616 -0.378762126
v 6.36962795 8.31739616 -0.378762126
v 29.3863373 21.308176 -2.1903286
v 29.3863373 21.308176 -2.1903286
v 6.36962795 8.31739616 -0.378762126
v 29.9156017 21.308176 -2.1903286
v 6.89887714 8.31739616 -0.378762126
v 5.1084547 7.54757071 -0.541330934
v 5.46420336 7.99517632 -0.560282826
v 5.46420336 7.99517632 -0.560282826
v 5.6836319 8.38154602 1.00560856
v 4.85694933 7.38500404 1.16817427
v 5.1084547 7.54757071 -0.541330934
v 5.30382824 7.86541557 1.66462278
v 5.30382824 7.86541557 1.66462278
v 29.1100521 21.5006313 -0.954672933
v 30.191885 21.5006313 -0.954672933
v 29.9156017 21.308176 -2.1903286
v 29.6509686 21.5122967 -0.678382158
v 5.6836319 8.38154602 1.00560856
v 5.46420336 7.99517632 -0.560282826
v 5.1084547 7.54757071 -0.541330934
v 4.85694933 7.38500404 1.16817427
v 5.30382824 7.86541557 1.66462278
v -2.83400249 12.37428 -45.4411469
v -0.961195767 14.7756052 -68.7327194
v -1.0173285 15.8545265 -68.7312546
v -3.03009868 14.8492336 -45.5461273
v -2.83618546 16.7548409 -45.6401634
v -0.961195767 16.337122 -68.7327194
v -1.55314112 17.6850433 -45.6627617
v -0.590861499 16.9749985 -68.7356339
v -6.14220619 8.99536514 -0.525292039
v -6.02920294 9.34601307 -11.3421926
v -6.03138638 9.03035736 4.96991396
v -6.30768347 15.3179817 4.69799614
v -6.46805954 15.113862 -1.14275479
v -3.96758652 8.50329113 14.2704926
v -5.08515263 9.83298588 14.2121782
v -5.36143589 15.3048592 13.9730597
v -3.19047356 10.2776756 17.7704201
v -4.20962286 11.4397011 17.8455162
v -5.95994473 9.99482441 -18.7510147
v -4.68201733 10.9607487 -29.6094742
v -3.61329794 10.2106085 -29.5766716
v -6.62260914 16.0141754 -11.5754738
v -6.38787174 16.7395325 2.44829869
v -6.46805954 16.4231453 -1.16316676
v -4.80885458 16.4989624 13.9213018
v -5.75510263 17.4102116 4.61926174
v -2.76838684 18.4439335 6.40166664
v -4.6718111 15.2319603 18.2085533
v -4.19723463 16.12644 18.2967644
v -4.43561459 17.2899265 -29.9615822
v -4.980896 14.7515469 -29.7647514
v -6.07731342 16.6680889 -21.8303146
v -4.84895515 17.894268 -24.7871361
v -6.56647587 16.407835 -18.6117783
v -6.22019672 17.0143623 -21.3054314
v -6.54898405 12.6848345 -18.8683891
v -2.24714613 20.7825642 -19.4610672
v -6.34632492 20.7825642 -19.4574165
v -6.34632492 21.8498192 -15.3502369
v -2.11812544 18.3170891 -30.0060501
v -6.38787174 16.7395325 2.44829869
v -6.49285126 20.8139133 1.1725502
v -6.41848993 20.1505203 -0.617146432
v -6.46805954 16.4231453 -1.16316676
v -2.76838684 18.4439335 6.40166664
v -3.23057461 21.8294086 2.20991492
v -6.18957806 21.1558132 1.62161255
v -5.75510263 17.4102116 4.61926174
v -4.97434711 19.0176563 -23.1381416
v -6.16844368 18.6845036 -21.5328827
v -6.34632492 20.7825642 -19.4574165
v -5.04869413 19.9857674 -21.8113632
v -6.27488327 20.2401886 -20.1208076
v -6.4775424 19.274992 -19.6469612
v -6.28727198 18.1567097 -20.9088593
v -6.62260914 16.3531628 -12.8118553
v -6.56647587 19.7029171 -18.3085175
v -6.62260914 16.8598156 -10.927393
v -6.62260914 19.6701107 -11.0440321
v -6.62260914 20.2015514 -12.9029837
v -6.62260914 16.4668865 -10.3806438
v -6.62260914 16.8080578 -2.2092824
v -6.62260914 16.9706268 -1.93663633
v -6.62260914 16.9706268 -1.93663633
v -6.62260914 19.8399696 -2.36601806
v -6.62260914 20.3057995 -3.06075478
v -6.62260914 16.8080578 -2.2092824
v -6.62260914 16.4668865 -10.3806438
v -6.62260914 19.9886837 -10.7210865
v -6.34632492 23.0723534 -1.27762043
v -6.27122641 21.8753338 0.688494205
v -6.18957806 21.1558132 1.62161255
v -3.23057461 21.8294086 2.20991492
v -6.49285126 20.8139133 1.1725502
v -6.4775424 19.274992 -19.6469612
v -6.28727198 18.1567097 -20.9088593
v -6.56647587 16.407835 -18.6117783
v -6.22019672 17.0143623 -21.3054314
v -6.62260914 16.3531628 -12.8118553
v -6.62260914 20.2015514 -12.9029837
v -6.56647587 19.7029171 -18.3085175
v -1.71061039 13.5691099 19.8517227
v -3.43031383 13.2745934 19.4566002
v -3.79263926 15.2166519 19.4704514
v -4.6718111 15.2319603 18.2085533
v -4.20962286 11.4397011 17.8455162
v -1.71061039 15.9471054 19.8196449
v -4.19723463 16.12644 18.2967644
v -3.55570531 15.9653339 19.4959679
v -1.71061039 16.6965218 19.5265846
v -1.80538404 16.9954109 18.414135
v -6.62260914 20.7424698 -1.19815934
v -6.41848993 20.1505203 -0.617146432
v -1.53929222 15.9536705 18.9164124
v -3.38438702 15.9718952 18.5927353
v -3.62058401 15.2232103 18.5679512
v -1.53929222 13.5756712 18.9484825
v -3.38438702 15.9718952 18.5927353
v -3.55570531 15.9653339 19.4959679
v -3.79263926 15.2166519 19.4704514
v -3.62058401 15.2232103 18.5679512
v -1.53929222 15.9536705 18.9164124
v -1.71061039 15.9471054 19.8196449
v -3.55570531 15.9653339 19.4959679
v -3.38438702 15.9718952 18.5927353
v -1.53929222 13.5756712 18.9484825
v -1.71061039 13.5691099 19.8517227
v -1.71061039 15.9471054 19.8196449
v -1.53929222 15.9536705 18.9164124
v -3.25827241 13.2811565 18.5540962
v -3.43031383 13.2745934 19.4566002
v -1.71061039 13.5691099 19.8517227
v -1.53929222 13.5756712 18.9484825
v -3.43031383 13.2745934 19.4566002
v -3.25827241 13.2811565 18.5540962
v -3.25827241 13.2811565 18.5540962
v -29.8303204 21.3358746 -1.22367418
v -6.62260914 20.7424698 -1.19815934
v -6.27122641 21.8753338 0.688494205
v -29.8303204 22.3783455 0.666622162
v -62.7082138 23.3428154 -1.44966519
v -62.7082138 22.5686169 -3.35162449
v -62.7082138 23.3428154 -1.44966519
v -29.8303204 22.3783455 0.666622162
v -29.8303204 23.4864292 -1.317716
v -62.7082138 23.9486103 -3.41213179
v -6.27122641 21.8753338 0.688494205
v -6.34632492 23.0723534 -1.27762043
v -62.7082138 22.6145458 -11.7883406
v -29.8303204 21.3322353 -15.3276348
v -62.7082138 23.3049049 -11.8189583
v -29.8303204 22.4592648 -15.3772097
v -65.0570374 22.7479496 -11.7941723
v -65.0570374 22.3477287 -14.83848
v -65.0570374 22.2609768 -11.7730331
v -64.3659592 22.3921947 -11.7788649
v -65.0570374 22.2609768 -11.7730331
v -65.0570374 22.3477287 -14.83848
v -64.3659592 22.5110226 -15.1592379
v -64.3659592 22.9250946 -11.8021917
v -64.3659592 22.5110226 -15.1592379
v -62.7082138 22.8091869 -15.2540073
v -62.7082138 22.8091869 -15.2540073
v -65.0570374 23.2618942 -6.49944735
v -65.0570374 22.2689972 -6.45643711
v -65.0570374 22.7479496 -4.5413537
v -64.3659592 22.4913425 -4.66382504
v -65.0570374 22.2689972 -6.45643711
v -64.3659592 23.00383 -2.75019956
v -65.0570374 22.7479496 -4.5413537
v -64.3659592 23.5177727 -4.70829391
v -65.0570374 22.7479496 -4.5413537
v -64.3659592 23.00383 -2.75019956
v -6.62260914 20.6054211 -15.2955618
v -6.34632492 21.8498192 -15.3502369
v -29.8995724 21.6493454 -19.4894943
v -29.8995724 21.6493454 -19.4894943
v -6.34632492 20.7825642 -19.4574165
v -6.34632492 20.7825642 -19.4574165
v -6.41848993 20.1505203 -0.617146432
v -6.62260914 20.7424698 -1.19815934
v -6.62260914 20.6054211 -15.2955618
v -1.0173285 15.8545265 -68.7312546
v -0.961195767 16.337122 -68.7327194
v -0.590861499 16.9749985 -68.7356339
v 0.590846241 16.9749985 -68.7356339
v 0.961180568 16.337122 -68.7327194
v 1.01731324 15.8545265 -68.7312546
v -0.711873055 14.4497414 -68.7327194
v 0.961180568 14.7756052 -68.7327194
v 0.711857736 14.4497414 -68.7327194
v -0.961195767 14.7756052 -68.7327194
v -4.68858051 8.17378235 -8.92920303
v -4.55006313 8.33489037 -11.5783892
v -5.79374313 7.51257992 -11.4041586
v -5.79374313 7.47758722 -9.03709507
v -5.37894201 7.16193104 -11.3888512
v -1.8585968 7.62776232 -11.5404806
v -1.8585968 7.60880613 -8.89858532
v -5.37894201 7.12693834 -9.02178669
v -5.37894201 7.16193104 -11.3888512
v -5.79374313 7.51257992 -11.4041586
v -4.55006313 8.33489037 -11.5783892
v -1.8585968 7.62776232 -11.5404806
v -5.37894201 7.12693834 -9.02178669
v -1.8585968 7.60880613 -8.89858532
v -4.68858051 8.17378235 -8.92920303
v -5.79374313 7.47758722 -9.03709507
v -8.97071457 6.11654377 -10.9682188
v -8.97071457 6.08082294 -9.36733341
v -11.1810398 3.45132089 -9.41471767
v -10.9047585 3.31354022 -9.40888691
v -8.55665016 5.94304228 -9.36150169
v -8.97071457 6.08082294 -9.36733341
v -11.1810398 3.39664388 -10.6715136
v -11.1810398 3.45132089 -9.41471767
v -8.55665016 5.94304228 -9.36150169
v -10.9047585 3.31354022 -9.40888691
v -10.9047585 3.25886393 -10.6649542
v -8.55665016 5.97876358 -10.9623852
v -10.9047585 3.25886393 -10.6649542
v -11.1810398 3.39664388 -10.6715136
v -8.97071457 6.11654377 -10.9682188
v -8.55665016 5.97876358 -10.9623852
v -11.1810398 1.6025759 -10.592782
v -10.9047585 1.6025759 -10.592782
v -10.9047585 1.65725219 -9.33671474
v -11.1810398 1.65725219 -9.33671474
v -11.1810398 1.6025759 -10.592782
v -11.1810398 1.65725219 -9.33671474
v -10.9047585 1.65725219 -9.33671474
v -10.9047585 1.6025759 -10.592782
v -11.1810398 1.65725219 -9.33671474
v -10.9047585 1.65725219 -9.33671474
v -11.1810398 1.6025759 -10.592782
v -10.9047585 1.6025759 -10.592782
v -13.2587042 4.75987673 -10.1633997
v -13.2587042 3.37185955 -12.3416519
v -13.7143288 3.16190743 -11.9377851
v -13.7143288 4.3049798 -10.1429882
v -11.7387247 4.75987673 -10.1633997
v -11.7387247 3.37185955 -12.3416519
v -13.2587042 3.37185955 -12.3416519
v -13.2587042 4.75987673 -10.1633997
v -11.2831001 4.3049798 -10.1429882
v -11.2831001 3.16190743 -11.9377851
v -11.7387247 3.37185955 -12.3416519
v -11.7387247 4.75987673 -10.1633997
v -13.2587042 0.791199028 -12.2293854
v -13.7143288 1.03614533 -11.8444729
v -11.7387247 0.791199028 -12.2293854
v -13.2587042 0.791199028 -12.2293854
v -11.2831001 1.03614533 -11.8444729
v -11.7387247 0.791199028 -12.2293854
v -13.2587042 -0.221380487 -9.93813992
v -13.7143288 0.0541802943 -9.9578228
v -11.7387247 -0.221380487 -9.93813992
v -13.2587042 -0.221380487 -9.93813992
v -11.2831001 0.0541802943 -9.9578228
v -11.7387247 -0.221380487 -9.93813992
v -13.2587042 0.986572146 -7.75916004
v -13.7143288 1.19725072 -8.16375542
v -11.7387247 -0.221380487 -9.93813992
v -11.7387247 0.986572146 -7.75916004
v -13.2587042 0.986572146 -7.75916004
v -13.2587042 -0.221380487 -9.93813992
v -11.2831001 1.19725072 -8.16375542
v -11.7387247 0.986572146 -7.75916004
v -13.2587042 3.5672307 -7.87142515
v -13.7143288 3.32228589 -8.25633717
v -11.7387247 3.5672307 -7.87142515
v -13.2587042 3.5672307 -7.87142515
v -11.2831001 3.32228589 -8.25633717
v -11.7387247 3.5672307 -7.87142515
v -13.7143288 3.16190743 -11.9377851
v -13.7143288 2.17921591 -10.0504065
v -13.7143288 4.3049798 -10.1429882
v -11.2831001 4.3049798 -10.1429882
v -11.2831001 2.17921591 -10.0504065
v -11.2831001 3.16190743 -11.9377851
v -13.7143288 1.03614533 -11.8444729
v -11.2831001 1.03614533 -11.8444729
v -13.7143288 0.0541802943 -9.9578228
v -11.2831001 0.0541802943 -9.9578228
v -13.7143288 1.19725072 -8.16375542
v -11.2831001 1.19725072 -8.16375542
v -13.7143288 3.32228589 -8.25633717
v -11.2831001 3.32228589 -8.25633717
v -2.20195627 15.0409594 -52.2485504
v -19.1934872 15.0701218 -54.7388077
v -19.1934872 14.8171577 -60.53508
v -1.09679317 14.6793785 -60.5292435
v -19.1934872 15.3821335 -53.9230537
v -2.33973646 15.5031471 -51.163063
v -1.09679317 15.920866 -60.5839272
v -19.1934872 15.7830811 -60.5773659
v -19.1934872 15.8363018 -54.7723389
v -2.20195627 16.0068874 -52.2908249
v -19.1934872 15.3821335 -53.9230537
v -2.33973646 15.5031471 -51.163063
v -20.160141 15.0518951 -55.1528778
v -20.160141 15.6044769 -55.1769333
v -20.2986526 15.6453018 -60.5715408
v -20.2986526 14.8171577 -60.53508
v -20.160141 15.0518951 -55.1528778
v -20.2986526 14.8171577 -60.53508
v -20.2986526 15.6453018 -60.5715408
v -20.160141 15.6044769 -55.1769333
v -19.8838501 15.370472 -54.1986198
v -19.8838501 15.370472 -54.1986198
v -19.8838501 15.370472 -54.1986198
v -19.1934872 15.0358572 -63.4488831
v -19.9392529 14.9841003 -63.0472107
v -19.9392529 14.9841003 -63.0472107
v -19.1934872 15.0358572 -63.4488831
v -19.9392529 14.9841003 -63.0472107
v -2.89231825 14.9090137 -66.3466797
v -2.89231825 14.9090137 -66.3466797
v -1.09679317 14.6793785 -60.5292435
v -2.89231825 14.9090137 -66.3466797
v -1.09679317 15.920866 -60.5839272
v -2.20195627 15.0409594 -52.2485504
v -2.20195627 16.0068874 -52.2908249
v -2.33973646 15.5031471 -51.163063
v -29.6509857 21.5122967 -0.678382158
v -30.1919041 21.5006313 -0.954672933
v -7.17518997 8.37790298 1.00123215
v -6.63427448 8.38956547 1.27752638
v -29.1100769 21.5006313 -0.954672933
v -29.6509857 21.5122967 -0.678382158
v -6.63427448 8.38956547 1.27752638
v -6.08315277 8.42893219 0.999045849
v -29.9156113 21.308176 -2.1903286
v -29.3863621 21.308176 -2.1903286
v -6.36964273 8.31739616 -0.378762126
v -6.89890623 8.31739616 -0.378762126
v -6.36964273 8.31739616 -0.378762126
v -29.3863621 21.308176 -2.1903286
v -29.9156113 21.308176 -2.1903286
v -6.89890623 8.31739616 -0.378762126
v -5.46423244 7.99517632 -0.560282826
v -5.10848427 7.54757071 -0.541330934
v -5.68366051 8.38154602 1.00560856
v -5.46423244 7.99517632 -0.560282826
v -4.85697842 7.38500404 1.16817427
v -5.10848427 7.54757071 -0.541330934
v -5.30384302 7.86541557 1.66462278
v -5.30384302 7.86541557 1.66462278
v -29.1100769 21.5006313 -0.954672933
v -29.9156113 21.308176 -2.1903286
v -30.1919041 21.5006313 -0.954672933
v -29.6509857 21.5122967 -0.678382158
v -5.68366051 8.38154602 1.00560856
v -4.85697842 7.38500404 1.16817427
v -5.10848427 7.54757071 -0.541330934
v -5.46423244 7.99517632 -0.560282826
v -5.30384302 7.86541557 1.66462278
v -0.496824861 7.19109011 10.5110359
v -0.496824861 5.99917507 10.7260923
v -0.00839902181 6.03489542 10.9251146
v -0.00839902181 7.21952057 10.7122431
v -0.00839902181 5.98605251 10.6531973
v -0.00839902181 6.03489542 10.9251146
v -0.496824861 5.99917507 10.7260923
v -0.301451743 5.96418381 10.533639
v -0.00839902181 4.45734024 10.9243841
v -0.00839902181 5.98605251 10.6531973
v -0.301451743 5.96418381 10.533639
v -0.301451743 4.43619871 10.8048258
v -0.00839902181 4.48212576 11.0607052
v -0.00839902181 4.45734024 10.9243841
v -0.301451743 4.43619871 10.8048258
v -0.399131358 4.45296574 10.9010534
v -0.00839902181 4.21020937 11.1095524
v -0.00839902181 4.48212576 11.0607052
v -0.399131358 4.45296574 10.9010534
v -0.399131358 4.1810503 10.9506292
v -0.699483871 7.10433865 10.040103
v -0.699483871 5.91242456 10.2449522
v -0.699483871 5.91242456 10.2449522
v -0.42320016 5.91242456 10.2449522
v -0.301451743 4.43619871 10.8048258
v -0.301451743 5.96418381 10.533639
v -0.42320016 5.91242456 10.2449522
v -0.42320016 4.38371038 10.5168695
v -0.42320016 4.38371038 10.5168695
v -0.560980558 4.38371038 10.5168695
v -0.560980558 4.38371038 10.5168695
v -0.560980558 4.11179495 10.5657158
v -0.496824861 7.0248785 9.54511356
v -0.496824861 5.82567406 9.76454258
v -0.496824861 5.82567406 9.76454258
v -0.301451743 5.85993624 9.95700264
v -0.301451743 5.85993624 9.95700264
v -0.301451743 4.33195257 10.2281904
v -0.301451743 4.33195257 10.2281904
v -0.399131358 4.31445694 10.1319637
v -0.560980558 4.11179495 10.5657158
v -0.560980558 4.38371038 10.5168695
v -0.399131358 4.31445694 10.1319637
v -0.399131358 4.0425396 10.1815329
v -0.00839902181 7.01831722 9.34828758
v -0.00839902181 5.78922272 9.56552505
v -0.496824861 5.82567406 9.76454258
v -0.496824861 7.0248785 9.54511356
v -0.00839902181 5.78922272 9.56552505
v -0.00839902181 5.83879662 9.83744526
v -0.301451743 4.33195257 10.2281904
v -0.301451743 5.85993624 9.95700264
v -0.00839902181 5.83879662 9.83744526
v -0.00839902181 4.31008291 10.1086321
v -0.00839902181 4.31008291 10.1086321
v -0.00839902181 4.28529596 9.97304058
v -0.00839902181 4.28529596 9.97304058
v -0.00839902181 4.01410866 10.0218811
v 0.480040729 7.0248785 9.54511356
v 0.480040729 5.82567406 9.76454258
v -0.00839902181 5.78922272 9.56552505
v -0.00839902181 7.01831722 9.34828758
v 0.480040729 5.82567406 9.76454258
v 0.284667611 5.85993624 9.95700264
v -0.00839902181 4.31008291 10.1086321
v -0.00839902181 5.83879662 9.83744526
v 0.284667611 5.85993624 9.95700264
v 0.284667611 4.33195257 10.2281904
v 0.284667611 4.33195257 10.2281904
v 0.382347226 4.31445694 10.1319637
v -0.00839902181 4.01410866 10.0218811
v -0.00839902181 4.28529596 9.97304058
v 0.382347226 4.31445694 10.1319637
v 0.382347226 4.0425396 10.1815329
v 0.681962907 7.10433865 10.040103
v 0.681962907 5.91242456 10.2449522
v 0.480040729 5.82567406 9.76454258
v 0.480040729 7.0248785 9.54511356
v 0.681962907 5.91242456 10.2449522
v 0.405679077 5.91242456 10.2449522
v 0.284667611 4.33195257 10.2281904
v 0.284667611 5.85993624 9.95700264
v 0.405679077 5.91242456 10.2449522
v 0.405679077 4.38371038 10.5168695
v 0.405679077 4.38371038 10.5168695
v 0.544182539 4.38371038 10.5168695
v 0.382347226 4.0425396 10.1815329
v 0.382347226 4.31445694 10.1319637
v 0.544182539 4.38371038 10.5168695
v 0.544182539 4.11179495 10.5657158
v 0.480040729 7.19109011 10.5110359
v 0.480040729 5.99917507 10.7260923
v 0.480040729 5.99917507 10.7260923
v 0.284667611 5.96418381 10.533639
v 0.405679077 4.38371038 10.5168695
v 0.405679077 5.91242456 10.2449522
v 0.284667611 5.96418381 10.533639
v 0.284667611 4.43619871 10.8048258
v 0.284667611 4.43619871 10.8048258
v 0.382347226 4.45296574 10.9010534
v 0.544182539 4.11179495 10.5657158
v 0.544182539 4.38371038 10.5168695
v 0.382347226 4.45296574 10.9010534
v 0.382347226 4.1810503 10.9506292
v -0.00839902181 7.21952057 10.7122431
v -0.00839902181 6.03489542 10.9251146
v 0.284667611 4.43619871 10.8048258
v 0.284667611 5.96418381 10.533639
v -0.00839902181 4.48212576 11.0607052
v -0.00839902181 4.21020937 11.1095524
v -0.00839902181 4.21020937 11.1095524
v -0.399131358 4.1810503 10.9506292
v -0.00839902181 4.11179495 10.5657158
v -0.560980558 4.11179495 10.5657158
v -0.399131358 4.0425396 10.1815329
v -0.00839902181 4.01410866 10.0218811
v 0.382347226 4.0425396 10.1815329
v 0.544182539 4.11179495 10.5657158
v 0.382347226 4.1810503 10.9506292
v -0.699483871 7.10433865 10.040103
v -0.496824861 7.19109011 10.5110359
v -0.00839902181 7.10944128 10.0320873
v -0.496824861 7.0248785 9.54511356
v -0.00839902181 7.01831722 9.34828758
v 0.480040729 7.0248785 9.54511356
v 0.681962907 7.10433865 10.040103
v 0.480040729 7.19109011 10.5110359
v -0.00839902181 7.21952057 10.7122431
v -0.837264359 3.69261861 9.79953289
v -1.11356211 3.96453643 9.74996281
v 1.09676409 3.96453643 9.74996281
v 0.820480227 3.69261861 9.79953289
v 1.3730619 2.98840618 9.78568459
v 1.09676409 2.98840618 9.78568459
v -1.38984573 2.98840618 9.78568459
v -1.11356211 2.98840618 9.78568459
v 1.23454452 1.43053472 10.4884405
v 0.958260596 1.43053472 10.4884405
v -1.25206566 1.43053472 10.4884405
v -0.975781679 1.43053472 10.4884405
v 1.09676409 3.33176374 11.6891012
v 1.3730619 3.33176374 11.6891012
v 1.09676409 4.25905275 11.3814631
v 0.820480227 3.9871347 11.4303083
v -1.11356211 4.25905275 11.3814631
v -0.837264359 3.9871347 11.4303083
v -1.11356211 3.33176374 11.6891012
v -1.38984573 3.33176374 11.6891012
v 0.958260596 1.62736082 11.5761061
v 0.958260596 1.14549434 11.2414989
v 1.23454452 1.14549434 11.2414989
v 1.23454452 1.62736082 11.5761061
v 0.958260596 1.0966512 10.9695816
v 1.23454452 1.0966512 10.9695816
v 1.23454452 1.14549434 11.2414989
v 0.958260596 1.14549434 11.2414989
v -1.25206566 1.14549434 11.2414989
v -0.975781679 1.14549434 11.2414989
v -0.975781679 1.62736082 11.5761061
v -1.25206566 1.62736082 11.5761061
v -1.25206566 1.14549434 11.2414989
v -1.25206566 1.0966512 10.9695816
v -0.975781679 1.0966512 10.9695816
v -0.975781679 1.14549434 11.2414989
v 1.09676409 2.98840618 9.78568459
v 1.09676409 3.33176374 11.6891012
v 0.820480227 3.9871347 11.4303083
v 0.820480227 3.69261861 9.79953289
v 0.958260596 1.43053472 10.4884405
v 0.958260596 1.62736082 11.5761061
v 0.958260596 1.14549434 11.2414989
v 0.958260596 1.0966512 10.9695816
v 1.23454452 1.43053472 10.4884405
v 1.3730619 2.98840618 9.78568459
v 1.3730619 3.33176374 11.6891012
v 1.23454452 1.62736082 11.5761061
v 1.23454452 1.14549434 11.2414989
v 1.23454452 1.0966512 10.9695816
v 1.09676409 4.25905275 11.3814631
v 1.09676409 3.96453643 9.74996281
v -1.38984573 3.33176374 11.6891012
v -1.38984573 2.98840618 9.78568459
v -1.25206566 1.43053472 10.4884405
v -1.25206566 1.62736082 11.5761061
v -0.975781679 1.43053472 10.4884405
v -1.11356211 2.98840618 9.78568459
v -1.11356211 3.33176374 11.6891012
v -0.975781679 1.62736082 11.5761061
v -1.25206566 1.14549434 11.2414989
v -1.25206566 1.0966512 10.9695816
v -0.975781679 1.14549434 11.2414989
v -0.975781679 1.0966512 10.9695816
v -1.11356211 4.25905275 11.3814631
v -1.11356211 3.96453643 9.74996281
v -0.837264359 3.9871347 11.4303083
v -0.837264359 3.69261861 9.79953289
v -0.837264359 3.69261861 9.79953289
v 0.820480227 3.69261861 9.79953289
v 0.820480227 3.9871347 11.4303083
v -0.837264359 3.9871347 11.4303083
v -1.11356211 4.25905275 11.3814631
v 1.09676409 4.25905275 11.3814631
v 1.09676409 3.96453643 9.74996281
v -1.11356211 3.96453643 9.74996281
v -0.42320016 3.70428252 10.6393404
v -0.42320016 2.36583924 9.05741119
v -0.837264359 2.27252746 9.31766987
v -0.837264359 3.43236518 10.6881876
v 0.405679077 3.70428252 10.6393404
v 0.405679077 2.36583924 9.05741119
v -0.42320016 2.36583924 9.05741119
v -0.42320016 3.70428252 10.6393404
v 0.820480227 3.43236518 10.6881876
v 0.820480227 2.27252746 9.31766987
v 0.405679077 2.36583924 9.05741119
v 0.405679077 3.70428252 10.6393404
v -0.42320016 0.326824605 9.42556286
v -0.837264359 0.50470233 9.63623714
v 0.405679077 0.326824605 9.42556286
v -0.42320016 0.326824605 9.42556286
v 0.820480227 0.50470233 9.63623714
v 0.405679077 0.326824605 9.42556286
v -0.42320016 -0.374473274 11.3756371
v -0.837264359 -0.102555491 11.3267899
v 0.405679077 -0.374473274 11.3756371
v -0.42320016 -0.374473274 11.3756371
v 0.820480227 -0.102555491 11.3267899
v 0.405679077 -0.374473274 11.3756371
v -0.42320016 0.963973641 12.9575682
v -0.837264359 1.05728388 12.6973095
v 0.405679077 -0.374473274 11.3756371
v 0.405679077 0.963973641 12.9575682
v -0.42320016 0.963973641 12.9575682
v -0.42320016 -0.374473274 11.3756371
v 0.820480227 1.05728388 12.6973095
v 0.405679077 0.963973641 12.9575682
v -0.42320016 3.00298524 12.5894232
v -0.837264359 2.82510877 12.3787413
v 0.405679077 3.00298524 12.5894232
v -0.42320016 3.00298524 12.5894232
v 0.820480227 2.82510877 12.3787413
v 0.405679077 3.00298524 12.5894232
v -0.837264359 3.43236518 10.6881876
v -0.837264359 2.27252746 9.31766987
v -0.837264359 1.66745806 11.0053015
v 0.820480227 3.43236518 10.6881876
v 0.820480227 1.66745806 11.0053015
v 0.820480227 2.27252746 9.31766987
v -0.837264359 0.50470233 9.63623714
v 0.820480227 0.50470233 9.63623714
v -0.837264359 -0.102555491 11.3267899
v 0.820480227 -0.102555491 11.3267899
v -0.837264359 1.05728388 12.6973095
v 0.820480227 1.05728388 12.6973095
v -0.837264359 2.82510877 12.3787413
v 0.820480227 2.82510877 12.3787413
v -0.0186049752 16.4508476 21.1201782
v -0.972138703 16.0338612 21.1296539
v -0.547131658 15.6256199 22.9915314
v -0.0178680345 15.8537979 22.9900742
v -0.972138703 16.0338612 21.1296539
v -1.38693988 15.0562696 21.1369476
v -0.773845553 15.0752249 23.0061111
v -0.547131658 15.6256199 22.9915314
v -0.972138703 14.0779533 21.1435127
v -0.547131658 14.5445118 23.0017395
v -0.972138703 14.0779533 21.1435127
v -0.0186049752 13.6616936 21.1529884
v -0.0178680345 14.3163338 23.0031891
v -0.547131658 14.5445118 23.0017395
v 0.530333579 14.5445118 23.0017395
v 0.956077576 14.0779533 21.1435127
v 0.757061481 15.0752249 23.0061111
v 0.530333579 14.5445118 23.0017395
v 0.956077576 14.0779533 21.1435127
v 1.37087882 15.0562696 21.1369476
v 0.530333579 15.6256199 22.9915314
v 0.956077576 16.0338612 21.1296539
v 0.530333579 15.6256199 22.9915314
v 0.956077576 16.0338612 21.1296539
v -0.0178680345 16.5186443 19.773716
v -0.944426954 16.081974 19.7780876
v -0.944426954 16.081974 19.7780876
v -1.32204723 15.0569992 19.7933998
v -0.944426954 14.0145292 19.7868423
v -0.944426954 14.0145292 19.7868423
v -0.0178680345 13.5778599 19.7904854
v 0.927642703 14.0145292 19.7868423
v 0.927642703 14.0145292 19.7868423
v 1.30526304 15.0569992 19.7933998
v 0.927642703 16.081974 19.7780876
v 0.927642703 16.081974 19.7780876
v -0.00839902181 15.0847006 23.9669342
v -0.00839902181 15.0847006 23.9669342
v -0.00839902181 15.0847006 23.9669342
v -0.00839902181 15.0847006 23.9669342
v 5.74778748 6.17486429 20.6470642
v 5.50212145 5.98896933 20.4531441
v 4.85913181 6.89876032 20.2111168
v 5.21853828 7.37188292 20.913147
v 4.68928766 6.77847576 20.1250992
v 5.40734768 5.93210649 20.4575233
v 4.67032242 6.83096361 20.3109894
v 4.68928766 6.77847576 20.1250992
v 5.40734768 5.93210649 20.4575233
v 5.40734768 5.95689297 20.531147
v 5.04867935 7.30335617 21.0130157
v 5.63406181 6.16174221 20.7236061
v 5.19958544 7.42364073 21.0983047
v 5.72883558 6.22006321 20.7381859
v 5.72883558 6.22006321 20.7381859
v 5.19958544 7.42364073 21.0983047
v 3.53600121 8.96839142 20.2373619
v 4.08421612 9.37152863 21.0210381
v 3.32823944 8.82915401 20.1535263
v 3.32823944 8.84810734 20.398468
v 3.32823944 8.82915401 20.1535263
v 3.87644053 9.27165604 21.1996422
v 4.10316849 9.41089439 21.283474
v 4.10316849 9.41089439 21.283474
v 0.37870422 14.0976372 20.5923805
v 0.813917279 14.3221664 20.8023338
v 0.283930659 13.9875584 20.6390419
v 0.359752297 13.9963036 20.752037
v 0.283930659 13.9875584 20.6390419
v 0.794965386 14.23979 20.9605255
v 0.889001966 14.3316441 20.915329
v 0.889001966 14.3316441 20.915329
v 5.63406181 6.16174221 20.7236061
v 5.40734768 5.95689297 20.531147
v 5.50212145 5.98896933 20.4531441
v 5.74778748 6.17486429 20.6470642
v 5.72883558 6.22006321 20.7381859
v 5.40734768 5.93210649 20.4575233
v -5.76457119 23.9945393 20.6470642
v -5.51890469 24.1804352 20.4531441
v -4.87665367 23.2706432 20.2111168
v -5.23532152 22.7982483 20.913147
v -4.70607185 23.3909264 20.1250992
v -5.42486906 24.2372952 20.4575233
v -4.68711996 23.3384418 20.3109894
v -4.70607185 23.3909264 20.1250992
v -5.42486906 24.2372952 20.4575233
v -5.42486906 24.2125111 20.531147
v -5.06546307 22.8660507 21.0130157
v -5.65158319 24.0076618 20.7236061
v -5.21636963 22.7457581 21.0983047
v -5.74635601 23.9493408 20.7381859
v -5.74635601 23.9493408 20.7381859
v -5.21636963 22.7457581 21.0983047
v -3.5527854 21.2010117 20.2373619
v -4.10100079 20.7986031 21.0210381
v -3.34502316 21.3409767 20.1535263
v -3.34502316 21.3212948 20.398468
v -3.34502316 21.3409767 20.1535263
v -3.89323854 20.8977489 21.1996422
v -4.1199522 20.7585087 21.283474
v -4.1199522 20.7585087 21.283474
v -0.396225303 16.0724945 20.5923805
v -0.83070147 15.8472347 20.8023338
v -0.301451743 16.1825733 20.6390419
v -0.377273381 16.1730976 20.752037
v -0.301451743 16.1825733 20.6390419
v -0.811749458 15.9296112 20.9605255
v -0.906522989 15.8384876 20.915329
v -0.906522989 15.8384876 20.915329
v -5.65158319 24.0076618 20.7236061
v -5.42486906 24.2125111 20.531147
v -5.51890469 24.1804352 20.4531441
v -5.76457119 23.9945393 20.6470642
v -5.74635601 23.9493408 20.7381859
v -5.42486906 24.2372952 20.4575233
v -0.944426954 16.081974 19.7780876
v -0.0178680345 16.5186443 19.773716
v -0.0105820391 15.0504398 19.7853813
v -1.32204723 15.0569992 19.7933998
v -0.944426954 14.0145292 19.7868423
v -0.0178680345 13.5778599 19.7904854
v 0.927642703 14.0145292 19.7868423
v 1.30526304 15.0569992 19.7933998
v 0.927642703 16.081974 19.7780876
v 0.820480227 17.9584198 -35.1710052
v 0.681962907 20.646244 -53.2319717
v -0.00839902181 20.9597149 -52.1370049
v -0.00839902181 18.0692272 -31.8569832
v 0.681962907 22.4935265 -55.7834778
v 0.405679077 33.0785904 -65.5455093
v -0.00839902181 33.0975342 -64.9929276
v -0.00839902181 22.5175877 -55.0931091
v 0.129381374 32.5187149 -73.8196793
v -0.00839902181 32.7906265 -73.9669418
v -0.00839902181 33.2520866 -65.7197342
v 0.958260596 17.313982 -54.3181725
v 0.267898709 21.9970798 -70.2796555
v 0.267898709 16.8160782 -68.9485016
v 0.267898709 19.8100796 -69.5557556
v -0.837264359 17.9584198 -35.1710052
v -0.00839902181 18.0692272 -31.8569832
v -0.00839902181 20.9597149 -52.1370049
v -0.699483871 20.646244 -53.2319717
v -0.699483871 22.4935265 -55.7834778
v -0.00839902181 22.5175877 -55.0931091
v -0.00839902181 33.0975342 -64.9929276
v -0.42320016 33.0785904 -65.5455093
v -0.146902457 32.5187149 -73.8196793
v -0.00839902181 33.2520866 -65.7197342
v -0.00839902181 32.7906265 -73.9669418
v -0.975781679 17.313982 -54.3181725
v -0.28468284 21.9970798 -70.2796555
v -0.28468284 16.8160782 -68.9485016
v -0.28468284 19.8100796 -69.5557556
v 0.820480227 17.9584198 -35.1710052
v -0.837264359 17.9584198 -35.1710052
v -0.975781679 17.313982 -54.3181725
v 0.958260596 17.313982 -54.3181725
v -0.00839902181 18.0692272 -31.8569832
v -0.28468284 16.8160782 -68.9485016
v 0.267898709 16.8160782 -68.9485016
v 0.267898709 16.8160782 -68.9485016
v -0.28468284 16.8160782 -68.9485016
v -0.28468284 19.8100796 -69.5557556
v 0.267898709 19.8100796 -69.5557556
v 0.267898709 21.9970798 -70.2796555
v -0.28468284 21.9970798 -70.2796555
v -0.146902457 32.5187149 -73.8196793
v 0.129381374 32.5187149 -73.8196793
v -0.00839902181 32.7906265 -73.9669418
vt 0.737800002 0.162299991 0
vt 0.738600016 0.154799998 0
vt 0.997200012 0.189400017 0
vt 0.996299982 0.193599999 0
vt 0.995199978 0.20569998 0
vt 0.995899975 0.211099982 0
vt 0.738799989 0.210900009 0
vt 0.737800002 0.189800024 0
vt 0.740700006 0.228100002 0
vt 0.996699989 0.218100011 0
vt 0.244200006 0.0684999824 0
vt 0.362399995 0.0906000137 0
vt 0.360700011 0.107200027 0
vt 0.242699996 0.0886999965 0
vt 0.239700004 0.157199979 0
vt 0.174500003 0.149399996 0
vt 0.183300003 0.0799999833 0
vt 0.185100004 0.0598999858 0
vt 0.0822999999 0.068599999 0
vt 0.0839999989 0.0503000021 0
vt 0.072300002 0.127699971 0
vt 0.0397999994 0.0734000206 0
vt 0.0419000015 0.0536999702 0
vt 0.441000015 0.12440002 0
vt 0.442499995 0.108799994 0
vt 0.563300014 0.127200007 0
vt 0.561200023 0.14200002 0
vt 0.354099989 0.181100011 0
vt 0.197099999 0.168099999 0
vt 0.239700004 0.170799971 0
vt 0.0693000033 0.141700029 0
vt 0.169699997 0.171900034 0
vt 0.137099996 0.197899997 0
vt 0.058600001 0.171800017 0
vt 0.0260000005 0.117399991 0
vt 0.0115999999 0.154200017 0
vt 0.0233999994 0.127799988 0
vt 0.5625 0.213800013 0
vt 0.503400028 0.22179997 0
vt 0.469300002 0.202300012 0
vt 0.560299993 0.184899986 0
vt 0.432700008 0.193899989 0
vt 0.439200014 0.154799998 0
vt 0.463099986 0.204200029 0
vt 0.881200016 0.826399982 0
vt 0.835900009 0.849900007 0
vt 0.836399972 0.782199979 0
vt 0.881399989 0.782199979 0
vt 0.567099988 0.24119997 0
vt 0.523199975 0.248399973 0
vt 0.738099992 0.982599974 0
vt 0.717999995 0.975700021 0
vt 0.734700024 0.934700012 0
vt 0.765600026 0.956499994 0
vt 0.709999979 0.975300014 0
vt 0.675999999 0.975499988 0
vt 0.671199977 0.917800009 0
vt 0.710600019 0.924700022 0
vt 0.482199997 0.2324 0
vt 0.461600006 0.223500013 0
vt 0.43599999 0.241600037 0
vt 0.443199992 0.238000035 0
vt 0.465799987 0.241899967 0
vt 0.439399987 0.227999985 0
vt 0.455799997 0.217700005 0
vt 0.367000014 0.184899986 0
vt 0.423700005 0.231099963 0
vt 0.502900004 0.257600009 0
vt 0.346899986 0.189499974 0
vt 0.362800002 0.229200006 0
vt 0.344300002 0.221099973 0
vt 0.341800004 0.183200002 0
vt 0.249300003 0.176499963 0
vt 0.246000007 0.17900002 0
vt 0.751900017 0.0521000028 0
vt 0.754800022 0.0508000255 0
vt 0.761500001 0.0875999928 0
vt 0.754700005 0.0824000239 0
vt 0.844299972 0.0507000089 0
vt 0.845799983 0.0879999995 0
vt 0.8495 0.0548999906 0
vt 0.849699974 0.084800005 0
vt 0.679799974 0.814199984 0
vt 0.654399991 0.814499974 0
vt 0.678900003 0.782500029 0
vt 0.646899998 0.780900002 0
vt 0.637899995 0.815800011 0
vt 0.639699996 0.781499982 0
vt 0.6426 0.774600029 0
vt 0.484100014 0.26730001 0
vt 0.87379998 0.032400012 0
vt 0.862399995 0.00379997492 0
vt 0.887899995 0.0207999945 0
vt 0.89139998 0.00970000029 0
vt 0.860099971 0.037899971 0
vt 0.800199986 0.0433999896 0
vt 0.799199998 0.0041000247 0
vt 0.454699993 0.281599998 0
vt 0.661000013 0.0257999897 0
vt 0.647499979 0.013100028 0
vt 0.673900008 0.0128999949 0
vt 0.668500006 0.0371999741 0
vt 0.6602 0.00290000439 0
vt 0.691500008 0.0663999915 0
vt 0.67869997 0.0649999976 0
vt 0.678900003 0.0565999746 0
vt 0.693599999 0.0526999831 0
vt 0.671599984 0.0881999731 0
vt 0.663399994 0.0795999765 0
vt 0.659200013 0.0727999806 0
vt 0.648999989 0.0465999842 0
vt 0.234200001 0.218400002 0
vt 0.2465 0.211700022 0
vt 0.228599995 0.211799979 0
vt 0.927699983 0.0382999778 0
vt 0.931100011 0.0124999881 0
vt 0.950600028 0.0339000225 0
vt 0.947000027 0.0407000184 0
vt 0.959900022 0.0351999998 0
vt 0.957899988 0.043299973 0
vt 0.94569999 0.0508999825 0
vt 0.926400006 0.0479000211 0
vt 0.917400002 0.0365999937 0
vt 0.921000004 0.011500001 0
vt 0.949800014 0.013199985 0
vt 0.930899978 0.00309997797 0
vt 0.949800014 0.00330001116 0
vt 0.960699975 0.0134000182 0
vt 0.489300013 0.511900008 0
vt 0.489800006 0.535099983 0
vt 0.229300007 0.535899997 0
vt 0.2324 0.512300014 0
vt 0.855400026 0.488099992 0
vt 0.855499983 0.510500014 0
vt 0.0299999993 0.266099989 0
vt 0.0518000014 0.267199993 0
vt 0.0288999993 0.632499993 0
vt 0.0055999998 0.632399976 0
vt 0.0291000009 0.892099977 0
vt 0.00350000011 0.893000007 0
vt 0.489300013 0.355199993 0
vt 0.855099976 0.394400001 0
vt 0.145300001 0.26699996 0
vt 0.185499996 0.632499993 0
vt 0.145400003 0.240100026 0
vt 0.145400003 0.235899985 0
vt 0.178100005 0.24150002 0
vt 0.873700023 0.394600034 0
vt 0.87379998 0.3574 0
vt 0.880900025 0.361500025 0
vt 0.880699992 0.394400001 0
vt 0.181700006 0.248899996 0
vt 0.145400003 0.248099983 0
vt 0.1831 0.267400026 0
vt 0.854900002 0.357200027 0
vt 0.0670000017 0.234600008 0
vt 0.0870999992 0.23150003 0
vt 0.0863000005 0.24059999 0
vt 0.881200016 0.454400003 0
vt 0.87349999 0.473699987 0
vt 0.880500019 0.476400018 0
vt 0.873199999 0.495599985 0
vt 0.0662999973 0.24849999 0
vt 0.0447000004 0.246500015 0
vt 0.0631999969 0.238200009 0
vt 0.232199997 0.355199993 0
vt 0.185399994 0.892700016 0
vt 0.489499986 0.311300039 0
vt 0.230399996 0.631699979 0
vt 0.229699999 0.31099999 0
vt 0.231800005 0.893000007 0
vt 0.338999987 0.224600017 0
vt 0.254200011 0.217999995 0
vt 0.652499974 0.757399976 0
vt 0.656700015 0.75940001 0
vt 0.389299989 0.236000001 0
vt 0.889299989 0.112999976 0
vt 0.891700029 0.0997999907 0
vt 0.916299999 0.100700021 0
vt 0.917100012 0.11589998 0
vt 0.241500005 0.655200005 0
vt 0.265100002 0.654600024 0
vt 0.267500013 0.692600012 0
vt 0.240799993 0.692900002 0
vt 0.978399992 0.376299977 0
vt 0.972800016 0.34009999 0
vt 0.987100005 0.363600016 0
vt 0.98210001 0.378399968 0
vt 0.855599999 0.521000028 0
vt 0.858799994 0.524200022 0
vt 0.846099973 0.529699981 0
vt 0.820500016 0.521000028 0
vt 0.91109997 0.0616999865 0
vt 0.898000002 0.0611000061 0
vt 0.893000007 0.512399971 0
vt 0.924899995 0.489600003 0
vt 0.926599979 0.490800023 0
vt 0.895699978 0.514199972 0
vt 0.899500012 0.0225999951 0
vt 0.909600019 0.0220999718 0
vt 0.259900004 0.6171 0
vt 0.244499996 0.617600024 0
vt 0.246600002 0.577499986 0
vt 0.258100003 0.577499986 0
vt 0.977699995 0.416499972 0
vt 0.958700001 0.451200008 0
vt 0.957000017 0.450199962 0
vt 0.975600004 0.414499998 0
vt 0.943099976 0.46239996 0
vt 0.934599996 0.473199964 0
vt 0.933200002 0.472200036 0
vt 0.942099988 0.460999966 0
vt 0.910899997 0.00360000134 0
vt 0.897800028 0.00370001793 0
vt 0.246399999 0.560000002 0
vt 0.258300006 0.560899973 0
vt 0.314099997 0.607200027 0
vt 0.320199996 0.610700011 0
vt 0.293799996 0.625899971 0
vt 0.293799996 0.618900001 0
vt 0.120399997 0.899100006 0
vt 0.120399997 0.916000009 0
vt 0.0907000005 0.915899992 0
vt 0.0907000005 0.898999989 0
vt 0.611999989 0.305700004 0
vt 0.618099988 0.30219996 0
vt 0.638400018 0.313899994 0
vt 0.638400018 0.32099998 0
vt 0.314099997 0.583800018 0
vt 0.320199996 0.580200016 0
vt 0.150199994 0.899100006 0
vt 0.150199994 0.915899992 0
vt 0.611999989 0.275300026 0
vt 0.618099988 0.278800011 0
vt 0.293799996 0.572099984 0
vt 0.29370001 0.566299975 0
vt 0.1796 0.898999989 0
vt 0.1796 0.915899992 0
vt 0.638499975 0.261399984 0
vt 0.638400018 0.267099977 0
vt 0.273600012 0.583800018 0
vt 0.267500013 0.580200016 0
vt 0.0311999992 0.898999989 0
vt 0.0311999992 0.915899992 0
vt 0.00200000009 0.915899992 0
vt 0.00200000009 0.898999989 0
vt 0.664699972 0.275300026 0
vt 0.658599973 0.278800011 0
vt 0.273499995 0.607200027 0
vt 0.267399997 0.610700011 0
vt 0.0610000007 0.898999989 0
vt 0.0610000007 0.915899992 0
vt 0.664799988 0.305700004 0
vt 0.658699989 0.30219996 0
vt 0.293799996 0.595499992 0
vt 0.638400018 0.290499985 0
vt 0.435499996 0.962800026 0
vt 0.423299998 0.872799993 0
vt 0.623000026 0.872500002 0
vt 0.623000026 0.936999977 0
vt 0.622300029 0.945599973 0
vt 0.43720001 0.975899994 0
vt 0.80250001 0.740999997 0
vt 0.711099982 0.728799999 0
vt 0.738799989 0.541299999 0
vt 0.802999973 0.541499972 0
vt 0.698300004 0.727400005 0
vt 0.729499996 0.541100025 0
vt 0.743200004 0.525900006 0
vt 0.803600013 0.522199988 0
vt 0.80309999 0.529600024 0
vt 0.744199991 0.531700015 0
vt 0.632300019 0.932699978 0
vt 0.634299994 0.872799993 0
vt 0.73360002 0.532899976 0
vt 0.629999995 0.942499995 0
vt 0.83099997 0.532700002 0
vt 0.834299982 0.541100025 0
vt 0.630500019 0.846000016 0
vt 0.622200012 0.841600001 0
vt 0.443300009 0.809599996 0
vt 0.86650002 0.721499979 0
vt 0.340999991 0.631299973 0
vt 0.340799987 0.64230001 0
vt 0.281199992 0.635299981 0
vt 0.432599992 0.631500006 0
vt 0.432799995 0.639400005 0
vt 0.443300009 0.634299994 0
vt 0.969299972 0.883700013 0
vt 0.673799992 0.883599997 0
vt 0.679499984 0.879800022 0
vt 0.97420001 0.879400015 0
vt 0.962800026 0.888100028 0
vt 0.669099987 0.888899982 0
vt 0.971499979 0.904399991 0
vt 0.677699983 0.905600011 0
vt 0.673099995 0.904299974 0
vt 0.967100024 0.9023 0
vt 0.972000003 0.865999997 0
vt 0.67839998 0.864899993 0
vt 0.659200013 0.909699976 0
vt 0.662800014 0.906000018 0
vt 0.665600002 0.889699996 0
vt 0.65259999 0.87529999 0
vt 0.657500029 0.859700024 0
vt 0.658399999 0.88319999 0
vt 0.97299999 0.889599979 0
vt 0.98119998 0.895200014 0
vt 0.978999972 0.889299989 0
vt 0.640200019 0.868499994 0
vt 0.6523 0.856400013 0
vt 0.643599987 0.876800001 0
vt 0.333700001 0.715399981 0
vt 0.334399998 0.720600009 0
vt 0.338099986 0.726899981 0
vt 0.336699992 0.700399995 0
vt 0.334399998 0.703599989 0
vt 0.94690001 0.0830000043 0
vt 0.960399985 0.0830000043 0
vt 0.960399985 0.0888999701 0
vt 0.947000027 0.0888999701 0
vt 0.0662999973 0.987600029 0
vt 0.0671000034 0.989600003 0
vt 0.061900001 0.989600003 0
vt 0.0627999976 0.987600029 0
vt 0.370299995 0.661599994 0
vt 0.387600005 0.661599994 0
vt 0.387600005 0.665199995 0
vt 0.370299995 0.665199995 0
vt 0.44690001 0.6074 0
vt 0.44749999 0.606000006 0
vt 0.451000005 0.606000006 0
vt 0.451599985 0.6074 0
vt 0.745500028 0.308899999 0
vt 0.745500028 0.312000036 0
vt 0.740800023 0.312000036 0
vt 0.740800023 0.308899999 0
vt 0.947000027 0.0771999955 0
vt 0.960399985 0.0770999789 0
vt 0.0582000017 0.985899985 0
vt 0.0603 0.985099971 0
vt 0.387600005 0.66869998 0
vt 0.370299995 0.66869998 0
vt 0.453500003 0.603500009 0
vt 0.454899997 0.604099989 0
vt 0.736100018 0.312000036 0
vt 0.736100018 0.308899999 0
vt 0.94690001 0.0712000132 0
vt 0.960399985 0.0712000132 0
vt 0.0582000017 0.980700016 0
vt 0.0603 0.981599987 0
vt 0.387600005 0.672200024 0
vt 0.370299995 0.672200024 0
vt 0.453500003 0.600000024 0
vt 0.454899997 0.599399984 0
vt 0.731400013 0.312000036 0
vt 0.731400013 0.308899999 0
vt 0.94660002 0.0652999878 0
vt 0.960399985 0.0654000044 0
vt 0.061900001 0.977100015 0
vt 0.0627999976 0.979099989 0
vt 0.387600005 0.675700009 0
vt 0.370299995 0.675700009 0
vt 0.451000005 0.597500026 0
vt 0.451599985 0.596000016 0
vt 0.726700008 0.312000036 0
vt 0.726700008 0.308899999 0
vt 0.946799994 0.10650003 0
vt 0.960399985 0.10650003 0
vt 0.960399985 0.112399995 0
vt 0.946500003 0.112399995 0
vt 0.0671000034 0.977100015 0
vt 0.0662999973 0.979099989 0
vt 0.370299995 0.647499979 0
vt 0.387600005 0.647499979 0
vt 0.387600005 0.65109998 0
vt 0.370299995 0.65109998 0
vt 0.44749999 0.597500026 0
vt 0.44690001 0.596000016 0
vt 0.764400005 0.309100032 0
vt 0.764299989 0.312099993 0
vt 0.759599984 0.312099993 0
vt 0.7597 0.309000015 0
vt 0.94690001 0.100499988 0
vt 0.960399985 0.100600004 0
vt 0.0707999989 0.980700016 0
vt 0.0688000023 0.981599987 0
vt 0.387600005 0.654600024 0
vt 0.370299995 0.654600024 0
vt 0.444999993 0.600000024 0
vt 0.443599999 0.599399984 0
vt 0.754899979 0.312000036 0
vt 0.754999995 0.309000015 0
vt 0.94690001 0.0946999788 0
vt 0.960399985 0.0947999954 0
vt 0.0707999989 0.985899985 0
vt 0.0688000023 0.985099971 0
vt 0.387600005 0.658100009 0
vt 0.370299995 0.658100009 0
vt 0.444999993 0.603500009 0
vt 0.443599999 0.604099989 0
vt 0.750199974 0.312000036 0
vt 0.750199974 0.308899999 0
vt 0.398200005 0.657199979 0
vt 0.394300014 0.655600011 0
vt 0.398200005 0.65170002 0
vt 0.392699987 0.65170002 0
vt 0.394300014 0.647800028 0
vt 0.398200005 0.646200001 0
vt 0.402099997 0.647800028 0
vt 0.403800011 0.65170002 0
vt 0.402099997 0.655600011 0
vt 0.111400001 0.931900024 0
vt 0.113300003 0.936500013 0
vt 0.106700003 0.936399996 0
vt 0.106700003 0.929799974 0
vt 0.1021 0.931800008 0
vt 0.100100003 0.936399996 0
vt 0.1021 0.941100001 0
vt 0.106700003 0.943000019 0
vt 0.111299999 0.941100001 0
vt 0.280299991 0.727699995 0
vt 0.277700007 0.729700029 0
vt 0.277500004 0.70660001 0
vt 0.280600011 0.708000004 0
vt 0.287999988 0.703800023 0
vt 0.288100004 0.706099987 0
vt 0.288199991 0.732900023 0
vt 0.288100004 0.73089999 0
vt 0.307099998 0.70450002 0
vt 0.307399988 0.705900013 0
vt 0.307000011 0.73210001 0
vt 0.307300001 0.730700016 0
vt 0.113399997 0.923500001 0
vt 0.112899996 0.921800017 0
vt 0.122699998 0.924899995 0
vt 0.120499998 0.925700009 0
vt 0.123400003 0.947000027 0
vt 0.120800003 0.94599998 0
vt 0.113200001 0.948899984 0
vt 0.1131 0.950399995 0
vt 0.0935000032 0.923399985 0
vt 0.0878000036 0.923699975 0
vt 0.0872000009 0.921599984 0
vt 0.0936999992 0.921800017 0
vt 0.313199997 0.706399977 0
vt 0.312900007 0.70450002 0
vt 0.316000015 0.704400003 0
vt 0.316399992 0.706700027 0
vt 0.0874999985 0.950500011 0
vt 0.0873999968 0.948599994 0
vt 0.0936999992 0.948199987 0
vt 0.0935000032 0.950200021 0
vt 0.316100001 0.73210001 0
vt 0.3134 0.731999993 0
vt 0.3134 0.730499983 0
vt 0.316199988 0.730599999 0
vt 0.768999994 0.271399975 0
vt 0.768999994 0.289799988 0
vt 0.760699987 0.288300037 0
vt 0.760100007 0.272000015 0
vt 0.785700023 0.275099993 0
vt 0.786899984 0.28579998 0
vt 0.790899992 0.281599998 0
vt 0.791100025 0.279100001 0
vt 0.277399987 0.65259999 0
vt 0.295399994 0.648800015 0
vt 0.295300007 0.667699993 0
vt 0.277399987 0.663999975 0
vt 0.273000002 0.659699976 0
vt 0.273000002 0.656899989 0
vt 0.305999994 0.666499972 0
vt 0.305999994 0.649699986 0
vt 0.340499997 0.667299986 0
vt 0.340499997 0.648299992 0
vt 0.3583 0.65259999 0
vt 0.3583 0.663999975 0
vt 0.716700017 0.274500012 0
vt 0.734399974 0.271000028 0
vt 0.734200001 0.288699985 0
vt 0.716099977 0.2852 0
vt 0.362699986 0.659699976 0
vt 0.362699986 0.656899989 0
vt 0.711499989 0.281599998 0
vt 0.711499989 0.278499961 0
vt 0.329699993 0.666800022 0
vt 0.329699993 0.649699986 0
vt 0.741900027 0.288300037 0
vt 0.741900027 0.272199988 0
vt 0.346399993 0.62470001 0
vt 0.328700006 0.606999993 0
vt 0.333900005 0.605599999 0
vt 0.347799987 0.619499981 0
vt 0.756699979 0.29519999 0
vt 0.780600011 0.295300007 0
vt 0.780499995 0.304499984 0
vt 0.756699979 0.304399967 0
vt 0.861899972 0.131200016 0
vt 0.866999984 0.112200022 0
vt 0.872200012 0.110800028 0
vt 0.865700006 0.13499999 0
vt 0.335200012 0.582700014 0
vt 0.338999987 0.586499989 0
vt 0.804400027 0.295300007 0
vt 0.804400027 0.3046 0
vt 0.853100002 0.0982999802 0
vt 0.854499996 0.0931000113 0
vt 0.359400004 0.576200008 0
vt 0.35800001 0.581399977 0
vt 0.828299999 0.295400023 0
vt 0.828299999 0.3046 0
vt 0.834100008 0.103399992 0
vt 0.830299973 0.0996000171 0
vt 0.377200007 0.593999982 0
vt 0.372000009 0.595399976 0
vt 0.685100019 0.295099974 0
vt 0.708999991 0.295099974 0
vt 0.708999991 0.30430001 0
vt 0.685199976 0.30430001 0
vt 0.828999996 0.122399986 0
vt 0.823800027 0.12379998 0
vt 0.370700002 0.618200004 0
vt 0.366899997 0.614400029 0
vt 0.732900023 0.295099974 0
vt 0.732800007 0.30430001 0
vt 0.842899978 0.136299968 0
vt 0.841499984 0.141499996 0
vt 0.352899998 0.600499988 0
vt 0.84799999 0.117299974 0
vt 0.910300016 0.736800015 0
vt 0.898800015 0.735899985 0
vt 0.904100001 0.71420002 0
vt 0.910300016 0.715499997 0
vt 0.912599981 0.691900015 0
vt 0.924099982 0.690800011 0
vt 0.925199986 0.712000012 0
vt 0.91869998 0.713500023 0
vt 0.935800016 0.690699995 0
vt 0.931500018 0.712899983 0
vt 0.877600014 0.717700005 0
vt 0.889100015 0.717000008 0
vt 0.889100015 0.738300025 0
vt 0.882799983 0.739600003 0
vt 0.895500004 0.739600003 0
vt 0.900699973 0.717700005 0
vt 0.939700007 0.71450001 0
vt 0.94599998 0.71359998 0
vt 0.950299978 0.735800028 0
vt 0.93870002 0.735700011 0
vt 0.933200002 0.713 0
vt 0.927100003 0.734600008 0
vt 0.916700006 0.71420002 0
vt 0.921999991 0.735899985 0
vt 0.910300016 0.751600027 0
vt 0.898800015 0.751100004 0
vt 0.911000013 0.676699996 0
vt 0.923300028 0.676100016 0
vt 0.935800016 0.675400019 0
vt 0.877600014 0.702400029 0
vt 0.889100015 0.702000022 0
vt 0.90079999 0.702400029 0
vt 0.950299978 0.751100004 0
vt 0.93779999 0.750400007 0
vt 0.925499976 0.749800026 0
vt 0.921999991 0.751100004 0
vt 0.910399973 0.701799989 0
vt 0.925800025 0.725499988 0
vt 0.889199972 0.751800001 0
vt 0.940299988 0.700999975 0
vt 0.925000012 0.545300007 0
vt 0.92900002 0.5449 0
vt 0.931699991 0.557200015 0
vt 0.921899974 0.559800029 0
vt 0.934199989 0.556900024 0
vt 0.930100024 0.544700027 0
vt 0.940900028 0.559099972 0
vt 0.938899994 0.558300018 0
vt 0.943899989 0.546400011 0
vt 0.944700003 0.546700001 0
vt 0.950800002 0.561999977 0
vt 0.948599994 0.547599971 0
vt 0.953100026 0.562300026 0
vt 0.949800014 0.547500014 0
vt 0.924000025 0.545799971 0
vt 0.919799984 0.560400009 0
vt 0.932500005 0.584500015 0
vt 0.92110002 0.585399985 0
vt 0.935400009 0.584299982 0
vt 0.939400017 0.586000025 0
vt 0.936699986 0.585600019 0
vt 0.950999975 0.587499976 0
vt 0.954100013 0.587700009 0
vt 0.918200016 0.585699975 0
vt 0.931800008 0.651600003 0
vt 0.925899982 0.651300013 0
vt 0.933399975 0.65109998 0
vt 0.939599991 0.652199984 0
vt 0.93809998 0.652499974 0
vt 0.945599973 0.652400017 0
vt 0.947000027 0.652800024 0
vt 0.924399972 0.650900006 0
vt 0.945299983 0.54549998 0
vt 0.949299991 0.546199977 0
vt 0.949800014 0.547299981 0
vt 0.944199979 0.546000004 0
vt 0.912999988 0.672100008 0
vt 0.909099996 0.672500014 0
vt 0.906300008 0.6602 0
vt 0.916100025 0.657599986 0
vt 0.903800011 0.66049999 0
vt 0.907899976 0.672699988 0
vt 0.894200027 0.650900006 0
vt 0.896200001 0.651600003 0
vt 0.891300023 0.663500011 0
vt 0.890500009 0.663200021 0
vt 0.88440001 0.648000002 0
vt 0.886600018 0.662400007 0
vt 0.882099986 0.647599995 0
vt 0.885299981 0.662500024 0
vt 0.913999975 0.671500027 0
vt 0.918200016 0.656899989 0
vt 0.905499995 0.6329 0
vt 0.916899979 0.632000029 0
vt 0.90259999 0.633099973 0
vt 0.895699978 0.623899996 0
vt 0.898400009 0.624300003 0
vt 0.88410002 0.622399986 0
vt 0.881099999 0.622300029 0
vt 0.9199 0.631699979 0
vt 0.906199992 0.565800011 0
vt 0.912100017 0.566100001 0
vt 0.904600024 0.566299975 0
vt 0.895500004 0.557699978 0
vt 0.897000015 0.557399988 0
vt 0.889500022 0.557600021 0
vt 0.888100028 0.557099998 0
vt 0.913600028 0.566399992 0
vt 0.889800012 0.664499998 0
vt 0.885800004 0.663800001 0
vt 0.885399997 0.662699997 0
vt 0.890900016 0.663999975 0
vt 0.904500008 0.151800036 0
vt 0.893599987 0.148499966 0
vt 0.904500008 0.136299968 0
vt 0.915300012 0.146200001 0
vt 0.920000017 0.134800017 0
vt 0.915600002 0.124199986 0
vt 0.904500008 0.120800018 0
vt 0.893599987 0.126600027 0
vt 0.889100015 0.137799978 0
vt 0.268700004 0.544700027 0
vt 0.464599997 0.583299994 0
vt 0.455300003 0.588 0
vt 0.235599995 0.546999991 0
vt 0.492599994 0.605000019 0
vt 0.597100019 0.726499975 0
vt 0.590900004 0.727599978 0
vt 0.486900002 0.609200001 0
vt 0.688799977 0.72240001 0
vt 0.690500021 0.725499988 0
vt 0.5977 0.730400026 0
vt 0.477899998 0.549300015 0
vt 0.654299974 0.604900002 0
vt 0.640299976 0.547900021 0
vt 0.647199988 0.5801 0
vt 0.657100022 0.739799976 0
vt 0.687900007 0.743399978 0
vt 0.470499992 0.783800006 0
vt 0.458000004 0.779200017 0
vt 0.430000007 0.800899982 0
vt 0.437999994 0.803600013 0
vt 0.332300007 0.922699988 0
vt 0.325399995 0.922399998 0
vt 0.234699994 0.91900003 0
vt 0.324699998 0.925599992 0
vt 0.232899994 0.922200024 0
vt 0.444200009 0.742600024 0
vt 0.269300014 0.800400019 0
vt 0.282400012 0.744099975 0
vt 0.276600003 0.77579999 0
vt 0.995700002 0.764400005 0
vt 0.979399979 0.764699996 0
vt 0.979600012 0.550800025 0
vt 0.99879998 0.550999999 0
vt 0.987399995 0.797200024 0
vt 0.987500012 0.389800012 0
vt 0.992900014 0.389800012 0
vt 0.646300018 0.548600018 0
vt 0.652400017 0.578999996 0
vt 0.658900023 0.604300022 0
vt 0.691799998 0.721499979 0
vt 0.691299975 0.725199997 0
vn 0.912544191 -0.389254689 -0.125474244
vn 0.406594634 -0.903970599 -0.132355556
vn 0.593334377 -0.793746412 -0.133868635
vn 0.912544191 -0.389254689 -0.125474244
vn 0.593334377 -0.793746412 -0.133868635
vn 0.961196184 -0.255209684 -0.104736954
vn 0.994979441 0.0535357147 -0.0845566466
vn 0.861677766 0.502707422 -0.0692579895
vn 0.903511167 0.418757707 -0.0911559165
vn 0.994979441 0.0535357147 -0.0845566466
vn 0.903511167 0.418757707 -0.0911559165
vn 0.99442941 0.0131613147 -0.104579456
vn 0.436228931 0.897977412 -0.0578003339
vn 0.903511167 0.418757707 -0.0911559165
vn 0.861677766 0.502707422 -0.0692579895
vn 0.436228931 0.897977412 -0.0578003339
vn 0.861677766 0.502707422 -0.0692579895
vn 0.326233774 0.944325805 -0.0426665992
vn -0.391066343 -0.920229912 -0.0156210549
vn -0.52541095 -0.84836179 -0.065004997
vn 0.376138806 -0.923775673 -0.0718209594
vn -0.391066343 -0.920229912 -0.0156210549
vn 0.376138806 -0.923775673 -0.0718209594
vn 0.546067655 -0.83768332 -0.00982746016
vn 0.376138806 -0.923775673 -0.0718209594
vn 0.898640871 -0.436825782 -0.0403467901
vn 0.953797817 -0.300448984 0.000380280864
vn 0.376138806 -0.923775673 -0.0718209594
vn 0.953797817 -0.300448984 0.000380280864
vn 0.546067655 -0.83768332 -0.00982746016
vn 0.953797817 -0.300448984 0.000380280864
vn 0.999521613 -0.0228209626 0.0208742376
vn 0.991537213 0.0949572697 0.0885270387
vn 0.953797817 -0.300448984 0.000380280864
vn 0.991537213 0.0949572697 0.0885270387
vn 0.922219753 -0.381443918 0.0633347407
vn 0.922219753 -0.381443918 0.0633347407
vn 0.377591074 -0.922219634 0.0832829177
vn 0.546067655 -0.83768332 -0.00982746016
vn 0.922219753 -0.381443918 0.0633347407
vn 0.546067655 -0.83768332 -0.00982746016
vn 0.953797817 -0.300448984 0.000380280864
vn 0.377591074 -0.922219634 0.0832829177
vn 0.922219753 -0.381443918 0.0633347407
vn 0.891800284 -0.381158113 0.243743271
vn 0.377591074 -0.922219634 0.0832829177
vn 0.891800284 -0.381158113 0.243743271
vn 0.321884155 -0.878777206 0.352336884
vn 0.891800284 -0.381158113 0.243743271
vn 0.922219753 -0.381443918 0.0633347407
vn 0.991537213 0.0949572697 0.0885270387
vn 0.891800284 -0.381158113 0.243743271
vn 0.991537213 0.0949572697 0.0885270387
vn 0.969866872 0.18577604 0.157624304
vn 0.891800284 -0.381158113 0.243743271
vn 0.915627003 -0.274612904 0.293623865
vn 0.484717429 -0.736700058 0.47151044
vn 0.891800284 -0.381158113 0.243743271
vn 0.484717429 -0.736700058 0.47151044
vn 0.321884155 -0.878777206 0.352336884
vn -0.391066343 -0.920229912 -0.0156210549
vn 0.546067655 -0.83768332 -0.00982746016
vn 0.377591074 -0.922219634 0.0832829177
vn -0.391066343 -0.920229912 -0.0156210549
vn 0.377591074 -0.922219634 0.0832829177
vn -0.527461767 -0.844584227 0.0919868052
vn 0.881619453 -0.465493619 -0.0778642595
vn 0.496990949 -0.860078335 -0.115175128
vn 0.284399718 -0.949508369 -0.13247861
vn 0.881619453 -0.465493619 -0.0778642595
vn 0.284399718 -0.949508369 -0.13247861
vn 0.902092159 -0.406534255 -0.14477475
vn 0.496990949 -0.860078335 -0.115175128
vn 0.881619453 -0.465493619 -0.0778642595
vn 0.898640871 -0.436825782 -0.0403467901
vn 0.496990949 -0.860078335 -0.115175128
vn 0.898640871 -0.436825782 -0.0403467901
vn 0.376138806 -0.923775673 -0.0718209594
vn 0.99858886 -0.0525120869 0.00792426988
vn 0.999521613 -0.0228209626 0.0208742376
vn 0.953797817 -0.300448984 0.000380280864
vn 0.99858886 -0.0525120869 0.00792426988
vn 0.953797817 -0.300448984 0.000380280864
vn 0.898640871 -0.436825782 -0.0403467901
vn 0.902092159 -0.406534255 -0.14477475
vn 0.284399718 -0.949508369 -0.13247861
vn 0.406594634 -0.903970599 -0.132355556
vn 0.902092159 -0.406534255 -0.14477475
vn 0.406594634 -0.903970599 -0.132355556
vn 0.912544191 -0.389254689 -0.125474244
vn 0.993105054 0.0827248544 0.0830604583
vn 0.991537213 0.0949572697 0.0885270387
vn 0.999521613 -0.0228209626 0.0208742376
vn 0.993105054 0.0827248544 0.0830604583
vn 0.999521613 -0.0228209626 0.0208742376
vn 0.992035925 -0.0865510702 0.0915076882
vn 0.664710939 0.733251214 0.14318566
vn 0.969866872 0.18577604 0.157624304
vn 0.991537213 0.0949572697 0.0885270387
vn 0.664710939 0.733251214 0.14318566
vn 0.991537213 0.0949572697 0.0885270387
vn 0.838177443 0.520298719 0.163547561
vn 0.2716223 0.954909086 0.119874701
vn 0.165690079 0.977304995 0.131990552
vn 0.664710939 0.733251214 0.14318566
vn 0.2716223 0.954909086 0.119874701
vn 0.664710939 0.733251214 0.14318566
vn 0.838177443 0.520298719 0.163547561
vn 0.838177443 0.520298719 0.163547561
vn 0.991537213 0.0949572697 0.0885270387
vn 0.993105054 0.0827248544 0.0830604583
vn 0.969866872 0.18577604 0.157624304
vn 0.972818136 0.166194186 0.161258176
vn 0.915627003 -0.274612904 0.293623865
vn 0.969866872 0.18577604 0.157624304
vn 0.915627003 -0.274612904 0.293623865
vn 0.891800284 -0.381158113 0.243743271
vn -0.165667698 0.975835383 0.142476439
vn -0.253516942 0.955260754 0.152334794
vn 0.190509081 0.969675481 0.153087154
vn -0.165667698 0.975835383 0.142476439
vn 0.190509081 0.969675481 0.153087154
vn 0.165690079 0.977304995 0.131990552
vn 0.190509081 0.969675481 0.153087154
vn 0.752091646 0.640342534 0.155947268
vn 0.664710939 0.733251214 0.14318566
vn 0.190509081 0.969675481 0.153087154
vn 0.664710939 0.733251214 0.14318566
vn 0.165690079 0.977304995 0.131990552
vn 0.75779134 0.641560853 -0.118962586
vn 0.603602767 0.724373221 -0.333087265
vn 0.96447444 0.10869959 -0.240776852
vn 0.75779134 0.641560853 -0.118962586
vn 0.96447444 0.10869959 -0.240776852
vn 0.988243759 0.0482431613 -0.145075366
vn 0.995403826 -0.0484286919 -0.0826185048
vn 0.992919803 -0.0834022909 -0.0845832676
vn 0.96447444 0.10869959 -0.240776852
vn 0.995403826 -0.0484286919 -0.0826185048
vn 0.96447444 0.10869959 -0.240776852
vn 0.972240448 -0.0573043525 -0.226858765
vn 7.46020087e-05 0.96789372 -0.251359224
vn 0 0.985594511 -0.169126168
vn -0.000856247731 0.985551655 -0.169372156
vn 7.46020087e-05 0.96789372 -0.251359224
vn -0.000856247731 0.985551655 -0.169372156
vn 0.000223806041 0.96785754 -0.25149864
vn 0.99442941 0.0131613147 -0.104579456
vn 0.903511167 0.418757707 -0.0911559165
vn 0.75779134 0.641560853 -0.118962586
vn 0.99442941 0.0131613147 -0.104579456
vn 0.75779134 0.641560853 -0.118962586
vn 0.988243759 0.0482431613 -0.145075366
vn 0.436228931 0.897977412 -0.0578003339
vn 0.137826785 0.989509106 -0.0433088988
vn 0.75779134 0.641560853 -0.118962586
vn 0.436228931 0.897977412 -0.0578003339
vn 0.75779134 0.641560853 -0.118962586
vn 0.903511167 0.418757707 -0.0911559165
vn 0.18593289 0.938515127 -0.290892303
vn 0.603602767 0.724373221 -0.333087265
vn 0.75779134 0.641560853 -0.118962586
vn 0.18593289 0.938515127 -0.290892303
vn 0.75779134 0.641560853 -0.118962586
vn 0.137826785 0.989509106 -0.0433088988
vn 0.902092159 -0.406534255 -0.14477475
vn 0.912544191 -0.389254689 -0.125474244
vn 0.99442941 0.0131613147 -0.104579456
vn 0.902092159 -0.406534255 -0.14477475
vn 0.99442941 0.0131613147 -0.104579456
vn 0.988243759 0.0482431613 -0.145075366
vn 0.999917984 -0.0122714117 -0.00366727635
vn 0.970087826 0.0494257025 0.237668753
vn 0.981016397 0.0501699597 0.187322661
vn 0.999917984 -0.0122714117 -0.00366727635
vn 0.981016397 0.0501699597 0.187322661
vn 0.999721289 0.0101739625 0.0213062149
vn 0.734238565 0.38931936 0.556169271
vn 0.0973680466 0.768985152 0.631807983
vn 0.296057254 0.685296893 0.665370703
vn 0.734238565 0.38931936 0.556169271
vn 0.296057254 0.685296893 0.665370703
vn 0.815558314 0.300955266 0.494257659
vn 0.683399677 0.514455795 -0.517976999
vn 0.903687835 0.204603672 -0.376145631
vn 0.96447444 0.10869959 -0.240776852
vn 0.683399677 0.514455795 -0.517976999
vn 0.96447444 0.10869959 -0.240776852
vn 0.603602767 0.724373221 -0.333087265
vn 0.790906489 0.519602299 -0.32323423
vn 0.900120378 0.285426468 -0.329112649
vn 0.418181479 0.784750104 -0.457483739
vn 0.418181479 0.784750104 -0.457483739
vn 0.900120378 0.285426468 -0.329112649
vn 0.903687835 0.204603672 -0.376145631
vn 0.418181479 0.784750104 -0.457483739
vn 0.903687835 0.204603672 -0.376145631
vn 0.683399677 0.514455795 -0.517976999
vn 0.982761979 0.0943586156 -0.158981681
vn 0.975464046 0.0173730757 -0.219471991
vn 0.903687835 0.204603672 -0.376145631
vn 0.982761979 0.0943586156 -0.158981681
vn 0.903687835 0.204603672 -0.376145631
vn 0.900120378 0.285426468 -0.329112649
vn 0.99858886 -0.0525120869 0.00792426988
vn 0.898640871 -0.436825782 -0.0403467901
vn 0.881619453 -0.465493619 -0.0778642595
vn 0.99858886 -0.0525120869 0.00792426988
vn 0.881619453 -0.465493619 -0.0778642595
vn 0.992919803 -0.0834022909 -0.0845832676
vn 0.99858886 -0.0525120869 0.00792426988
vn 0.992919803 -0.0834022909 -0.0845832676
vn 0.995403826 -0.0484286919 -0.0826185048
vn 0.99992013 -0.0121784732 -0.0033390543
vn 0.99858886 -0.0525120869 0.00792426988
vn 0.995403826 -0.0484286919 -0.0826185048
vn 0.900120378 0.285426468 -0.329112649
vn 0.993891478 0.0743266195 -0.0815788582
vn 0.982761979 0.0943586156 -0.158981681
vn 0.18593289 0.938515127 -0.290892303
vn -0.185617283 0.959843993 -0.210346743
vn -0.164890587 0.856844902 -0.488495439
vn 0.18593289 0.938515127 -0.290892303
vn -0.164890587 0.856844902 -0.488495439
vn 0.219688445 0.841326475 -0.493868977
vn 0.603602767 0.724373221 -0.333087265
vn 0.18593289 0.938515127 -0.290892303
vn 0.219688445 0.841326475 -0.493868977
vn 0.603602767 0.724373221 -0.333087265
vn 0.219688445 0.841326475 -0.493868977
vn 0.683399677 0.514455795 -0.517976999
vn 0.752091646 0.640342534 0.155947268
vn 0.972818136 0.166194186 0.161258176
vn 0.969866872 0.18577604 0.157624304
vn 0.752091646 0.640342534 0.155947268
vn 0.969866872 0.18577604 0.157624304
vn 0.664710939 0.733251214 0.14318566
vn 0.406594634 -0.903970599 -0.132355556
vn -0.406628877 -0.904319227 -0.129844919
vn -0.451286256 -0.882328868 -0.133552775
vn 0.406594634 -0.903970599 -0.132355556
vn -0.451286256 -0.882328868 -0.133552775
vn 0.593334377 -0.793746412 -0.133868635
vn 1 0 0
vn 0.99992013 -0.0121784732 -0.0033390543
vn 0.999967515 -0.00795048103 -0.0013420477
vn 1 0 0
vn 0.999967515 -0.00795048103 -0.0013420477
vn 1 0 0
vn 0.99992013 -0.0121784732 -0.0033390543
vn 1 0 0
vn 0.99858886 -0.0525120869 0.00792426988
vn 0.991572082 -0.129142091 0.0103569347
vn 0.96776849 -0.24634397 0.0523338392
vn 0.992035925 -0.0865510702 0.0915076882
vn 0.991572082 -0.129142091 0.0103569347
vn 0.992035925 -0.0865510702 0.0915076882
vn 0.99858886 -0.0525120869 0.00792426988
vn 0.994201839 -0.0618392378 0.0879701152
vn 0.992035925 -0.0865510702 0.0915076882
vn 0.96776849 -0.24634397 0.0523338392
vn 1 0 0
vn 0.991572082 -0.129142091 0.0103569347
vn 0.99858886 -0.0525120869 0.00792426988
vn 1 0 0
vn 1 0 0
vn 1 0 0
vn 1 0 0
vn 1 0 0
vn 1 0 0
vn 1 0 0
vn 1 0 0
vn 1 0 0
vn 1 0 0
vn 1 0 0
vn 1 0 0
vn 1 0 0
vn 1 0 0
vn 1 0 0
vn 1 0 0
vn 1 0 0
vn 1 0 0
vn 0.99858886 -0.0525120869 0.00792426988
vn 0.992035925 -0.0865510702 0.0915076882
vn 0.999521613 -0.0228209626 0.0208742376
vn 0.00324945245 0.999086261 0.0426138304
vn -0.126342833 0.896920681 0.423757792
vn 0.0947017446 0.909305811 0.405208975
vn 0.00324945245 0.999086261 0.0426138304
vn 0.0947017446 0.909305811 0.405208975
vn -0.0038980369 0.999852657 0.0167215578
vn 0.0767397955 0.975348413 0.206897274
vn -0.0038980369 0.999852657 0.0167215578
vn 0.0947017446 0.909305811 0.405208975
vn 0.0767397955 0.975348413 0.206897274
vn 0.0947017446 0.909305811 0.405208975
vn 0.791250765 0.476699352 0.382988274
vn 0.0947017446 0.909305811 0.405208975
vn 0.144328952 0.846889675 0.511807621
vn 0.501717865 0.690393806 0.521186531
vn 0.0947017446 0.909305811 0.405208975
vn 0.501717865 0.690393806 0.521186531
vn 0.791250765 0.476699352 0.382988274
vn 0.734238565 0.38931936 0.556169271
vn 0.815558314 0.300955266 0.494257659
vn 0.981016397 0.0501699597 0.187322661
vn 0.734238565 0.38931936 0.556169271
vn 0.981016397 0.0501699597 0.187322661
vn 0.970087826 0.0494257025 0.237668753
vn 0.791250765 0.476699352 0.382988274
vn 0.501717865 0.690393806 0.521186531
vn 0.958957195 0.255908132 0.12211477
vn 0.219688445 0.841326475 -0.493868977
vn 0.0709046349 0.944078088 -0.322007507
vn 0.418181479 0.784750104 -0.457483739
vn 0.219688445 0.841326475 -0.493868977
vn 0.418181479 0.784750104 -0.457483739
vn 0.683399677 0.514455795 -0.517976999
vn 0.0709046349 0.944078088 -0.322007507
vn 0.219688445 0.841326475 -0.493868977
vn -0.164890587 0.856844902 -0.488495439
vn 0.0709046349 0.944078088 -0.322007507
vn -0.164890587 0.856844902 -0.488495439
vn -0.0709023699 0.961004615 -0.267288148
vn 0.994857311 -0.0056490656 -0.101128787
vn 0.997490883 -0.00470729172 -0.0706380978
vn 0.991119862 -0.0152609041 -0.132092953
vn 0.991119862 -0.0152609041 -0.132092953
vn 0.997490883 -0.00470729172 -0.0706380978
vn 0.991382241 -0.0129436469 -0.130360603
vn 0.997490883 -0.00470729172 -0.0706380978
vn 0.999216557 0.00362687279 -0.0394075848
vn 0.999949098 0.000367316039 -0.0100762611
vn 0.997490883 -0.00470729172 -0.0706380978
vn 0.999949098 0.000367316039 -0.0100762611
vn 0.999953151 -0.000229215861 -0.00967988092
vn 0.999216557 0.00362687279 -0.0394075848
vn 0.997490883 -0.00470729172 -0.0706380978
vn 0.994857311 -0.0056490656 -0.101128787
vn 0.96447444 0.10869959 -0.240776852
vn 0.903687835 0.204603672 -0.376145631
vn 0.975464046 0.0173730757 -0.219471991
vn 0.96447444 0.10869959 -0.240776852
vn 0.975464046 0.0173730757 -0.219471991
vn 0.972240448 -0.0573043525 -0.226858765
vn 0.0371941067 0.979303956 -0.198948011
vn 0.790906489 0.519602299 -0.32323423
vn 0.418181479 0.784750104 -0.457483739
vn 0.0371941067 0.979303956 -0.198948011
vn 0.418181479 0.784750104 -0.457483739
vn 0.0709046349 0.944078088 -0.322007507
vn 0.160252213 -0.486372381 0.85893029
vn -0.160234854 -0.496706635 0.852999032
vn -0.0233341586 -0.56107533 0.827435791
vn 0.160252213 -0.486372381 0.85893029
vn -0.0233341586 -0.56107533 0.827435791
vn 0.0388626643 -0.555801272 0.830406189
vn 0.160252213 -0.486372381 0.85893029
vn 0.57468164 -0.376943946 0.726397991
vn 0.577953935 -0.333658278 0.744742513
vn 0.144183725 -0.592598975 0.792487979
vn 0.0388626643 -0.555801272 0.830406189
vn -0.0233341586 -0.56107533 0.827435791
vn 0.144183725 -0.592598975 0.792487979
vn -0.0233341586 -0.56107533 0.827435791
vn -0.192419916 -0.56108284 0.805084229
vn 0.144183725 -0.592598975 0.792487979
vn 0.57468164 -0.376943946 0.726397991
vn 0.160252213 -0.486372381 0.85893029
vn 0.144183725 -0.592598975 0.792487979
vn 0.160252213 -0.486372381 0.85893029
vn 0.0388626643 -0.555801272 0.830406189
vn 0.697982311 0.536418498 0.47442165
vn 0.479340792 0.677128732 0.558327079
vn 0.826556146 0.15289548 0.541689873
vn 0.697982311 0.536418498 0.47442165
vn 0.826556146 0.15289548 0.541689873
vn 0.819755495 0.0154067026 0.572506189
vn 0.177161694 0.944368362 0.277095973
vn 0.145411611 0.727452338 0.670573175
vn 0.479340792 0.677128732 0.558327079
vn 0.177161694 0.944368362 0.277095973
vn 0.479340792 0.677128732 0.558327079
vn 0.697982311 0.536418498 0.47442165
vn 0.479340792 0.677128732 0.558327079
vn 0.145411611 0.727452338 0.670573175
vn 0.0400196575 0.279393524 0.95934236
vn 0.160252213 -0.486372381 0.85893029
vn 0.577953935 -0.333658278 0.744742513
vn 0.0266933814 -0.304002076 0.95229727
vn 0.961196184 -0.255209684 -0.104736954
vn 0.994979441 0.0535357147 -0.0845566466
vn 0.99442941 0.0131613147 -0.104579456
vn 0.961196184 -0.255209684 -0.104736954
vn 0.99442941 0.0131613147 -0.104579456
vn 0.912544191 -0.389254689 -0.125474244
vn 0.996751845 -0.0109897079 0.0797799081
vn 0.992035925 -0.0865510702 0.0915076882
vn 0.994201839 -0.0618392378 0.0879701152
vn 0.996751845 -0.0109897079 0.0797799081
vn 0.994201839 -0.0618392378 0.0879701152
vn 1 0 0
vn 0.992035925 -0.0865510702 0.0915076882
vn 0.996751845 -0.0109897079 0.0797799081
vn 0.952641308 -0.0316361487 0.302446336
vn 0.17109403 0.0175605956 0.985098183
vn 0.192807168 -0.0169646237 0.981090009
vn 0.186086804 -0.00402742391 0.982525051
vn 0.17109403 0.0175605956 0.985098183
vn 0.186086804 -0.00402742391 0.982525051
vn 0.172536209 0.0218305439 0.984761238
vn -0.936942101 -0.301952869 0.175965846
vn -0.982102215 0.0193097163 0.187356025
vn -0.97211349 -0.145459369 0.183948636
vn -0.936942101 -0.301952869 0.175965846
vn -0.97211349 -0.145459369 0.183948636
vn -0.936867952 -0.30245313 0.1755009
vn 0.00832556561 -0.999926269 -0.0088453982
vn 0.00832518563 -0.99992615 -0.00884407759
vn 0.00832556561 -0.999926269 -0.0088453982
vn 0.00832556561 -0.999926269 -0.0088453982
vn 0.00832556561 -0.999926269 -0.0088453982
vn 0.00832594559 -0.999926269 -0.00884671882
vn 0.98247987 -0.0025136047 -0.186351612
vn 0.982479751 -0.00251333253 -0.186352342
vn 0.98247987 -0.0025136047 -0.186351612
vn 0.98247987 -0.0025136047 -0.186351612
vn 0.98247987 -0.0025136047 -0.186351612
vn 0.982480049 -0.00251387735 -0.186350912
vn 0.163451642 0.986261487 -0.0239108801
vn 0.163505241 0.986254215 -0.0238453373
vn 0.163451642 0.986261487 -0.0239108801
vn 0.163451642 0.986261487 -0.0239108801
vn 0.163451642 0.986261487 -0.0239108801
vn 0.163398072 0.986268818 -0.0239764247
vn -0.982102215 0.0193097163 0.187356025
vn -0.966217637 0.178935215 0.185487717
vn -0.966217518 0.178935245 0.185487792
vn -0.982102215 0.0193097163 0.187356025
vn -0.966217518 0.178935245 0.185487792
vn -0.97211349 -0.145459369 0.183948636
vn 0.192807168 -0.0169646237 0.981090009
vn 0.215682536 -0.0471945889 0.975322366
vn 0.186086804 -0.00402742391 0.982525051
vn 0.0352143869 -0.974949062 0.219623059
vn 0.0448994674 -0.892977715 0.44785586
vn 0.0207936 -0.865556538 0.500379384
vn 0.0352143869 -0.974949062 0.219623059
vn 0.0207936 -0.865556538 0.500379384
vn 0.024887288 -0.96157074 0.27342701
vn 0.0621736199 -0.965814054 0.251669824
vn 0.0786057562 -0.923340857 0.375849575
vn 0.0448994674 -0.892977715 0.44785586
vn 0.0621736199 -0.965814054 0.251669824
vn 0.0448994674 -0.892977715 0.44785586
vn 0.0352143869 -0.974949062 0.219623059
vn 0.137619719 0.923032999 0.359264493
vn 0.203620419 0.969881475 0.133673817
vn -0.0112262638 0.972453833 0.232824534
vn 0.137619719 0.923032999 0.359264493
vn -0.0112262638 0.972453833 0.232824534
vn -0.00620822888 0.873078644 0.487539917
vn -0.0112262638 0.972453833 0.232824534
vn -0.0201443657 0.991891742 0.125478968
vn -0.0161838718 0.863777995 0.503612399
vn -0.0112262638 0.972453833 0.232824534
vn -0.0161838718 0.863777995 0.503612399
vn -0.00620822888 0.873078644 0.487539917
vn 0.0352143869 -0.974949062 0.219623059
vn 0.0379990079 -0.998404026 -0.0417795554
vn -0.0529666655 -0.998385906 -0.0204957258
vn 0.0352143869 -0.974949062 0.219623059
vn -0.0529666655 -0.998385906 -0.0204957258
vn 0.0621736199 -0.965814054 0.251669824
vn 0.111918837 0.988490343 -0.101788744
vn -0.0178263038 0.991718531 -0.127186507
vn -0.0112262638 0.972453833 0.232824534
vn 0.111918837 0.988490343 -0.101788744
vn -0.0112262638 0.972453833 0.232824534
vn 0.203620419 0.969881475 0.133673817
vn 0.874678791 0.48157087 -0.0550118908
vn 1 0 0
vn 0.620786548 0.777691722 -0.0990943015
vn -0.188235328 -0.982057869 -0.0113893002
vn -0.173795834 -0.983907819 -0.0414772257
vn -0.200498238 -0.979201734 -0.031055769
vn -0.188235328 -0.982057869 -0.0113893002
vn -0.200498238 -0.979201734 -0.031055769
vn -0.186417013 -0.982382476 -0.013157052
vn 0.620786548 0.777691722 -0.0990943015
vn 0.228738412 0.965315998 -0.125872537
vn 0.229109153 0.967885971 -0.103468448
vn 0.620786548 0.777691722 -0.0990943015
vn 0.229109153 0.967885971 -0.103468448
vn 0.874678791 0.48157087 -0.0550118908
vn 0.111918837 0.988490343 -0.101788744
vn 0.229109153 0.967885971 -0.103468448
vn 0.228738412 0.965315998 -0.125872537
vn 0.111918837 0.988490343 -0.101788744
vn 0.228738412 0.965315998 -0.125872537
vn 0.0546845384 0.985667646 -0.159589782
vn -0.173795834 -0.983907819 -0.0414772257
vn -0.188235328 -0.982057869 -0.0113893002
vn -0.0529666655 -0.998385906 -0.0204957258
vn -0.173795834 -0.983907819 -0.0414772257
vn -0.0529666655 -0.998385906 -0.0204957258
vn -0.028098315 -0.997651339 -0.0624682531
vn 1 0 0
vn 1 0 0
vn 0.756087959 0.653499365 0.0356312841
vn -0.188235328 -0.982057869 -0.0113893002
vn -0.186417013 -0.982382476 -0.013157052
vn -0.0550588146 -0.994827628 0.0853620544
vn -0.188235328 -0.982057869 -0.0113893002
vn -0.0550588146 -0.994827628 0.0853620544
vn 0.0516857244 -0.990160584 0.130041152
vn 0.0516857244 -0.990160584 0.130041152
vn -0.0550588146 -0.994827628 0.0853620544
vn 0.30047521 -0.923337281 0.239087805
vn 0.0516857244 -0.990160584 0.130041152
vn 0.30047521 -0.923337281 0.239087805
vn 0.18833223 -0.937088728 0.293931484
vn 0.756087959 0.653499365 0.0356312841
vn 0.874678791 0.48157087 -0.0550118908
vn 0.229109153 0.967885971 -0.103468448
vn 0.756087959 0.653499365 0.0356312841
vn 0.229109153 0.967885971 -0.103468448
vn 0.352331519 0.935196579 0.0356357992
vn 0.567379177 0.793880105 0.218713179
vn 0.712736249 0.678451598 0.178074509
vn 0.756087959 0.653499365 0.0356312841
vn 0.567379177 0.793880105 0.218713179
vn 0.756087959 0.653499365 0.0356312841
vn 0.352331519 0.935196579 0.0356357992
vn 0.111918837 0.988490343 -0.101788744
vn 0.203620419 0.969881475 0.133673817
vn 0.352331519 0.935196579 0.0356357992
vn 0.111918837 0.988490343 -0.101788744
vn 0.352331519 0.935196579 0.0356357992
vn 0.229109153 0.967885971 -0.103468448
vn -0.0529666655 -0.998385906 -0.0204957258
vn -0.188235328 -0.982057869 -0.0113893002
vn 0.0516857244 -0.990160584 0.130041152
vn -0.0529666655 -0.998385906 -0.0204957258
vn 0.0516857244 -0.990160584 0.130041152
vn 0.0621736199 -0.965814054 0.251669824
vn 0.567379177 0.793880105 0.218713179
vn 0.352331519 0.935196579 0.0356357992
vn 0.203620419 0.969881475 0.133673817
vn 0.567379177 0.793880105 0.218713179
vn 0.203620419 0.969881475 0.133673817
vn 0.137619719 0.923032999 0.359264493
vn 0.0621736199 -0.965814054 0.251669824
vn 0.0516857244 -0.990160584 0.130041152
vn 0.18833223 -0.937088728 0.293931484
vn 0.0621736199 -0.965814054 0.251669824
vn 0.18833223 -0.937088728 0.293931484
vn 0.0786057562 -0.923340857 0.375849575
vn 1 0 0
vn 1 0 0
vn 0.874678791 0.48157087 -0.0550118908
vn 1 0 0
vn 0.874678791 0.48157087 -0.0550118908
vn 0.756087959 0.653499365 0.0356312841
vn 0.0293693393 -0.999502063 -0.0115355495
vn 0.0379990079 -0.998404026 -0.0417795554
vn 0.0352143869 -0.974949062 0.219623059
vn 0.0293693393 -0.999502063 -0.0115355495
vn 0.0352143869 -0.974949062 0.219623059
vn 0.024887288 -0.96157074 0.27342701
vn -0.0201443657 0.991891742 0.125478968
vn -0.0112262638 0.972453833 0.232824534
vn -0.0178263038 0.991718531 -0.127186507
vn -0.0201443657 0.991891742 0.125478968
vn -0.0178263038 0.991718531 -0.127186507
vn -0.0292560533 0.983671904 -0.177577361
vn -0.028098315 -0.997651339 -0.0624682531
vn -0.0529666655 -0.998385906 -0.0204957258
vn 0.0379990079 -0.998404026 -0.0417795554
vn -0.028098315 -0.997651339 -0.0624682531
vn 0.0379990079 -0.998404026 -0.0417795554
vn 0.0407439694 -0.996332884 -0.075237222
vn -0.0178263038 0.991718531 -0.127186507
vn 0.111918837 0.988490343 -0.101788744
vn 0.0546845384 0.985667646 -0.159589782
vn -0.0178263038 0.991718531 -0.127186507
vn 0.0546845384 0.985667646 -0.159589782
vn -0.0237868764 0.976791441 -0.212867707
vn 0.0379990079 -0.998404026 -0.0417795554
vn 0.0293693393 -0.999502063 -0.0115355495
vn 0.0338935666 -0.99762547 -0.0599530265
vn 0.0379990079 -0.998404026 -0.0417795554
vn 0.0338935666 -0.99762547 -0.0599530265
vn 0.0407439694 -0.996332884 -0.075237222
vn -0.0237868764 0.976791441 -0.212867707
vn -0.0359372757 0.967232406 -0.251336217
vn -0.0292560533 0.983671904 -0.177577361
vn -0.0237868764 0.976791441 -0.212867707
vn -0.0292560533 0.983671904 -0.177577361
vn -0.0178263038 0.991718531 -0.127186507
vn 1 0 0
vn 0.999967515 -0.00795048103 -0.0013420477
vn 1 0 0
vn 1 0 0
vn 1 0 0
vn 0.996751845 -0.0109897079 0.0797799081
vn 0.791250765 0.476699352 0.382988274
vn 0.958957195 0.255908132 0.12211477
vn 0.996973276 0.0312250648 0.0711989924
vn 0.791250765 0.476699352 0.382988274
vn 0.996973276 0.0312250648 0.0711989924
vn 0.966002405 -0.0984739587 0.239044338
vn 0.900120378 0.285426468 -0.329112649
vn 0.790906489 0.519602299 -0.32323423
vn 0.993891478 0.0743266195 -0.0815788582
vn 0.999557853 0.0246303137 -0.0166604351
vn 0.999967515 -0.00795048103 -0.0013420477
vn 0.993891478 0.0743266195 -0.0815788582
vn 0.999557853 0.0246303137 -0.0166604351
vn 0.993891478 0.0743266195 -0.0815788582
vn 0.790906489 0.519602299 -0.32323423
vn 1 0 0
vn 0.996751845 -0.0109897079 0.0797799081
vn 1 0 0
vn 0.999557853 0.0246303137 -0.0166604351
vn 0.996751845 -0.0109897079 0.0797799081
vn 1 0 0
vn 0.999557853 0.0246303137 -0.0166604351
vn 1 0 0
vn 0.999967515 -0.00795048103 -0.0013420477
vn 0.902092159 -0.406534255 -0.14477475
vn 0.988243759 0.0482431613 -0.145075366
vn 0.992919803 -0.0834022909 -0.0845832676
vn 0.902092159 -0.406534255 -0.14477475
vn 0.992919803 -0.0834022909 -0.0845832676
vn 0.881619453 -0.465493619 -0.0778642595
vn 0.0371941067 0.979303956 -0.198948011
vn 0.0709046349 0.944078088 -0.322007507
vn -0.0709023699 0.961004615 -0.267288148
vn 0.0371941067 0.979303956 -0.198948011
vn -0.0709023699 0.961004615 -0.267288148
vn -0.0496358052 0.975902557 -0.21248582
vn -0.000856247731 0.985551655 -0.169372156
vn 0 0.985594511 -0.169126168
vn -0.0038980369 0.999852657 0.0167215578
vn -0.000856247731 0.985551655 -0.169372156
vn -0.0038980369 0.999852657 0.0167215578
vn 0.0767397955 0.975348413 0.206897274
vn 0.376138806 -0.923775673 -0.0718209594
vn -0.52541095 -0.84836179 -0.065004997
vn -0.355714977 -0.927292407 -0.116600536
vn 0.376138806 -0.923775673 -0.0718209594
vn -0.355714977 -0.927292407 -0.116600536
vn 0.496990949 -0.860078335 -0.115175128
vn 0.992919803 -0.0834022909 -0.0845832676
vn 0.988243759 0.0482431613 -0.145075366
vn 0.96447444 0.10869959 -0.240776852
vn 0.54157263 0.840476096 0.0172937904
vn 0.447338581 0.894230008 0.0155204609
vn 0.496025115 0.868158996 0.0160892755
vn 0.54157263 0.840476096 0.0172937904
vn 0.496025115 0.868158996 0.0160892755
vn 0.549249113 0.835366786 0.0220866296
vn -0.205864012 -0.978507757 -0.0119376276
vn -0.279629767 -0.95996511 -0.0165538061
vn -0.133493051 -0.990990043 -0.0108787501
vn -0.205864012 -0.978507757 -0.0119376276
vn -0.133493051 -0.990990043 -0.0108787501
vn -0.130877972 -0.991373003 -0.00711327605
vn 0.0542645752 -0.149872065 -0.987215042
vn 0.0236741789 -0.143150374 -0.989417613
vn 0.0427823737 -0.129840583 -0.990611434
vn 0.0542645752 -0.149872065 -0.987215042
vn 0.0427823737 -0.129840583 -0.990611434
vn 0.0693051443 -0.12519078 -0.989709139
vn 0.0586644113 -0.0737746209 0.99554801
vn 0.076047346 -0.0464755669 0.996020496
vn 0.0482910201 -0.0563501045 0.99724257
vn 0.0586644113 -0.0737746209 0.99554801
vn 0.0482910201 -0.0563501045 0.99724257
vn 0.0250899568 -0.0716392174 0.997115016
vn 0.540035427 0.841482162 0.0164183453
vn 0.496025115 0.868158996 0.0160892755
vn 0.447338581 0.894230008 0.0155204609
vn 0.540035427 0.841482162 0.0164183453
vn 0.447338581 0.894230008 0.0155204609
vn 0.664003193 0.7477265 0.00221983623
vn 0.0313254632 -0.0449331999 0.998498738
vn 0.010098462 0.0220584571 0.999705613
vn 0.0089724604 0.0206839256 0.999745727
vn 0.0313254632 -0.0449331999 0.998498738
vn 0.0089724604 0.0206839256 0.999745727
vn 0.0512904003 -0.0624503456 0.996729195
vn 0.664003193 0.7477265 0.00221983623
vn 0.973922551 0.226666406 -0.00986110605
vn 0.893719852 0.448598951 -0.00489198696
vn 0.664003193 0.7477265 0.00221983623
vn 0.893719852 0.448598951 -0.00489198696
vn 0.540035427 0.841482162 0.0164183453
vn -0.634494305 -0.772924423 -0.00222447119
vn -0.498572558 -0.866682887 -0.0169180427
vn -0.884341002 -0.466813803 0.00508889183
vn -0.634494305 -0.772924423 -0.00222447119
vn -0.884341002 -0.466813803 0.00508889183
vn -0.971754491 -0.235770851 0.0102630304
vn 0.0426380113 -0.13126877 -0.990429461
vn 0.00993618369 -0.0674232841 -0.997675002
vn 0.0092804227 -0.0680991113 -0.997635424
vn 0.0426380113 -0.13126877 -0.990429461
vn 0.0092804227 -0.0680991113 -0.997635424
vn 0.0359937362 -0.150006354 -0.98802954
vn 0 -0.999053955 0.0434885249
vn 0 -0.999053955 0.0434885249
vn 0 -0.999053955 0.0434885249
vn 0 -0.999053955 0.0434885249
vn 0 -0.999053955 0.0434885249
vn 0 -0.999053955 0.0434885249
vn 1 0 0
vn 0.893719852 0.448598951 -0.00489198696
vn 0.973922551 0.226666406 -0.00986110605
vn 1 0 0
vn 0.973922551 0.226666406 -0.00986110605
vn 1 0 0
vn -0.971754491 -0.235770851 0.0102630304
vn -0.884341002 -0.466813803 0.00508889183
vn -1 0 0
vn -0.971754491 -0.235770851 0.0102630304
vn -1 0 0
vn -1 0 0
vn 0.0089724604 0.0206839256 0.999745727
vn 0.010098462 0.0220584571 0.999705613
vn -0.000312009652 0.0434850864 0.999054015
vn 0.0089724604 0.0206839256 0.999745727
vn -0.000312009652 0.0434850864 0.999054015
vn 0 0.0434371233 0.99905616
vn -0.00092760782 -0.0436878316 -0.999044657
vn 0 -0.0435334034 -0.999051988
vn 0.0092804227 -0.0680991113 -0.997635424
vn -0.00092760782 -0.0436878316 -0.999044657
vn 0.0092804227 -0.0680991113 -0.997635424
vn 0.00993618369 -0.0674232841 -0.997675002
vn -0.498572558 -0.866682887 -0.0169180427
vn -0.634494305 -0.772924423 -0.00222447119
vn -0.279629767 -0.95996511 -0.0165538061
vn -0.498572558 -0.866682887 -0.0169180427
vn -0.279629767 -0.95996511 -0.0165538061
vn -0.205864012 -0.978507757 -0.0119376276
vn 0.0586644113 -0.0737746209 0.99554801
vn 0.0313254632 -0.0449331999 0.998498738
vn 0.0512904003 -0.0624503456 0.996729195
vn 0.0586644113 -0.0737746209 0.99554801
vn 0.0512904003 -0.0624503456 0.996729195
vn 0.076047346 -0.0464755669 0.996020496
vn 0.0542645752 -0.149872065 -0.987215042
vn 0.0693051443 -0.12519078 -0.989709139
vn 0.0426380113 -0.13126877 -0.990429461
vn 0.0542645752 -0.149872065 -0.987215042
vn 0.0426380113 -0.13126877 -0.990429461
vn 0.0359937362 -0.150006354 -0.98802954
vn 0.700452626 0.443201244 -0.559409201
vn 0.700597644 0.204012156 -0.683770478
vn 0.700369418 0.69437331 -0.165313318
vn 0.700452626 0.443201244 -0.559409201
vn 0.700369418 0.69437331 -0.165313318
vn 0.700660348 0.705844283 0.104206443
vn 0 0.621034682 -0.783783138
vn 0 0.28587833 -0.958265781
vn 0 0.972774565 -0.231753722
vn 0 0.621034682 -0.783783138
vn 0 0.972774565 -0.231753722
vn 0 0.989310741 0.145823002
vn -0.700410485 0.443311214 -0.559374809
vn -0.700659513 0.204067841 -0.68369031
vn -0.700346112 0.694416165 -0.165232107
vn -0.700410485 0.443311214 -0.559374809
vn -0.700346112 0.694416165 -0.165232107
vn -0.70061022 0.705899 0.104172751
vn 0.700858951 -0.262645394 -0.663184822
vn 0.64714992 -0.547975123 -0.530019104
vn 0.700597644 0.204012156 -0.683770478
vn 0.700858951 -0.262645394 -0.663184822
vn 0.700597644 0.204012156 -0.683770478
vn 0.700452626 0.443201244 -0.559409201
vn 0 -0.384816527 -0.922993064
vn 0 -0.719537973 -0.69445312
vn 0 0.28587833 -0.958265781
vn 0 -0.384816527 -0.922993064
vn 0 0.28587833 -0.958265781
vn 0 0.621034682 -0.783783138
vn -0.70235306 -0.276883066 -0.655771255
vn -0.637346506 -0.553631365 -0.535986722
vn -0.700659513 0.204067841 -0.68369031
vn -0.70235306 -0.276883066 -0.655771255
vn -0.700659513 0.204067841 -0.68369031
vn -0.700410485 0.443311214 -0.559374809
vn 0.581977367 -0.8088395 -0.0841474384
vn 0.571302295 -0.80147928 0.176761657
vn 0.64714992 -0.547975123 -0.530019104
vn 0.581977367 -0.8088395 -0.0841474384
vn 0.64714992 -0.547975123 -0.530019104
vn 0.700858951 -0.262645394 -0.663184822
vn 0 -0.914661765 -0.404220223
vn 0 -0.914661765 -0.404220223
vn 0 -0.719537973 -0.69445312
vn 0 -0.914661765 -0.404220223
vn 0 -0.719537973 -0.69445312
vn 0 -0.384816527 -0.922993064
vn -0.605024576 -0.795464873 0.0343662612
vn -0.51831013 -0.854449213 0.0356535167
vn -0.637346506 -0.553631365 -0.535986722
vn -0.605024576 -0.795464873 0.0343662612
vn -0.637346506 -0.553631365 -0.535986722
vn -0.70235306 -0.276883066 -0.655771255
vn 0.640964866 -0.501661718 0.580947161
vn 0.702493906 -0.218042016 0.677465856
vn 0.571302295 -0.80147928 0.176761657
vn 0.640964866 -0.501661718 0.580947161
vn 0.571302295 -0.80147928 0.176761657
vn 0.581977367 -0.8088395 -0.0841474384
vn 0 -0.6548177 0.755786896
vn 0 -0.302382082 0.95318681
vn 0 -0.874598563 0.484847754
vn 0 -0.6548177 0.755786896
vn 0 -0.874598563 0.484847754
vn 0 -0.874598563 0.484847754
vn -0.605024576 -0.795464873 0.0343662612
vn -0.707302153 -0.348466486 0.615056753
vn -0.665649652 -0.370997518 0.647511661
vn -0.605024576 -0.795464873 0.0343662612
vn -0.665649652 -0.370997518 0.647511661
vn -0.51831013 -0.854449213 0.0356535167
vn 0.701104879 0.262477666 0.662991285
vn 0.700832546 0.490106285 0.51829493
vn 0.702493906 -0.218042016 0.677465856
vn 0.701104879 0.262477666 0.662991285
vn 0.702493906 -0.218042016 0.677465856
vn 0.640964866 -0.501661718 0.580947161
vn 0 0.368170619 0.929758251
vn 0 0.687056541 0.726603806
vn 0 -0.302382082 0.95318681
vn 0 0.368170619 0.929758251
vn 0 -0.302382082 0.95318681
vn 0 -0.6548177 0.755786896
vn -0.70112431 0.262565434 0.662935853
vn -0.700775087 0.490169227 0.51831305
vn -0.665649652 -0.370997518 0.647511661
vn -0.70112431 0.262565434 0.662935853
vn -0.665649652 -0.370997518 0.647511661
vn -0.707302153 -0.348466486 0.615056753
vn 0.700660348 0.705844283 0.104206443
vn 0.700369418 0.69437331 -0.165313318
vn 0.700832546 0.490106285 0.51829493
vn 0.700660348 0.705844283 0.104206443
vn 0.700832546 0.490106285 0.51829493
vn 0.701104879 0.262477666 0.662991285
vn 0 0.989310741 0.145823002
vn 0 0.972774565 -0.231753722
vn 0 0.687056541 0.726603806
vn 0 0.989310741 0.145823002
vn 0 0.687056541 0.726603806
vn 0 0.368170619 0.929758251
vn -0.70061022 0.705899 0.104172751
vn -0.700346112 0.694416165 -0.165232107
vn -0.700775087 0.490169227 0.51831305
vn -0.70061022 0.705899 0.104172751
vn -0.700775087 0.490169227 0.51831305
vn -0.70112431 0.262565434 0.662935853
vn 1 0 0
vn 1 0 0
vn 1 0 0
vn -1 0 0
vn -1 0 0
vn -1 0 0
vn 1 0 0
vn 1 0 0
vn 1 0 0
vn -1 0 0
vn -1 0 0
vn -1 0 0
vn 1 0 0
vn 1 0 0
vn 1 0 0
vn -1 0 0
vn -1 0 0
vn -1 0 0
vn 1 0 0
vn 1 0 0
vn 1 0 0
vn -1 0 0
vn -1 0 0
vn -1 0 0
vn 1 0 0
vn 1 0 0
vn 1 0 0
vn -1 0 0
vn -1 0 0
vn -1 0 0
vn 1 0 0
vn 1 0 0
vn 1 0 0
vn -1 0 0
vn -1 0 0
vn -1 0 0
vn 0.0319768749 -0.977168024 0.21004805
vn 0.00761416368 -0.999967158 0.00275560725
vn 0.00192030647 -0.999948263 -0.0099746827
vn 0.0319768749 -0.977168024 0.21004805
vn 0.00192030647 -0.999948263 -0.0099746827
vn 0.0647285134 -0.970450342 0.23245737
vn 0.0787644014 -0.927418411 0.365638137
vn 0.0564432107 -0.921165407 0.385056496
vn 0.0319768749 -0.977168024 0.21004805
vn 0.0787644014 -0.927418411 0.365638137
vn 0.0319768749 -0.977168024 0.21004805
vn 0.0647285134 -0.970450342 0.23245737
vn 0.00786981732 0.997921944 -0.0639513209
vn 0.0539365448 0.954511166 0.293256015
vn 0.149066508 0.966495335 0.208964035
vn 0.00786981732 0.997921944 -0.0639513209
vn 0.149066508 0.966495335 0.208964035
vn 0.104685016 0.985018134 -0.137041152
vn 0.0539365448 0.954511166 0.293256015
vn 0.0719740316 0.913932264 0.39943409
vn 0.116459683 0.887929738 0.444992065
vn 0.0539365448 0.954511166 0.293256015
vn 0.116459683 0.887929738 0.444992065
vn 0.149066508 0.966495335 0.208964035
vn 0.993990421 0.0047644712 0.109362684
vn 0.998291075 -0.00257058069 -0.0583815426
vn 0.999539375 -0.00133936305 -0.0303204339
vn 0.993990421 0.0047644712 0.109362684
vn 0.999539375 -0.00133936305 -0.0303204339
vn 0.988473654 0.00658329995 0.151249811
vn 0.0443689227 -0.988149941 0.146939203
vn 0.0647285134 -0.970450342 0.23245737
vn 0.00192030647 -0.999948263 -0.0099746827
vn 0.0443689227 -0.988149941 0.146939203
vn 0.00192030647 -0.999948263 -0.0099746827
vn 0 -0.99993521 -0.0113851009
vn 0.104685016 0.985018134 -0.137041152
vn 0.149066508 0.966495335 0.208964035
vn 0.235508829 0.96616143 0.105203196
vn 0.104685016 0.985018134 -0.137041152
vn 0.235508829 0.96616143 0.105203196
vn 0.123311006 0.983518362 -0.132234082
vn 0.149066508 0.966495335 0.208964035
vn 0.116459683 0.887929738 0.444992065
vn 0.272103816 0.880720973 0.387672424
vn 0.149066508 0.966495335 0.208964035
vn 0.272103816 0.880720973 0.387672424
vn 0.235508829 0.96616143 0.105203196
vn 0.988473654 0.00658329995 0.151249811
vn 0.961536765 0.011944253 0.274416476
vn 0.993990421 0.0047644712 0.109362684
vn 0.128684446 -0.927417517 0.351193815
vn 0.0787644014 -0.927418411 0.365638137
vn 0.0647285134 -0.970450342 0.23245737
vn 0.128684446 -0.927417517 0.351193815
vn 0.0647285134 -0.970450342 0.23245737
vn 0.0443689227 -0.988149941 0.146939203
vn 0.104685016 0.985018134 -0.137041152
vn 0.123311006 0.983518362 -0.132234082
vn 0.159736693 0.952346623 -0.259846389
vn 0.104685016 0.985018134 -0.137041152
vn 0.159736693 0.952346623 -0.259846389
vn 0.118375659 0.960966349 -0.25006187
vn -0.0144427158 -0.99740231 -0.0705692321
vn 0 -0.99993521 -0.0113851009
vn 0.00192030647 -0.999948263 -0.0099746827
vn -0.0144427158 -0.99740231 -0.0705692321
vn 0.00192030647 -0.999948263 -0.0099746827
vn -0.00391240418 -0.997187495 -0.0748450756
vn 0.999539375 -0.00133936305 -0.0303204339
vn 0.998291075 -0.00257058069 -0.0583815426
vn 0.989843249 -0.00625349069 -0.142025664
vn 0.0143308267 -0.998329222 -0.0559761785
vn -0.00391240418 -0.997187495 -0.0748450756
vn 0.00192030647 -0.999948263 -0.0099746827
vn 0.0143308267 -0.998329222 -0.0559761785
vn 0.00192030647 -0.999948263 -0.0099746827
vn 0.00761416368 -0.999967158 0.00275560725
vn 0.104685016 0.985018134 -0.137041152
vn 0.118375659 0.960966349 -0.25006187
vn 0.0224091969 0.977151692 -0.211358294
vn 0.104685016 0.985018134 -0.137041152
vn 0.0224091969 0.977151692 -0.211358294
vn 0.00786981732 0.997921944 -0.0639513209
vn -0.996491611 -0.00368284853 -0.0836119503
vn -0.999943078 -0.000481691764 -0.0106509347
vn -0.955296397 -0.0130098546 -0.295363575
vn -0.99159646 0.00566906482 0.129245549
vn -0.991777778 0.0055956468 0.127848968
vn -0.999943078 -0.000481691764 -0.0106509347
vn -0.99159646 0.00566906482 0.129245549
vn -0.999943078 -0.000481691764 -0.0106509347
vn -0.996491611 -0.00368284853 -0.0836119503
vn -0.99159646 0.00566906482 0.129245549
vn -0.99230957 0.00541237462 0.123661548
vn -0.991777778 0.0055956468 0.127848968
vn 0.372987837 -0.541957021 0.753101885
vn 0.386586547 -0.683437049 0.619245231
vn 0.448912919 -0.805871785 0.386067331
vn 0.372987837 -0.541957021 0.753101885
vn 0.448912919 -0.805871785 0.386067331
vn 0.47535789 -0.770442784 0.424797386
vn -0.459483713 0.849466622 0.259385824
vn -0.262847304 0.907048702 0.328897804
vn -0.281751961 0.735316813 0.616380572
vn -0.459483713 0.849466622 0.259385824
vn -0.281751961 0.735316813 0.616380572
vn -0.340263665 0.691744149 0.636954248
vn 0 -0.138113722 -0.990416229
vn 0 0.0347739644 -0.999395072
vn 0.0711230934 -0.0843589604 -0.993893981
vn 0 -0.138113722 -0.990416229
vn 0.0711230934 -0.0843589604 -0.993893981
vn 0 -0.138113722 -0.990416229
vn -0.459483713 0.849466622 0.259385824
vn -0.254494399 0.945284069 -0.204133421
vn -0.356205434 0.917007267 -0.179486334
vn -0.459483713 0.849466622 0.259385824
vn -0.356205434 0.917007267 -0.179486334
vn -0.262847304 0.907048702 0.328897804
vn 0.492337048 -0.870225906 -0.0176409557
vn 0.47535789 -0.770442784 0.424797386
vn 0.448912919 -0.805871785 0.386067331
vn 0.492337048 -0.870225906 -0.0176409557
vn 0.448912919 -0.805871785 0.386067331
vn 0.425640851 -0.903912306 -0.0420990624
vn 0.0711230934 -0.0843589604 -0.993893981
vn 0 0.0347739644 -0.999395072
vn 0.144452378 -0.0277712792 -0.989122033
vn 0.0711230934 -0.0843589604 -0.993893981
vn 0.144452378 -0.0277712792 -0.989122033
vn 0.277937949 -0.260053635 -0.924728453
vn -0.356205434 0.917007267 -0.179486334
vn -0.295219481 0.936411262 -0.189682379
vn -0.179188833 0.978366494 0.103394121
vn -0.356205434 0.917007267 -0.179486334
vn -0.179188833 0.978366494 0.103394121
vn -0.262847304 0.907048702 0.328897804
vn 0.4099617 -0.872862101 0.264656097
vn 0.397046655 -0.917345822 -0.0288215429
vn 0.425640851 -0.903912306 -0.0420990624
vn 0.4099617 -0.872862101 0.264656097
vn 0.425640851 -0.903912306 -0.0420990624
vn 0.448912919 -0.805871785 0.386067331
vn 0.386586547 -0.683437049 0.619245231
vn 0.433834255 -0.810415089 0.393719435
vn 0.4099617 -0.872862101 0.264656097
vn 0.386586547 -0.683437049 0.619245231
vn 0.4099617 -0.872862101 0.264656097
vn 0.448912919 -0.805871785 0.386067331
vn -0.262847304 0.907048702 0.328897804
vn -0.179188833 0.978366494 0.103394121
vn -0.138368338 0.82983613 0.540579319
vn -0.262847304 0.907048702 0.328897804
vn -0.138368338 0.82983613 0.540579319
vn -0.281751961 0.735316813 0.616380572
vn 0 0.993152618 -0.11682336
vn 0 0.995167017 -0.098195903
vn 0 0.988086879 -0.153896824
vn 0 0.993152618 -0.11682336
vn 0 0.988086879 -0.153896824
vn -0.254494399 0.945284069 -0.204133421
vn 0 0.995167017 -0.098195903
vn 0 0.993152618 -0.11682336
vn 0 0.999109805 -0.0421854034
vn -0.774069428 0.633006096 -0.0109387385
vn -0.783014417 0.620489061 -0.0433765128
vn -0.777952433 0.626450717 -0.0484726354
vn -0.774069428 0.633006096 -0.0109387385
vn -0.777952433 0.626450717 -0.0484726354
vn -0.769214094 0.638969064 0.00531407259
vn -0.769214094 0.638969064 0.00531407259
vn -0.762895346 0.643329144 0.0641739443
vn -0.774069428 0.633006096 -0.0109387385
vn -0.912545085 -0.389252663 -0.125474453
vn -0.961196721 -0.255207807 -0.10473717
vn -0.451286256 -0.882328868 -0.133552775
vn -0.912545085 -0.389252663 -0.125474453
vn -0.451286256 -0.882328868 -0.133552775
vn -0.406628877 -0.904319227 -0.129844919
vn -0.994979441 0.0535356924 -0.0845566541
vn -0.994429469 0.0131626595 -0.104579546
vn -0.903511167 0.418757796 -0.0911562443
vn -0.994979441 0.0535356924 -0.0845566541
vn -0.903511167 0.418757796 -0.0911562443
vn -0.861677825 0.502707362 -0.0692579895
vn -0.327842802 0.943245232 -0.0529857725
vn -0.498268962 0.865724623 -0.0474226438
vn -0.861677825 0.502707362 -0.0692579895
vn -0.327842802 0.943245232 -0.0529857725
vn -0.861677825 0.502707362 -0.0692579895
vn -0.903511167 0.418757796 -0.0911562443
vn -0.52541095 -0.84836179 -0.065004997
vn -0.391066343 -0.920229912 -0.0156210549
vn -0.953797638 -0.30044961 0.000380425336
vn -0.52541095 -0.84836179 -0.065004997
vn -0.953797638 -0.30044961 0.000380425336
vn -0.898674428 -0.436754018 -0.0403771326
vn -0.953797638 -0.30044961 0.000380425336
vn -0.922219694 -0.381443799 0.0633347705
vn -0.991537273 0.094957985 0.0885263756
vn -0.953797638 -0.30044961 0.000380425336
vn -0.991537273 0.094957985 0.0885263756
vn -0.999521673 -0.0228189528 0.020873284
vn -0.922219694 -0.381443799 0.0633347705
vn -0.953797638 -0.30044961 0.000380425336
vn -0.391066343 -0.920229912 -0.0156210549
vn -0.922219694 -0.381443799 0.0633347705
vn -0.391066343 -0.920229912 -0.0156210549
vn -0.527461767 -0.844584227 0.0919868052
vn -0.527461767 -0.844584227 0.0919868052
vn -0.323182642 -0.905135572 0.276193082
vn -0.891799629 -0.381159186 0.243743584
vn -0.527461767 -0.844584227 0.0919868052
vn -0.891799629 -0.381159186 0.243743584
vn -0.922219694 -0.381443799 0.0633347705
vn -0.991537273 0.094957985 0.0885263756
vn -0.922219694 -0.381443799 0.0633347705
vn -0.891799629 -0.381159186 0.243743584
vn -0.991537273 0.094957985 0.0885263756
vn -0.891799629 -0.381159186 0.243743584
vn -0.969866991 0.185776934 0.157623112
vn -0.323182642 -0.905135572 0.276193082
vn -0.527461767 -0.844584227 0.0919868052
vn 0.377591074 -0.922219634 0.0832829177
vn -0.323182642 -0.905135572 0.276193082
vn 0.377591074 -0.922219634 0.0832829177
vn 0.321884155 -0.878777206 0.352336884
vn -0.891799629 -0.381159186 0.243743584
vn -0.323182642 -0.905135572 0.276193082
vn -0.366752476 -0.797761381 0.478611946
vn -0.891799629 -0.381159186 0.243743584
vn -0.366752476 -0.797761381 0.478611946
vn -0.915626943 -0.274613827 0.29362309
vn -0.881678402 -0.465378433 -0.077885896
vn -0.902096152 -0.406534374 -0.144749224
vn -0.398227304 -0.906691074 -0.139018819
vn -0.881678402 -0.465378433 -0.077885896
vn -0.398227304 -0.906691074 -0.139018819
vn -0.355714977 -0.927292407 -0.116600536
vn -0.355714977 -0.927292407 -0.116600536
vn -0.52541095 -0.84836179 -0.065004997
vn -0.898674428 -0.436754018 -0.0403771326
vn -0.355714977 -0.927292407 -0.116600536
vn -0.898674428 -0.436754018 -0.0403771326
vn -0.881678402 -0.465378433 -0.077885896
vn -0.953797638 -0.30044961 0.000380425336
vn -0.999521673 -0.0228189528 0.020873284
vn -0.998587966 -0.052532088 0.00790384971
vn -0.953797638 -0.30044961 0.000380425336
vn -0.998587966 -0.052532088 0.00790384971
vn -0.898674428 -0.436754018 -0.0403771326
vn -0.406628877 -0.904319227 -0.129844919
vn 0.406594634 -0.903970599 -0.132355556
vn 0.284399718 -0.949508369 -0.13247861
vn -0.406628877 -0.904319227 -0.129844919
vn 0.284399718 -0.949508369 -0.13247861
vn -0.398227304 -0.906691074 -0.139018819
vn -0.902096152 -0.406534374 -0.144749224
vn -0.912545085 -0.389252663 -0.125474453
vn -0.406628877 -0.904319227 -0.129844919
vn -0.902096152 -0.406534374 -0.144749224
vn -0.406628877 -0.904319227 -0.129844919
vn -0.398227304 -0.906691074 -0.139018819
vn -0.993105114 0.0827266648 0.0830576122
vn -0.992035925 -0.0865510702 0.0915076882
vn -0.999521673 -0.0228189528 0.020873284
vn -0.993105114 0.0827266648 0.0830576122
vn -0.999521673 -0.0228189528 0.020873284
vn -0.991537273 0.094957985 0.0885263756
vn -0.991537273 0.094957985 0.0885263756
vn -0.969866991 0.185776934 0.157623112
vn -0.664711237 0.733250976 0.143185452
vn -0.991537273 0.094957985 0.0885263756
vn -0.664711237 0.733250976 0.143185452
vn -0.838177562 0.520298839 0.163546205
vn -0.664711237 0.733250976 0.143185452
vn -0.165667698 0.975835383 0.142476439
vn -0.204211354 0.972064793 0.115704909
vn -0.664711237 0.733250976 0.143185452
vn -0.204211354 0.972064793 0.115704909
vn -0.838177562 0.520298839 0.163546205
vn -0.838177562 0.520298839 0.163546205
vn -0.993105114 0.0827266648 0.0830576122
vn -0.991537273 0.094957985 0.0885263756
vn 0.165690079 0.977304995 0.131990552
vn 0.2716223 0.954909086 0.119874701
vn -0.204211354 0.972064793 0.115704909
vn 0.165690079 0.977304995 0.131990552
vn -0.204211354 0.972064793 0.115704909
vn -0.165667698 0.975835383 0.142476439
vn -0.969866991 0.185776934 0.157623112
vn -0.891799629 -0.381159186 0.243743584
vn -0.915626943 -0.274613827 0.29362309
vn -0.969866991 0.185776934 0.157623112
vn -0.915626943 -0.274613827 0.29362309
vn -0.972818673 0.16619435 0.161255136
vn -0.253516942 0.955260754 0.152334794
vn -0.165667698 0.975835383 0.142476439
vn -0.664711237 0.733250976 0.143185452
vn -0.253516942 0.955260754 0.152334794
vn -0.664711237 0.733250976 0.143185452
vn -0.752092004 0.640342832 0.155944899
vn -0.757792532 0.641559362 -0.118962556
vn -0.988248289 0.0482122004 -0.145054981
vn -0.964479506 0.108657837 -0.240775287
vn -0.757792532 0.641559362 -0.118962556
vn -0.964479506 0.108657837 -0.240775287
vn -0.603603423 0.724372506 -0.333087265
vn -0.9953987 -0.0485248081 -0.0826245099
vn -0.972241163 -0.057311438 -0.226853192
vn -0.964479506 0.108657837 -0.240775287
vn -0.9953987 -0.0485248081 -0.0826245099
vn -0.964479506 0.108657837 -0.240775287
vn -0.992913127 -0.0834913924 -0.0845746249
vn 0 0.985594511 -0.169126168
vn 0.00324945245 0.999086261 0.0426138304
vn -0.0038980369 0.999852657 0.0167215578
vn -7.46017613e-05 0.96789372 -0.251359224
vn -0.000223805284 0.96785754 -0.25149864
vn 0.000856247789 0.985551655 -0.169372156
vn -7.46017613e-05 0.96789372 -0.251359224
vn 0.000856247789 0.985551655 -0.169372156
vn 0 0.985594511 -0.169126168
vn -0.327842802 0.943245232 -0.0529857725
vn -0.207255721 0.977230012 -0.0454610623
vn 0.137826785 0.989509106 -0.0433088988
vn -0.327842802 0.943245232 -0.0529857725
vn 0.137826785 0.989509106 -0.0433088988
vn 0.436228931 0.897977412 -0.0578003339
vn -0.994429469 0.0131626595 -0.104579546
vn -0.988248289 0.0482122004 -0.145054981
vn -0.757792532 0.641559362 -0.118962556
vn -0.994429469 0.0131626595 -0.104579546
vn -0.757792532 0.641559362 -0.118962556
vn -0.903511167 0.418757796 -0.0911562443
vn -0.327842802 0.943245232 -0.0529857725
vn -0.903511167 0.418757796 -0.0911562443
vn -0.757792532 0.641559362 -0.118962556
vn -0.327842802 0.943245232 -0.0529857725
vn -0.757792532 0.641559362 -0.118962556
vn -0.207255721 0.977230012 -0.0454610623
vn -0.185617283 0.959843993 -0.210346743
vn -0.207255721 0.977230012 -0.0454610623
vn -0.757792532 0.641559362 -0.118962556
vn -0.185617283 0.959843993 -0.210346743
vn -0.757792532 0.641559362 -0.118962556
vn -0.603603423 0.724372506 -0.333087265
vn -0.902096152 -0.406534374 -0.144749224
vn -0.988248289 0.0482122004 -0.145054981
vn -0.994429469 0.0131626595 -0.104579546
vn -0.902096152 -0.406534374 -0.144749224
vn -0.994429469 0.0131626595 -0.104579546
vn -0.912545085 -0.389252663 -0.125474453
vn -0.981016099 0.050169304 0.187324792
vn -0.970086217 0.049424801 0.237676188
vn -0.999917924 -0.0122739887 -0.00367014413
vn -0.981016099 0.050169304 0.187324792
vn -0.999917924 -0.0122739887 -0.00367014413
vn -0.999721289 0.0101739587 0.021306213
vn -0.222034395 0.715818584 0.662045658
vn -0.146230593 0.76165092 0.631272137
vn -0.734235346 0.389320523 0.556172669
vn -0.222034395 0.715818584 0.662045658
vn -0.734235346 0.389320523 0.556172669
vn -0.815559149 0.300956488 0.494255304
vn -0.222034395 0.715818584 0.662045658
vn 0.296057254 0.685296893 0.665370703
vn 0.0973680466 0.768985152 0.631807983
vn -0.222034395 0.715818584 0.662045658
vn 0.0973680466 0.768985152 0.631807983
vn -0.146230593 0.76165092 0.631272137
vn -0.683400869 0.514456749 -0.517974436
vn -0.603603423 0.724372506 -0.333087265
vn -0.964479506 0.108657837 -0.240775287
vn -0.683400869 0.514456749 -0.517974436
vn -0.964479506 0.108657837 -0.240775287
vn -0.90368551 0.204605594 -0.376150101
vn -0.790908396 0.519599915 -0.323233426
vn -0.418180376 0.784751058 -0.457483411
vn -0.900120497 0.285425901 -0.329112679
vn -0.418180376 0.784751058 -0.457483411
vn -0.683400869 0.514456749 -0.517974436
vn -0.90368551 0.204605594 -0.376150101
vn -0.418180376 0.784751058 -0.457483411
vn -0.90368551 0.204605594 -0.376150101
vn -0.900120497 0.285425901 -0.329112679
vn -0.982761145 0.0943633839 -0.158984512
vn -0.900120497 0.285425901 -0.329112679
vn -0.90368551 0.204605594 -0.376150101
vn -0.982761145 0.0943633839 -0.158984512
vn -0.90368551 0.204605594 -0.376150101
vn -0.975462556 0.0173735023 -0.219478488
vn -0.998587966 -0.052532088 0.00790384971
vn -0.9953987 -0.0485248081 -0.0826245099
vn -0.992913127 -0.0834913924 -0.0845746249
vn -0.998587966 -0.052532088 0.00790384971
vn -0.992913127 -0.0834913924 -0.0845746249
vn -0.881678402 -0.465378433 -0.077885896
vn -0.998587966 -0.052532088 0.00790384971
vn -0.881678402 -0.465378433 -0.077885896
vn -0.898674428 -0.436754018 -0.0403771326
vn -0.99992013 -0.0121786017 -0.00333908969
vn -0.9953987 -0.0485248081 -0.0826245099
vn -0.998587966 -0.052532088 0.00790384971
vn -0.900120497 0.285425901 -0.329112679
vn -0.982761145 0.0943633839 -0.158984512
vn -0.993892074 0.0743234083 -0.0815745071
vn -0.603603423 0.724372506 -0.333087265
vn -0.683400869 0.514456749 -0.517974436
vn -0.164890587 0.856844902 -0.488495439
vn -0.603603423 0.724372506 -0.333087265
vn -0.164890587 0.856844902 -0.488495439
vn -0.185617283 0.959843993 -0.210346743
vn -0.752092004 0.640342832 0.155944899
vn -0.664711237 0.733250976 0.143185452
vn -0.969866991 0.185776934 0.157623112
vn -0.752092004 0.640342832 0.155944899
vn -0.969866991 0.185776934 0.157623112
vn -0.972818673 0.16619435 0.161255136
vn 0.321884155 -0.878777206 0.352336884
vn 0.484717429 -0.736700058 0.47151044
vn -0.366752476 -0.797761381 0.478611946
vn 0.321884155 -0.878777206 0.352336884
vn -0.366752476 -0.797761381 0.478611946
vn -0.323182642 -0.905135572 0.276193082
vn 0.284399718 -0.949508369 -0.13247861
vn 0.496990949 -0.860078335 -0.115175128
vn -0.355714977 -0.927292407 -0.116600536
vn 0.284399718 -0.949508369 -0.13247861
vn -0.355714977 -0.927292407 -0.116600536
vn -0.398227304 -0.906691074 -0.139018819
vn -0.327842802 0.943245232 -0.0529857725
vn 0.436228931 0.897977412 -0.0578003339
vn 0.326233774 0.944325805 -0.0426665992
vn -0.327842802 0.943245232 -0.0529857725
vn 0.326233774 0.944325805 -0.0426665992
vn -0.498268962 0.865724623 -0.0474226438
vn -0.185617283 0.959843993 -0.210346743
vn 0.18593289 0.938515127 -0.290892303
vn 0.137826785 0.989509106 -0.0433088988
vn -0.185617283 0.959843993 -0.210346743
vn 0.137826785 0.989509106 -0.0433088988
vn -0.207255721 0.977230012 -0.0454610623
vn -1 0 0
vn -1 0 0
vn -0.999967515 -0.00795056578 -0.00134206191
vn -1 0 0
vn -0.999967515 -0.00795056578 -0.00134206191
vn -0.99992013 -0.0121786017 -0.00333908969
vn -0.99992013 -0.0121786017 -0.00333908969
vn -0.998587966 -0.052532088 0.00790384971
vn -1 0 0
vn -0.991572082 -0.129142091 0.0103569347
vn -0.998587966 -0.052532088 0.00790384971
vn -0.992035925 -0.0865510702 0.0915076882
vn -0.991572082 -0.129142091 0.0103569347
vn -0.992035925 -0.0865510702 0.0915076882
vn -0.96776849 -0.246344 0.0523338392
vn -0.994201839 -0.0618392378 0.0879701152
vn -0.96776849 -0.246344 0.0523338392
vn -0.992035925 -0.0865510702 0.0915076882
vn -1 0 0
vn -0.998587966 -0.052532088 0.00790384971
vn -0.991572082 -0.129142091 0.0103569347
vn -1 0 0
vn -1 0 0
vn -1 0 0
vn -1 0 0
vn -1 0 0
vn -1 0 0
vn -1 0 0
vn -1 0 0
vn -1 0 0
vn -1 0 0
vn -1 0 0
vn -1 0 0
vn -1 0 0
vn -1 0 0
vn -1 0 0
vn -1 0 0
vn -1 0 0
vn -1 0 0
vn -0.998587966 -0.052532088 0.00790384971
vn -0.999521673 -0.0228189528 0.020873284
vn -0.992035925 -0.0865510702 0.0915076882
vn -0.126342833 0.896920681 0.423757792
vn 0.00324945245 0.999086261 0.0426138304
vn -0.0767397508 0.975348353 0.206897691
vn -0.126342833 0.896920681 0.423757792
vn -0.0767397508 0.975348353 0.206897691
vn -0.791247606 0.476704299 0.382988572
vn -0.126342833 0.896920681 0.423757792
vn -0.791247606 0.476704299 0.382988572
vn -0.501712501 0.690396369 0.521188378
vn -0.126342833 0.896920681 0.423757792
vn -0.501712501 0.690396369 0.521188378
vn -0.096105516 0.853133857 0.512763441
vn -0.981016099 0.050169304 0.187324792
vn -0.815559149 0.300956488 0.494255304
vn -0.734235346 0.389320523 0.556172669
vn -0.981016099 0.050169304 0.187324792
vn -0.734235346 0.389320523 0.556172669
vn -0.970086217 0.049424801 0.237676188
vn -0.791247606 0.476704299 0.382988572
vn -0.958954036 0.255920112 0.122115374
vn -0.501712501 0.690396369 0.521188378
vn -0.096105516 0.853133857 0.512763441
vn 0.144328952 0.846889675 0.511807621
vn 0.0947017446 0.909305811 0.405208975
vn -0.096105516 0.853133857 0.512763441
vn 0.0947017446 0.909305811 0.405208975
vn -0.126342833 0.896920681 0.423757792
vn -0.164890587 0.856844902 -0.488495439
vn -0.683400869 0.514456749 -0.517974436
vn -0.418180376 0.784751058 -0.457483411
vn -0.164890587 0.856844902 -0.488495439
vn -0.418180376 0.784751058 -0.457483411
vn -0.0709023699 0.961004615 -0.267288148
vn -0.994857967 -0.00565144653 -0.101121679
vn -0.991119802 -0.0152683295 -0.132092431
vn -0.997491121 -0.0047104666 -0.070635736
vn -0.991119802 -0.0152683295 -0.132092431
vn -0.991381705 -0.0129547473 -0.130362839
vn -0.997491121 -0.0047104666 -0.070635736
vn -0.997491121 -0.0047104666 -0.070635736
vn -0.999953151 -0.000229218276 -0.0096799843
vn -0.999949098 0.00036731991 -0.0100763682
vn -0.997491121 -0.0047104666 -0.070635736
vn -0.999949098 0.00036731991 -0.0100763682
vn -0.999216914 0.00362637429 -0.0394021682
vn -0.999216914 0.00362637429 -0.0394021682
vn -0.994857967 -0.00565144653 -0.101121679
vn -0.997491121 -0.0047104666 -0.070635736
vn -0.964479506 0.108657837 -0.240775287
vn -0.972241163 -0.057311438 -0.226853192
vn -0.975462556 0.0173735023 -0.219478488
vn -0.964479506 0.108657837 -0.240775287
vn -0.975462556 0.0173735023 -0.219478488
vn -0.90368551 0.204605594 -0.376150101
vn -0.0496358052 0.975902557 -0.21248582
vn -0.0709023699 0.961004615 -0.267288148
vn -0.418180376 0.784751058 -0.457483411
vn -0.0496358052 0.975902557 -0.21248582
vn -0.418180376 0.784751058 -0.457483411
vn -0.790908396 0.519599915 -0.323233426
vn -0.160234854 -0.496706635 0.852999032
vn 0.160252213 -0.486372381 0.85893029
vn 0.0266933814 -0.304002076 0.95229727
vn -0.160234854 -0.496706635 0.852999032
vn 0.0266933814 -0.304002076 0.95229727
vn -0.0443179123 -0.328264385 0.94354564
vn -0.577951729 -0.333659589 0.744743645
vn -0.826553822 0.152897984 0.541692734
vn -0.819754362 0.0154046211 0.572508097
vn -0.577951729 -0.333659589 0.744743645
vn -0.819754362 0.0154046211 0.572508097
vn -0.574677765 -0.376944333 0.726400852
vn -0.192419916 -0.56108284 0.805084229
vn -0.0233341586 -0.56107533 0.827435791
vn -0.160234854 -0.496706635 0.852999032
vn -0.192419916 -0.56108284 0.805084229
vn -0.160234854 -0.496706635 0.852999032
vn -0.574677765 -0.376944333 0.726400852
vn 0.0266933814 -0.304002076 0.95229727
vn 0.0400196575 0.279393524 0.95934236
vn -0.0401832871 0.191215724 0.980725229
vn 0.0266933814 -0.304002076 0.95229727
vn -0.0401832871 0.191215724 0.980725229
vn -0.0443179123 -0.328264385 0.94354564
vn -0.697977901 0.536421537 0.47442472
vn -0.819754362 0.0154046211 0.572508097
vn -0.826553822 0.152897984 0.541692734
vn -0.697977901 0.536421537 0.47442472
vn -0.826553822 0.152897984 0.541692734
vn -0.479337901 0.677129626 0.55832845
vn -0.0969963595 0.735083163 0.671002626
vn 0.145411611 0.727452338 0.670573175
vn 0.177161694 0.944368362 0.277095973
vn -0.0969963595 0.735083163 0.671002626
vn 0.177161694 0.944368362 0.277095973
vn -0.235791728 0.930277646 0.281044096
vn -0.235791728 0.930277646 0.281044096
vn -0.697977901 0.536421537 0.47442472
vn -0.479337901 0.677129626 0.55832845
vn -0.235791728 0.930277646 0.281044096
vn -0.479337901 0.677129626 0.55832845
vn -0.0969963595 0.735083163 0.671002626
vn -0.479337901 0.677129626 0.55832845
vn -0.0401832871 0.191215724 0.980725229
vn -0.0969963595 0.735083163 0.671002626
vn 0.0400196575 0.279393524 0.95934236
vn 0.145411611 0.727452338 0.670573175
vn -0.0969963595 0.735083163 0.671002626
vn 0.0400196575 0.279393524 0.95934236
vn -0.0969963595 0.735083163 0.671002626
vn -0.0401832871 0.191215724 0.980725229
vn -0.160234854 -0.496706635 0.852999032
vn -0.0443179123 -0.328264385 0.94354564
vn -0.577951729 -0.333659589 0.744743645
vn -0.961196721 -0.255207807 -0.10473717
vn -0.912545085 -0.389252663 -0.125474453
vn -0.994429469 0.0131626595 -0.104579546
vn -0.961196721 -0.255207807 -0.10473717
vn -0.994429469 0.0131626595 -0.104579546
vn -0.994979441 0.0535356924 -0.0845566541
vn -0.996751845 -0.0109897079 0.0797799081
vn -1 0 0
vn -0.994201839 -0.0618392378 0.0879701152
vn -0.996751845 -0.0109897079 0.0797799081
vn -0.994201839 -0.0618392378 0.0879701152
vn -0.992035925 -0.0865510702 0.0915076882
vn -0.952641308 -0.0316361487 0.302446336
vn -0.996751845 -0.0109897079 0.0797799081
vn -0.992035925 -0.0865510702 0.0915076882
vn -7.46017613e-05 0.96789372 -0.251359224
vn 0 0.985594511 -0.169126168
vn 7.46020087e-05 0.96789372 -0.251359224
vn -0.171094 0.0175606254 0.985098183
vn -0.172536194 0.0218306072 0.984761238
vn -0.186086804 -0.00402742485 0.982525051
vn -0.171094 0.0175606254 0.985098183
vn -0.186086804 -0.00402742485 0.982525051
vn -0.192807153 -0.0169646554 0.981090009
vn 0.936938405 -0.301960856 0.175972164
vn 0.936862946 -0.302469045 0.175499827
vn 0.972111166 -0.14546296 0.183958024
vn 0.936938405 -0.301960856 0.175972164
vn 0.972111166 -0.14546296 0.183958024
vn 0.982100248 0.0193119124 0.187365681
vn -0.0083255861 -0.999926269 -0.00884546712
vn -0.0083259847 -0.999926269 -0.00884685572
vn -0.0083255861 -0.999926269 -0.00884546712
vn -0.0083255861 -0.999926269 -0.00884546712
vn -0.0083255861 -0.999926269 -0.00884546712
vn -0.00832518563 -0.99992615 -0.00884407759
vn -0.982477129 -0.00251380354 -0.186366349
vn -0.982477307 -0.00251407595 -0.186365604
vn -0.982477129 -0.00251380354 -0.186366349
vn -0.982477129 -0.00251380354 -0.186366349
vn -0.982477129 -0.00251380354 -0.186366349
vn -0.982477009 -0.00251353113 -0.186367035
vn -0.163451999 0.986261368 -0.023912238
vn -0.163399264 0.98626858 -0.0239767097
vn -0.163451999 0.986261368 -0.023912238
vn -0.163451999 0.986261368 -0.023912238
vn -0.163451999 0.986261368 -0.023912238
vn -0.163504705 0.986254275 -0.0238477699
vn 0.982100248 0.0193119124 0.187365681
vn 0.972111166 -0.14546296 0.183958024
vn 0.966215551 0.178938478 0.185494944
vn 0.982100248 0.0193119124 0.187365681
vn 0.966215551 0.178938478 0.185494944
vn 0.966217518 0.178935513 0.185488015
vn -0.192807153 -0.0169646554 0.981090009
vn -0.186086804 -0.00402742485 0.982525051
vn -0.215682536 -0.047194656 0.975322366
vn -0.0352143832 -0.974949062 0.219623059
vn -0.0248872936 -0.96157074 0.27342701
vn -0.0207936 -0.865556538 0.500379384
vn -0.0352143832 -0.974949062 0.219623059
vn -0.0207936 -0.865556538 0.500379384
vn -0.0448994674 -0.892977715 0.44785586
vn -0.0448994674 -0.892977715 0.44785586
vn -0.0786059052 -0.923340857 0.375849575
vn -0.062173713 -0.965813994 0.251669824
vn -0.0448994674 -0.892977715 0.44785586
vn -0.062173713 -0.965813994 0.251669824
vn -0.0352143832 -0.974949062 0.219623059
vn -0.137620032 0.92303288 0.359264433
vn 0.00620823307 0.873078644 0.487539917
vn 0.0112262676 0.972453833 0.232824519
vn -0.137620032 0.92303288 0.359264433
vn 0.0112262676 0.972453833 0.232824519
vn -0.20362094 0.969881415 0.133673787
vn 0.016183883 0.863777995 0.503612399
vn 0.0201443806 0.991891742 0.125478953
vn 0.0112262676 0.972453833 0.232824519
vn 0.016183883 0.863777995 0.503612399
vn 0.0112262676 0.972453833 0.232824519
vn 0.00620823307 0.873078644 0.487539917
vn -0.0352143832 -0.974949062 0.219623059
vn -0.062173713 -0.965813994 0.251669824
vn 0.0529668666 -0.998385906 -0.0204957258
vn -0.0352143832 -0.974949062 0.219623059
vn 0.0529668666 -0.998385906 -0.0204957258
vn -0.0379990079 -0.998404026 -0.0417795181
vn -0.111919194 0.988490343 -0.101788744
vn -0.20362094 0.969881415 0.133673787
vn 0.0112262676 0.972453833 0.232824519
vn -0.111919194 0.988490343 -0.101788744
vn 0.0112262676 0.972453833 0.232824519
vn 0.0178263113 0.991718531 -0.127186537
vn -0.874679446 0.481569916 -0.0550117902
vn -0.620788574 0.777690113 -0.0990940928
vn -1 0 0
vn 0.188237399 -0.982057452 -0.0113892974
vn 0.186419487 -0.982382059 -0.0131570464
vn 0.200500906 -0.979201198 -0.0310557503
vn 0.188237399 -0.982057452 -0.0113892974
vn 0.200500906 -0.979201198 -0.0310557503
vn 0.173797071 -0.98390764 -0.0414772108
vn -0.620788574 0.777690113 -0.0990940928
vn -0.874679446 0.481569916 -0.0550117902
vn -0.229111373 0.967885494 -0.103468403
vn -0.620788574 0.777690113 -0.0990940928
vn -0.229111373 0.967885494 -0.103468403
vn -0.228739977 0.96531564 -0.125872478
vn -0.111919194 0.988490343 -0.101788744
vn -0.0546847098 0.985667646 -0.159589782
vn -0.228739977 0.96531564 -0.125872478
vn -0.111919194 0.988490343 -0.101788744
vn -0.228739977 0.96531564 -0.125872478
vn -0.229111373 0.967885494 -0.103468403
vn 0.173797071 -0.98390764 -0.0414772108
vn 0.0280984715 -0.997651339 -0.0624682195
vn 0.0529668666 -0.998385906 -0.0204957258
vn 0.173797071 -0.98390764 -0.0414772108
vn 0.0529668666 -0.998385906 -0.0204957258
vn 0.188237399 -0.982057452 -0.0113892974
vn -0.756090224 0.653496683 0.0356307849
vn -1 0 0
vn -1 0 0
vn 0.188237399 -0.982057452 -0.0113892974
vn -0.0516864285 -0.990160584 0.130041122
vn 0.055059623 -0.994827509 0.0853620321
vn 0.188237399 -0.982057452 -0.0113892974
vn 0.055059623 -0.994827509 0.0853620321
vn 0.186419487 -0.982382059 -0.0131570464
vn -0.0516864285 -0.990160584 0.130041122
vn -0.18833375 -0.93708843 0.293931395
vn -0.300478995 -0.923336089 0.239087507
vn -0.0516864285 -0.990160584 0.130041122
vn -0.300478995 -0.923336089 0.239087507
vn 0.055059623 -0.994827509 0.0853620321
vn -0.756090224 0.653496683 0.0356307849
vn -0.352333546 0.935195804 0.0356355458
vn -0.229111373 0.967885494 -0.103468403
vn -0.756090224 0.653496683 0.0356307849
vn -0.229111373 0.967885494 -0.103468403
vn -0.874679446 0.481569916 -0.0550117902
vn -0.756090224 0.653496683 0.0356307849
vn -0.712741137 0.678446829 0.178073257
vn -0.567382455 0.79387778 0.218712613
vn -0.756090224 0.653496683 0.0356307849
vn -0.567382455 0.79387778 0.218712613
vn -0.352333546 0.935195804 0.0356355458
vn -0.111919194 0.988490343 -0.101788744
vn -0.229111373 0.967885494 -0.103468403
vn -0.352333546 0.935195804 0.0356355458
vn -0.111919194 0.988490343 -0.101788744
vn -0.352333546 0.935195804 0.0356355458
vn -0.20362094 0.969881415 0.133673787
vn 0.0529668666 -0.998385906 -0.0204957258
vn -0.062173713 -0.965813994 0.251669824
vn -0.0516864285 -0.990160584 0.130041122
vn 0.0529668666 -0.998385906 -0.0204957258
vn -0.0516864285 -0.990160584 0.130041122
vn 0.188237399 -0.982057452 -0.0113892974
vn -0.20362094 0.969881415 0.133673787
vn -0.352333546 0.935195804 0.0356355458
vn -0.567382455 0.79387778 0.218712613
vn -0.20362094 0.969881415 0.133673787
vn -0.567382455 0.79387778 0.218712613
vn -0.137620032 0.92303288 0.359264433
vn -0.062173713 -0.965813994 0.251669824
vn -0.0786059052 -0.923340857 0.375849575
vn -0.18833375 -0.93708843 0.293931395
vn -0.062173713 -0.965813994 0.251669824
vn -0.18833375 -0.93708843 0.293931395
vn -0.0516864285 -0.990160584 0.130041122
vn -1 0 0
vn -0.756090224 0.653496683 0.0356307849
vn -0.874679446 0.481569916 -0.0550117902
vn -1 0 0
vn -0.874679446 0.481569916 -0.0550117902
vn -1 0 0
vn -0.0293693468 -0.999502063 -0.011535516
vn -0.0248872936 -0.96157074 0.27342701
vn -0.0352143832 -0.974949062 0.219623059
vn -0.0293693468 -0.999502063 -0.011535516
vn -0.0352143832 -0.974949062 0.219623059
vn -0.0379990079 -0.998404026 -0.0417795181
vn 0.0201443806 0.991891742 0.125478953
vn 0.0292560756 0.983671904 -0.177577376
vn 0.0178263113 0.991718531 -0.127186537
vn 0.0201443806 0.991891742 0.125478953
vn 0.0178263113 0.991718531 -0.127186537
vn 0.0112262676 0.972453833 0.232824519
vn 0.0280984715 -0.997651339 -0.0624682195
vn -0.0407439768 -0.996332884 -0.0752371475
vn -0.0379990079 -0.998404026 -0.0417795181
vn 0.0280984715 -0.997651339 -0.0624682195
vn -0.0379990079 -0.998404026 -0.0417795181
vn 0.0529668666 -0.998385906 -0.0204957258
vn 0.0178263113 0.991718531 -0.127186537
vn 0.0237868894 0.976791441 -0.212867737
vn -0.0546847098 0.985667646 -0.159589782
vn 0.0178263113 0.991718531 -0.127186537
vn -0.0546847098 0.985667646 -0.159589782
vn -0.111919194 0.988490343 -0.101788744
vn -0.0379990079 -0.998404026 -0.0417795181
vn -0.0407439768 -0.996332884 -0.0752371475
vn -0.0338935815 -0.99762547 -0.0599529482
vn -0.0379990079 -0.998404026 -0.0417795181
vn -0.0338935815 -0.99762547 -0.0599529482
vn -0.0293693468 -0.999502063 -0.011535516
vn 0.0237868894 0.976791441 -0.212867737
vn 0.0178263113 0.991718531 -0.127186537
vn 0.0292560756 0.983671904 -0.177577376
vn 0.0237868894 0.976791441 -0.212867737
vn 0.0292560756 0.983671904 -0.177577376
vn 0.0359372981 0.967232406 -0.251336217
vn -1 0 0
vn -1 0 0
vn -0.999967515 -0.00795056578 -0.00134206191
vn -1 0 0
vn -0.996751845 -0.0109897079 0.0797799081
vn -1 0 0
vn -0.996973515 0.031228967 0.0711938664
vn -0.958954036 0.255920112 0.122115374
vn -0.791247606 0.476704299 0.382988572
vn -0.996973515 0.031228967 0.0711938664
vn -0.791247606 0.476704299 0.382988572
vn -0.966002405 -0.098473981 0.239044353
vn -0.900120497 0.285425901 -0.329112679
vn -0.993892074 0.0743234083 -0.0815745071
vn -0.790908396 0.519599915 -0.323233426
vn -0.999557793 0.0246277209 -0.0166597608
vn -0.790908396 0.519599915 -0.323233426
vn -0.993892074 0.0743234083 -0.0815745071
vn -0.999557793 0.0246277209 -0.0166597608
vn -0.993892074 0.0743234083 -0.0815745071
vn -0.999967515 -0.00795056578 -0.00134206191
vn -1 0 0
vn -1 0 0
vn -0.996751845 -0.0109897079 0.0797799081
vn -0.999557793 0.0246277209 -0.0166597608
vn -0.999967515 -0.00795056578 -0.00134206191
vn -1 0 0
vn -0.999557793 0.0246277209 -0.0166597608
vn -1 0 0
vn -0.996751845 -0.0109897079 0.0797799081
vn -0.902096152 -0.406534374 -0.144749224
vn -0.881678402 -0.465378433 -0.077885896
vn -0.992913127 -0.0834913924 -0.0845746249
vn -0.902096152 -0.406534374 -0.144749224
vn -0.992913127 -0.0834913924 -0.0845746249
vn -0.988248289 0.0482122004 -0.145054981
vn -0.00110937748 -0.00117559801 -0.999998689
vn -0.00334172742 -0.00263477326 -0.999991
vn -0.00167086604 -0.0032707341 -0.999993205
vn -0.00110937748 -0.00117559801 -0.999998689
vn -0.00167086604 -0.0032707341 -0.999993205
vn 0.000854541489 -0.00222303835 -0.999997079
vn 0.000854541489 -0.00222303835 -0.999997079
vn 0.00334172626 -0.00263477326 -0.999991
vn 0.00112848321 -0.000720934768 -0.999999106
vn 0.000854541489 -0.00222303835 -0.999997079
vn 0.00112848321 -0.000720934768 -0.999999106
vn 0.000493240077 3.47699606e-05 -0.999999881
vn 0.00112848321 -0.000720934768 -0.999999106
vn -0.00189652725 0.00145105529 -0.999997199
vn -0.000948264031 0.00124486734 -0.999998748
vn 0.00112848321 -0.000720934768 -0.999999106
vn -0.000948264031 0.00124486734 -0.999998748
vn 0.000493240077 3.47699606e-05 -0.999999881
vn -0.00110937748 -0.00117559801 -0.999998689
vn 0.000854541489 -0.00222303835 -0.999997079
vn 0.000493240077 3.47699606e-05 -0.999999881
vn -0.00110937748 -0.00117559801 -0.999998689
vn 0.000493240077 3.47699606e-05 -0.999999881
vn 0.00189652795 0.00145105529 -0.999997199
vn 0.000856247789 0.985551655 -0.169372156
vn -0.0767397508 0.975348353 0.206897691
vn 0.00324945245 0.999086261 0.0426138304
vn 0.000856247789 0.985551655 -0.169372156
vn 0.00324945245 0.999086261 0.0426138304
vn 0 0.985594511 -0.169126168
vn -0.992913127 -0.0834913924 -0.0845746249
vn -0.964479506 0.108657837 -0.240775287
vn -0.988248289 0.0482122004 -0.145054981
vn -0.541570604 0.840477407 0.0172925536
vn -0.549245179 0.835369468 0.0220841561
vn -0.496024311 0.868159592 0.016088441
vn -0.541570604 0.840477407 0.0172925536
vn -0.496024311 0.868159592 0.016088441
vn -0.447339714 0.894229472 0.0155204488
vn 0.205863699 -0.978507936 -0.0119376285
vn 0.13087748 -0.991373003 -0.00711327698
vn 0.133492544 -0.990990102 -0.0108787501
vn 0.205863699 -0.978507936 -0.0119376285
vn 0.133492544 -0.990990102 -0.0108787501
vn 0.279629678 -0.959965229 -0.016553808
vn -0.0542647913 -0.14987129 -0.987215161
vn -0.0693050772 -0.12519072 -0.989709139
vn -0.0427821614 -0.129840225 -0.990611553
vn -0.0542647913 -0.14987129 -0.987215161
vn -0.0427821614 -0.129840225 -0.990611553
vn -0.023674123 -0.143150151 -0.989417791
vn -0.0586647242 -0.0737740025 0.99554801
vn -0.0250898469 -0.0716392994 0.997115016
vn -0.0482909679 -0.0563501418 0.99724257
vn -0.0586647242 -0.0737740025 0.99554801
vn -0.0482909679 -0.0563501418 0.99724257
vn -0.0760474801 -0.0464757234 0.996020496
vn -0.54003644 0.841481566 0.0164183341
vn -0.664003551 0.747726202 0.00221982854
vn -0.447339714 0.894229472 0.0155204488
vn -0.54003644 0.841481566 0.0164183341
vn -0.447339714 0.894229472 0.0155204488
vn -0.496024311 0.868159592 0.016088441
vn -0.00897276308 0.0206842013 0.999745786
vn -0.0100988466 0.0220588297 0.999705732
vn -0.031326253 -0.0449318737 0.998498797
vn -0.00897276308 0.0206842013 0.999745786
vn -0.031326253 -0.0449318737 0.998498797
vn -0.0512910038 -0.0624493733 0.996729255
vn -0.893719733 0.448599041 -0.00489198882
vn -0.973922431 0.226666436 -0.00986110885
vn -0.664003551 0.747726202 0.00221982854
vn -0.893719733 0.448599041 -0.00489198882
vn -0.664003551 0.747726202 0.00221982854
vn -0.54003644 0.841481566 0.0164183341
vn 0.634494066 -0.772924542 -0.00222446746
vn 0.971754432 -0.235770971 0.010263036
vn 0.884340942 -0.466814041 0.00508889509
vn 0.634494066 -0.772924542 -0.00222446746
vn 0.884340942 -0.466814041 0.00508889509
vn 0.498572469 -0.866683006 -0.0169180445
vn -0.00928073376 -0.0680988356 -0.997635424
vn -0.00993656367 -0.0674229339 -0.997675002
vn -0.0426386856 -0.131267905 -0.99042964
vn -0.00928073376 -0.0680988356 -0.997635424
vn -0.0426386856 -0.131267905 -0.99042964
vn -0.0359945148 -0.150004819 -0.988029838
vn 0 -0.999053955 0.0434885249
vn 0 -0.999053955 0.0434885249
vn 0 -0.999053955 0.0434885249
vn 0 -0.999053955 0.0434885249
vn 0 -0.999053955 0.0434885249
vn 0 -0.999053955 0.0434885249
vn -1 0 0
vn -1 0 0
vn -0.973922431 0.226666436 -0.00986110885
vn -1 0 0
vn -0.973922431 0.226666436 -0.00986110885
vn -0.893719733 0.448599041 -0.00489198882
vn 0.971754432 -0.235770971 0.010263036
vn 1 0 0
vn 1 0 0
vn 0.971754432 -0.235770971 0.010263036
vn 1 0 0
vn 0.884340942 -0.466814041 0.00508889509
vn -0.00897276308 0.0206842013 0.999745786
vn 0 0.0434371233 0.99905616
vn 0.000312027172 0.0434850864 0.999054015
vn -0.00897276308 0.0206842013 0.999745786
vn 0.000312027172 0.0434850864 0.999054015
vn -0.0100988466 0.0220588297 0.999705732
vn 0.000927659858 -0.0436878316 -0.999044657
vn -0.00993656367 -0.0674229339 -0.997675002
vn -0.00928073376 -0.0680988356 -0.997635424
vn 0.000927659858 -0.0436878316 -0.999044657
vn -0.00928073376 -0.0680988356 -0.997635424
vn 0 -0.0435334072 -0.999051988
vn 0.498572469 -0.866683006 -0.0169180445
vn 0.205863699 -0.978507936 -0.0119376285
vn 0.279629678 -0.959965229 -0.016553808
vn 0.498572469 -0.866683006 -0.0169180445
vn 0.279629678 -0.959965229 -0.016553808
vn 0.634494066 -0.772924542 -0.00222446746
vn -0.0586647242 -0.0737740025 0.99554801
vn -0.0760474801 -0.0464757234 0.996020496
vn -0.0512910038 -0.0624493733 0.996729255
vn -0.0586647242 -0.0737740025 0.99554801
vn -0.0512910038 -0.0624493733 0.996729255
vn -0.031326253 -0.0449318737 0.998498797
vn -0.0542647913 -0.14987129 -0.987215161
vn -0.0359945148 -0.150004819 -0.988029838
vn -0.0426386856 -0.131267905 -0.99042964
vn -0.0542647913 -0.14987129 -0.987215161
vn -0.0426386856 -0.131267905 -0.99042964
vn -0.0693050772 -0.12519072 -0.989709139
vn -0.700369418 0.69437331 -0.165313318
vn -0.700597644 0.204012156 -0.683770478
vn -0.700452626 0.443201244 -0.559409201
vn -0.700369418 0.69437331 -0.165313318
vn -0.700452626 0.443201244 -0.559409201
vn -0.700660348 0.705844283 0.104206443
vn 0 0.972774565 -0.231753662
vn 0 0.28587833 -0.958265781
vn 0 0.621034682 -0.783783138
vn 0 0.972774565 -0.231753662
vn 0 0.621034682 -0.783783138
vn 0 0.989310741 0.145823032
vn 0.700345099 0.694417059 -0.165232345
vn 0.700658619 0.204068109 -0.683691204
vn 0.700409651 0.44331181 -0.559375584
vn 0.700345099 0.694417059 -0.165232345
vn 0.700409651 0.44331181 -0.559375584
vn 0.700609326 0.705899894 0.104172893
vn -0.700597644 0.204012156 -0.683770478
vn -0.64714992 -0.547975123 -0.530019104
vn -0.700858951 -0.262645394 -0.663184822
vn -0.700597644 0.204012156 -0.683770478
vn -0.700858951 -0.262645394 -0.663184822
vn -0.700452626 0.443201244 -0.559409201
vn 0 0.28587833 -0.958265781
vn 0 -0.719537973 -0.69445312
vn 0 -0.384816527 -0.922993064
vn 0 0.28587833 -0.958265781
vn 0 -0.384816527 -0.922993064
vn 0 0.621034682 -0.783783138
vn 0.700658619 0.204068109 -0.683691204
vn 0.637345552 -0.553631902 -0.535987318
vn 0.702352107 -0.276883364 -0.65577209
vn 0.700658619 0.204068109 -0.683691204
vn 0.702352107 -0.276883364 -0.65577209
vn 0.700409651 0.44331181 -0.559375584
vn -0.64714992 -0.547975123 -0.530019104
vn -0.571302295 -0.80147928 0.176761657
vn -0.581977367 -0.8088395 -0.0841474384
vn -0.64714992 -0.547975123 -0.530019104
vn -0.581977367 -0.8088395 -0.0841474384
vn -0.700858951 -0.262645394 -0.663184822
vn 0 -0.719537973 -0.69445312
vn 0 -0.914661765 -0.404220194
vn 0 -0.914661765 -0.404220194
vn 0 -0.719537973 -0.69445312
vn 0 -0.914661765 -0.404220194
vn 0 -0.384816527 -0.922993064
vn 0.637345552 -0.553631902 -0.535987318
vn 0.518309116 -0.854449809 0.0356535725
vn 0.605023503 -0.795465648 0.0343663059
vn 0.637345552 -0.553631902 -0.535987318
vn 0.605023503 -0.795465648 0.0343663059
vn 0.702352107 -0.276883364 -0.65577209
vn -0.571302295 -0.80147928 0.176761657
vn -0.702493906 -0.218042016 0.677465856
vn -0.640964806 -0.501661777 0.580947161
vn -0.571302295 -0.80147928 0.176761657
vn -0.640964806 -0.501661777 0.580947161
vn -0.581977367 -0.8088395 -0.0841474384
vn 0 -0.874598563 0.484847754
vn 0 -0.302382082 0.95318681
vn 0 -0.6548177 0.755786896
vn 0 -0.874598563 0.484847754
vn 0 -0.6548177 0.755786896
vn 0 -0.874598563 0.484847754
vn 0.605023503 -0.795465648 0.0343663059
vn 0.518309116 -0.854449809 0.0356535725
vn 0.665648699 -0.370997816 0.647512555
vn 0.605023503 -0.795465648 0.0343663059
vn 0.665648699 -0.370997816 0.647512555
vn 0.707301259 -0.348466933 0.615057528
vn -0.702493906 -0.218042016 0.677465856
vn -0.700832546 0.490106285 0.51829493
vn -0.701104879 0.262477666 0.662991285
vn -0.702493906 -0.218042016 0.677465856
vn -0.701104879 0.262477666 0.662991285
vn -0.640964806 -0.501661777 0.580947161
vn 0 -0.302382082 0.95318681
vn 0 0.687056541 0.726603806
vn 0 0.368170619 0.929758251
vn 0 -0.302382082 0.95318681
vn 0 0.368170619 0.929758251
vn 0 -0.6548177 0.755786896
vn 0.665648699 -0.370997816 0.647512555
vn 0.700774133 0.490169764 0.518313587
vn 0.701123476 0.262565762 0.662936687
vn 0.665648699 -0.370997816 0.647512555
vn 0.701123476 0.262565762 0.662936687
vn 0.707301259 -0.348466933 0.615057528
vn -0.700832546 0.490106285 0.51829493
vn -0.700369418 0.69437331 -0.165313318
vn -0.700660348 0.705844283 0.104206443
vn -0.700832546 0.490106285 0.51829493
vn -0.700660348 0.705844283 0.104206443
vn -0.701104879 0.262477666 0.662991285
vn 0 0.687056541 0.726603806
vn 0 0.972774565 -0.231753662
vn 0 0.989310741 0.145823032
vn 0 0.687056541 0.726603806
vn 0 0.989310741 0.145823032
vn 0 0.368170619 0.929758251
vn 0.700774133 0.490169764 0.518313587
vn 0.700345099 0.694417059 -0.165232345
vn 0.700609326 0.705899894 0.104172893
vn 0.700774133 0.490169764 0.518313587
vn 0.700609326 0.705899894 0.104172893
vn 0.701123476 0.262565762 0.662936687
vn -1 0 0
vn -1 0 0
vn -1 0 0
vn 1 0 0
vn 1 0 0
vn 1 0 0
vn -1 0 0
vn -1 0 0
vn -1 0 0
vn 1 0 0
vn 1 0 0
vn 1 0 0
vn -1 0 0
vn -1 0 0
vn -1 0 0
vn 1 0 0
vn 1 0 0
vn 1 0 0
vn -1 0 0
vn -1 0 0
vn -1 0 0
vn 1 0 0
vn 1 0 0
vn 1 0 0
vn -1 0 0
vn -1 0 0
vn -1 0 0
vn 1 0 0
vn 1 0 0
vn 1 0 0
vn -1 0 0
vn -1 0 0
vn -1 0 0
vn 1 0 0
vn 1 0 0
vn 1 0 0
vn -0.031976901 -0.977168024 0.210048229
vn -0.0647285506 -0.970450342 0.232457206
vn -0.00192028878 -0.999948263 -0.00997468363
vn -0.031976901 -0.977168024 0.210048229
vn -0.00192028878 -0.999948263 -0.00997468363
vn -0.00761416787 -0.999967158 0.00275560142
vn -0.0787643567 -0.927418292 0.365638316
vn -0.0647285506 -0.970450342 0.232457206
vn -0.031976901 -0.977168024 0.210048229
vn -0.0787643567 -0.927418292 0.365638316
vn -0.031976901 -0.977168024 0.210048229
vn -0.0564432889 -0.921165109 0.385057092
vn -0.00786982104 0.997921944 -0.0639513209
vn -0.104685232 0.985018134 -0.137041152
vn -0.149066791 0.966495275 0.208963707
vn -0.00786982104 0.997921944 -0.0639513209
vn -0.149066791 0.966495275 0.208963707
vn -0.053936597 0.954511166 0.293256313
vn -0.053936597 0.954511166 0.293256313
vn -0.149066791 0.966495275 0.208963707
vn -0.116459608 0.887929678 0.444992304
vn -0.053936597 0.954511166 0.293256313
vn -0.116459608 0.887929678 0.444992304
vn -0.071974121 0.913931847 0.399434835
vn -0.9939906 0.0047644279 0.109361701
vn -0.988473952 0.00658320542 0.151247621
vn -0.999539375 -0.00133935874 -0.0303203221
vn -0.9939906 0.0047644279 0.109361701
vn -0.999539375 -0.00133935874 -0.0303203221
vn -0.998291016 -0.00257060258 -0.058382038
vn -0.0443690494 -0.988149941 0.14693898
vn 0 -0.99993521 -0.0113851018
vn -0.00192028878 -0.999948263 -0.00997468363
vn -0.0443690494 -0.988149941 0.14693898
vn -0.00192028878 -0.999948263 -0.00997468363
vn -0.0647285506 -0.970450342 0.232457206
vn -0.104685232 0.985018134 -0.137041152
vn -0.123310752 0.983518481 -0.132234111
vn -0.235509411 0.96616137 0.105202653
vn -0.104685232 0.985018134 -0.137041152
vn -0.235509411 0.96616137 0.105202653
vn -0.149066791 0.966495275 0.208963707
vn -0.149066791 0.966495275 0.208963707
vn -0.235509411 0.96616137 0.105202653
vn -0.272104204 0.880721211 0.38767159
vn -0.149066791 0.966495275 0.208963707
vn -0.272104204 0.880721211 0.38767159
vn -0.116459608 0.887929678 0.444992304
vn -0.988473952 0.00658320542 0.151247621
vn -0.9939906 0.0047644279 0.109361701
vn -0.961538315 0.0119440155 0.274410993
vn -0.128684506 -0.927417636 0.351193488
vn -0.0443690494 -0.988149941 0.14693898
vn -0.0647285506 -0.970450342 0.232457206
vn -0.128684506 -0.927417636 0.351193488
vn -0.0647285506 -0.970450342 0.232457206
vn -0.0787643567 -0.927418292 0.365638316
vn -0.104685232 0.985018134 -0.137041152
vn -0.118376121 0.960966289 -0.25006184
vn -0.159737006 0.952346563 -0.259846479
vn -0.104685232 0.985018134 -0.137041152
vn -0.159737006 0.952346563 -0.259846479
vn -0.123310752 0.983518481 -0.132234111
vn 0.0144427847 -0.99740231 -0.0705692321
vn 0.00391247869 -0.997187495 -0.0748450756
vn -0.00192028878 -0.999948263 -0.00997468363
vn 0.0144427847 -0.99740231 -0.0705692321
vn -0.00192028878 -0.999948263 -0.00997468363
vn 0 -0.99993521 -0.0113851018
vn -0.999539375 -0.00133935874 -0.0303203221
vn -0.989842832 -0.0062535922 -0.142027959
vn -0.998291016 -0.00257060258 -0.058382038
vn -0.014330823 -0.998329222 -0.0559761897
vn -0.00761416787 -0.999967158 0.00275560142
vn -0.00192028878 -0.999948263 -0.00997468363
vn -0.014330823 -0.998329222 -0.0559761897
vn -0.00192028878 -0.999948263 -0.00997468363
vn 0.00391247869 -0.997187495 -0.0748450756
vn -0.104685232 0.985018134 -0.137041152
vn -0.00786982104 0.997921944 -0.0639513209
vn -0.0224091914 0.977151692 -0.211358294
vn -0.104685232 0.985018134 -0.137041152
vn -0.0224091914 0.977151692 -0.211358294
vn -0.118376121 0.960966289 -0.25006184
vn 0.996491671 -0.0036828015 -0.0836108699
vn 0.955296993 -0.0130097661 -0.295361549
vn 0.999943256 -0.000481660943 -0.0106502231
vn 0.991596937 0.00566888507 0.129241437
vn 0.996491671 -0.0036828015 -0.0836108699
vn 0.999943256 -0.000481660943 -0.0106502231
vn 0.991596937 0.00566888507 0.129241437
vn 0.999943256 -0.000481660943 -0.0106502231
vn 0.991778672 0.00559537718 0.127842799
vn 0.991596937 0.00566888507 0.129241437
vn 0.991778672 0.00559537718 0.127842799
vn 0.992311239 0.00541183352 0.123649195
vn -0.372987568 -0.541956544 0.753102541
vn -0.47535795 -0.770443082 0.42479676
vn -0.448913395 -0.805870831 0.386068642
vn -0.372987568 -0.541956544 0.753102541
vn -0.448913395 -0.805870831 0.386068642
vn -0.386586905 -0.683434546 0.619247854
vn 0.459484309 0.849467278 0.259383172
vn 0.34026581 0.691747367 0.636949599
vn 0.281754673 0.735320449 0.616375029
vn 0.459484309 0.849467278 0.259383172
vn 0.281754673 0.735320449 0.616375029
vn 0.262848169 0.907049239 0.328895867
vn 0 -0.138113722 -0.990416229
vn 0 -0.138113722 -0.990416229
vn -0.0711244866 -0.0843600556 -0.993893743
vn 0 -0.138113722 -0.990416229
vn -0.0711244866 -0.0843600556 -0.993893743
vn 0 0.0347739644 -0.999395072
vn 0.459484309 0.849467278 0.259383172
vn 0.262848169 0.907049239 0.328895867
vn 0.356206447 0.917007148 -0.179484755
vn 0.459484309 0.849467278 0.259383172
vn 0.356206447 0.917007148 -0.179484755
vn 0.254494339 0.945284069 -0.204133913
vn -0.492337286 -0.870225728 -0.0176403765
vn -0.425641894 -0.903912067 -0.042096246
vn -0.448913395 -0.805870831 0.386068642
vn -0.492337286 -0.870225728 -0.0176403765
vn -0.448913395 -0.805870831 0.386068642
vn -0.47535795 -0.770443082 0.42479676
vn -0.0711244866 -0.0843600556 -0.993893743
vn -0.277943254 -0.260057747 -0.924725652
vn -0.144455284 -0.0277734436 -0.989121497
vn -0.0711244866 -0.0843600556 -0.993893743
vn -0.144455284 -0.0277734436 -0.989121497
vn 0 0.0347739644 -0.999395072
vn 0.356206447 0.917007148 -0.179484755
vn 0.262848169 0.907049239 0.328895867
vn 0.179190278 0.978366196 0.103394404
vn 0.356206447 0.917007148 -0.179484755
vn 0.179190278 0.978366196 0.103394404
vn 0.295223832 0.936410069 -0.18968159
vn -0.409962952 -0.87286061 0.264659643
vn -0.448913395 -0.805870831 0.386068642
vn -0.425641894 -0.903912067 -0.042096246
vn -0.409962952 -0.87286061 0.264659643
vn -0.425641894 -0.903912067 -0.042096246
vn -0.397046685 -0.917345822 -0.0288215373
vn -0.386586905 -0.683434546 0.619247854
vn -0.448913395 -0.805870831 0.386068642
vn -0.409962952 -0.87286061 0.264659643
vn -0.386586905 -0.683434546 0.619247854
vn -0.409962952 -0.87286061 0.264659643
vn -0.433834791 -0.810411036 0.393727541
vn 0.262848169 0.907049239 0.328895867
vn 0.281754673 0.735320449 0.616375029
vn 0.138369456 0.829837918 0.540576518
vn 0.262848169 0.907049239 0.328895867
vn 0.138369456 0.829837918 0.540576518
vn 0.179190278 0.978366196 0.103394404
vn 0 0.993152618 -0.11682336
vn 0.254494339 0.945284069 -0.204133913
vn 0 0.988086879 -0.153896824
vn 0 0.993152618 -0.11682336
vn 0 0.988086879 -0.153896824
vn 0 0.995167017 -0.098195903
vn 0 0.995167017 -0.098195903
vn 0 0.999109805 -0.042185396
vn 0 0.993152618 -0.11682336
vn 0.774070024 0.63300544 -0.0109449914
vn 0.769215107 0.638967991 0.00530482782
vn 0.777952552 0.626450539 -0.0484728143
vn 0.774070024 0.63300544 -0.0109449914
vn 0.777952552 0.626450539 -0.0484728143
vn 0.783014417 0.620489061 -0.0433768071
vn 0.769215107 0.638967991 0.00530482782
vn 0.774070024 0.63300544 -0.0109449914
vn 0.762897968 0.643327892 0.0641555637
vn 0.819755495 0.0154067026 0.572506189
vn 0.826556146 0.15289548 0.541689873
vn 0.577953935 -0.333658278 0.744742513
vn 0.819755495 0.0154067026 0.572506189
vn 0.577953935 -0.333658278 0.744742513
vn 0.57468164 -0.376943946 0.726397991
vn -0.574677765 -0.376944333 0.726400852
vn -0.160234854 -0.496706635 0.852999032
vn -0.577951729 -0.333659589 0.744743645
vn -0.602170289 0.141528979 0.785722971
vn -0.795480549 0.10648068 0.596550524
vn -0.383200377 0.163684532 0.909046054
vn -0.602170289 0.141528979 0.785722971
vn -0.383200377 0.163684532 0.909046054
vn -0.383895159 0.163310185 0.908820271
vn -0.000355526106 -0.984103918 0.177593201
vn -0.000238133856 -0.984161437 0.177274421
vn -0.000261664652 -0.984039485 0.177949235
vn -0.000355526106 -0.984103918 0.177593201
vn -0.000261664652 -0.984039485 0.177949235
vn -0.000242222217 -0.984058738 0.17784366
vn -0.136935249 0.173049808 0.9753474
vn 0.136805788 0.173052937 0.975365043
vn -0.382926881 0.161392301 0.909571052
vn -0.136935249 0.173049808 0.9753474
vn -0.382926881 0.161392301 0.909571052
vn -0.382756144 0.161441863 0.909634173
vn -1.82549029e-05 0.984163761 -0.177260861
vn 0.00102330709 0.984261036 -0.176717967
vn -0.00196233671 0.984270573 -0.176656708
vn -1.82549029e-05 0.984163761 -0.177260861
vn -0.00196233671 0.984270573 -0.176656708
vn -0.00262933201 0.984357357 -0.176163793
vn -0.382859975 0.164520055 0.909038723
vn -0.383583158 0.163285419 0.908956468
vn -0.603772581 0.142140016 0.784381926
vn -0.382859975 0.164520055 0.909038723
vn -0.603772581 0.142140016 0.784381926
vn -0.79706341 0.10796915 0.594165444
vn -0.795480549 0.10648068 0.596550524
vn -0.602170289 0.141528979 0.785722971
vn -0.989853442 0.0252062716 0.139837891
vn -0.795480549 0.10648068 0.596550524
vn -0.989853442 0.0252062716 0.139837891
vn -0.990975916 -0.0241564866 -0.131844237
vn -0.000242222217 -0.984058738 0.17784366
vn -0.000261664652 -0.984039485 0.177949235
vn -0.000345668843 -0.984148085 0.177348182
vn -0.000242222217 -0.984058738 0.17784366
vn -0.000345668843 -0.984148085 0.177348182
vn -0.000972154667 -0.984131455 0.177438393
vn -0.923448205 0.0671273544 0.377805829
vn -0.923585534 0.0669975132 0.377493322
vn -0.990558624 0.023956297 0.134980246
vn -0.923448205 0.0671273544 0.377805829
vn -0.990558624 0.023956297 0.134980246
vn -0.990557611 -0.0239577536 -0.134987712
vn -0.00262933201 0.984357357 -0.176163793
vn -0.00196233671 0.984270573 -0.176656708
vn -0.00183278765 0.984211624 -0.176985756
vn -0.00262933201 0.984357357 -0.176163793
vn -0.00183278765 0.984211624 -0.176985756
vn -0.000432270783 0.984181225 -0.177164167
vn -0.79706341 0.10796915 0.594165444
vn -0.603772581 0.142140016 0.784381926
vn -0.923878193 0.0681519359 0.37656939
vn -0.79706341 0.10796915 0.594165444
vn -0.923878193 0.0681519359 0.37656939
vn -0.924002647 0.0676083341 0.376361847
vn -0.990975916 -0.0241564866 -0.131844237
vn -0.989853442 0.0252062716 0.139837891
vn -0.925353885 -0.0662480593 -0.37327081
vn -0.990975916 -0.0241564866 -0.131844237
vn -0.925353885 -0.0662480593 -0.37327081
vn -0.923578978 -0.0690097138 -0.377146661
vn -0.000972154667 -0.984131455 0.177438393
vn -0.000345668843 -0.984148085 0.177348182
vn -0.00145772169 -0.984117627 0.177511632
vn -0.000972154667 -0.984131455 0.177438393
vn -0.00145772169 -0.984117627 0.177511632
vn -0.000722374301 -0.984018981 0.178062543
vn -0.990557611 -0.0239577536 -0.134987712
vn -0.990558624 0.023956297 0.134980246
vn -0.923445165 -0.0671288297 -0.377813101
vn -0.990557611 -0.0239577536 -0.134987712
vn -0.923445165 -0.0671288297 -0.377813101
vn -0.923582077 -0.0669993013 -0.377501309
vn -0.000432270783 0.984181225 -0.177164167
vn -0.00183278765 0.984211624 -0.176985756
vn -0.000327536196 0.984073937 -0.177758873
vn -0.000432270783 0.984181225 -0.177164167
vn -0.000327536196 0.984073937 -0.177758873
vn -0.000235841057 0.983871937 -0.178874195
vn -0.923876882 -0.0681474656 -0.376573324
vn -0.924000084 -0.0676094294 -0.376367927
vn -0.797062159 -0.107957207 -0.594169319
vn -0.923876882 -0.0681474656 -0.376573324
vn -0.797062159 -0.107957207 -0.594169319
vn -0.603695035 -0.142281756 -0.784415841
vn -0.376582742 -0.163995758 -0.911751509
vn -0.382702172 -0.160798341 -0.909770846
vn -0.376582742 -0.163995758 -0.911751509
vn -0.376582742 -0.163995758 -0.911751509
vn -0.376582742 -0.163995758 -0.911751509
vn -0.370443881 -0.167184696 -0.913685203
vn -0.000722374301 -0.984018981 0.178062543
vn -0.00145772169 -0.984117627 0.177511632
vn 0.000362774241 -0.983945489 0.178469032
vn -0.000722374301 -0.984018981 0.178062543
vn 0.000362774241 -0.983945489 0.178469032
vn 0.000734011992 -0.984052062 0.177879065
vn -0.382925093 -0.161392763 -0.909571767
vn -0.382751852 -0.16144304 -0.909635723
vn -0.382925093 -0.161392763 -0.909571767
vn -0.382925093 -0.161392763 -0.909571767
vn -0.382925093 -0.161392763 -0.909571767
vn -0.383098245 -0.161342472 -0.909507692
vn -0.000235841057 0.983871937 -0.178874195
vn -0.000327536196 0.984073937 -0.177758873
vn 0.000180715346 0.98373735 -0.179612994
vn -0.000235841057 0.983871937 -0.178874195
vn 0.000180715346 0.98373735 -0.179612994
vn -8.23363371e-05 0.983727813 -0.179665655
vn -0.603695035 -0.142281756 -0.784415841
vn -0.797062159 -0.107957207 -0.594169319
vn -0.382730186 -0.16471833 -0.909057498
vn -0.603695035 -0.142281756 -0.784415841
vn -0.382730186 -0.16471833 -0.909057498
vn -0.383323163 -0.163706303 -0.908990443
vn 0.376716852 -0.163971469 -0.911700487
vn 0.382699102 -0.166288003 -0.908784628
vn 0.376716852 -0.163971469 -0.911700487
vn 0.376716852 -0.163971469 -0.911700487
vn 0.376716852 -0.163971469 -0.911700487
vn 0.370715886 -0.161646754 -0.914570987
vn 0.000734011992 -0.984052062 0.177879065
vn 0.000362774241 -0.983945489 0.178469032
vn 0.000582494831 -0.984194338 0.177090585
vn 0.000734011992 -0.984052062 0.177879065
vn 0.000582494831 -0.984194338 0.177090585
vn 0.000469502353 -0.984196007 0.177082032
vn 0.382909566 -0.161393866 -0.909578025
vn 0.382736355 -0.161368683 -0.909655452
vn 0.382909566 -0.161393866 -0.909578025
vn 0.382909566 -0.161393866 -0.909578025
vn 0.382909566 -0.161393866 -0.909578025
vn 0.383082896 -0.161419064 -0.909500659
vn -8.23363371e-05 0.983727813 -0.179665655
vn 0.000180715346 0.98373735 -0.179612994
vn 0.000402897742 0.983888149 -0.178784698
vn -8.23363371e-05 0.983727813 -0.179665655
vn 0.000402897742 0.983888149 -0.178784698
vn 0.000418612151 0.984053969 -0.177869737
vn 0.382716715 -0.164718792 -0.909063101
vn 0.38212347 -0.163794369 -0.909479558
vn 0.382716715 -0.164718792 -0.909063101
vn 0.382716715 -0.164718792 -0.909063101
vn 0.382716715 -0.164718792 -0.909063101
vn 0.383309424 -0.165643007 -0.908645332
vn 0.991339624 -0.023660928 -0.129174292
vn 0.990326464 0.0246193968 0.136555314
vn 0.925823212 -0.0660021231 -0.37214914
vn 0.991339624 -0.023660928 -0.129174292
vn 0.925823212 -0.0660021231 -0.37214914
vn 0.927555442 -0.0672597364 -0.367582858
vn 0.000469502353 -0.984196007 0.177082032
vn 0.000582494831 -0.984194338 0.177090585
vn 0.000583832385 -0.984044909 0.177919358
vn 0.000469502353 -0.984196007 0.177082032
vn 0.000583832385 -0.984044909 0.177919358
vn 0.000576994615 -0.984033287 0.177983671
vn 0.924266815 -0.0667817667 -0.375860453
vn 0.924130917 -0.0667677969 -0.376196921
vn 0.924266815 -0.0667817667 -0.375860453
vn 0.924266815 -0.0667817667 -0.375860453
vn 0.924266815 -0.0667817667 -0.375860453
vn 0.924402535 -0.0667957142 -0.375523895
vn 0.000418612151 0.984053969 -0.177869737
vn 0.000402897742 0.983888149 -0.178784698
vn 0.000576929131 0.9840554 -0.177861422
vn 0.000418612151 0.984053969 -0.177869737
vn 0.000576929131 0.9840554 -0.177861422
vn 0.00137556205 0.984142363 -0.177375376
vn 0.923888445 -0.0681417435 -0.376546025
vn 0.924011409 -0.068573758 -0.376165777
vn 0.923888445 -0.0681417435 -0.376546025
vn 0.923888445 -0.0681417435 -0.376546025
vn 0.923888445 -0.0681417435 -0.376546025
vn 0.923765242 -0.0677096918 -0.376926094
vn 0.796298325 0.106273398 0.595495582
vn 0.604299903 0.141242489 0.784137845
vn 0.990326464 0.0246193968 0.136555314
vn 0.796298325 0.106273398 0.595495582
vn 0.990326464 0.0246193968 0.136555314
vn 0.991339624 -0.023660928 -0.129174292
vn 0.000576994615 -0.984033287 0.177983671
vn 0.000583832385 -0.984044909 0.177919358
vn 0.0007978332 -0.98409915 0.177618131
vn 0.000576994615 -0.984033287 0.177983671
vn 0.0007978332 -0.98409915 0.177618131
vn 0.000358303223 -0.984138072 0.177403092
vn 0.924269676 0.0667802915 0.37585327
vn 0.924405992 0.066794306 0.375515968
vn 0.924269676 0.0667802915 0.37585327
vn 0.924269676 0.0667802915 0.37585327
vn 0.924269676 0.0667802915 0.37585327
vn 0.924133599 0.0667662993 0.376190573
vn 0.00137556205 0.984142363 -0.177375376
vn 0.000576929131 0.9840554 -0.177861422
vn 0.00162058289 0.984422684 -0.175810322
vn 0.00137556205 0.984142363 -0.177375376
vn 0.00162058289 0.984422684 -0.175810322
vn 0.00173186965 0.984448612 -0.175663754
vn 0.923889756 0.0681461915 0.376542062
vn 0.923765242 0.0677096844 0.376926064
vn 0.797365606 0.10789714 0.593772948
vn 0.923889756 0.0681461915 0.376542062
vn 0.797365606 0.10789714 0.593772948
vn 0.603932738 0.14211756 0.784262538
vn 0.604299903 0.141242489 0.784137845
vn 0.796298325 0.106273398 0.595495582
vn 0.383186758 0.163685367 0.909051776
vn 0.604299903 0.141242489 0.784137845
vn 0.383186758 0.163685367 0.909051776
vn 0.382496208 0.163412809 0.909391463
vn 0.000358303223 -0.984138072 0.177403092
vn 0.0007978332 -0.98409915 0.177618131
vn -0.000238133856 -0.984161437 0.177274421
vn 0.000358303223 -0.984138072 0.177403092
vn -0.000238133856 -0.984161437 0.177274421
vn -0.000355526106 -0.984103918 0.177593201
vn 0.382911414 0.161393419 0.90957737
vn 0.383082181 0.161418244 0.909501076
vn 0.136805788 0.173052937 0.975365043
vn 0.382911414 0.161393419 0.90957737
vn 0.136805788 0.173052937 0.975365043
vn -0.136935249 0.173049808 0.9753474
vn 0.00173186965 0.984448612 -0.175663754
vn 0.00162058289 0.984422684 -0.175810322
vn 0.00102330709 0.984261036 -0.176717967
vn 0.00173186965 0.984448612 -0.175663754
vn 0.00102330709 0.984261036 -0.176717967
vn -1.82549029e-05 0.984163761 -0.177260861
vn 0.603932738 0.14211756 0.784262538
vn 0.797365606 0.10789714 0.593772948
vn 0.382848024 0.164520159 0.909043789
vn 0.603932738 0.14211756 0.784262538
vn 0.382848024 0.164520159 0.909043789
vn 0.382122368 0.163392439 0.909552336
vn 1.79279684e-08 -0.984017551 0.178071588
vn 0.000503590389 -0.984106898 0.177576467
vn 7.23230409e-09 -0.984149873 0.17733863
vn 0.000503590389 -0.984106898 0.177576467
vn 0 -0.98416698 0.17724371
vn 7.23230409e-09 -0.984149873 0.17733863
vn 0 -0.98416698 0.17724371
vn 0.000309966737 -0.984192729 0.177100748
vn 7.23230409e-09 -0.984149873 0.17733863
vn 0.000309966737 -0.984192729 0.177100748
vn 1.10303535e-08 -0.984247625 0.176795408
vn 7.23230409e-09 -0.984149873 0.17733863
vn 1.10303535e-08 -0.984247625 0.176795408
vn -0.000309955736 -0.984192729 0.177100763
vn 7.23230409e-09 -0.984149873 0.17733863
vn -0.000309955736 -0.984192729 0.177100763
vn 0 -0.98416698 0.177243724
vn 7.23230409e-09 -0.984149873 0.17733863
vn 0 -0.98416698 0.177243724
vn -0.000503572461 -0.984106898 0.177576467
vn 7.23230409e-09 -0.984149873 0.17733863
vn -0.000503572461 -0.984106898 0.177576467
vn 1.79279684e-08 -0.984017551 0.178071588
vn 7.23230409e-09 -0.984149873 0.17733863
vn -0.00924474001 0.985449433 -0.169717655
vn -0.00048389408 0.985696375 -0.16853027
vn 2.30900969e-06 0.987462938 -0.15785104
vn -0.0245307796 0.988816857 -0.14710401
vn -0.00924474001 0.985449433 -0.169717655
vn 2.30900969e-06 0.987462938 -0.15785104
vn -5.68559074e-07 0.991237164 -0.132093713
vn -0.0245307796 0.988816857 -0.14710401
vn 2.30900969e-06 0.987462938 -0.15785104
vn 0.0245349519 0.988817334 -0.147099182
vn -5.68559074e-07 0.991237164 -0.132093713
vn 2.30900969e-06 0.987462938 -0.15785104
vn 0.0092544239 0.985449255 -0.169717938
vn 0.0245349519 0.988817334 -0.147099182
vn 2.30900969e-06 0.987462938 -0.15785104
vn 0.000488945923 0.985695422 -0.168535262
vn 0.0092544239 0.985449255 -0.169717938
vn 2.30900969e-06 0.987462938 -0.15785104
vn -0.00048389408 0.985696375 -0.16853027
vn 1.19213453e-07 0.98715508 -0.15976502
vn 2.30900969e-06 0.987462938 -0.15785104
vn 1.19213453e-07 0.98715508 -0.15976502
vn 0.000488945923 0.985695422 -0.168535262
vn 2.30900969e-06 0.987462938 -0.15785104
vn 0.0279300623 -0.102172598 -0.994374514
vn 0.0557721555 -0.123934366 -0.990721822
vn -0.0371695384 -0.14254117 -0.989090741
vn 0.0279300623 -0.102172598 -0.994374514
vn -0.0371695384 -0.14254117 -0.989090741
vn -0.0372425541 -0.0761723444 -0.996398926
vn -0.0372425541 -0.0761723444 -0.996398926
vn -0.0371695384 -0.14254117 -0.989090741
vn -0.0378095992 -0.156167209 -0.987006724
vn -0.0372425541 -0.0761723444 -0.996398926
vn -0.0378095992 -0.156167209 -0.987006724
vn 0 -0.273521841 -0.961865783
vn 0.0378085561 -0.156166375 -0.987006962
vn 0.0557721555 -0.123934366 -0.990721822
vn 0.0279300623 -0.102172598 -0.994374514
vn 0.0378085561 -0.156166375 -0.987006962
vn 0.0279300623 -0.102172598 -0.994374514
vn 0 -0.273521841 -0.961865783
vn 0 -0.273521841 -0.961865783
vn -0.0378095992 -0.156167209 -0.987006724
vn 0 -0.639585137 -0.768720388
vn 0 -0.273521841 -0.961865783
vn 0 -0.639585137 -0.768720388
vn 0 -0.639585137 -0.768720388
vn 0 -0.639585137 -0.768720388
vn 0.0378085561 -0.156166375 -0.987006962
vn 0 -0.273521841 -0.961865783
vn 0 -0.639585137 -0.768720388
vn 0 -0.273521841 -0.961865783
vn 0 -0.639585137 -0.768720388
vn -0.0477911085 0.190388948 0.980544686
vn 0 0.0618841723 0.998083353
vn -0.0471077822 0.269015193 0.961983204
vn -0.0477911085 0.190388948 0.980544686
vn -0.0471077822 0.269015193 0.961983204
vn -0.047107242 0.222779736 0.973729908
vn 0.0353267752 0.246144786 0.968589008
vn 0.0706970096 0.245509326 0.966812909
vn -0.047107242 0.222779736 0.973729908
vn 0.0353267752 0.246144786 0.968589008
vn -0.047107242 0.222779736 0.973729908
vn -0.0471077822 0.269015193 0.961983204
vn 0.0477887467 0.190389007 0.980544806
vn 0.0706970096 0.245509326 0.966812909
vn 0.0353267752 0.246144786 0.968589008
vn 0.0477887467 0.190389007 0.980544806
vn 0.0353267752 0.246144786 0.968589008
vn 0 0.0618841723 0.998083353
vn 0 -0.330258906 0.943890452
vn 0 -0.570370376 0.821387708
vn 0 -0.570370376 0.821387708
vn 0 -0.330258906 0.943890452
vn 0 -0.570370376 0.821387708
vn 0 -0.330258906 0.943890452
vn 0 -0.97709167 -0.212819219
vn 0 -0.97709167 -0.212819204
vn 0 -0.984247625 0.176795408
vn 0 -0.97709167 -0.212819219
vn 0 -0.984247625 0.176795408
vn 0 -0.984247625 0.176795408
vn 0 -0.570370376 0.821387708
vn 0 -0.570370376 0.821387708
vn 0 -0.330258906 0.943890452
vn 0 -0.570370376 0.821387708
vn 0 -0.330258906 0.943890452
vn 0 -0.330258906 0.943890452
vn 0 -0.984247625 0.176795408
vn 0 -0.97709167 -0.212819204
vn 0 -0.97709167 -0.212819219
vn 0 -0.984247625 0.176795408
vn 0 -0.97709167 -0.212819219
vn 0 -0.984247625 0.176795408
vn 0 -0.330258906 0.943890452
vn 0 -0.330258906 0.943890452
vn 0 0.0618841723 0.998083353
vn 0 -0.330258906 0.943890452
vn 0 0.0618841723 0.998083353
vn -0.0477911085 0.190388948 0.980544686
vn 0 0.0618841723 0.998083353
vn 0 -0.330258906 0.943890452
vn 0 -0.330258906 0.943890452
vn 0 0.0618841723 0.998083353
vn 0 -0.330258906 0.943890452
vn 0.0477887467 0.190389007 0.980544806
vn -0.97431463 -0.221609041 0.0400021151
vn -0.99755317 -0.0688045919 0.0123956623
vn -0.928478956 -0.365479439 0.0659670085
vn -0.97431463 -0.221609041 0.0400021151
vn -0.928478956 -0.365479439 0.0659670085
vn -0.92844522 -0.365555525 0.0660188645
vn -0.99755317 -0.0688045919 0.0123956623
vn -0.97431463 -0.221609041 0.0400021151
vn -0.999131322 0.0410089083 -0.00740933046
vn -0.99755317 -0.0688045919 0.0123956623
vn -0.999131322 0.0410089083 -0.00740933046
vn -0.999130726 0.0410172082 -0.00742255617
vn -1 0 0
vn -0.999130726 0.0410172082 -0.00742255617
vn -0.999131322 0.0410089083 -0.00740933046
vn -1 0 0
vn -0.999131322 0.0410089083 -0.00740933046
vn -1 0 0
vn 0.999131143 -0.0410129689 0.00741006527
vn 0.98749131 0.155166969 -0.0280023403
vn 0.999331117 0.0359925255 -0.00647684
vn 0.999131143 -0.0410129689 0.00741006527
vn 0.999331117 0.0359925255 -0.00647684
vn 0.999130726 -0.0410212725 0.00742329238
vn 0.999131143 -0.0410129689 0.00741006527
vn 0.999130726 -0.0410212725 0.00742329238
vn 1 0 0
vn 0.999131143 -0.0410129689 0.00741006527
vn 1 0 0
vn 1 0 0
vn 0.96152544 0.270349383 -0.0487857312
vn 0.999331117 0.0359925255 -0.00647684
vn 0.98749131 0.155166969 -0.0280023403
vn 0.96152544 0.270349383 -0.0487857312
vn 0.98749131 0.155166969 -0.0280023403
vn 0.961517036 0.270375252 -0.0488077775
vn 0 -0.97709167 -0.212819219
vn 0 -0.639585137 -0.768720388
vn 0 -0.639585137 -0.768720388
vn 0 -0.97709167 -0.212819219
vn 0 -0.639585137 -0.768720388
vn 0 -0.97709167 -0.212819204
vn -0.999320388 0.0362798907 -0.00652876124
vn -0.987469852 0.155299112 -0.0280261785
vn -0.999140263 -0.0407958329 0.00737083238
vn -0.999320388 0.0362798907 -0.00652876124
vn -0.999140263 -0.0407958329 0.00737083238
vn -0.999139905 -0.0408040918 0.0073839915
vn 0.999140263 0.0407959186 -0.00737084821
vn 0.974280477 -0.221755266 0.0400285013
vn 0.997532129 -0.0690971091 0.0124485157
vn 0.999140263 0.0407959186 -0.00737084821
vn 0.997532129 -0.0690971091 0.0124485157
vn 0.999139905 0.0408041812 -0.00738400687
vn 0 -0.639585137 -0.768720388
vn 0 -0.639585137 -0.768720388
vn 0 -0.97709167 -0.212819219
vn 0 -0.639585137 -0.768720388
vn 0 -0.97709167 -0.212819219
vn 0 -0.97709167 -0.212819204
vn -1 0 0
vn -0.999139905 -0.0408040918 0.0073839915
vn -0.999140263 -0.0407958329 0.00737083238
vn -1 0 0
vn -0.999140263 -0.0407958329 0.00737083238
vn -1 0 0
vn 0.999140263 0.0407959186 -0.00737084821
vn 0.999139905 0.0408041812 -0.00738400687
vn 1 0 0
vn 0.999140263 0.0407959186 -0.00737084821
vn 1 0 0
vn 1 0 0
vn -0.987469852 0.155299112 -0.0280261785
vn -0.999320388 0.0362798907 -0.00652876124
vn -0.961529136 0.270336628 -0.0487834364
vn -0.987469852 0.155299112 -0.0280261785
vn -0.961529136 0.270336628 -0.0487834364
vn -0.961520672 0.270362467 -0.0488054715
vn 0.928472519 -0.365495235 0.065969862
vn 0.997532129 -0.0690971091 0.0124485157
vn 0.974280477 -0.221755266 0.0400285013
vn 0.928472519 -0.365495235 0.065969862
vn 0.974280477 -0.221755266 0.0400285013
vn 0.928438902 -0.36557138 0.066021733
vn 0 -0.984080434 0.177723691
vn 0 -0.984080434 0.177723691
vn 0 -0.984080434 0.177723691
vn 0 -0.984080434 0.177723691
vn 0 -0.984080434 0.177723691
vn 0 -0.984080434 0.177723691
vn 0 0.984094203 -0.177647352
vn 0 0.984094203 -0.177647352
vn 0 0.984094203 -0.177647352
vn 0 0.984094203 -0.177647352
vn 0 0.984094203 -0.177647352
vn 0 0.984094203 -0.177647352
vn -0.548082113 0.780200958 -0.30148384
vn -0.548065186 0.129085466 -0.826414645
vn -0.54814142 0.426605463 -0.719408631
vn -0.548082113 0.780200958 -0.30148384
vn -0.54814142 0.426605463 -0.719408631
vn -0.547688425 0.83662653 0.00966447126
vn 0 0.932806194 -0.360378265
vn 0 0.154229462 -0.988035023
vn 0 0.509930611 -0.860215545
vn 0 0.932806194 -0.360378265
vn 0 0.509930611 -0.860215545
vn 0 0.999931693 0.0116808135
vn 0.547408521 0.7805776 -0.30173257
vn 0.547329903 0.129119813 -0.826896548
vn 0.547484756 0.42674318 -0.719826877
vn 0.547408521 0.7805776 -0.30173257
vn 0.547484756 0.42674318 -0.719826877
vn 0.547059715 0.837037385 0.00968863443
vn -0.548065186 0.129085466 -0.826414645
vn -0.547566056 -0.65142858 -0.525178313
vn -0.547739327 -0.410022259 -0.729289651
vn -0.548065186 0.129085466 -0.826414645
vn -0.547739327 -0.410022259 -0.729289651
vn -0.54814142 0.426605463 -0.719408631
vn 0 0.154229462 -0.988035023
vn 0 -0.778436661 -0.627723217
vn 0 -0.489947498 -0.871751964
vn 0 0.154229462 -0.988035023
vn 0 -0.489947498 -0.871751964
vn 0 0.509930611 -0.860215545
vn 0.547329903 0.129119813 -0.826896548
vn 0.546948254 -0.651678741 -0.525511622
vn 0.546997905 -0.410163522 -0.729766548
vn 0.547329903 0.129119813 -0.826896548
vn 0.546997905 -0.410163522 -0.729766548
vn 0.547484756 0.42674318 -0.719826877
vn -0.547566056 -0.65142858 -0.525178313
vn -0.548081696 -0.780201137 0.301483959
vn -0.547688007 -0.836626828 -0.009665302
vn -0.547566056 -0.65142858 -0.525178313
vn -0.547688007 -0.836626828 -0.009665302
vn -0.547739327 -0.410022259 -0.729289651
vn 0 -0.778436661 -0.627723217
vn 0 -0.940999448 -0.338408053
vn 0 -0.940999448 -0.338408053
vn 0 -0.778436661 -0.627723217
vn 0 -0.940999448 -0.338408053
vn 0 -0.489947498 -0.871751964
vn 0.546948254 -0.651678741 -0.525511622
vn 0.547408044 -0.780577779 0.301732957
vn 0.547059417 -0.837037563 -0.00968923792
vn 0.546948254 -0.651678741 -0.525511622
vn 0.547059417 -0.837037563 -0.00968923792
vn 0.546997905 -0.410163522 -0.729766548
vn -0.548081696 -0.780201137 0.301483959
vn -0.548068047 -0.129086807 0.826412559
vn -0.548140943 -0.426605463 0.719408989
vn -0.548081696 -0.780201137 0.301483959
vn -0.548140943 -0.426605463 0.719408989
vn -0.547688007 -0.836626828 -0.009665302
vn 0 -0.763412476 0.645911157
vn 0 -0.154231429 0.988034666
vn 0 -0.509930909 0.860215425
vn 0 -0.763412476 0.645911157
vn 0 -0.509930909 0.860215425
vn 0 -0.763412476 0.645911157
vn 0.547408044 -0.780577779 0.301732957
vn 0.547333181 -0.129121393 0.826894283
vn 0.5474841 -0.426743954 0.719826877
vn 0.547408044 -0.780577779 0.301732957
vn 0.5474841 -0.426743954 0.719826877
vn 0.547059417 -0.837037563 -0.00968923792
vn -0.548068047 -0.129086807 0.826412559
vn -0.547570348 0.65142715 0.525175571
vn -0.547743738 0.410020679 0.729287207
vn -0.548068047 -0.129086807 0.826412559
vn -0.547743738 0.410020679 0.729287207
vn -0.548140943 -0.426605463 0.719408989
vn 0 -0.154231429 0.988034666
vn 0 0.77843672 0.627723098
vn 0 0.489945948 0.871752858
vn 0 -0.154231429 0.988034666
vn 0 0.489945948 0.871752858
vn 0 -0.509930909 0.860215425
vn 0.547333181 -0.129121393 0.826894283
vn 0.546952307 0.651677907 0.525508225
vn 0.547002792 0.410161972 0.729763746
vn 0.547333181 -0.129121393 0.826894283
vn 0.547002792 0.410161972 0.729763746
vn 0.5474841 -0.426743954 0.719826877
vn -0.547570348 0.65142715 0.525175571
vn -0.548082113 0.780200958 -0.30148384
vn -0.547688425 0.83662653 0.00966447126
vn -0.547570348 0.65142715 0.525175571
vn -0.547688425 0.83662653 0.00966447126
vn -0.547743738 0.410020679 0.729287207
vn 0 0.77843672 0.627723098
vn 0 0.932806194 -0.360378265
vn 0 0.999931693 0.0116808135
vn 0 0.77843672 0.627723098
vn 0 0.999931693 0.0116808135
vn 0 0.489945948 0.871752858
vn 0.546952307 0.651677907 0.525508225
vn 0.547408521 0.7805776 -0.30173257
vn 0.547059715 0.837037385 0.00968863443
vn 0.546952307 0.651677907 0.525508225
vn 0.547059715 0.837037385 0.00968863443
vn 0.547002792 0.410161972 0.729763746
vn -1 0 0
vn -1 0 0
vn -1 0 0
vn 1 0 0
vn 1 0 0
vn 1 0 0
vn -1 0 0
vn -1 0 0
vn -1 0 0
vn 1 0 0
vn 1 0 0
vn 1 0 0
vn -1 0 0
vn -1 0 0
vn -1 0 0
vn 1 0 0
vn 1 0 0
vn 1 0 0
vn -1 0 0
vn -1 0 0
vn -1 0 0
vn 1 0 0
vn 1 0 0
vn 1 0 0
vn -1 0 0
vn -1 0 0
vn -1 0 0
vn 1 0 0
vn 1 0 0
vn 1 0 0
vn -1 0 0
vn -1 0 0
vn -1 0 0
vn 1 0 0
vn 1 0 0
vn 1 0 0
vn 0.0614405498 0.979151964 0.193614528
vn -0.405599773 0.906482995 0.117377259
vn -0.364877909 0.846140325 0.388471961
vn 0.0614405498 0.979151964 0.193614528
vn -0.364877909 0.846140325 0.388471961
vn -0.0054382463 0.88226223 0.470726669
vn -0.904010475 0.383119941 0.189695239
vn -0.989854276 -0.00508511718 0.141995326
vn -0.893436074 0.0802738369 0.441959381
vn -0.904010475 0.383119941 0.189695239
vn -0.893436074 0.0802738369 0.441959381
vn -0.825157166 0.351601362 0.44214499
vn -0.989854276 -0.00508511718 0.141995326
vn -0.924556196 -0.371843576 0.0832365006
vn -0.843366146 -0.361117125 0.397904515
vn -0.989854276 -0.00508511718 0.141995326
vn -0.843366146 -0.361117125 0.397904515
vn -0.893436074 0.0802738369 0.441959381
vn -0.390313864 -0.894478261 0.218091026
vn -0.0135562615 -0.980521619 0.195942178
vn -0.087134175 -0.886275768 0.454887778
vn -0.390313864 -0.894478261 0.218091026
vn -0.087134175 -0.886275768 0.454887778
vn -0.353579909 -0.817243099 0.455076724
vn 0.355300754 -0.841598451 0.406784385
vn -0.087134175 -0.886275768 0.454887778
vn -0.0135562615 -0.980521619 0.195942178
vn 0.355300754 -0.841598451 0.406784385
vn -0.0135562615 -0.980521619 0.195942178
vn 0.399236947 -0.907134354 0.133106053
vn 0.891987026 -0.0815283805 0.444648623
vn 0.819785297 -0.35393104 0.450205356
vn 0.902052462 -0.383577377 0.197913617
vn 0.891987026 -0.0815283805 0.444648623
vn 0.902052462 -0.383577377 0.197913617
vn 0.990015745 0.00652603246 0.140806168
vn 0.846574545 0.360953897 0.391182363
vn 0.891987026 -0.0815283805 0.444648623
vn 0.990015745 0.00652603246 0.140806168
vn 0.846574545 0.360953897 0.391182363
vn 0.990015745 0.00652603246 0.140806168
vn 0.923779249 0.374850959 0.0782217383
vn 0.35568738 0.850321412 0.38786602
vn 0.387423038 0.909065664 0.153305978
vn 0.0614405498 0.979151964 0.193614528
vn 0.35568738 0.850321412 0.38786602
vn 0.0614405498 0.979151964 0.193614528
vn -0.0054382463 0.88226223 0.470726669
vn -0.405599773 0.906482995 0.117377259
vn 0.0614405498 0.979151964 0.193614528
vn -0.147604078 0.988164604 0.0417577811
vn -0.405599773 0.906482995 0.117377259
vn -0.147604078 0.988164604 0.0417577811
vn -0.426103115 0.904370487 0.0234562755
vn -0.989854276 -0.00508511718 0.141995326
vn -0.904010475 0.383119941 0.189695239
vn -0.929549158 0.367846012 -0.0250477362
vn -0.989854276 -0.00508511718 0.141995326
vn -0.929549158 0.367846012 -0.0250477362
vn -0.990076303 -0.136620954 -0.0329189785
vn -0.924556196 -0.371843576 0.0832365006
vn -0.989854276 -0.00508511718 0.141995326
vn -0.990076303 -0.136620954 -0.0329189785
vn -0.924556196 -0.371843576 0.0832365006
vn -0.990076303 -0.136620954 -0.0329189785
vn -0.940216899 -0.340560019 -0.00328403641
vn -0.0135562615 -0.980521619 0.195942178
vn -0.390313864 -0.894478261 0.218091026
vn -0.413048267 -0.90959698 0.0449958667
vn -0.0135562615 -0.980521619 0.195942178
vn -0.413048267 -0.90959698 0.0449958667
vn 0.139851853 -0.988764226 0.0527882166
vn 0.139851853 -0.988764226 0.0527882166
vn 0.419149399 -0.907294214 0.033630766
vn 0.399236947 -0.907134354 0.133106053
vn 0.139851853 -0.988764226 0.0527882166
vn 0.399236947 -0.907134354 0.133106053
vn -0.0135562615 -0.980521619 0.195942178
vn 0.930557311 -0.365387052 -0.0235671531
vn 0.989552438 0.139925122 -0.0347386859
vn 0.990015745 0.00652603246 0.140806168
vn 0.930557311 -0.365387052 -0.0235671531
vn 0.990015745 0.00652603246 0.140806168
vn 0.902052462 -0.383577377 0.197913617
vn 0.989552438 0.139925122 -0.0347386859
vn 0.938353777 0.345596403 -0.0074393088
vn 0.923779249 0.374850959 0.0782217383
vn 0.989552438 0.139925122 -0.0347386859
vn 0.923779249 0.374850959 0.0782217383
vn 0.990015745 0.00652603246 0.140806168
vn 0.0614405498 0.979151964 0.193614528
vn 0.387423038 0.909065664 0.153305978
vn 0.405903608 0.913238585 0.0351804681
vn 0.0614405498 0.979151964 0.193614528
vn 0.405903608 0.913238585 0.0351804681
vn -0.147604078 0.988164604 0.0417577811
vn -0.0054382463 0.88226223 0.470726669
vn -0.364877909 0.846140325 0.388471961
vn -0.00464528194 0.785676777 0.6186198
vn -0.825157166 0.351601362 0.44214499
vn -0.893436074 0.0802738369 0.441959381
vn -0.782144606 0.000322386448 0.623096883
vn -0.893436074 0.0802738369 0.441959381
vn -0.843366146 -0.361117125 0.397904515
vn -0.782144606 0.000322386448 0.623096883
vn -0.353579909 -0.817243099 0.455076724
vn -0.087134175 -0.886275768 0.454887778
vn -0.00466470094 -0.781877398 0.623414814
vn -0.087134175 -0.886275768 0.454887778
vn 0.355300754 -0.841598451 0.406784385
vn -0.00466470094 -0.781877398 0.623414814
vn 0.819785297 -0.35393104 0.450205356
vn 0.891987026 -0.0815283805 0.444648623
vn 0.782139003 0.000322215084 0.623103917
vn 0.891987026 -0.0815283805 0.444648623
vn 0.846574545 0.360953897 0.391182363
vn 0.782139003 0.000322215084 0.623103917
vn 0.35568738 0.850321412 0.38786602
vn -0.0054382463 0.88226223 0.470726669
vn -0.00464528194 0.785676777 0.6186198
vn 0.76531291 0.360989511 -0.532900333
vn 0.370964557 -0.0206937157 -0.928416491
vn 0.488487482 0.252519786 -0.835232735
vn 0.76531291 0.360989511 -0.532900333
vn 0.488487482 0.252519786 -0.835232735
vn 0.820185661 0.452509284 -0.350043625
vn 0.292444825 0.000790904043 -0.956282079
vn 0.488487482 0.252519786 -0.835232735
vn 0.370964557 -0.0206937157 -0.928416491
vn 0.292444825 0.000790904043 -0.956282079
vn 0.370964557 -0.0206937157 -0.928416491
vn 0.119820155 -0.273220688 -0.954459846
vn -0.747313976 -0.531747103 0.398455471
vn -0.813679934 -0.577031076 0.0704280958
vn -0.776403904 -0.612246454 0.149502948
vn -0.747313976 -0.531747103 0.398455471
vn -0.776403904 -0.612246454 0.149502948
vn -0.635068357 -0.495361269 0.592710197
vn -0.415203124 -0.354255587 0.837919533
vn -0.747313976 -0.531747103 0.398455471
vn -0.635068357 -0.495361269 0.592710197
vn -0.415203124 -0.354255587 0.837919533
vn -0.635068357 -0.495361269 0.592710197
vn -0.192486271 -0.346833944 0.917962551
vn -0.1762584 -0.298210084 0.938085198
vn -0.415203124 -0.354255587 0.837919533
vn -0.192486271 -0.346833944 0.917962551
vn -0.1762584 -0.298210084 0.938085198
vn -0.192486271 -0.346833944 0.917962551
vn 0.0229177233 -0.277314723 0.960505843
vn 0.913265288 0.407048494 -0.0160581414
vn 0.76531291 0.360989511 -0.532900333
vn 0.820185661 0.452509284 -0.350043625
vn 0.913265288 0.407048494 -0.0160581414
vn 0.820185661 0.452509284 -0.350043625
vn 0.882856846 0.464597225 -0.068652764
vn 0.820185661 0.452509284 -0.350043625
vn 0.488487482 0.252519786 -0.835232735
vn 0.38640964 0.282005042 -0.878157616
vn 0.820185661 0.452509284 -0.350043625
vn 0.38640964 0.282005042 -0.878157616
vn 0.756585658 0.461025 -0.46371755
vn 0.488487482 0.252519786 -0.835232735
vn 0.292444825 0.000790904043 -0.956282079
vn 0.268661857 0.208518729 -0.940393925
vn 0.488487482 0.252519786 -0.835232735
vn 0.268661857 0.208518729 -0.940393925
vn 0.38640964 0.282005042 -0.878157616
vn -0.813679934 -0.577031076 0.0704280958
vn -0.747313976 -0.531747103 0.398455471
vn -0.754607081 -0.489517063 0.436968058
vn -0.813679934 -0.577031076 0.0704280958
vn -0.754607081 -0.489517063 0.436968058
vn -0.827289224 -0.52299577 0.205104858
vn -0.396668166 -0.254676938 0.881926239
vn -0.754607081 -0.489517063 0.436968058
vn -0.747313976 -0.531747103 0.398455471
vn -0.396668166 -0.254676938 0.881926239
vn -0.747313976 -0.531747103 0.398455471
vn -0.415203124 -0.354255587 0.837919533
vn -0.415203124 -0.354255587 0.837919533
vn -0.1762584 -0.298210084 0.938085198
vn -0.271229208 -0.197221398 0.942092597
vn -0.415203124 -0.354255587 0.837919533
vn -0.271229208 -0.197221398 0.942092597
vn -0.396668166 -0.254676938 0.881926239
vn 0.882856846 0.464597225 -0.068652764
vn 0.820185661 0.452509284 -0.350043625
vn 0.756585658 0.461025 -0.46371755
vn 0.882856846 0.464597225 -0.068652764
vn 0.756585658 0.461025 -0.46371755
vn 0.823045075 0.498848706 -0.271563202
vn 0.247401536 0.184609577 -0.951163411
vn 0.695942879 0.426381946 -0.577807903
vn 0.756585658 0.461025 -0.46371755
vn 0.247401536 0.184609577 -0.951163411
vn 0.756585658 0.461025 -0.46371755
vn 0.38640964 0.282005042 -0.878157616
vn 0.38640964 0.282005042 -0.878157616
vn 0.268661857 0.208518729 -0.940393925
vn -0.0440033302 0.0513346195 -0.997711658
vn 0.38640964 0.282005042 -0.878157616
vn -0.0440033302 0.0513346195 -0.997711658
vn 0.247401536 0.184609577 -0.951163411
vn -0.702739656 -0.451473415 0.549844265
vn -0.715323031 -0.470764697 0.516423881
vn -0.827289224 -0.52299577 0.205104858
vn -0.702739656 -0.451473415 0.549844265
vn -0.827289224 -0.52299577 0.205104858
vn -0.754607081 -0.489517063 0.436968058
vn -0.754607081 -0.489517063 0.436968058
vn -0.396668166 -0.254676938 0.881926239
vn -0.268418431 -0.156310707 0.950535893
vn -0.754607081 -0.489517063 0.436968058
vn -0.268418431 -0.156310707 0.950535893
vn -0.702739656 -0.451473415 0.549844265
vn -0.0144075425 0.0476128757 0.998761952
vn -0.268418431 -0.156310707 0.950535893
vn -0.396668166 -0.254676938 0.881926239
vn -0.0144075425 0.0476128757 0.998761952
vn -0.396668166 -0.254676938 0.881926239
vn -0.271229208 -0.197221398 0.942092597
vn 0.823045075 0.498848706 -0.271563202
vn 0.756585658 0.461025 -0.46371755
vn 0.695942879 0.426381946 -0.577807903
vn 0.823045075 0.498848706 -0.271563202
vn 0.695942879 0.426381946 -0.577807903
vn 0.731156528 0.438480943 -0.52263236
vn 0.423881412 -0.82349515 0.377068043
vn 0.504154205 -0.818311572 0.27603367
vn 0.455167413 -0.834503293 0.310526699
vn 0.423881412 -0.82349515 0.377068043
vn 0.455167413 -0.834503293 0.310526699
vn 0.380874217 -0.821100116 0.425122917
vn 0.408085614 -0.781227291 0.472387642
vn 0.423881412 -0.82349515 0.377068043
vn 0.380874217 -0.821100116 0.425122917
vn 0.503895283 -0.818619549 0.275592566
vn 0.455167413 -0.834503293 0.310526699
vn 0.504154205 -0.818311572 0.27603367
vn -0.763958037 -0.361027241 -0.534815371
vn -0.370881677 0.0209604017 -0.928443611
vn -0.488394171 -0.252357513 -0.835336387
vn -0.763958037 -0.361027241 -0.534815371
vn -0.488394171 -0.252357513 -0.835336387
vn -0.81937772 -0.452735931 -0.351639211
vn -0.292016923 -0.000464412122 -0.95641309
vn -0.488394171 -0.252357513 -0.835336387
vn -0.370881677 0.0209604017 -0.928443611
vn -0.292016923 -0.000464412122 -0.95641309
vn -0.370881677 0.0209604017 -0.928443611
vn -0.12040627 0.272653311 -0.95454824
vn 0.747155905 0.531921327 0.398519218
vn 0.81351757 0.57718277 0.071056284
vn 0.776098609 0.612600148 0.149639934
vn 0.747155905 0.531921327 0.398519218
vn 0.776098609 0.612600148 0.149639934
vn 0.634806991 0.49564597 0.592752218
vn 0.415116876 0.35435167 0.837921739
vn 0.747155905 0.531921327 0.398519218
vn 0.634806991 0.49564597 0.592752218
vn 0.415116876 0.35435167 0.837921739
vn 0.634806991 0.49564597 0.592752218
vn 0.19240275 0.346912295 0.917950511
vn 0.176223382 0.298237354 0.938083053
vn 0.415116876 0.35435167 0.837921739
vn 0.19240275 0.346912295 0.917950511
vn 0.176223382 0.298237354 0.938083053
vn 0.19240275 0.346912295 0.917950511
vn -0.0229133405 0.277302623 0.960509419
vn -0.912570119 -0.408368677 -0.021232795
vn -0.763958037 -0.361027241 -0.534815371
vn -0.81937772 -0.452735931 -0.351639211
vn -0.912570119 -0.408368677 -0.021232795
vn -0.81937772 -0.452735931 -0.351639211
vn -0.882556677 -0.464905322 -0.0704040602
vn -0.81937772 -0.452735931 -0.351639211
vn -0.488394171 -0.252357513 -0.835336387
vn -0.38641277 -0.282064229 -0.878137231
vn -0.81937772 -0.452735931 -0.351639211
vn -0.38641277 -0.282064229 -0.878137231
vn -0.756316125 -0.46086517 -0.464315623
vn -0.488394171 -0.252357513 -0.835336387
vn -0.292016923 -0.000464412122 -0.95641309
vn -0.268070221 -0.208196476 -0.940634131
vn -0.488394171 -0.252357513 -0.835336387
vn -0.268070221 -0.208196476 -0.940634131
vn -0.38641277 -0.282064229 -0.878137231
vn 0.81351757 0.57718277 0.071056284
vn 0.747155905 0.531921327 0.398519218
vn 0.754418612 0.489418834 0.437403381
vn 0.81351757 0.57718277 0.071056284
vn 0.754418612 0.489418834 0.437403381
vn 0.826905727 0.522873104 0.206955671
vn 0.39670074 0.254690856 0.881907642
vn 0.754418612 0.489418834 0.437403381
vn 0.747155905 0.531921327 0.398519218
vn 0.39670074 0.254690856 0.881907642
vn 0.747155905 0.531921327 0.398519218
vn 0.415116876 0.35435167 0.837921739
vn 0.415116876 0.35435167 0.837921739
vn 0.176223382 0.298237354 0.938083053
vn 0.271236718 0.197217643 0.942091107
vn 0.415116876 0.35435167 0.837921739
vn 0.271236718 0.197217643 0.942091107
vn 0.39670074 0.254690856 0.881907642
vn -0.882556677 -0.464905322 -0.0704040602
vn -0.81937772 -0.452735931 -0.351639211
vn -0.756316125 -0.46086517 -0.464315623
vn -0.882556677 -0.464905322 -0.0704040602
vn -0.756316125 -0.46086517 -0.464315623
vn -0.822724938 -0.498587906 -0.273008823
vn -0.247551605 -0.184691519 -0.951108336
vn -0.695494175 -0.425981313 -0.578643084
vn -0.756316125 -0.46086517 -0.464315623
vn -0.247551605 -0.184691519 -0.951108336
vn -0.756316125 -0.46086517 -0.464315623
vn -0.38641277 -0.282064229 -0.878137231
vn -0.38641277 -0.282064229 -0.878137231
vn -0.268070221 -0.208196476 -0.940634131
vn 0.0442735553 -0.0511731543 -0.997707963
vn -0.38641277 -0.282064229 -0.878137231
vn 0.0442735553 -0.0511731543 -0.997707963
vn -0.247551605 -0.184691519 -0.951108336
vn 0.702126682 0.451105177 0.550928533
vn 0.714131653 0.47016567 0.518613756
vn 0.826905727 0.522873104 0.206955671
vn 0.702126682 0.451105177 0.550928533
vn 0.826905727 0.522873104 0.206955671
vn 0.754418612 0.489418834 0.437403381
vn 0.754418612 0.489418834 0.437403381
vn 0.39670074 0.254690856 0.881907642
vn 0.268625498 0.156411558 0.950460792
vn 0.754418612 0.489418834 0.437403381
vn 0.268625498 0.156411558 0.950460792
vn 0.702126682 0.451105177 0.550928533
vn 0.0145414323 -0.0475427806 0.998763263
vn 0.268625498 0.156411558 0.950460792
vn 0.39670074 0.254690856 0.881907642
vn 0.0145414323 -0.0475427806 0.998763263
vn 0.39670074 0.254690856 0.881907642
vn 0.271236718 0.197217643 0.942091107
vn -0.822724938 -0.498587906 -0.273008823
vn -0.756316125 -0.46086517 -0.464315623
vn -0.695494175 -0.425981313 -0.578643084
vn -0.822724938 -0.498587906 -0.273008823
vn -0.695494175 -0.425981313 -0.578643084
vn -0.730483472 -0.437889218 -0.52406776
vn -0.425272346 0.823781013 0.374870569
vn -0.506529152 0.817355275 0.274514735
vn -0.4572106 0.83394599 0.309018642
vn -0.425272346 0.823781013 0.374870569
vn -0.4572106 0.83394599 0.309018642
vn -0.38202253 0.821636677 0.423050821
vn -0.40912053 0.782243073 0.469804168
vn -0.425272346 0.823781013 0.374870569
vn -0.38202253 0.821636677 0.423050821
vn -0.506824732 0.817003787 0.275015533
vn -0.4572106 0.83394599 0.309018642
vn -0.506529152 0.817355275 0.274514735
vn -0.00357438903 -0.0103057399 -0.999940455
vn -7.53274344e-06 -0.00794542488 -0.99996835
vn -2.54172619e-06 -0.00499693444 -0.999987602
vn -0.00613506231 -0.00428855093 -0.999971986
vn -0.00357438903 -0.0103057399 -0.999940455
vn -2.54172619e-06 -0.00499693444 -0.999987602
vn -0.00189985672 0.000304130896 -0.999998152
vn -0.00613506231 -0.00428855093 -0.999971986
vn -2.54172619e-06 -0.00499693444 -0.999987602
vn 1.77856273e-05 -0.00346484059 -0.999993861
vn -0.00189985672 0.000304130896 -0.999998152
vn -2.54172619e-06 -0.00499693444 -0.999987602
vn 0.00190748321 0.000319071056 -0.999998152
vn 1.77856273e-05 -0.00346484059 -0.999993861
vn -2.54172619e-06 -0.00499693444 -0.999987602
vn 0.00611464214 -0.00428865012 -0.999972165
vn 0.00190748321 0.000319071056 -0.999998152
vn -2.54172619e-06 -0.00499693444 -0.999987602
vn 0.00355659565 -0.0103047322 -0.999940574
vn 0.00611464214 -0.00428865012 -0.999972165
vn -2.54172619e-06 -0.00499693444 -0.999987602
vn -7.53274344e-06 -0.00794542488 -0.99996835
vn 0.00355659565 -0.0103047322 -0.999940574
vn -2.54172619e-06 -0.00499693444 -0.999987602
vn 0.775795281 0.624986768 0.0867952555
vn 0.925427794 0.355230302 0.131888896
vn 0.636635721 0.749170721 0.182861254
vn 0.775795281 0.624986768 0.0867952555
vn 0.636635721 0.749170721 0.182861254
vn 0.571534634 0.812368035 0.115785882
vn 0.933353543 0.269501716 0.237107486
vn 0.710354328 0.681412101 0.176279098
vn 0.565587878 0.689159691 0.452956021
vn 0.933353543 0.269501716 0.237107486
vn 0.565587878 0.689159691 0.452956021
vn 0.634251773 0.614276171 0.469456315
vn 0.925427794 0.355230302 0.131888896
vn 0.933353543 0.269501716 0.237107486
vn 0.634251773 0.614276171 0.469456315
vn 0.925427794 0.355230302 0.131888896
vn 0.634251773 0.614276171 0.469456315
vn 0.636635721 0.749170721 0.182861254
vn 0.925094485 0.377037555 -0.0451995023
vn 0.897075057 0.441188097 -0.0246859789
vn 0.577858448 0.815383017 0.0350709334
vn 0.925094485 0.377037555 -0.0451995023
vn 0.577858448 0.815383017 0.0350709334
vn 0.710354328 0.681412101 0.176279098
vn 0.565587878 0.689159691 0.452956021
vn 0.710354328 0.681412101 0.176279098
vn 0.577858448 0.815383017 0.0350709334
vn 0.925427794 0.355230302 0.131888896
vn 0.775795281 0.624986768 0.0867952555
vn 0.995675445 0.0900281817 -0.0229189768
vn 0.933353543 0.269501716 0.237107486
vn 0.999590874 -0.00291595329 -0.02845213
vn 0.925094485 0.377037555 -0.0451995023
vn 0.933353543 0.269501716 0.237107486
vn 0.925094485 0.377037555 -0.0451995023
vn 0.710354328 0.681412101 0.176279098
vn 0.925427794 0.355230302 0.131888896
vn 0.995675445 0.0900281817 -0.0229189768
vn 0.998185933 0.0469159186 -0.0377315246
vn 0.925427794 0.355230302 0.131888896
vn 0.998185933 0.0469159186 -0.0377315246
vn 0.999547124 -0.0157107469 -0.02566793
vn 0.933353543 0.269501716 0.237107486
vn 0.925427794 0.355230302 0.131888896
vn 0.999547124 -0.0157107469 -0.02566793
vn 0.933353543 0.269501716 0.237107486
vn 0.999547124 -0.0157107469 -0.02566793
vn 0.999590874 -0.00291595329 -0.02845213
vn -0.775698781 0.625100613 0.0868360922
vn -0.571541071 0.812363565 0.115785256
vn -0.636388659 0.749360979 0.182941616
vn -0.775698781 0.625100613 0.0868360922
vn -0.636388659 0.749360979 0.182941616
vn -0.925358653 0.355387568 0.131950364
vn -0.933274388 0.269647598 0.237253219
vn -0.633867621 0.614530802 0.469641894
vn -0.565064371 0.689426363 0.453203499
vn -0.933274388 0.269647598 0.237253219
vn -0.565064371 0.689426363 0.453203499
vn -0.709972441 0.681765676 0.176450446
vn -0.925358653 0.355387568 0.131950364
vn -0.636388659 0.749360979 0.182941616
vn -0.633867621 0.614530802 0.469641894
vn -0.925358653 0.355387568 0.131950364
vn -0.633867621 0.614530802 0.469641894
vn -0.933274388 0.269647598 0.237253219
vn -0.924831092 0.377677023 -0.0452495217
vn -0.709972441 0.681765676 0.176450446
vn -0.576995075 0.815995812 0.0350370891
vn -0.924831092 0.377677023 -0.0452495217
vn -0.576995075 0.815995812 0.0350370891
vn -0.896154881 0.443048447 -0.024790071
vn -0.565064371 0.689426363 0.453203499
vn -0.576995075 0.815995812 0.0350370891
vn -0.709972441 0.681765676 0.176450446
vn -0.925358653 0.355387568 0.131950364
vn -0.995675087 0.0900300667 -0.0229248274
vn -0.775698781 0.625100613 0.0868360922
vn -0.924831092 0.377677023 -0.0452495217
vn -0.999589324 -0.00296732131 -0.0285011381
vn -0.933274388 0.269647598 0.237253219
vn -0.924831092 0.377677023 -0.0452495217
vn -0.933274388 0.269647598 0.237253219
vn -0.709972441 0.681765676 0.176450446
vn -0.998184025 0.0469194874 -0.0377791524
vn -0.995675087 0.0900300667 -0.0229248274
vn -0.925358653 0.355387568 0.131950364
vn -0.998184025 0.0469194874 -0.0377791524
vn -0.925358653 0.355387568 0.131950364
vn -0.999545455 -0.0157386735 -0.0257135723
vn -0.999545455 -0.0157386735 -0.0257135723
vn -0.925358653 0.355387568 0.131950364
vn -0.933274388 0.269647598 0.237253219
vn -0.999545455 -0.0157386735 -0.0257135723
vn -0.933274388 0.269647598 0.237253219
vn -0.999589324 -0.00296732131 -0.0285011381
vn 0 -0.999436617 0.033564426
vn 0 -0.999437809 0.033527635
vn 0 -0.999429882 0.0337628983
vn 0 -0.999436617 0.033564426
vn 0 -0.999429882 0.0337628983
vn 0 -0.99942565 0.0338877924
vn 0 -0.999441504 0.0334172733
vn 0 -0.999437809 0.033527635
vn 0 -0.999436617 0.033564426
vn 0 -0.999421418 0.0340126902
vn 0 -0.999421418 0.0340126902
vn 0 -0.99942565 0.0338877924
vn 0 -0.999421418 0.0340126902
vn 0 -0.99942565 0.0338877924
vn 0 -0.999429882 0.0337628983
vn 0 -0.19877556 -0.98004508
vn 0 -0.19877556 -0.98004508
vn 0 -0.237639233 -0.971353531
vn 0 -0.19877556 -0.98004508
vn 0 -0.237639233 -0.971353531
vn 0 -0.276186883 -0.961103857
vn 0 -0.317336947 -0.9483127
vn 0 -0.315786421 -0.948830307
vn 0 -0.372548878 -0.928012609
vn 0 -0.317336947 -0.9483127
vn 0 -0.372548878 -0.928012609
vn 0 -0.399020135 -0.91694206
vn 0 -0.276186883 -0.961103857
vn 0 -0.237639233 -0.971353531
vn 0 -0.315786421 -0.948830307
vn 0 -0.276186883 -0.961103857
vn 0 -0.315786421 -0.948830307
vn 0 -0.317336947 -0.9483127
vn 0 -0.372548878 -0.928012609
vn 0 -0.476211637 -0.879330695
vn 0 -0.399020135 -0.91694206
g 
usemtl airplaneMaterial
f 1/1/1 2/2/2 3/3/3
f 1/1/4 3/3/5 4/4/6
f 5/5/7 6/6/8 7/7/9
f 5/5/10 7/7/11 8/8/12
f 9/9/13 7/7/14 6/6/15
f 9/9/16 6/6/17 10/10/18
f 11/11/19 12/12/20 13/12/21
f 11/11/22 13/12/23 14/11/24
f 13/12/25 15/13/26 16/14/27
f 13/12/28 16/14/29 14/11/30
f 16/14/31 17/15/32 18/16/33
f 16/14/34 18/16/35 19/17/36
f 19/17/37 20/18/38 14/11/39
f 19/17/40 14/11/41 16/14/42
f 20/18/43 19/17/44 21/19/45
f 20/18/46 21/19/47 22/20/48
f 21/19/49 19/17/50 18/16/51
f 21/19/52 18/16/53 23/21/54
f 21/19/55 24/22/56 25/23/57
f 21/19/58 25/23/59 22/20/60
f 11/11/61 14/11/62 20/18/63
f 11/11/64 20/18/65 26/18/66
f 27/24/67 28/25/68 29/26/69
f 27/24/70 29/26/71 30/27/72
f 28/25/73 27/24/74 15/13/75
f 28/25/76 15/13/77 13/12/78
f 31/28/79 17/15/80 16/14/81
f 31/28/82 16/14/83 15/13/84
f 30/27/85 29/26/86 2/2/87
f 30/27/88 2/2/89 1/1/90
f 32/29/91 18/16/92 17/15/93
f 32/29/94 17/15/95 33/30/96
f 34/31/97 23/21/98 18/16/99
f 34/31/100 18/16/101 35/32/102
f 36/33/103 37/34/104 34/31/105
f 36/33/106 34/31/107 35/32/108
f 35/32/109 18/16/110 32/29/111
f 23/21/112 38/35/113 24/22/114
f 23/21/115 24/22/116 21/19/117
f 39/34/118 40/36/119 41/36/120
f 39/34/121 41/36/122 37/34/123
f 41/36/124 42/37/125 34/31/126
f 41/36/127 34/31/128 37/34/129
f 43/38/130 44/39/131 45/40/132
f 43/38/133 45/40/134 46/41/135
f 47/42/136 48/43/137 45/40/138
f 47/42/139 45/40/140 49/44/141
f 50/45/142 51/46/143 52/47/144
f 50/45/145 52/47/146 53/48/147
f 8/8/148 7/7/149 43/38/150
f 8/8/151 43/38/152 46/41/153
f 9/9/154 54/49/155 43/38/156
f 9/9/157 43/38/158 7/7/159
f 55/50/160 44/39/161 43/38/162
f 55/50/163 43/38/164 54/49/165
f 30/27/166 1/1/167 8/8/168
f 30/27/169 8/8/170 46/41/171
f 56/51/172 57/52/173 58/53/174
f 56/51/175 58/53/176 59/54/177
f 60/55/178 61/56/179 62/57/180
f 60/55/181 62/57/182 63/58/183
f 64/59/184 65/60/185 45/40/186
f 64/59/187 45/40/188 44/39/189
f 66/61/190 67/62/191 68/63/192
f 68/63/193 67/62/194 65/60/195
f 68/63/196 65/60/197 64/59/198
f 69/64/199 70/65/200 65/60/201
f 69/64/202 65/60/203 67/62/204
f 31/28/205 15/13/206 27/24/207
f 31/28/208 27/24/209 48/43/210
f 31/28/211 48/43/212 47/42/213
f 71/66/214 31/28/215 47/42/216
f 67/62/217 72/67/218 69/64/219
f 55/50/220 73/50/221 74/68/222
f 55/50/223 74/68/224 75/68/225
f 44/39/226 55/50/227 75/68/228
f 44/39/229 75/68/230 64/59/231
f 42/37/232 38/35/233 23/21/234
f 42/37/235 23/21/236 34/31/237
f 2/2/238 76/2/239 77/3/240
f 2/2/241 77/3/242 3/3/243
f 78/69/244 71/66/245 79/70/246
f 78/69/247 79/70/248 80/71/249
f 71/66/250 78/69/251 31/28/252
f 81/72/253 82/73/254 33/30/255
f 81/72/256 33/30/257 31/28/258
f 83/74/259 33/30/260 82/73/261
f 78/69/262 81/72/263 31/28/264
f 84/75/265 85/76/266 86/77/267
f 84/75/268 86/77/269 87/78/270
f 88/79/271 89/80/272 86/77/273
f 88/79/274 86/77/275 85/76/276
f 88/79/277 78/81/278 80/82/279
f 88/79/280 80/82/281 89/80/282
f 31/28/283 33/30/284 17/15/285
f 90/83/286 91/84/287 92/84/288
f 90/83/289 92/84/290 93/83/291
f 94/85/292 93/83/293 92/84/294
f 94/85/295 92/84/296 95/86/297
f 92/84/298 96/87/299 97/88/300
f 92/84/301 97/88/302 95/86/303
f 60/55/304 63/58/305 58/53/306
f 60/55/307 58/53/308 57/52/309
f 95/86/310 97/88/311 98/89/312
f 75/68/313 99/90/314 68/63/315
f 75/68/316 68/63/317 64/59/318
f 99/90/319 75/68/320 74/68/321
f 99/90/322 74/68/323 100/90/324
f 101/91/325 102/92/326 103/93/327
f 103/93/328 102/92/329 104/94/330
f 102/92/331 105/95/332 106/96/333
f 102/92/334 106/96/335 107/97/336
f 105/95/337 102/92/338 101/91/339
f 45/40/340 65/60/341 70/65/342
f 45/40/343 70/65/344 49/44/345
f 108/98/346 66/61/347 68/63/348
f 108/98/349 68/63/350 99/90/351
f 109/99/352 110/99/353 111/100/354
f 109/99/355 111/100/356 112/100/357
f 109/99/358 113/101/359 114/102/360
f 115/103/361 112/100/362 111/100/363
f 115/103/364 111/100/365 116/103/366
f 115/103/367 113/101/368 109/99/369
f 115/103/370 109/99/371 112/100/372
f 117/104/373 118/105/374 119/106/375
f 117/104/376 119/106/377 120/107/378
f 121/108/379 122/109/380 118/105/381
f 121/108/382 118/105/383 117/104/384
f 118/105/385 122/109/386 123/110/387
f 109/99/388 114/102/389 124/111/390
f 4/4/391 5/5/392 8/8/393
f 4/4/394 8/8/395 1/1/396
f 125/112/397 33/30/398 83/74/399
f 125/112/400 83/74/401 87/113/402
f 33/30/403 125/112/404 126/114/405
f 127/115/406 128/116/407 129/117/408
f 127/115/409 129/117/410 130/118/411
f 131/118/412 132/117/413 133/119/414
f 131/118/415 133/119/416 134/120/417
f 135/115/418 136/118/419 137/121/420
f 135/115/421 137/121/422 138/122/423
f 139/116/424 140/115/425 141/123/426
f 139/116/427 141/123/428 142/124/429
f 143/125/430 144/116/431 145/126/432
f 143/125/433 145/126/434 146/127/435
f 132/117/436 147/125/437 148/128/438
f 132/117/439 148/128/440 133/119/441
f 128/116/442 149/125/443 129/117/444
f 150/129/445 151/130/446 152/131/447
f 150/129/448 152/131/449 153/132/450
f 154/133/451 155/134/452 151/130/453
f 154/133/454 151/130/455 150/129/456
f 156/135/457 157/136/458 158/137/459
f 156/135/460 158/137/461 159/138/462
f 158/137/463 160/139/464 161/140/465
f 158/137/466 161/140/467 159/138/468
f 150/129/469 162/141/470 163/142/471
f 150/129/472 163/142/473 154/133/474
f 164/143/475 165/144/476 158/137/477
f 164/143/478 158/137/479 157/136/480
f 166/145/481 167/146/482 168/147/483
f 169/148/484 170/149/485 171/150/486
f 169/148/487 171/150/488 172/151/489
f 168/147/490 173/152/491 174/153/492
f 168/147/493 174/153/494 166/145/495
f 164/143/496 174/153/497 173/152/498
f 164/143/499 173/152/500 175/154/501
f 170/149/502 169/148/503 163/142/504
f 170/149/505 163/142/506 176/155/507
f 177/156/508 178/157/509 179/158/510
f 169/148/511 172/151/512 180/159/513
f 169/148/514 180/159/515 181/160/516
f 181/160/517 180/159/518 182/161/519
f 181/160/520 182/161/521 183/162/522
f 179/158/523 166/145/524 174/153/525
f 179/158/526 174/153/527 184/163/528
f 185/164/529 186/165/530 179/158/531
f 185/164/532 179/158/533 184/163/534
f 164/143/535 157/136/536 184/163/537
f 164/143/538 184/163/539 174/153/540
f 163/142/541 169/148/542 181/160/543
f 163/142/544 181/160/545 154/133/546
f 185/164/547 184/163/548 157/136/549
f 185/164/550 157/136/551 156/135/552
f 154/133/553 181/160/554 183/162/555
f 154/133/556 183/162/557 155/134/558
f 178/157/559 167/146/560 166/145/561
f 178/157/562 166/145/563 179/158/564
f 187/166/565 162/141/566 150/129/567
f 187/166/568 150/129/569 153/132/570
f 160/139/571 158/137/572 165/144/573
f 160/139/574 165/144/575 188/167/576
f 176/155/577 163/142/578 162/141/579
f 176/155/580 162/141/581 189/168/582
f 165/144/583 164/143/584 175/154/585
f 165/144/586 175/154/587 190/169/588
f 162/141/589 187/166/590 191/170/591
f 162/141/592 191/170/593 189/168/594
f 190/169/595 192/171/596 188/167/597
f 190/169/598 188/167/599 165/144/600
f 80/71/601 79/70/602 89/172/603
f 87/113/604 86/173/605 125/112/606
f 95/86/607 98/89/608 193/174/609
f 95/86/610 193/174/611 194/175/612
f 67/62/613 66/61/614 72/67/615
f 195/176/616 79/70/617 72/67/618
f 195/176/619 72/67/620 66/61/621
f 89/172/622 125/112/623 86/173/624
f 195/176/625 125/112/626 89/172/627
f 195/176/628 89/172/629 79/70/630
f 30/27/631 46/41/632 48/43/633
f 30/27/634 48/43/635 27/24/636
f 108/98/637 99/90/638 100/90/639
f 108/98/640 100/90/641 196/98/642
f 52/47/643 51/46/644 93/83/645
f 52/47/646 93/83/647 94/85/648
f 13/12/649 12/12/650 197/25/651
f 13/12/652 197/25/653 28/25/654
f 48/43/655 46/41/656 45/40/657
f 198/177/658 199/178/659 200/179/660
f 198/177/661 200/179/662 201/180/663
f 202/181/664 203/182/665 204/183/666
f 202/181/667 204/183/668 205/184/669
f 206/185/670 207/186/671 208/187/672
f 206/185/673 208/187/674 209/188/675
f 210/189/676 211/190/677 212/191/678
f 210/189/679 212/191/680 213/192/681
f 214/193/682 200/179/683 199/178/684
f 214/193/685 199/178/686 215/194/687
f 216/195/688 217/196/689 218/197/690
f 216/195/691 218/197/692 219/198/693
f 215/194/694 220/199/695 221/200/696
f 215/194/697 221/200/698 214/193/699
f 222/201/700 223/202/701 224/203/702
f 222/201/703 224/203/704 225/204/705
f 226/205/706 227/206/707 228/207/708
f 226/205/709 228/207/710 229/208/711
f 230/209/712 231/210/713 232/211/714
f 230/209/715 232/211/716 233/212/717
f 234/213/718 221/200/719 220/199/720
f 234/213/721 220/199/722 235/214/723
f 225/204/724 224/203/725 236/215/726
f 225/204/727 236/215/728 237/216/729
f 218/197/730 217/196/731 238/211/732
f 218/197/733 238/211/734 239/210/735
f 240/209/736 241/212/737 228/207/738
f 240/209/739 228/207/740 227/206/741
f 223/202/742 222/201/743 203/182/744
f 223/202/745 203/182/746 202/181/747
f 210/189/748 216/195/749 219/198/750
f 210/189/751 219/198/752 211/190/753
f 206/185/754 209/188/755 226/205/756
f 206/185/757 226/205/758 229/208/759
f 242/217/760 243/218/761 244/219/762
f 242/217/763 244/219/764 245/220/765
f 246/221/766 247/222/767 248/223/768
f 246/221/769 248/223/770 249/224/771
f 250/225/772 251/226/773 252/227/774
f 250/225/775 252/227/776 253/228/777
f 254/229/778 255/230/779 243/218/780
f 254/229/781 243/218/782 242/217/783
f 256/231/784 257/232/785 247/222/786
f 256/231/787 247/222/788 246/221/789
f 258/233/790 259/234/791 251/226/792
f 258/233/793 251/226/794 250/225/795
f 260/235/796 261/236/797 255/230/798
f 260/235/799 255/230/800 254/229/801
f 262/237/802 263/238/803 257/232/804
f 262/237/805 257/232/806 256/231/807
f 264/239/808 265/240/809 259/234/810
f 264/239/811 259/234/812 258/233/813
f 266/241/814 267/242/815 261/236/816
f 266/241/817 261/236/818 260/235/819
f 268/243/820 269/244/821 270/245/822
f 268/243/823 270/245/824 271/246/825
f 264/239/826 272/247/827 273/248/828
f 264/239/829 273/248/830 265/240/831
f 274/249/832 275/250/833 267/242/834
f 274/249/835 267/242/836 266/241/837
f 276/251/838 277/252/839 269/244/840
f 276/251/841 269/244/842 268/243/843
f 278/253/844 279/254/845 273/248/846
f 278/253/847 273/248/848 272/247/849
f 245/220/850 244/219/851 275/250/852
f 245/220/853 275/250/854 274/249/855
f 249/224/856 248/223/857 277/252/858
f 249/224/859 277/252/860 276/251/861
f 253/228/862 252/227/863 279/254/864
f 253/228/865 279/254/866 278/253/867
f 280/220/868 281/255/869 282/217/870
f 283/227/871 284/226/872 285/256/873
f 282/217/874 281/255/875 286/229/876
f 284/226/877 287/234/878 285/256/879
f 286/229/880 281/255/881 288/235/882
f 287/234/883 289/240/884 285/256/885
f 288/235/886 281/255/887 290/241/888
f 289/240/889 291/248/890 285/256/891
f 290/241/892 281/255/893 292/249/894
f 291/248/895 293/254/896 285/256/897
f 292/249/898 281/255/899 280/220/900
f 293/254/901 283/227/902 285/256/903
f 294/257/904 295/258/905 296/259/906
f 294/257/907 296/259/908 297/260/909
f 298/261/910 299/262/911 294/257/912
f 298/261/913 294/257/914 297/260/915
f 300/263/916 301/264/917 302/265/918
f 300/263/919 302/265/920 303/266/921
f 301/264/922 304/267/923 305/268/924
f 301/264/925 305/268/926 302/265/927
f 306/269/928 307/270/929 308/271/930
f 306/269/931 308/271/932 309/272/933
f 310/273/934 297/260/935 296/259/936
f 310/273/937 296/259/938 311/274/939
f 303/266/940 302/265/941 312/272/942
f 303/266/943 312/272/944 313/271/945
f 302/265/946 305/268/947 314/275/948
f 302/265/949 314/275/950 312/272/951
f 309/272/952 315/275/953 306/269/954
f 316/276/955 298/261/956 297/260/957
f 316/276/958 297/260/959 310/273/960
f 303/266/961 313/271/962 317/277/963
f 303/266/964 317/277/965 318/278/966
f 319/279/967 311/274/968 296/259/969
f 319/279/970 296/259/971 320/280/972
f 308/271/973 307/270/974 321/277/975
f 322/281/976 320/280/977 296/259/978
f 322/281/979 296/259/980 295/258/981
f 303/266/982 318/278/983 323/282/984
f 303/266/985 323/282/986 300/263/987
f 324/283/988 325/284/989 326/285/990
f 327/286/991 328/287/992 325/284/993
f 327/286/994 325/284/995 324/283/996
f 327/286/997 329/288/998 328/287/999
f 330/289/1000 331/290/1001 332/291/1002
f 330/289/1003 332/291/1004 333/292/1005
f 334/293/1006 335/294/1007 336/290/1008
f 334/293/1009 336/290/1010 337/289/1011
f 338/295/1012 339/296/1013 340/297/1014
f 338/295/1015 340/297/1016 341/298/1017
f 334/293/1018 342/298/1019 343/297/1020
f 334/293/1021 343/297/1022 335/294/1023
f 344/299/1024 333/292/1025 332/291/1026
f 344/299/1027 332/291/1028 345/300/1029
f 340/297/1030 339/296/1031 346/301/1032
f 340/297/1033 346/301/1034 347/302/1035
f 343/297/1036 348/302/1037 349/303/1038
f 343/297/1039 349/303/1040 335/294/1041
f 350/304/1042 351/305/1043 345/300/1044
f 350/304/1045 345/300/1046 332/291/1047
f 331/290/1048 352/306/1049 350/304/1050
f 331/290/1051 350/304/1052 332/291/1053
f 335/294/1054 349/303/1055 353/306/1056
f 335/294/1057 353/306/1058 336/290/1059
f 354/307/1060 355/308/1061 356/295/1062
f 354/307/1063 356/295/1064 342/298/1065
f 355/308/1066 354/307/1067 357/309/1068
f 358/310/1069 359/311/1070 360/305/1071
f 358/310/1072 360/305/1073 361/304/1074
f 361/304/1075 362/312/1076 358/310/1077
f 363/1/1078 364/4/1079 77/3/1080
f 363/1/1081 77/3/1082 76/2/1083
f 365/5/1084 366/8/1085 367/7/1086
f 365/5/1087 367/7/1088 368/6/1089
f 369/9/1090 370/10/1091 368/6/1092
f 369/9/1093 368/6/1094 367/7/1095
f 12/12/1096 11/11/1097 371/14/1098
f 12/12/1099 371/14/1100 372/13/1101
f 371/14/1102 373/17/1103 374/16/1104
f 371/14/1105 374/16/1106 375/15/1107
f 373/17/1108 371/14/1109 11/11/1110
f 373/17/1111 11/11/1112 26/18/1113
f 26/18/1114 376/20/1115 377/19/1116
f 26/18/1117 377/19/1118 373/17/1119
f 374/16/1120 373/17/1121 377/19/1122
f 374/16/1123 377/19/1124 378/21/1125
f 376/20/1126 26/18/1127 20/18/1128
f 376/20/1129 20/18/1130 22/20/1131
f 377/19/1132 376/20/1133 379/23/1134
f 377/19/1135 379/23/1136 380/22/1137
f 381/24/1138 382/27/1139 383/26/1140
f 381/24/1141 383/26/1142 197/25/1143
f 197/25/1144 12/12/1145 372/13/1146
f 197/25/1147 372/13/1148 381/24/1149
f 371/14/1150 375/15/1151 384/28/1152
f 371/14/1153 384/28/1154 372/13/1155
f 76/2/1156 2/2/1157 29/26/1158
f 76/2/1159 29/26/1160 383/26/1161
f 382/27/1162 363/1/1163 76/2/1164
f 382/27/1165 76/2/1166 383/26/1167
f 385/29/1168 386/30/1169 375/15/1170
f 385/29/1171 375/15/1172 374/16/1173
f 374/16/1174 378/21/1175 387/31/1176
f 374/16/1177 387/31/1178 388/32/1179
f 387/31/1180 39/34/1181 389/33/1182
f 387/31/1183 389/33/1184 388/32/1185
f 388/32/1186 385/29/1187 374/16/1188
f 37/34/1189 36/33/1190 389/33/1191
f 37/34/1192 389/33/1193 39/34/1194
f 378/21/1195 377/19/1196 380/22/1197
f 378/21/1198 380/22/1199 390/35/1200
f 40/36/1201 39/34/1202 387/31/1203
f 40/36/1204 387/31/1205 391/37/1206
f 392/38/1207 393/41/1208 394/40/1209
f 392/38/1210 394/40/1211 395/39/1212
f 396/42/1213 397/44/1214 394/40/1215
f 396/42/1216 394/40/1217 398/43/1218
f 51/46/1219 90/83/1220 93/83/1221
f 399/45/1222 400/48/1223 401/47/1224
f 399/45/1225 401/47/1226 51/46/1227
f 369/9/1228 402/49/1229 54/49/1230
f 369/9/1231 54/49/1232 9/9/1233
f 366/8/1234 393/41/1235 392/38/1236
f 366/8/1237 392/38/1238 367/7/1239
f 369/9/1240 367/7/1241 392/38/1242
f 369/9/1243 392/38/1244 402/49/1245
f 73/50/1246 402/49/1247 392/38/1248
f 73/50/1249 392/38/1250 395/39/1251
f 382/27/1252 393/41/1253 366/8/1254
f 382/27/1255 366/8/1256 363/1/1257
f 403/53/1258 404/52/1259 405/51/1260
f 403/53/1261 405/51/1262 406/54/1263
f 407/57/1264 408/56/1265 409/55/1266
f 407/57/1267 409/55/1268 410/58/1269
f 407/57/1270 62/57/1271 61/56/1272
f 407/57/1273 61/56/1274 408/56/1275
f 411/59/1276 395/39/1277 394/40/1278
f 411/59/1279 394/40/1280 412/60/1281
f 413/61/1282 414/63/1283 415/62/1284
f 414/63/1285 411/59/1286 412/60/1287
f 414/63/1288 412/60/1289 415/62/1290
f 416/64/1291 415/62/1292 412/60/1293
f 416/64/1294 412/60/1295 417/65/1296
f 384/28/1297 396/42/1298 398/43/1299
f 384/28/1300 398/43/1301 381/24/1302
f 384/28/1303 381/24/1304 372/13/1305
f 418/66/1306 396/42/1307 384/28/1308
f 415/62/1309 416/64/1310 419/67/1311
f 395/39/1312 411/59/1313 74/68/1314
f 395/39/1315 74/68/1316 73/50/1317
f 391/37/1318 387/31/1319 378/21/1320
f 391/37/1321 378/21/1322 390/35/1323
f 22/20/1324 25/23/1325 379/23/1326
f 22/20/1327 379/23/1328 376/20/1329
f 29/26/1330 28/25/1331 197/25/1332
f 29/26/1333 197/25/1334 383/26/1335
f 369/9/1336 9/9/1337 10/10/1338
f 369/9/1339 10/10/1340 370/10/1341
f 73/50/1342 55/50/1343 54/49/1344
f 73/50/1345 54/49/1346 402/49/1347
f 420/69/1348 421/71/1349 422/70/1350
f 420/69/1351 422/70/1352 418/66/1353
f 418/66/1354 384/28/1355 420/69/1356
f 423/72/1357 384/28/1358 386/30/1359
f 423/72/1360 386/30/1361 424/73/1362
f 425/74/1363 424/73/1364 386/30/1365
f 420/69/1366 384/28/1367 423/72/1368
f 426/75/1369 427/78/1370 428/77/1371
f 426/75/1372 428/77/1373 429/76/1374
f 430/79/1375 429/76/1376 428/77/1377
f 430/79/1378 428/77/1379 431/80/1380
f 430/79/1381 431/80/1382 421/82/1383
f 430/79/1384 421/82/1385 420/81/1386
f 384/28/1387 375/15/1388 386/30/1389
f 91/84/1390 90/83/1391 432/85/1392
f 91/84/1393 432/85/1394 433/86/1395
f 91/84/1396 433/86/1397 434/88/1398
f 91/84/1399 434/88/1400 435/87/1401
f 403/53/1402 410/58/1403 409/55/1404
f 403/53/1405 409/55/1406 404/52/1407
f 433/86/1408 436/89/1409 434/88/1410
f 435/87/1411 96/87/1412 92/84/1413
f 435/87/1414 92/84/1415 91/84/1416
f 74/68/1417 411/59/1418 414/63/1419
f 74/68/1420 414/63/1421 100/90/1422
f 437/91/1423 438/93/1424 439/92/1425
f 438/93/1426 440/94/1427 439/92/1428
f 439/92/1429 441/97/1430 442/96/1431
f 439/92/1432 442/96/1433 443/95/1434
f 443/95/1435 437/91/1436 439/92/1437
f 394/40/1438 397/44/1439 417/65/1440
f 394/40/1441 417/65/1442 412/60/1443
f 196/98/1444 100/90/1445 414/63/1446
f 196/98/1447 414/63/1448 413/61/1449
f 110/99/1450 109/99/1451 124/111/1452
f 110/99/1453 124/111/1454 444/111/1455
f 445/102/1456 446/106/1457 447/107/1458
f 445/102/1459 447/107/1460 448/101/1461
f 116/103/1462 111/100/1463 110/99/1464
f 116/103/1465 110/99/1466 448/101/1467
f 124/111/1468 123/110/1469 449/110/1470
f 124/111/1471 449/110/1472 444/111/1473
f 450/104/1474 447/107/1475 446/106/1476
f 450/104/1477 446/106/1478 451/105/1479
f 452/109/1480 122/109/1481 121/108/1482
f 452/109/1483 121/108/1484 453/108/1485
f 453/108/1486 450/104/1487 451/105/1488
f 453/108/1489 451/105/1490 452/109/1491
f 451/105/1492 449/110/1493 452/109/1494
f 123/110/1495 122/109/1496 452/109/1497
f 123/110/1498 452/109/1499 449/110/1500
f 110/99/1501 444/111/1502 445/102/1503
f 364/4/1504 363/1/1505 366/8/1506
f 364/4/1507 366/8/1508 365/5/1509
f 454/112/1510 427/113/1511 425/74/1512
f 454/112/1513 425/74/1514 386/30/1515
f 455/114/1516 454/112/1517 386/30/1518
f 399/45/1519 51/46/1520 50/45/1521
f 456/115/1522 457/118/1523 458/117/1524
f 456/115/1525 458/117/1526 459/116/1527
f 460/118/1528 461/120/1529 462/119/1530
f 460/118/1531 462/119/1532 463/117/1533
f 464/115/1534 465/122/1535 466/121/1536
f 464/115/1537 466/121/1538 467/118/1539
f 468/116/1540 469/124/1541 470/123/1542
f 468/116/1543 470/123/1544 471/115/1545
f 472/125/1546 473/127/1547 474/126/1548
f 472/125/1549 474/126/1550 475/116/1551
f 463/117/1552 462/119/1553 476/128/1554
f 463/117/1555 476/128/1556 477/125/1557
f 459/116/1558 458/117/1559 478/125/1560
f 479/129/1561 480/132/1562 481/131/1563
f 479/129/1564 481/131/1565 482/130/1566
f 482/130/1567 483/134/1568 484/133/1569
f 482/130/1570 484/133/1571 479/129/1572
f 485/135/1573 486/138/1574 487/137/1575
f 485/135/1576 487/137/1577 488/136/1578
f 489/140/1579 490/139/1580 487/137/1581
f 489/140/1582 487/137/1583 486/138/1584
f 479/129/1585 484/133/1586 491/142/1587
f 479/129/1588 491/142/1589 492/141/1590
f 493/143/1591 488/136/1592 487/137/1593
f 493/143/1594 487/137/1595 494/144/1596
f 495/145/1597 496/147/1598 497/146/1599
f 498/148/1600 499/151/1601 500/150/1602
f 498/148/1603 500/150/1604 501/149/1605
f 496/147/1606 495/145/1607 502/153/1608
f 496/147/1609 502/153/1610 503/152/1611
f 493/143/1612 504/154/1613 503/152/1614
f 493/143/1615 503/152/1616 502/153/1617
f 501/149/1618 505/155/1619 491/142/1620
f 501/149/1621 491/142/1622 498/148/1623
f 506/158/1624 507/157/1625 508/156/1626
f 498/148/1627 509/160/1628 510/159/1629
f 498/148/1630 510/159/1631 499/151/1632
f 509/160/1633 511/162/1634 512/161/1635
f 509/160/1636 512/161/1637 510/159/1638
f 506/158/1639 513/163/1640 502/153/1641
f 506/158/1642 502/153/1643 495/145/1644
f 506/158/1645 514/165/1646 515/164/1647
f 506/158/1648 515/164/1649 513/163/1650
f 493/143/1651 502/153/1652 513/163/1653
f 493/143/1654 513/163/1655 488/136/1656
f 491/142/1657 484/133/1658 509/160/1659
f 491/142/1660 509/160/1661 498/148/1662
f 488/136/1663 513/163/1664 515/164/1665
f 488/136/1666 515/164/1667 485/135/1668
f 484/133/1669 483/134/1670 511/162/1671
f 484/133/1672 511/162/1673 509/160/1674
f 507/157/1675 506/158/1676 495/145/1677
f 507/157/1678 495/145/1679 497/146/1680
f 516/166/1681 480/132/1682 479/129/1683
f 516/166/1684 479/129/1685 492/141/1686
f 490/139/1687 517/167/1688 494/144/1689
f 490/139/1690 494/144/1691 487/137/1692
f 505/155/1693 518/168/1694 492/141/1695
f 505/155/1696 492/141/1697 491/142/1698
f 494/144/1699 519/169/1700 504/154/1701
f 494/144/1702 504/154/1703 493/143/1704
f 492/141/1705 518/168/1706 520/170/1707
f 492/141/1708 520/170/1709 516/166/1710
f 519/169/1711 494/144/1712 517/167/1713
f 519/169/1714 517/167/1715 521/171/1716
f 421/71/1717 431/172/1718 422/70/1719
f 427/113/1720 454/112/1721 428/173/1722
f 522/174/1723 436/89/1724 433/86/1725
f 522/174/1726 433/86/1727 523/175/1728
f 415/62/1729 419/67/1730 413/61/1731
f 524/176/1732 413/61/1733 419/67/1734
f 524/176/1735 419/67/1736 422/70/1737
f 431/172/1738 428/173/1739 454/112/1740
f 524/176/1741 422/70/1742 431/172/1743
f 524/176/1744 431/172/1745 454/112/1746
f 382/27/1747 381/24/1748 398/43/1749
f 382/27/1750 398/43/1751 393/41/1752
f 525/313/1753 526/314/1754 527/315/1755
f 525/313/1756 527/315/1757 528/315/1758
f 528/315/1759 529/314/1760 530/313/1761
f 528/315/1762 530/313/1763 531/316/1764
f 530/313/1765 532/317/1766 533/316/1767
f 530/313/1768 533/316/1769 531/316/1770
f 525/313/1771 528/315/1772 531/316/1773
f 525/313/1774 531/316/1775 534/317/1776
f 401/47/1777 432/85/1778 90/83/1779
f 401/47/1780 90/83/1781 51/46/1782
f 398/43/1783 394/40/1784 393/41/1785
f 535/177/1786 536/180/1787 537/179/1788
f 535/177/1789 537/179/1790 538/178/1791
f 539/181/1792 540/184/1793 541/183/1794
f 539/181/1795 541/183/1796 542/182/1797
f 543/185/1798 544/188/1799 545/187/1800
f 543/185/1801 545/187/1802 546/186/1803
f 547/189/1804 548/192/1805 549/191/1806
f 547/189/1807 549/191/1808 550/190/1809
f 551/193/1810 552/194/1811 538/178/1812
f 551/193/1813 538/178/1814 537/179/1815
f 553/197/1816 554/196/1817 555/195/1818
f 553/197/1819 555/195/1820 556/198/1821
f 557/200/1822 558/199/1823 552/194/1824
f 557/200/1825 552/194/1826 551/193/1827
f 559/201/1828 560/204/1829 561/203/1830
f 559/201/1831 561/203/1832 562/202/1833
f 563/207/1834 564/206/1835 565/205/1836
f 563/207/1837 565/205/1838 566/208/1839
f 567/209/1840 568/212/1841 569/211/1842
f 567/209/1843 569/211/1844 570/210/1845
f 571/213/1846 572/214/1847 558/199/1848
f 571/213/1849 558/199/1850 557/200/1851
f 560/204/1852 573/216/1853 574/215/1854
f 560/204/1855 574/215/1856 561/203/1857
f 553/197/1858 575/210/1859 576/211/1860
f 553/197/1861 576/211/1862 554/196/1863
f 577/209/1864 564/206/1865 563/207/1866
f 577/209/1867 563/207/1868 578/212/1869
f 562/202/1870 539/181/1871 542/182/1872
f 562/202/1873 542/182/1874 559/201/1875
f 547/189/1876 550/190/1877 556/198/1878
f 547/189/1879 556/198/1880 555/195/1881
f 543/185/1882 566/208/1883 565/205/1884
f 543/185/1885 565/205/1886 544/188/1887
f 579/219/1888 580/218/1889 581/217/1890
f 579/219/1891 581/217/1892 582/220/1893
f 583/223/1894 584/222/1895 585/221/1896
f 583/223/1897 585/221/1898 586/224/1899
f 587/227/1900 588/226/1901 589/225/1902
f 587/227/1903 589/225/1904 590/228/1905
f 580/218/1906 591/230/1907 592/229/1908
f 580/218/1909 592/229/1910 581/217/1911
f 584/222/1912 593/232/1913 594/231/1914
f 584/222/1915 594/231/1916 585/221/1917
f 588/226/1918 595/234/1919 596/233/1920
f 588/226/1921 596/233/1922 589/225/1923
f 591/230/1924 597/236/1925 598/235/1926
f 591/230/1927 598/235/1928 592/229/1929
f 593/232/1930 599/238/1931 600/237/1932
f 593/232/1933 600/237/1934 594/231/1935
f 595/234/1936 601/240/1937 602/239/1938
f 595/234/1939 602/239/1940 596/233/1941
f 597/236/1942 603/242/1943 604/241/1944
f 597/236/1945 604/241/1946 598/235/1947
f 605/245/1948 606/244/1949 607/243/1950
f 605/245/1951 607/243/1952 608/246/1953
f 602/239/1954 601/240/1955 609/248/1956
f 602/239/1957 609/248/1958 610/247/1959
f 603/242/1960 611/250/1961 612/249/1962
f 603/242/1963 612/249/1964 604/241/1965
f 606/244/1966 613/252/1967 614/251/1968
f 606/244/1969 614/251/1970 607/243/1971
f 609/248/1972 615/254/1973 616/253/1974
f 609/248/1975 616/253/1976 610/247/1977
f 611/250/1978 579/219/1979 582/220/1980
f 611/250/1981 582/220/1982 612/249/1983
f 613/252/1984 583/223/1985 586/224/1986
f 613/252/1987 586/224/1988 614/251/1989
f 615/254/1990 587/227/1991 590/228/1992
f 615/254/1993 590/228/1994 616/253/1995
f 617/217/1996 618/255/1997 619/220/1998
f 620/227/1999 621/256/2000 622/226/2001
f 623/229/2002 618/255/2003 617/217/2004
f 622/226/2005 621/256/2006 624/234/2007
f 625/235/2008 618/255/2009 623/229/2010
f 624/234/2011 621/256/2012 626/240/2013
f 627/241/2014 618/255/2015 625/235/2016
f 626/240/2017 621/256/2018 628/248/2019
f 629/249/2020 618/255/2021 627/241/2022
f 628/248/2023 621/256/2024 630/254/2025
f 619/220/2026 618/255/2027 629/249/2028
f 630/254/2029 621/256/2030 620/227/2031
f 631/257/2032 632/260/2033 633/259/2034
f 631/257/2035 633/259/2036 634/258/2037
f 635/261/2038 632/260/2039 631/257/2040
f 635/261/2041 631/257/2042 636/262/2043
f 637/263/2044 638/266/2045 639/265/2046
f 637/263/2047 639/265/2048 640/264/2049
f 640/264/2050 639/265/2051 641/268/2052
f 640/264/2053 641/268/2054 642/267/2055
f 643/269/2056 644/272/2057 645/271/2058
f 643/269/2059 645/271/2060 646/270/2061
f 647/273/2062 648/274/2063 633/259/2064
f 647/273/2065 633/259/2066 632/260/2067
f 638/266/2068 649/271/2069 650/272/2070
f 638/266/2071 650/272/2072 639/265/2073
f 639/265/2074 650/272/2075 651/275/2076
f 639/265/2077 651/275/2078 641/268/2079
f 644/272/2080 643/269/2081 652/275/2082
f 653/276/2083 647/273/2084 632/260/2085
f 653/276/2086 632/260/2087 635/261/2088
f 638/266/2089 654/278/2090 655/277/2091
f 638/266/2092 655/277/2093 649/271/2094
f 656/279/2095 657/280/2096 633/259/2097
f 656/279/2098 633/259/2099 648/274/2100
f 645/271/2101 658/277/2102 646/270/2103
f 659/281/2104 634/258/2105 633/259/2106
f 659/281/2107 633/259/2108 657/280/2109
f 638/266/2110 637/263/2111 660/282/2112
f 638/266/2113 660/282/2114 654/278/2115
f 661/283/2116 662/285/2117 663/284/2118
f 664/286/2119 661/283/2120 663/284/2121
f 664/286/2122 663/284/2123 665/287/2124
f 664/286/2125 665/287/2126 666/288/2127
f 667/289/2128 668/292/2129 669/291/2130
f 667/289/2131 669/291/2132 670/290/2133
f 671/293/2134 672/289/2135 673/290/2136
f 671/293/2137 673/290/2138 674/294/2139
f 675/295/2140 676/298/2141 677/297/2142
f 675/295/2143 677/297/2144 678/296/2145
f 671/293/2146 674/294/2147 679/297/2148
f 671/293/2149 679/297/2150 680/298/2151
f 681/299/2152 682/300/2153 669/291/2154
f 681/299/2155 669/291/2156 668/292/2157
f 677/297/2158 683/302/2159 684/301/2160
f 677/297/2161 684/301/2162 678/296/2163
f 679/297/2164 674/294/2165 685/303/2166
f 679/297/2167 685/303/2168 686/302/2169
f 687/304/2170 669/291/2171 682/300/2172
f 687/304/2173 682/300/2174 688/305/2175
f 670/290/2176 669/291/2177 687/304/2178
f 670/290/2179 687/304/2180 689/306/2181
f 674/294/2182 673/290/2183 690/306/2184
f 674/294/2185 690/306/2186 685/303/2187
f 691/307/2188 680/298/2189 692/295/2190
f 691/307/2191 692/295/2192 693/308/2193
f 693/308/2194 694/309/2195 691/307/2196
f 695/310/2197 696/304/2198 697/305/2199
f 695/310/2200 697/305/2201 698/311/2202
f 696/304/2203 695/310/2204 699/312/2205
f 120/107/2206 119/106/2207 114/102/2208
f 120/107/2209 114/102/2210 113/101/2211
f 448/101/2212 110/99/2213 445/102/2214
f 700/318/2215 701/319/2216 702/320/2217
f 700/318/2218 702/320/2219 703/321/2220
f 704/322/2221 705/323/2222 706/324/2223
f 704/322/2224 706/324/2225 707/325/2226
f 708/326/2227 709/327/2228 710/328/2229
f 708/326/2230 710/328/2231 711/329/2232
f 712/330/2233 713/331/2234 714/332/2235
f 712/330/2236 714/332/2237 715/333/2238
f 716/334/2239 717/335/2240 718/336/2241
f 716/334/2242 718/336/2243 719/337/2244
f 701/319/2245 700/318/2246 720/338/2247
f 701/319/2248 720/338/2249 721/339/2250
f 707/325/2251 706/324/2252 722/340/2253
f 707/325/2254 722/340/2255 723/341/2256
f 724/329/2257 725/328/2258 726/342/2259
f 724/329/2260 726/342/2261 727/343/2262
f 715/333/2263 714/332/2264 728/344/2265
f 715/333/2266 728/344/2267 729/345/2268
f 719/337/2269 718/336/2270 730/346/2271
f 719/337/2272 730/346/2273 731/347/2274
f 721/339/2275 720/338/2276 732/348/2277
f 721/339/2278 732/348/2279 733/349/2280
f 723/341/2281 722/340/2282 734/350/2283
f 723/341/2284 734/350/2285 735/351/2286
f 727/343/2287 726/342/2288 736/352/2289
f 727/343/2290 736/352/2291 737/353/2292
f 729/345/2293 728/344/2294 738/354/2295
f 729/345/2296 738/354/2297 739/355/2298
f 740/347/2299 741/346/2300 742/356/2301
f 740/347/2302 742/356/2303 743/357/2304
f 744/358/2305 745/359/2306 746/349/2307
f 744/358/2308 746/349/2309 747/348/2310
f 735/351/2311 734/350/2312 748/360/2313
f 735/351/2314 748/360/2315 749/361/2316
f 750/353/2317 751/352/2318 752/362/2319
f 750/353/2320 752/362/2321 753/363/2322
f 739/355/2323 738/354/2324 754/364/2325
f 739/355/2326 754/364/2327 755/365/2328
f 743/357/2329 742/356/2330 756/366/2331
f 743/357/2332 756/366/2333 757/367/2334
f 758/368/2335 759/369/2336 760/370/2337
f 758/368/2338 760/370/2339 761/371/2340
f 749/361/2341 748/360/2342 762/372/2343
f 749/361/2344 762/372/2345 763/373/2346
f 764/374/2347 765/375/2348 766/376/2349
f 764/374/2350 766/376/2351 767/377/2352
f 755/365/2353 754/364/2354 768/378/2355
f 755/365/2356 768/378/2357 769/379/2358
f 770/380/2359 771/381/2360 772/382/2361
f 770/380/2362 772/382/2363 773/383/2364
f 774/384/2365 775/385/2366 776/369/2367
f 774/384/2368 776/369/2369 777/368/2370
f 763/373/2371 762/372/2372 778/386/2373
f 763/373/2374 778/386/2375 779/387/2376
f 780/377/2377 781/376/2378 782/388/2379
f 780/377/2380 782/388/2381 783/389/2382
f 769/379/2383 768/378/2384 784/390/2385
f 769/379/2386 784/390/2387 785/391/2388
f 786/383/2389 787/382/2390 788/392/2391
f 786/383/2392 788/392/2393 789/393/2394
f 790/394/2395 791/395/2396 775/385/2397
f 790/394/2398 775/385/2399 774/384/2400
f 779/387/2401 778/386/2402 792/396/2403
f 779/387/2404 792/396/2405 793/397/2406
f 794/389/2407 795/388/2408 796/398/2409
f 794/389/2410 796/398/2411 797/399/2412
f 785/391/2413 784/390/2414 798/400/2415
f 785/391/2416 798/400/2417 799/401/2418
f 800/393/2419 801/392/2420 802/402/2421
f 800/393/2422 802/402/2423 803/403/2424
f 791/395/2425 790/394/2426 804/321/2427
f 791/395/2428 804/321/2429 805/320/2430
f 793/397/2431 792/396/2432 705/323/2433
f 793/397/2434 705/323/2435 704/322/2436
f 806/399/2437 807/398/2438 709/327/2439
f 806/399/2440 709/327/2441 708/326/2442
f 799/401/2443 798/400/2444 713/331/2445
f 799/401/2446 713/331/2447 712/330/2448
f 803/403/2449 802/402/2450 808/335/2451
f 803/403/2452 808/335/2453 809/334/2454
f 810/404/2455 811/405/2456 812/406/2457
f 811/405/2458 813/407/2459 812/406/2460
f 813/407/2461 814/408/2462 812/406/2463
f 814/408/2464 815/409/2465 812/406/2466
f 815/409/2467 816/410/2468 812/406/2469
f 816/410/2470 817/411/2471 812/406/2472
f 817/411/2473 818/412/2474 812/406/2475
f 818/412/2476 810/404/2477 812/406/2478
f 819/413/2479 820/414/2480 821/415/2481
f 822/416/2482 819/413/2483 821/415/2484
f 823/417/2485 822/416/2486 821/415/2487
f 824/418/2488 823/417/2489 821/415/2490
f 825/419/2491 824/418/2492 821/415/2493
f 826/420/2494 825/419/2495 821/415/2496
f 820/414/2497 827/421/2498 821/415/2499
f 827/421/2500 826/420/2501 821/415/2502
f 828/422/2503 829/423/2504 830/424/2505
f 828/422/2506 830/424/2507 831/425/2508
f 831/425/2509 830/424/2510 832/426/2511
f 831/425/2512 832/426/2513 833/427/2514
f 834/428/2515 829/423/2516 828/422/2517
f 834/428/2518 828/422/2519 835/429/2520
f 833/427/2521 832/426/2522 836/430/2523
f 833/427/2524 836/430/2525 837/431/2526
f 838/432/2527 834/428/2528 835/429/2529
f 838/432/2530 835/429/2531 839/433/2532
f 840/434/2533 841/435/2534 842/436/2535
f 840/434/2536 842/436/2537 843/437/2538
f 844/438/2539 845/439/2540 843/437/2541
f 844/438/2542 843/437/2543 842/436/2544
f 846/440/2545 845/439/2546 844/438/2547
f 846/440/2548 844/438/2549 847/441/2550
f 848/442/2551 849/443/2552 850/444/2553
f 848/442/2554 850/444/2555 851/445/2556
f 852/446/2557 853/447/2558 854/448/2559
f 852/446/2560 854/448/2561 855/449/2562
f 856/450/2563 857/451/2564 858/452/2565
f 856/450/2566 858/452/2567 859/453/2568
f 860/454/2569 861/455/2570 862/456/2571
f 860/454/2572 862/456/2573 863/457/2574
f 848/442/2575 851/445/2576 841/435/2577
f 848/442/2578 841/435/2579 840/434/2580
f 847/441/2581 859/453/2582 858/452/2583
f 847/441/2584 858/452/2585 846/440/2586
f 864/458/2587 865/459/2588 866/460/2589
f 864/458/2590 866/460/2591 867/461/2592
f 865/459/2593 864/458/2594 868/462/2595
f 865/459/2596 868/462/2597 869/463/2598
f 870/464/2599 869/463/2600 868/462/2601
f 870/464/2602 868/462/2603 871/465/2604
f 872/466/2605 873/467/2606 874/468/2607
f 872/466/2608 874/468/2609 875/469/2610
f 872/466/2611 875/469/2612 876/470/2613
f 872/466/2614 876/470/2615 877/471/2616
f 878/472/2617 874/468/2618 873/467/2619
f 878/472/2620 873/467/2621 879/473/2622
f 852/446/2623 837/431/2624 836/430/2625
f 852/446/2626 836/430/2627 853/447/2628
f 880/474/2629 881/475/2630 882/476/2631
f 880/474/2632 882/476/2633 883/477/2634
f 884/478/2635 885/479/2636 886/480/2637
f 884/478/2638 886/480/2639 887/481/2640
f 838/432/2641 839/433/2642 862/456/2643
f 838/432/2644 862/456/2645 861/455/2646
f 888/482/2647 883/477/2648 882/476/2649
f 888/482/2650 882/476/2651 889/483/2652
f 884/478/2653 887/481/2654 890/484/2655
f 884/478/2656 890/484/2657 891/485/2658
f 881/475/2659 880/474/2660 892/486/2661
f 881/475/2662 892/486/2663 893/487/2664
f 894/488/2665 886/480/2666 885/479/2667
f 894/488/2668 885/479/2669 895/489/2670
f 896/489/2671 897/461/2672 898/460/2673
f 896/489/2674 898/460/2675 899/488/2676
f 900/486/2677 901/472/2678 902/473/2679
f 900/486/2680 902/473/2681 903/487/2682
f 904/490/2683 905/491/2684 906/492/2685
f 904/490/2686 906/492/2687 907/493/2688
f 908/494/2689 909/495/2690 910/496/2691
f 908/494/2692 910/496/2693 911/497/2694
f 912/498/2695 913/499/2696 914/500/2697
f 912/498/2698 914/500/2699 915/501/2700
f 905/491/2701 916/502/2702 917/503/2703
f 905/491/2704 917/503/2705 906/492/2706
f 909/495/2707 918/504/2708 919/505/2709
f 909/495/2710 919/505/2711 910/496/2712
f 913/499/2713 920/506/2714 921/507/2715
f 913/499/2716 921/507/2717 914/500/2718
f 916/502/2719 922/508/2720 923/509/2721
f 916/502/2722 923/509/2723 917/503/2724
f 918/504/2725 924/510/2726 925/511/2727
f 918/504/2728 925/511/2729 919/505/2730
f 920/506/2731 926/512/2732 927/513/2733
f 920/506/2734 927/513/2735 921/507/2736
f 922/508/2737 928/514/2738 929/515/2739
f 922/508/2740 929/515/2741 923/509/2742
f 930/516/2743 931/517/2744 932/518/2745
f 930/516/2746 932/518/2747 933/519/2748
f 926/512/2749 934/520/2750 935/521/2751
f 926/512/2752 935/521/2753 927/513/2754
f 928/514/2755 936/522/2756 937/523/2757
f 928/514/2758 937/523/2759 929/515/2760
f 931/517/2761 938/524/2762 939/525/2763
f 931/517/2764 939/525/2765 932/518/2766
f 934/520/2767 940/526/2768 941/527/2769
f 934/520/2770 941/527/2771 935/521/2772
f 936/522/2773 904/490/2774 907/493/2775
f 936/522/2776 907/493/2777 937/523/2778
f 938/524/2779 908/494/2780 911/497/2781
f 938/524/2782 911/497/2783 939/525/2784
f 940/526/2785 912/498/2786 915/501/2787
f 940/526/2788 915/501/2789 941/527/2790
f 942/493/2791 943/492/2792 944/528/2793
f 945/498/2794 946/529/2795 947/499/2796
f 943/492/2797 948/503/2798 944/528/2799
f 947/499/2800 946/529/2801 949/506/2802
f 948/503/2803 950/509/2804 944/528/2805
f 949/506/2806 946/529/2807 951/512/2808
f 950/509/2809 952/515/2810 944/528/2811
f 951/512/2812 946/529/2813 953/520/2814
f 952/515/2815 954/523/2816 944/528/2817
f 953/520/2818 946/529/2819 955/526/2820
f 954/523/2821 942/493/2822 944/528/2823
f 955/526/2824 946/529/2825 945/498/2826
f 956/530/2827 957/531/2828 958/532/2829
f 956/530/2830 958/532/2831 959/533/2832
f 960/534/2833 961/535/2834 962/536/2835
f 960/534/2836 962/536/2837 963/537/2838
f 961/535/2839 964/538/2840 965/539/2841
f 961/535/2842 965/539/2843 962/536/2844
f 966/540/2845 967/541/2846 968/542/2847
f 966/540/2848 968/542/2849 969/543/2850
f 970/544/2851 968/542/2852 967/541/2853
f 970/544/2854 967/541/2855 971/545/2856
f 972/546/2857 973/547/2858 974/548/2859
f 972/546/2860 974/548/2861 975/549/2862
f 976/550/2863 972/546/2864 975/549/2865
f 976/550/2866 975/549/2867 977/551/2868
f 978/552/2869 979/553/2870 956/530/2871
f 978/552/2872 956/530/2873 959/533/2874
f 957/531/2875 956/530/2876 980/554/2877
f 957/531/2878 980/554/2879 981/555/2880
f 961/535/2881 960/534/2882 982/556/2883
f 961/535/2884 982/556/2885 983/557/2886
f 964/538/2887 961/535/2888 983/557/2889
f 964/538/2890 983/557/2891 984/558/2892
f 967/541/2893 966/540/2894 985/559/2895
f 967/541/2896 985/559/2897 986/560/2898
f 986/560/2899 987/561/2900 971/545/2901
f 986/560/2902 971/545/2903 967/541/2904
f 988/562/2905 989/563/2906 975/549/2907
f 988/562/2908 975/549/2909 974/548/2910
f 989/563/2911 990/564/2912 977/551/2913
f 989/563/2914 977/551/2915 975/549/2916
f 956/530/2917 979/553/2918 991/565/2919
f 956/530/2920 991/565/2921 980/554/2922
f 959/533/2923 958/532/2924 992/566/2925
f 963/537/2926 962/536/2927 993/567/2928
f 962/536/2929 965/539/2930 993/567/2931
f 969/543/2932 968/542/2933 994/568/2934
f 968/542/2935 970/544/2936 994/568/2937
f 973/547/2938 972/546/2939 995/569/2940
f 972/546/2941 976/550/2942 995/569/2943
f 978/552/2944 959/533/2945 992/566/2946
f 996/570/2947 997/571/2948 998/572/2949
f 996/570/2950 998/572/2951 999/573/2952
f 1000/574/2953 998/572/2954 997/571/2955
f 1000/574/2956 997/571/2957 1001/575/2958
f 1002/576/2959 1003/577/2960 1004/578/2961
f 1002/576/2962 1004/578/2963 1005/579/2964
f 1006/580/2965 1002/576/2966 1005/579/2967
f 1006/580/2968 1005/579/2969 1007/581/2970
f 1008/582/2971 1006/580/2972 1007/581/2973
f 1008/582/2974 1007/581/2975 1009/583/2976
f 1010/584/2977 996/570/2978 999/573/2979
f 1010/584/2980 999/573/2981 1011/585/2982
f 999/573/2983 998/572/2984 1012/586/2985
f 999/573/2986 1012/586/2987 1013/587/2988
f 998/572/2989 1000/574/2990 1014/588/2991
f 998/572/2992 1014/588/2993 1012/586/2994
f 1003/577/2995 1002/576/2996 1015/589/2997
f 1003/577/2998 1015/589/2999 1016/590/3000
f 1017/591/3001 1015/589/3002 1002/576/3003
f 1017/591/3004 1002/576/3005 1006/580/3006
f 1006/580/3007 1008/582/3008 1018/592/3009
f 1006/580/3010 1018/592/3011 1017/591/3012
f 1011/585/3013 999/573/3014 1013/587/3015
f 1011/585/3016 1013/587/3017 1019/593/3018
f 1020/594/3019 1021/595/3020 1013/587/3021
f 1020/594/3022 1013/587/3023 1012/586/3024
f 1012/586/3025 1014/588/3026 1022/596/3027
f 1012/586/3028 1022/596/3029 1020/594/3030
f 1023/597/3031 1024/598/3032 1016/590/3033
f 1023/597/3034 1016/590/3035 1015/589/3036
f 1015/589/3037 1017/591/3038 1025/599/3039
f 1015/589/3040 1025/599/3041 1023/597/3042
f 1026/600/3043 1025/599/3044 1017/591/3045
f 1026/600/3046 1017/591/3047 1018/592/3048
f 1019/593/3049 1013/587/3050 1021/595/3051
f 1019/593/3052 1021/595/3053 1027/601/3054
f 1028/581/3055 1029/579/3056 1030/602/3057
f 1028/581/3058 1030/602/3059 1031/603/3060
f 1032/604/3061 1028/581/3062 1031/603/3063
f 1033/605/3064 1030/602/3065 1029/579/3066
f 1034/606/3067 1035/607/3068 1036/608/3069
f 1034/606/3070 1036/608/3071 1037/609/3072
f 1038/610/3073 1036/608/3074 1035/607/3075
f 1038/610/3076 1035/607/3077 1039/611/3078
f 1040/612/3079 1041/613/3080 1042/614/3081
f 1040/612/3082 1042/614/3083 1043/615/3084
f 1044/616/3085 1040/612/3086 1043/615/3087
f 1044/616/3088 1043/615/3089 1045/617/3090
f 1046/618/3091 1044/616/3092 1045/617/3093
f 1046/618/3094 1045/617/3095 1047/619/3096
f 1048/620/3097 1034/606/3098 1037/609/3099
f 1048/620/3100 1037/609/3101 1049/621/3102
f 1037/609/3103 1036/608/3104 1050/622/3105
f 1037/609/3106 1050/622/3107 1051/623/3108
f 1036/608/3109 1038/610/3110 1052/624/3111
f 1036/608/3112 1052/624/3113 1050/622/3114
f 1041/613/3115 1040/612/3116 1053/625/3117
f 1041/613/3118 1053/625/3119 1054/626/3120
f 1055/627/3121 1053/625/3122 1040/612/3123
f 1055/627/3124 1040/612/3125 1044/616/3126
f 1044/616/3127 1046/618/3128 1056/628/3129
f 1044/616/3130 1056/628/3131 1055/627/3132
f 1049/621/3133 1037/609/3134 1051/623/3135
f 1049/621/3136 1051/623/3137 1057/629/3138
f 1058/630/3139 1059/631/3140 1051/623/3141
f 1058/630/3142 1051/623/3143 1050/622/3144
f 1050/622/3145 1052/624/3146 1060/632/3147
f 1050/622/3148 1060/632/3149 1058/630/3150
f 1061/633/3151 1062/634/3152 1054/626/3153
f 1061/633/3154 1054/626/3155 1053/625/3156
f 1053/625/3157 1055/627/3158 1063/635/3159
f 1053/625/3160 1063/635/3161 1061/633/3162
f 1064/636/3163 1063/635/3164 1055/627/3165
f 1064/636/3166 1055/627/3167 1056/628/3168
f 1057/629/3169 1051/623/3170 1059/631/3171
f 1057/629/3172 1059/631/3173 1065/637/3174
f 1066/617/3175 1067/615/3176 1068/638/3177
f 1066/617/3178 1068/638/3179 1069/639/3180
f 1070/640/3181 1066/617/3182 1069/639/3183
f 1071/641/3184 1068/638/3185 1067/615/3186
f 1072/642/3187 1073/643/3188 1074/644/3189
f 1075/645/3190 1072/642/3191 1074/644/3192
f 1076/646/3193 1075/645/3194 1074/644/3195
f 1077/647/3196 1076/646/3197 1074/644/3198
f 1078/648/3199 1077/647/3200 1074/644/3201
f 1079/649/3202 1078/648/3203 1074/644/3204
f 1080/650/3205 1079/649/3206 1074/644/3207
f 1073/643/3208 1080/650/3209 1074/644/3210
f 1081/651/3211 1082/652/3212 1083/653/3213
f 1081/651/3214 1083/653/3215 1084/654/3216
f 1085/655/3217 1086/656/3218 1087/657/3219
f 1085/655/3220 1087/657/3221 1088/658/3222
f 1082/652/3223 1085/655/3224 1088/658/3225
f 1082/652/3226 1088/658/3227 1083/653/3228
f 1089/659/3229 1090/660/3230 1091/661/3231
f 1089/659/3232 1091/661/3233 1086/656/3234
f 1087/657/3235 1086/656/3236 1091/661/3237
f 1082/652/3238 1081/651/3239 1092/662/3240
f 1085/655/3241 1093/663/3242 1089/659/3243
f 1085/655/3244 1089/659/3245 1086/656/3246
f 1082/652/3247 1092/662/3248 1094/664/3249
f 1082/652/3250 1094/664/3251 1095/665/3252
f 1085/655/3253 1082/652/3254 1095/665/3255
f 1085/655/3256 1095/665/3257 1093/663/3258
f 1096/666/3259 1097/667/3260 1098/668/3261
f 1096/666/3262 1098/668/3263 1099/669/3264
f 1100/670/3265 1101/671/3266 1102/672/3267
f 1100/670/3268 1102/672/3269 1103/673/3270
f 1099/669/3271 1098/668/3272 1101/671/3273
f 1099/669/3274 1101/671/3275 1100/670/3276
f 1104/674/3277 1103/673/3278 1105/675/3279
f 1104/674/3280 1105/675/3281 1106/676/3282
f 1102/672/3283 1105/675/3284 1103/673/3285
f 1099/669/3286 1107/677/3287 1096/666/3288
f 1104/674/3289 1108/678/3290 1100/670/3291
f 1104/674/3292 1100/670/3293 1103/673/3294
f 1109/679/3295 1107/677/3296 1099/669/3297
f 1109/679/3298 1099/669/3299 1110/680/3300
f 1110/680/3301 1099/669/3302 1100/670/3303
f 1110/680/3304 1100/670/3305 1108/678/3306
f 1111/681/3307 1112/682/3308 1113/683/3309
f 1111/681/3310 1113/683/3311 1114/684/3312
f 1115/685/3313 1112/682/3314 1111/681/3315
f 1116/686/3316 1117/687/3317 1114/684/3318
f 1116/686/3319 1114/684/3320 1113/683/3321
f 1118/664/3322 1119/688/3323 1120/689/3324
f 1118/664/3325 1120/689/3326 1121/665/3327
f 1122/663/3328 1123/690/3329 1124/691/3330
f 1122/663/3331 1124/691/3332 1125/659/3333
f 1121/665/3334 1120/689/3335 1123/690/3336
f 1121/665/3337 1123/690/3338 1122/663/3339
f 1124/691/3340 1126/692/3341 1125/659/3342
